   10.5000000      -169.500000       85.5000000      -42.0000000       2.50000000       2.50000000       52.0000000       31.0000000    
     98.10     98.90    100.10    101.40    102.50    103.60    105.10    106.40    107.60    108.80    109.90    110.80    111.70
    112.40    112.90    113.20    113.00    112.80    112.40    111.70    110.90    110.20    109.10    107.90    106.90    105.70
    104.70    104.00    103.40    103.40    103.80    104.30    104.80    105.20    105.30    105.60    105.90    105.90    106.00
    106.10    106.20    106.20    106.30    106.10    105.80    105.80    105.90    105.80    105.90    106.20    106.30    106.60
     71.50     75.60     80.40     85.90     91.50     97.10    102.50    107.50    111.70    115.40    118.70    121.30    123.50
    125.20    126.50    127.30    127.70    127.30    126.30    124.50    122.40    119.90    117.30    114.70    111.80    109.00
    106.10    103.50    101.50    100.20     99.30     98.30     97.10     96.00     95.20     92.40     82.40     78.50     78.20
     73.30     77.50     81.30     90.10     96.40     96.20     95.40     95.90     95.40     94.20     91.30     86.20     88.50
     71.30     75.00     80.20     87.10     95.30    103.70    111.60    118.60    124.40    129.00    132.70    135.90    139.00
    141.20    143.00    144.00    143.80    142.90    141.20    138.60    135.20    131.00    126.20    120.70    115.30    109.30
    103.10     96.80     90.30     83.80     79.70     75.20     71.90     73.00     66.50     59.10     58.30     59.00     48.80
     49.90     53.00     58.70     59.00     54.20     48.90     54.50     60.60     66.70     71.50     82.30     90.40     99.20
     98.60    100.60    104.10    110.00    117.30    124.70    131.70    137.60    142.20    145.30    147.10    148.70    150.40
    152.30    153.50    154.00    153.30    150.90    147.50    143.70    139.30    134.10    128.00    121.60    114.00    106.80
     99.60     92.30     85.20     79.10     74.20     66.40     60.20     55.90     50.00     35.40     26.60     29.30     29.30
     18.40     16.10     18.60     24.50     32.40     41.20     52.50     65.40     78.50     92.80    105.30    115.00    125.80
    130.20    130.60    132.80    137.20    140.90    143.90    146.30    147.80    148.40    148.10    146.50    144.90    143.20
    141.50    139.70    137.80    136.20    135.30    134.90    134.70    134.00    132.10    129.40    127.20    122.50    116.10
    110.50    105.00    100.30     96.40     91.70     90.00     83.70     75.20     64.40     42.70     44.80     45.40     44.20
     42.00     39.40     35.80     35.50     37.90     45.10     59.20     79.00     98.10    114.00    126.10    139.30    154.40
    155.80    153.40    151.60    149.30    146.20    143.50    140.60    137.20    133.30    128.80    123.30    116.90    109.90
    103.20     97.50     93.70     92.30     92.80     92.70    101.50    107.90    112.70    116.70    118.80    121.30    121.50
    120.00    118.20    117.00    116.70    112.50    109.90    111.90    112.30    118.40    111.30    101.10     92.10     89.60
     88.20     81.20     73.30     66.20     62.30     68.10     81.40     97.30    117.60    142.60    158.00    172.20    187.00
    155.10    143.70    134.10    125.70    120.00    115.00    109.30    103.10     97.60     93.40     89.00     81.30     68.50
     51.30     36.40     29.20     29.50     32.70     36.20     47.70     54.40     61.30     76.40     84.90     99.20    108.90
    117.70    122.70    130.20    138.20    136.20    137.00    140.10    146.40    147.90    154.30    158.90    157.70    145.90
    126.60    107.10    108.90    103.20    100.60    107.20    112.40    120.00    131.80    144.30    181.30    199.20    203.70
     96.80     66.90     40.40     24.20     37.20     29.20     39.00     46.30     21.90     13.90      4.80     22.70     33.30
     17.60     27.60     21.30     13.30      6.70      5.50      3.90      8.80      8.00      5.10     15.30     38.90     63.30
     87.00    106.60    125.20    143.50    160.50    169.10    173.60    178.60    180.90    181.70    180.50    179.30    176.90
    171.40    156.60    130.90    116.10    114.00    114.30    123.60    133.30    136.70    129.30    147.30    163.80    193.20
     28.40     -7.90    -23.00    -29.50    -30.70    -34.20    -29.90    -22.30     -9.00     -8.40    -13.50    -29.40    -44.20
    -27.00     14.10     14.60     13.40     -4.80     -1.20     -7.90    -16.80    -16.00    -16.30     -5.70     14.20     42.70
     71.40    101.00    128.20    155.00    176.60    192.90    199.70    200.90    203.80    203.10    197.70    190.90    184.30
    175.40    158.60    137.00    126.00    122.70    130.90    136.70    130.20    119.00    120.00    137.00    157.90    194.10
    -15.90    -35.60    -43.10    -45.20    -37.60    -36.90    -27.90    -18.00      6.70     12.00     12.90    -10.30     -6.00
     -1.10      0.10     -2.50     -3.00    -26.70    -59.40    -42.20    -43.10    -38.40    -24.70     -9.10      3.60     23.70
     59.20     96.70    129.60    160.40    187.60    205.30    218.50    222.60    221.20    211.90    203.80    190.40    173.20
    144.90    117.20    116.30    117.90    125.50    132.40    133.80    127.20    119.90    111.10    112.10    142.20    165.70
    -34.40    -46.50    -50.70    -49.30    -46.40    -34.20    -15.10      1.60     27.80     46.90     68.10     77.60     71.70
     64.10     51.20     50.30     45.50     37.30      3.70    -12.50    -17.50    -16.80    -12.80     12.20     41.50     64.30
     88.50    113.50    147.30    177.50    201.20    220.70    236.40    240.80    231.80    216.80    196.70    173.80    150.70
    128.20    100.50     84.30     92.00    100.70    104.60    104.10    102.50    103.10    107.80    109.30    121.90    141.10
    -55.20    -57.00    -59.70    -67.70    -59.20    -36.00     -5.30     11.90     30.90     47.30     64.90     82.40     97.10
    100.40    103.10     86.60     93.30     85.80     65.60     29.70     29.50     35.50     44.00     45.50     60.60     86.10
    117.70    148.10    177.70    204.10    222.70    241.60    255.10    254.70    239.00    216.80    182.70    157.40    133.50
    107.80     80.60     63.60     61.10     62.90     53.30     45.50     42.50     42.80     46.50     54.30     66.00     78.20
    -65.10    -63.30    -64.10    -60.20    -48.30    -24.20     -1.90     14.90     21.30     27.90     54.80     81.30    102.10
    115.60    118.80    117.60    125.20    125.70    129.20    126.20     93.50     99.50     96.10    120.70    118.20    131.60
    152.60    179.70    205.10    226.40    246.50    263.20    270.10    264.70    244.70    213.60    169.50    141.70    114.40
     75.20     47.50     26.70     16.00      4.00    -15.00    -34.50    -43.10    -44.00    -38.80    -30.30    -17.80     -1.60
    -40.00    -41.60    -44.10    -37.80    -24.20     -9.50      5.40     22.00     40.30     61.00     80.80     98.20    111.70
    120.50    128.60    137.90    147.20    160.50    168.10    192.80    200.70    155.80    138.20    151.30    174.30    188.70
    205.50    221.40    231.30    251.90    268.90    276.90    281.00    273.20    251.10    217.00    166.80    125.20     88.00
     46.60     10.20    -24.10    -44.70    -61.80    -83.30   -101.50   -121.90   -125.70   -121.20   -107.40    -93.00    -75.20
    -22.50    -29.40    -33.60    -30.80    -20.10     -7.00      2.60     25.40     54.70     84.40    107.90    125.90    138.90
    147.40    152.20    160.30    172.10    204.90    230.90    235.40    273.20    287.00    214.70    196.40    215.80    227.80
    243.10    261.20    266.70    276.10    280.50    281.90    281.20    272.50    252.90    225.60    193.10    145.90     89.10
     39.70    -16.00    -67.00    -99.40   -119.70   -134.40   -145.20   -153.50   -153.10   -140.60   -127.20   -120.60   -111.70
    -21.80    -34.50    -38.20    -24.30     -4.90     13.70     31.90     53.80     76.70    101.70    126.90    150.10    167.90
    177.20    182.10    190.30    197.00    211.10    233.00    244.80    311.00    308.20    308.40    239.60    250.30    265.10
    275.80    288.70    298.10    296.00    289.50    278.30    267.70    252.20    240.90    224.50    195.00    156.70    101.40
     45.00    -11.10    -62.40   -103.50   -126.40   -144.60   -157.40   -164.30   -164.00   -152.50   -135.90   -123.00   -110.20
    -33.30    -33.60    -23.00     -7.60     12.80     32.60     47.30     65.10     89.20    115.70    142.20    165.50    182.00
    194.10    200.40    206.30    216.70    226.10    239.80    272.40    298.40    308.30    317.50    311.70    281.40    288.10
    300.10    314.90    313.60    302.70    282.90    270.80    259.00    243.90    229.20    208.50    185.00    148.60    105.30
     60.00      1.70    -44.00    -80.60   -109.10   -132.20   -146.10   -151.80   -153.50   -152.20   -158.20   -153.40   -124.30
    -28.70    -25.30    -20.60    -12.90     -2.70     10.60     24.90     51.60     82.30    113.20    143.90    169.60    184.60
    199.70    210.30    224.70    231.60    234.90    233.00    275.00    310.70    303.90    302.00    301.50    293.80    303.20
    301.40    318.20    321.90    301.40    280.70    265.40    255.40    243.10    225.40    211.40    186.70    154.30    113.80
     62.30     11.60    -31.50    -61.30    -87.60   -110.40   -128.60   -143.00   -150.80   -169.20   -220.80   -206.20   -145.90
    -20.80    -30.40    -42.50    -48.30    -43.50    -29.60    -11.30     20.40     59.00    100.10    131.50    158.10    184.60
    205.40    225.30    241.30    245.00    238.00    214.10    234.60    269.20    272.40    270.70    260.60    276.00    281.90
    302.70    307.50    312.40    300.50    275.80    264.10    255.90    248.10    235.40    226.70    205.10    158.70    120.70
     74.30     33.40     -2.90    -36.60    -71.30    -93.20   -128.20   -149.30   -165.30   -181.20   -172.00   -134.70    -85.40
    -14.60    -36.60    -55.90    -73.30    -78.90    -82.50    -53.00     -8.20     41.30     94.70    136.60    168.40    198.20
    220.10    236.60    242.60    241.00    228.50    207.20    187.10    206.00    227.60    215.10    200.50    189.00    225.60
    298.00    309.40    310.00    300.10    284.60    271.70    262.00    251.60    245.30    238.30    199.70    170.00    139.50
     98.80     58.50     22.30     -9.30    -40.20    -67.80    -96.70   -128.60   -140.20   -125.60    -91.60    -51.90    -10.10
     -3.10    -29.40    -53.80    -73.80    -92.90    -95.90    -60.70    -11.10     47.40    105.60    147.80    179.50    207.20
    226.50    237.30    237.90    234.80    220.90    193.20    158.60    151.20    150.40    121.10    134.90    125.80    208.40
    265.00    285.00    293.90    284.10    274.00    269.50    259.50    248.60    232.00    213.60    192.30    176.50    152.40
    119.10     85.90     55.30     26.70      2.30    -21.70    -42.50    -58.50    -57.90    -39.80     -8.80     22.10     47.80
     19.90    -11.50    -37.20    -56.40    -71.80    -84.90    -51.70     22.80     73.50    120.90    158.80    186.50    208.80
    221.40    232.30    235.00    226.20    206.60    182.10    150.80    121.80     98.60     86.40     72.70    109.80    172.80
    252.70    265.90    273.40    266.90    261.60    259.00    249.10    233.30    214.50    202.10    193.80    174.90    155.10
    133.20    110.30     85.80     59.80     40.80     24.20     12.10      8.00     18.10     38.60     58.10     77.90     95.40
     44.60     17.50     -5.60    -22.50    -25.80    -25.50     -2.00     56.40     98.90    135.90    164.40    185.70    203.70
    215.60    222.00    223.30    215.00    197.70    175.70    148.20    120.30    100.20     88.40     81.60     86.40    134.20
    197.20    232.20    242.60    247.90    242.70    239.20    232.70    221.20    209.70    199.60    181.80    169.50    157.20
    142.50    123.90    104.40     87.00     73.40     64.50     62.70     72.30     84.10     94.20    106.50    118.00    128.10
     73.70     51.60     34.50     24.00     22.70     26.80     48.40     91.90    117.70    145.50    165.60    182.30    197.30
    205.00    207.80    207.60    200.00    187.40    169.70    152.00    129.90    109.50    104.00     91.30     92.90     99.60
    123.00    218.90    229.50    233.60    228.90    221.70    215.10    206.50    198.50    186.30    164.40    157.40    150.40
    141.70    130.00    117.70    106.20    100.80    103.20    111.00    119.70    125.40    130.80    138.30    144.00    149.50
     96.80     80.50     67.30     56.70     56.70     73.50     84.20    112.10    130.60    149.50    164.20    176.10    186.70
    191.00    190.40    187.30    179.30    169.90    160.30    147.80    132.60    116.70    110.80    104.10    103.50    126.30
    104.00    145.30    207.50    210.00    202.80    199.10    196.40    190.90    183.40    175.50    166.20    153.80    145.50
    138.10    130.10    126.70    128.70    132.20    138.40    142.50    146.90    149.40    153.10    156.70    161.20    162.70
    111.30     99.60     91.20     87.10     94.40    100.60    110.40    122.10    138.10    147.60    157.10    166.70    174.30
    176.10    174.80    173.20    169.80    163.30    156.40    148.10    138.80    131.20    123.60    117.20    111.00    115.60
    140.40    152.70    194.70    195.40    186.10    186.50    186.90    178.80    171.60    166.50    161.70    151.30    146.10
    140.80    138.80    139.90    144.60    149.40    152.60    154.80    155.70    158.10    160.50    163.10    165.40    165.00
    120.90    113.00    108.10    110.00    113.50    113.60    116.70    129.40    138.50    140.70    148.50    155.20    159.20
    158.90    158.40    157.20    157.30    155.10    152.00    146.40    139.70    132.30    125.00    121.10    117.00    115.80
    132.30    161.60    167.50    183.70    172.40    170.80    169.80    166.20    155.80    150.30    146.40    144.50    142.90
    144.20    140.40    143.50    148.10    152.00    153.20    153.50    155.40    157.00    159.10    160.50    162.00    162.50
    122.10    118.10    117.60    116.60    116.30    119.80    126.40    131.00    131.30    134.00    135.30    142.40    144.00
    143.20    143.50    144.50    146.60    144.00    139.40    139.40    135.90    130.60    125.10    121.00    120.40    109.70
    104.90    105.70    109.50    171.80    158.30    150.70    150.60    147.80    142.10    140.50    135.80    135.10    133.20
    132.90    135.10    139.20    139.90    144.60    146.20    145.80    147.70    149.80    151.60    155.00    156.00    156.90
    120.40    117.60    116.50    115.80    116.50    120.80    125.60    123.20    122.30    123.50    128.00    130.20    131.60
    131.90    133.70    132.80    132.40    130.30    128.70    128.90    125.30    124.10    120.90    116.50    114.70    109.80
    106.30    103.60    104.90    116.20    111.00    143.80    151.30    146.40    134.20    126.60    121.40    119.10    120.30
    122.90    126.60    128.70    131.40    135.40    136.30    137.00    139.20    142.40    146.40    149.30    149.70    152.30
    113.90    110.80    109.90    110.80    114.00    117.20    117.10    112.70    111.30    114.50    118.10    119.30    116.80
    118.00    120.10    122.00    121.90    118.40    120.10    121.40    116.80    116.00    114.50    111.10    108.90    107.90
    106.40    101.90    104.20    102.60     99.30     97.40     96.00    108.00    118.80    114.00    107.30    104.40    104.20
    108.30    113.70    116.90    121.40    125.80    128.70    130.50    133.70    137.10    138.90    140.10    142.70    144.00
    103.90    101.30    101.60    102.60    107.60    106.10    104.00     99.70     98.70    104.70    108.50    110.40    109.50
    108.30    108.90    112.70    110.40    108.30    108.80    113.00    110.60    103.80    104.60    101.80    102.10    106.40
    104.60    102.70     99.70     96.20     93.90     96.60     97.10     91.20    107.00    108.30     97.40     88.40     94.70
     93.70    107.90    111.30    109.10    118.80    121.90    123.30    125.20    127.30    128.90    130.60    131.30    131.60
    667.30    668.00    668.90    670.00    670.70    671.40    672.40    673.10    673.60    674.20    674.60    674.80    675.00
    675.00    675.10    675.10    674.80    674.40    674.10    673.20    672.20    671.40    670.20    669.00    668.00    666.90
    665.80    665.20    664.50    663.90    663.60    663.40    663.20    663.20    663.10    663.20    663.50    663.60    663.90
    664.30    664.50    664.80    665.10    665.40    665.60    666.00    666.60    666.90    667.30    668.10    668.60    669.20
    640.20    643.70    648.30    653.90    660.10    666.20    671.60    676.30    680.30    683.70    686.80    689.30    691.50
    693.30    694.70    695.20    695.00    693.90    692.10    689.50    686.40    683.00    679.30    675.70    672.20    669.50
    667.40    665.60    663.90    662.50    660.80    659.10    658.00    657.00    656.60    656.50    655.60    653.60    653.40
    651.30    653.50    655.30    656.90    657.40    658.50    659.90    661.70    663.10    664.20    665.80    668.00    670.00
    642.40    645.20    649.20    655.30    664.20    673.60    681.30    687.20    691.80    695.30    698.20    701.10    704.20
    707.00    709.60    711.90    713.50    714.10    713.50    710.90    706.70    701.20    694.70    687.80    680.60    673.60
    667.40    661.50    655.20    649.70    647.00    645.60    644.90    644.10    641.30    639.40    639.60    639.30    636.50
    637.20    638.90    638.00    639.40    643.30    648.10    654.90    661.00    668.00    673.70    684.30    692.20    700.60
    670.60    671.60    675.00    682.00    690.50    696.80    700.90    704.30    707.00    708.70    709.50    710.40    712.10
    714.70    716.70    718.40    719.50    719.40    718.20    715.40    711.30    705.30    697.70    689.70    681.20    673.00
    664.40    655.90    647.50    643.40    640.40    636.10    631.50    625.40    620.70    615.20    613.20    613.10    613.00
    610.90    612.70    617.90    626.40    635.30    646.00    658.70    672.60    686.30    700.50    712.70    722.40    732.20
    700.10    703.50    709.00    713.40    714.80    716.30    718.20    718.60    717.30    714.60    711.10    707.60    705.20
    704.10    703.40    702.80    702.40    702.20    701.80    701.00    699.60    697.10    693.60    688.00    681.50    675.30
    668.60    661.30    655.80    652.30    648.80    645.10    640.20    636.10    631.00    615.30    613.40    610.80    610.20
    610.90    613.40    616.60    622.90    633.40    648.20    669.20    689.60    708.20    724.00    736.70    749.80    763.80
    735.30    733.60    730.00    726.40    724.80    722.70    719.40    714.80    709.20    702.70    695.60    688.40    681.20
    674.50    669.00    665.50    664.10    664.40    664.80    667.40    672.50    675.50    678.90    680.60    680.90    679.70
    677.50    674.40    670.50    667.70    665.00    663.10    662.10    661.70    663.20    662.90    661.40    652.20    646.50
    645.90    643.60    643.00    643.40    648.80    665.80    688.60    710.20    729.10    752.40    768.50    783.00    797.50
    734.40    722.40    712.30    703.00    695.80    688.50    681.30    674.00    667.40    662.80    658.70    652.00    640.00
    623.40    608.00    600.40    599.70    601.70    605.10    614.80    622.90    628.20    638.90    649.20    661.30    671.40
    679.10    685.80    691.80    696.10    697.30    696.90    695.90    696.70    698.30    701.00    702.00    704.60    705.50
    699.20    679.00    681.60    683.80    693.10    707.50    717.00    733.80    743.30    758.10    790.50    809.10    816.30
    675.20    644.40    619.90    600.80    610.60    608.90    620.60    622.40    610.30    607.10    594.90    602.40    607.20
    597.80    596.90    589.80    584.10    579.80    579.70    581.60    582.10    580.10    580.50    590.00    608.70    633.50
    656.70    677.80    695.30    710.60    721.90    728.20    732.80    734.30    735.50    737.30    734.70    733.00    730.70
    729.10    726.90    720.60    716.60    718.70    723.60    736.40    748.10    748.00    747.40    767.10    785.20    810.80
    611.00    582.30    569.60    560.70    560.70    565.80    573.90    583.80    593.00    595.30    590.20    586.60    583.90
    588.10    600.80    598.70    595.20    582.40    577.80    574.00    569.90    567.70    570.40    579.10    595.00    616.00
    639.40    667.60    695.80    721.50    742.10    754.90    763.10    767.50    768.80    766.70    760.80    755.30    749.90
    744.30    737.30    732.60    733.80    737.90    747.30    754.00    750.10    741.30    744.20    763.30    783.50    812.10
    575.70    563.70    556.80    556.90    563.80    578.40    597.40    611.20    632.00    639.50    641.00    622.90    628.40
    632.10    630.10    626.80    624.40    606.70    582.30    575.60    572.10    573.00    577.20    588.10    598.30    614.80
    638.60    668.90    697.70    730.30    759.40    776.30    789.30    794.90    794.30    786.50    777.50    768.50    753.80
    735.70    724.10    725.90    735.20    743.90    751.60    754.30    747.00    741.00    743.50    747.70    772.90    786.50
    563.10    554.80    552.30    558.50    572.90    592.20    615.00    631.50    656.20    675.80    695.80    705.00    699.50
    692.80    682.70    680.20    672.60    662.60    636.60    618.40    615.40    613.90    619.20    628.20    641.10    657.30
    674.00    693.30    721.00    750.10    777.70    796.30    810.80    815.10    807.20    794.40    779.50    759.60    742.30
    726.70    710.60    706.50    712.20    721.40    725.70    726.60    724.00    725.10    730.00    734.50    746.00    763.70
    557.30    556.80    557.40    556.40    569.30    594.20    621.50    642.70    661.00    676.40    696.00    714.10    727.70
    730.20    733.50    720.00    722.00    714.90    698.00    669.20    668.20    672.30    677.70    679.50    686.90    696.60
    712.60    730.10    753.00    776.30    798.70    817.10    829.40    828.90    814.00    795.00    774.30    748.30    728.10
    710.00    694.70    686.10    682.00    683.80    675.70    669.00    667.10    668.40    672.90    681.50    693.50    706.40
    554.40    560.00    564.50    567.90    581.60    606.80    629.30    646.20    652.50    664.20    689.90    717.30    737.50
    749.20    754.00    755.20    754.50    755.50    761.30    758.80    736.10    739.10    741.10    749.00    747.70    751.10
    759.10    768.10    784.20    802.10    821.10    835.70    841.60    836.20    817.00    793.00    767.50    739.40    709.30
    681.70    662.60    648.50    638.60    625.30    608.10    590.30    583.60    584.30    590.10    599.40    613.50    631.60
    579.80    580.70    583.30    591.80    606.40    622.10    637.20    655.00    674.10    694.50    716.00    734.80    750.00
    759.90    768.70    778.50    786.70    795.90    803.20    823.90    835.50    800.80    779.30    785.50    796.10    802.30
    808.80    816.60    819.90    832.80    845.40    850.90    850.70    839.40    815.80    788.50    757.10    725.40    688.20
    654.90    626.80    598.70    580.20    562.70    541.30    522.30    506.90    506.70    513.80    528.50    543.10    563.30
    598.90    595.40    595.00    601.10    613.20    626.90    637.90    661.80    692.40    722.20    745.30    764.30    777.80
    787.90    796.20    805.80    818.40    842.00    867.30    867.30    897.10    911.30    848.90    828.50    839.80    845.50
    849.90    852.40    854.40    858.30    861.20    861.30    856.20    841.80    819.70    794.20    765.70    724.30    683.50
    642.50    598.80    555.00    526.10    507.40    492.70    478.70    471.30    473.20    486.30    502.50    516.00    530.80
    604.60    596.00    595.00    611.00    631.30    650.70    669.00    691.90    717.50    743.80    769.50    792.20    810.30
    821.50    828.40    837.80    848.60    859.10    877.90    887.90    929.10    933.50    933.30    876.70    882.30    881.60
    884.50    884.30    882.60    879.30    874.30    867.20    857.20    843.40    821.60    801.20    773.30    738.00    691.00
    647.60    599.80    556.90    520.00    496.40    479.70    467.20    460.20    462.30    475.90    491.90    509.10    525.50
    598.20    600.50    613.30    630.40    651.10    671.20    687.20    707.20    733.10    761.00    789.10    813.20    830.30
    843.10    851.40    861.10    872.20    881.40    890.70    908.20    926.80    940.30    948.40    940.60    914.90    913.30
    913.10    909.10    903.30    893.50    880.90    869.10    859.90    847.40    827.30    802.80    774.90    741.90    703.00
    660.10    607.00    568.70    537.30    510.40    491.00    479.50    475.00    475.00    475.70    474.80    485.30    519.80
    605.50    610.80    617.70    626.80    637.90    653.20    669.80    698.40    730.60    763.40    795.30    822.00    837.90
    854.30    867.70    882.50    891.60    894.20    892.50    916.20    942.50    938.70    936.20    933.70    926.80    931.10
    924.00    922.50    915.60    899.70    882.80    869.10    860.20    850.80    834.50    817.50    790.90    760.00    718.00
    666.20    621.70    584.90    553.10    531.90    513.70    500.00    489.60    479.90    465.70    432.10    452.10    509.60
    613.70    606.00    597.20    594.30    602.10    618.00    639.20    672.90    712.10    754.40    788.50    817.20    845.50
    867.30    886.40    901.40    903.50    894.80    879.00    886.00    910.60    912.30    908.90    898.20    909.40    912.50
    928.00    925.20    919.60    902.30    882.50    870.20    861.50    855.40    846.00    833.90    813.80    771.40    732.50
    690.10    651.00    616.20    583.30    555.50    539.00    512.10    495.30    482.90    475.90    490.20    528.00    575.90
    620.50    601.80    585.90    572.10    569.80    569.80    601.30    647.40    700.90    757.20    799.30    830.90    860.40
    880.50    896.00    900.10    896.60    883.70    870.40    845.60    854.90    869.90    855.90    844.20    835.70    865.10
    923.90    928.70    919.30    904.70    890.80    878.20    868.10    860.90    853.70    843.30    810.20    787.10    758.50
    723.80    685.70    650.20    620.30    595.70    573.40    550.70    526.80    521.00    537.60    572.70    612.60    652.90
    636.00    611.00    591.50    573.00    559.30    560.80    597.20    653.60    713.00    770.90    812.60    842.50    868.00
    885.40    893.90    892.00    888.00    875.70    850.40    816.00    805.40    804.10    778.00    785.50    781.00    848.40
    898.80    912.40    911.10    898.30    887.00    879.10    870.20    860.30    846.80    835.90    815.80    798.60    778.70
    752.40    722.60    694.20    668.50    647.80    628.60    613.30    603.00    606.50    627.10    657.40    687.10    711.30
    660.70    633.30    610.00    592.20    581.30    575.70    616.20    690.60    741.40    787.80    824.10    849.70    869.90
    878.90    885.60    887.40    879.70    861.50    835.20    804.90    781.90    761.40    749.50    734.70    766.30    821.30
    885.10    894.50    896.70    888.50    880.90    872.30    865.20    853.00    840.70    833.20    822.20    807.70    791.40
    773.70    754.20    732.80    710.60    695.30    683.10    676.10    676.00    687.40    707.10    725.40    743.40    760.10
    692.00    665.50    643.80    631.20    629.80    638.50    669.00    727.60    769.10    805.20    831.10    850.40    863.40
    874.90    880.20    878.90    870.40    853.10    829.40    800.50    773.80    751.50    745.30    740.90    748.80    788.70
    839.90    869.80    878.10    877.40    873.60    864.60    859.20    850.20    841.00    833.00    824.50    813.60    803.10
    790.60    775.20    760.10    747.70    737.70    732.70    734.10    743.30    753.60    763.40    774.20    784.80    793.90
    727.50    707.20    692.50    683.60    686.70    697.90    724.40    764.30    790.10    816.50    834.10    848.20    858.00
    866.20    869.20    865.30    858.10    844.10    824.90    805.50    782.30    762.70    757.40    756.90    761.30    761.20
    782.20    857.10    867.00    868.80    866.30    858.30    854.00    847.20    834.70    824.60    821.30    814.10    808.30
    801.20    791.90    783.60    776.30    774.30    776.80    783.50    790.30    795.60    800.70    807.30    812.20    816.80
    758.80    745.00    735.70    728.40    733.50    749.80    759.30    785.80    803.90    821.30    834.10    843.30    849.20
    853.70    853.10    847.50    838.30    830.90    821.10    806.70    789.70    774.80    769.60    769.20    774.50    791.80
    768.70    802.70    852.80    860.30    856.80    852.70    851.60    846.20    834.60    822.10    822.40    816.50    812.20
    808.50    804.40    802.10    803.60    806.90    811.50    814.10    817.20    820.40    823.40    826.70    830.80    832.70
    781.40    772.60    767.00    764.60    772.80    777.90    784.50    795.90    811.10    820.00    828.10    834.80    838.20
    839.60    838.30    835.70    829.90    822.70    815.70    807.00    796.80    788.60    785.30    783.70    784.90    791.20
    803.60    814.40    848.50    852.50    848.90    849.40    850.80    844.80    835.60    828.40    825.20    822.10    820.30
    816.80    816.00    817.40    820.90    824.90    826.90    827.60    828.60    830.20    832.60    834.90    836.90    836.80
    796.20    789.30    785.20    787.80    790.00    788.10    790.80    803.60    812.10    813.70    820.40    824.90    825.70
    824.30    823.20    821.90    820.80    816.90    813.10    806.40    799.40    792.20    790.70    791.40    792.20    793.50
    804.80    823.60    827.30    843.70    841.80    840.70    842.00    839.10    831.10    826.40    825.00    822.80    821.00
    821.60    821.00    823.20    825.80    829.00    829.70    829.30    831.00    832.30    833.60    834.60    835.90    835.20
    799.30    795.20    793.90    792.40    790.60    793.60    800.60    805.70    806.30    808.20    809.20    814.30    814.50
    810.80    810.40    810.40    811.40    808.90    805.40    806.00    802.00    798.30    794.40    793.30    795.60    790.80
    789.30    789.20    784.70    835.40    832.60    829.50    830.30    826.40    822.90    820.20    814.80    814.70    815.70
    815.00    816.80    819.00    820.70    824.00    824.40    823.70    824.70    826.60    828.40    831.20    830.90    832.30
    797.10    794.80    792.70    791.20    791.80    796.10    801.50    799.80    798.40    799.10    802.70    803.60    803.30
    802.90    804.10    803.60    803.90    802.00    801.10    801.80    799.40    797.90    795.40    793.00    793.10    790.90
    787.50    786.80    790.20    796.30    793.60    813.30    821.00    817.00    813.50    809.10    804.20    802.10    803.60
    805.50    808.70    810.30    812.10    815.50    816.30    816.10    817.70    820.70    824.20    826.50    826.40    827.80
    792.10    790.00    788.20    788.40    791.10    794.10    794.70    790.70    788.20    790.50    794.00    794.50    792.60
    793.50    794.50    796.30    797.10    794.50    795.70    797.30    794.00    793.60    792.90    790.30    789.40    789.50
    788.50    785.80    787.90    786.10    785.40    785.50    786.10    790.10    801.20    797.50    792.10    790.00    790.10
    792.90    796.70    799.40    803.30    807.30    809.80    811.00    813.40    816.20    817.60    818.40    819.80    819.50
    784.80    782.30    782.40    783.70    787.40    786.00    783.10    779.00    778.10    783.10    786.20    787.80    786.60
    786.20    786.60    789.70    788.00    785.90    785.60    789.60    788.10    781.80    784.20    782.80    783.90    788.20
    786.40    785.70    781.40    778.90    779.80    783.10    783.30    780.50    788.80    792.20    783.50    775.70    778.20
    781.70    783.00    790.50    793.50    800.20    803.80    804.80    806.20    808.00    809.60    810.80    810.30    809.80
   1286.30   1286.90   1287.60   1288.40   1288.90   1289.40   1290.10   1290.40   1290.50   1290.70   1290.80   1290.60   1290.50
   1290.30   1290.10   1289.80   1289.30   1288.70   1288.10   1287.20   1286.10   1285.10   1283.80   1282.60   1281.50   1280.40
   1279.50   1278.90   1278.20   1277.80   1277.60   1277.40   1277.30   1277.20   1277.10   1277.20   1277.30   1277.60   1278.00
   1278.50   1279.10   1279.70   1280.40   1281.00   1281.60   1282.30   1283.10   1283.70   1284.50   1285.40   1286.20   1287.00
   1261.10   1264.80   1269.90   1276.10   1282.80   1288.90   1293.90   1297.90   1301.10   1303.80   1306.30   1308.40   1310.20
   1311.70   1312.60   1312.90   1312.50   1311.40   1309.40   1306.60   1303.10   1299.20   1295.20   1291.50   1288.40   1285.90
   1284.00   1282.60   1281.10   1279.60   1277.80   1276.40   1275.50   1275.00   1274.70   1274.60   1274.30   1274.30   1274.20
   1274.80   1275.40   1276.50   1278.20   1280.70   1283.60   1286.90   1289.70   1292.40   1294.60   1297.00   1299.50   1301.30
   1266.40   1269.80   1273.50   1279.10   1288.40   1298.20   1305.90   1310.90   1314.40   1317.00   1319.50   1322.10   1325.20
   1328.20   1331.30   1333.90   1335.50   1336.00   1335.20   1332.80   1328.90   1323.30   1316.20   1308.10   1299.90   1292.60
   1286.40   1280.70   1274.80   1269.90   1267.20   1266.30   1265.80   1265.30   1264.90   1264.50   1264.70   1266.20   1266.10
   1267.70   1269.30   1272.60   1276.30   1281.60   1289.00   1296.10   1302.40   1310.40   1317.80   1327.20   1334.90   1343.00
   1299.30   1302.20   1305.20   1310.80   1318.50   1324.40   1326.90   1327.80   1328.50   1329.20   1329.80   1330.80   1332.80
   1335.60   1338.40   1340.90   1342.60   1343.30   1343.00   1340.70   1336.50   1330.10   1321.30   1311.60   1301.60   1291.90
   1281.80   1272.60   1265.70   1261.20   1257.40   1253.10   1248.30   1244.50   1241.90   1238.70   1239.90   1240.50   1243.50
   1245.30   1249.80   1258.10   1268.90   1279.20   1291.90   1306.30   1321.10   1335.30   1349.40   1361.50   1371.10   1379.90
   1332.40   1335.30   1339.60   1343.30   1343.30   1341.30   1340.30   1339.80   1338.70   1336.40   1332.80   1329.00   1326.20
   1325.10   1324.80   1324.80   1324.70   1324.50   1324.00   1322.60   1320.40   1316.90   1311.70   1304.50   1295.70   1287.00
   1279.70   1273.90   1269.00   1263.90   1258.80   1252.10   1244.70   1238.30   1233.40   1224.70   1221.70   1220.80   1222.20
   1226.20   1236.30   1247.30   1261.20   1278.80   1296.50   1320.70   1341.80   1359.70   1375.50   1388.80   1401.80   1414.60
   1369.30   1366.50   1361.20   1355.40   1351.70   1349.10   1345.30   1340.50   1334.80   1328.60   1322.00   1315.20   1308.30
   1301.70   1296.00   1292.20   1290.80   1290.90   1291.80   1291.80   1294.40   1296.00   1296.70   1296.40   1294.70   1292.30
   1289.50   1286.10   1281.80   1277.20   1272.00   1266.30   1260.60   1256.30   1253.80   1252.90   1250.30   1247.40   1243.70
   1246.40   1252.90   1263.90   1275.80   1293.00   1315.20   1339.70   1364.70   1382.20   1403.80   1420.50   1435.50   1449.60
   1367.80   1351.90   1340.30   1330.70   1322.80   1313.90   1304.80   1295.50   1286.70   1280.70   1276.10   1269.70   1259.40
   1244.40   1232.00   1226.80   1227.90   1231.10   1235.60   1242.00   1250.30   1257.70   1266.20   1276.10   1286.10   1294.10
   1299.90   1304.40   1307.50   1308.10   1306.50   1303.50   1300.40   1298.00   1296.50   1295.10   1292.90   1292.40   1293.60
   1297.90   1291.30   1304.00   1317.60   1338.50   1356.70   1370.20   1389.30   1398.40   1413.40   1441.00   1460.50   1470.60
   1308.60   1279.10   1253.60   1234.60   1235.30   1237.00   1241.80   1241.00   1238.90   1238.60   1229.60   1228.20   1226.20
   1223.60   1221.00   1215.70   1214.40   1214.90   1215.20   1215.00   1213.10   1210.90   1213.10   1224.50   1243.50   1266.00
   1287.50   1306.10   1321.00   1333.10   1341.30   1344.80   1345.60   1344.80   1344.60   1344.30   1342.20   1341.10   1340.90
   1342.70   1347.80   1356.30   1364.70   1372.10   1381.80   1395.40   1406.40   1408.50   1410.10   1429.10   1448.80   1470.40
   1244.00   1221.30   1211.30   1205.30   1206.10   1213.60   1227.10   1239.90   1249.30   1253.10   1252.80   1253.10   1254.90
   1254.20   1255.60   1254.70   1251.50   1243.20   1240.10   1236.00   1229.80   1221.90   1216.60   1220.10   1232.20   1254.60
   1278.20   1302.40   1327.00   1349.40   1366.50   1376.10   1383.30   1387.90   1389.40   1386.20   1381.90   1378.10   1374.70
   1374.40   1376.50   1381.80   1389.80   1398.70   1408.40   1415.50   1414.80   1410.50   1411.00   1432.20   1451.60   1471.80
   1213.80   1207.80   1202.20   1205.10   1220.90   1242.60   1266.10   1283.50   1300.50   1310.10   1312.00   1300.00   1306.00
   1308.70   1303.10   1297.90   1294.30   1283.00   1267.40   1261.40   1254.50   1251.20   1250.90   1255.00   1261.40   1273.90
   1294.10   1317.10   1338.60   1364.00   1388.70   1402.00   1412.70   1418.90   1419.20   1413.40   1404.90   1395.10   1387.20
   1381.80   1380.60   1386.30   1398.50   1404.90   1412.50   1416.30   1412.90   1411.70   1417.90   1426.40   1446.30   1453.10
   1208.90   1207.10   1213.30   1224.00   1241.00   1263.30   1288.60   1305.00   1327.30   1346.40   1364.90   1374.20   1370.20
   1364.30   1357.30   1353.50   1344.50   1332.30   1314.20   1306.30   1301.80   1301.60   1308.50   1315.20   1317.40   1322.40
   1338.80   1354.00   1370.20   1389.30   1409.60   1424.90   1436.50   1440.20   1433.50   1419.90   1402.70   1391.00   1383.00
   1379.00   1373.40   1376.00   1378.90   1384.80   1388.20   1389.10   1388.30   1390.10   1394.50   1401.50   1412.50   1426.30
   1215.80   1219.40   1222.40   1226.70   1241.20   1267.00   1292.70   1315.10   1333.10   1348.00   1368.30   1386.50   1398.60
   1402.10   1406.20   1397.10   1393.60   1386.80   1373.50   1358.00   1356.40   1359.10   1364.30   1366.90   1370.50   1372.00
   1380.90   1392.70   1404.00   1417.10   1430.90   1446.10   1455.50   1453.80   1439.00   1417.00   1402.10   1384.40   1374.90
   1366.70   1360.20   1354.90   1347.70   1348.10   1340.20   1334.30   1333.20   1335.10   1340.10   1349.00   1361.20   1374.50
   1211.10   1224.00   1235.30   1239.00   1253.60   1278.80   1301.90   1318.50   1328.30   1343.90   1369.00   1394.30   1413.30
   1424.80   1431.00   1436.10   1432.40   1431.40   1435.70   1435.40   1426.00   1435.80   1439.00   1441.50   1442.00   1443.30
   1438.00   1437.50   1437.40   1443.20   1454.70   1464.40   1467.70   1460.30   1438.30   1415.00   1402.00   1378.50   1356.90
   1339.50   1326.40   1314.70   1304.80   1291.40   1276.70   1260.70   1255.60   1257.00   1263.10   1272.90   1287.50   1305.90
   1236.80   1241.00   1251.40   1262.90   1278.60   1295.20   1311.10   1330.40   1351.40   1374.30   1398.30   1417.90   1431.80
   1442.30   1452.70   1462.70   1472.40   1476.20   1482.20   1500.50   1513.40   1490.90   1475.30   1482.30   1487.90   1487.10
   1486.10   1483.50   1478.10   1477.30   1478.90   1479.40   1475.50   1461.70   1437.30   1415.70   1395.80   1367.80   1332.40
   1309.60   1287.50   1265.50   1248.80   1230.80   1209.70   1192.80   1182.60   1185.00   1195.00   1209.60   1225.40   1246.30
   1258.20   1259.20   1264.40   1274.40   1288.50   1303.70   1315.60   1342.20   1374.80   1406.30   1430.30   1450.50   1465.10
   1475.80   1485.80   1499.20   1513.00   1528.70   1548.50   1544.20   1564.60   1578.20   1528.70   1516.90   1523.70   1522.30
   1516.70   1509.80   1508.30   1503.70   1497.10   1492.30   1482.20   1464.40   1440.80   1417.40   1393.10   1358.00   1321.80
   1288.30   1256.00   1220.50   1195.60   1178.60   1163.80   1149.40   1142.20   1143.90   1156.80   1176.40   1196.50   1217.60
   1272.30   1268.00   1269.80   1287.30   1309.20   1330.10   1349.60   1374.30   1403.60   1432.50   1459.70   1482.60   1500.70
   1514.40   1525.40   1538.40   1549.20   1559.80   1574.70   1583.30   1593.20   1600.40   1601.20   1559.30   1558.30   1553.60
   1546.80   1539.60   1530.80   1521.70   1513.10   1503.90   1492.00   1472.10   1446.90   1422.60   1398.00   1366.90   1323.40
   1290.80   1253.40   1219.40   1187.00   1163.20   1147.20   1135.10   1129.70   1131.90   1146.20   1162.50   1181.70   1203.40
   1271.40   1275.50   1290.10   1309.00   1330.80   1352.40   1371.60   1395.20   1424.20   1454.30   1483.90   1509.40   1527.60
   1542.90   1553.80   1566.40   1577.00   1586.40   1595.80   1595.70   1604.20   1616.50   1622.40   1612.20   1591.40   1584.20
   1573.90   1559.00   1544.30   1533.50   1524.00   1512.20   1500.20   1487.50   1464.10   1438.50   1411.00   1380.00   1341.10
   1300.90   1258.60   1228.60   1199.80   1174.50   1155.70   1145.60   1142.00   1143.90   1146.50   1149.20   1164.80   1203.90
   1279.50   1286.40   1295.80   1307.90   1321.60   1339.90   1361.30   1392.70   1426.80   1462.10   1495.80   1524.00   1543.10
   1561.40   1576.70   1590.10   1599.20   1603.60   1601.90   1604.30   1617.60   1616.70   1613.60   1608.90   1602.80   1601.70
   1588.80   1571.10   1551.80   1537.20   1527.30   1517.50   1509.00   1497.20   1480.40   1460.60   1432.30   1403.60   1362.10
   1309.50   1273.40   1239.80   1208.50   1190.40   1178.00   1168.20   1161.90   1157.60   1148.90   1130.00   1157.60   1209.40
   1288.10   1282.90   1277.90   1280.00   1290.00   1308.90   1335.90   1372.00   1412.70   1460.40   1497.00   1527.20   1556.90
   1578.00   1595.70   1609.00   1613.80   1606.50   1590.80   1582.50   1596.10   1595.90   1590.60   1579.20   1586.00   1586.00
   1595.90   1584.80   1565.60   1541.10   1528.10   1520.80   1512.70   1505.10   1494.80   1478.90   1460.00   1421.30   1381.90
   1343.70   1305.50   1273.20   1243.20   1222.30   1211.70   1194.50   1181.00   1175.60   1178.50   1197.90   1235.80   1281.90
   1296.20   1281.50   1269.70   1260.50   1262.50   1267.60   1304.10   1353.40   1409.80   1468.40   1512.40   1542.40   1569.40
   1588.40   1603.20   1609.60   1609.40   1595.10   1579.40   1548.80   1547.70   1555.70   1540.30   1531.60   1526.40   1548.10
   1592.30   1590.10   1574.50   1559.30   1546.40   1533.30   1520.40   1510.40   1503.70   1492.60   1467.50   1445.60   1418.50
   1386.30   1352.70   1318.50   1290.50   1273.10   1256.20   1240.80   1224.70   1226.20   1246.00   1282.10   1320.80   1360.10
   1315.10   1293.10   1277.70   1262.30   1255.90   1264.90   1305.80   1367.50   1429.20   1484.10   1526.30   1553.70   1576.30
   1592.10   1601.10   1604.70   1601.20   1586.80   1559.30   1522.50   1503.90   1502.10   1479.40   1480.50   1481.20   1531.90
   1575.70   1582.50   1573.20   1561.20   1550.10   1539.60   1528.80   1518.90   1510.10   1501.70   1486.20   1468.70   1446.70
   1423.90   1399.50   1373.50   1351.20   1334.70   1321.00   1311.20   1307.10   1315.00   1337.00   1366.30   1395.00   1419.30
   1342.20   1318.40   1298.70   1283.40   1277.40   1281.60   1330.90   1404.80   1456.30   1502.60   1536.70   1558.90   1576.20
   1587.70   1596.40   1600.90   1595.00   1576.00   1544.40   1510.60   1486.40   1466.60   1453.90   1441.80   1468.10   1514.00
   1560.80   1565.10   1563.20   1556.80   1551.10   1543.20   1535.10   1525.00   1514.80   1508.20   1497.90   1482.90   1466.50
   1452.50   1436.50   1418.30   1402.50   1391.90   1384.50   1382.70   1388.00   1398.80   1416.80   1433.90   1450.60   1467.20
   1378.70   1353.40   1334.60   1326.50   1328.50   1346.70   1386.50   1443.90   1484.90   1521.80   1543.80   1560.70   1573.60
   1582.00   1590.70   1594.50   1587.70   1569.50   1542.60   1505.80   1477.40   1450.90   1444.70   1445.80   1463.80   1489.80
   1526.30   1547.90   1554.00   1553.60   1551.10   1544.00   1537.90   1529.80   1520.80   1513.10   1507.60   1496.80   1487.90
   1477.30   1465.50   1455.00   1448.30   1444.70   1444.90   1448.80   1456.40   1464.00   1473.30   1482.50   1492.00   1501.50
   1421.00   1403.60   1391.40   1385.70   1394.20   1414.10   1444.40   1482.00   1508.20   1534.40   1549.10   1559.80   1569.10
   1574.50   1578.00   1580.10   1576.00   1562.50   1542.10   1515.50   1485.90   1461.50   1456.80   1467.10   1478.70   1476.40
   1492.70   1538.60   1546.10   1552.80   1551.60   1545.40   1541.10   1534.60   1525.70   1518.90   1517.90   1510.40   1505.90
   1501.20   1495.70   1493.40   1491.90   1491.20   1492.20   1496.60   1501.80   1506.30   1511.00   1516.60   1520.90   1526.30
   1461.90   1452.50   1447.90   1444.90   1455.40   1471.70   1479.70   1504.40   1523.00   1540.20   1550.50   1556.10   1560.00
   1562.50   1562.70   1561.40   1557.80   1553.10   1544.10   1528.10   1508.90   1491.20   1482.10   1483.00   1494.80   1507.50
   1489.60   1508.20   1543.80   1556.70   1553.50   1551.60   1550.80   1544.60   1535.90   1529.90   1528.20   1524.50   1523.60
   1525.70   1524.20   1523.10   1524.10   1524.50   1525.10   1526.00   1527.60   1531.60   1534.70   1538.50   1541.70   1545.50
   1492.20   1487.90   1485.40   1487.20   1496.50   1499.50   1505.00   1514.70   1529.80   1539.50   1545.80   1548.60   1548.80
   1547.40   1546.70   1544.50   1539.10   1535.90   1533.20   1526.80   1518.30   1510.50   1506.50   1506.30   1510.30   1518.90
   1523.10   1529.70   1550.50   1558.00   1555.40   1556.20   1558.10   1554.30   1548.00   1545.20   1543.70   1542.80   1541.00
   1539.10   1539.60   1540.10   1540.00   1541.20   1541.60   1541.70   1544.10   1545.50   1547.40   1549.70   1552.10   1553.30
   1512.70   1508.40   1508.40   1510.90   1510.70   1508.70   1510.00   1521.00   1529.90   1533.90   1539.00   1541.30   1538.60
   1535.20   1531.90   1530.90   1529.80   1527.40   1525.70   1525.00   1521.00   1518.40   1517.60   1518.60   1521.10   1523.80
   1531.70   1539.40   1539.30   1554.60   1556.40   1557.60   1559.40   1556.50   1552.60   1549.80   1547.40   1546.60   1545.60
   1546.60   1547.60   1548.60   1548.80   1547.60   1548.00   1547.00   1548.10   1550.00   1551.80   1552.70   1554.20   1553.60
   1522.40   1518.70   1516.20   1513.60   1510.40   1511.60   1515.40   1523.40   1525.50   1528.70   1531.40   1534.50   1531.10
   1527.50   1522.10   1520.00   1521.00   1519.90   1519.30   1520.10   1520.10   1518.50   1520.20   1521.50   1524.00   1524.40
   1523.00   1523.70   1520.70   1550.30   1553.70   1553.40   1554.90   1551.50   1548.50   1545.50   1540.30   1541.80   1543.40
   1543.30   1545.20   1545.00   1546.20   1545.70   1544.80   1544.50   1546.60   1548.60   1549.60   1550.20   1549.90   1549.50
   1520.50   1518.30   1517.10   1514.30   1511.80   1514.00   1519.40   1519.10   1520.00   1521.30   1523.90   1524.90   1524.50
   1521.40   1517.70   1517.30   1519.60   1518.10   1519.50   1521.80   1520.30   1519.00   1519.00   1520.10   1522.50   1522.50
   1520.00   1520.20   1525.10   1529.00   1528.50   1537.20   1544.90   1542.70   1540.90   1536.80   1533.50   1532.40   1533.50
   1533.90   1534.50   1537.60   1539.30   1540.90   1539.70   1538.10   1541.50   1544.00   1546.60   1545.80   1544.30   1545.00
   1516.60   1515.30   1513.30   1512.20   1512.90   1514.80   1515.60   1513.80   1512.10   1513.80   1516.20   1515.80   1515.60
   1516.40   1516.10   1516.30   1517.70   1517.10   1519.00   1519.90   1518.00   1517.50   1517.30   1517.90   1516.90   1518.30
   1518.70   1517.50   1518.90   1519.40   1519.80   1520.60   1523.30   1525.80   1530.60   1527.20   1523.50   1522.10   1522.70
   1524.80   1526.30   1528.30   1531.30   1534.20   1535.70   1536.40   1537.80   1540.00   1541.10   1540.90   1539.40   1537.70
   1512.80   1510.90   1510.60   1511.40   1512.30   1511.50   1509.00   1506.10   1504.40   1508.70   1510.30   1510.30   1509.90
   1510.10   1511.50   1513.70   1513.50   1512.60   1511.20   1513.00   1511.90   1508.20   1509.90   1508.90   1511.00   1514.80
   1513.90   1514.00   1510.90   1512.00   1511.80   1515.30   1516.20   1515.50   1519.70   1522.60   1515.40   1510.70   1511.50
   1515.90   1517.20   1523.20   1524.90   1527.50   1530.40   1531.50   1530.90   1532.00   1532.00   1531.80   1530.60   1530.90
   2688.10   2688.20   2688.50   2688.90   2689.10   2689.50   2690.10   2690.50   2690.80   2691.20   2691.50   2691.60   2691.60
   2691.50   2691.20   2690.80   2690.20   2689.50   2688.80   2688.00   2687.20   2686.40   2685.50   2684.70   2683.90   2683.20
   2682.50   2681.90   2681.50   2681.20   2681.00   2681.10   2681.10   2681.20   2681.30   2681.40   2681.60   2681.90   2682.30
   2682.80   2683.30   2683.90   2684.60   2685.30   2686.10   2687.00   2688.00   2688.90   2689.90   2691.00   2691.90   2692.70
   2681.20   2684.00   2687.10   2690.50   2693.80   2697.00   2699.90   2702.50   2704.70   2706.40   2707.70   2708.50   2709.00
   2709.20   2709.20   2708.60   2707.70   2706.30   2704.50   2702.30   2700.10   2697.90   2695.70   2693.80   2691.90   2690.10
   2688.30   2686.50   2684.70   2683.20   2682.00   2681.20   2681.00   2681.60   2682.70   2684.20   2685.50   2687.90   2690.60
   2693.50   2696.80   2700.10   2704.50   2709.10   2713.50   2718.20   2722.30   2726.40   2729.90   2733.20   2735.80   2738.10
   2689.00   2694.30   2700.10   2706.10   2712.20   2717.50   2721.90   2725.30   2727.80   2729.40   2730.40   2731.30   2732.50
   2733.60   2734.50   2735.00   2734.80   2733.50   2731.30   2728.20   2724.10   2718.90   2712.90   2706.90   2701.00   2695.00
   2688.80   2682.30   2676.40   2671.80   2668.90   2668.10   2668.40   2670.40   2673.00   2676.30   2680.10   2684.70   2689.10
   2694.40   2699.70   2707.20   2714.70   2724.50   2733.20   2741.00   2749.90   2758.60   2766.70   2772.90   2778.50   2782.80
   2730.00   2734.80   2739.60   2744.20   2747.90   2750.60   2752.10   2752.00   2750.90   2749.70   2748.90   2748.50   2748.40
   2748.50   2748.40   2748.30   2747.70   2746.50   2744.70   2741.40   2736.50   2730.30   2722.50   2713.20   2702.60   2691.00
   2679.30   2669.10   2659.90   2651.30   2642.90   2636.50   2632.50   2630.70   2631.80   2636.60   2639.40   2645.70   2655.10
   2665.60   2677.10   2690.60   2707.80   2719.50   2734.60   2752.70   2769.80   2785.30   2798.60   2810.10   2819.30   2826.30
   2772.80   2773.40   2774.10   2774.50   2773.20   2770.50   2767.60   2764.60   2761.40   2757.80   2754.00   2750.30   2746.80
   2743.60   2740.80   2738.50   2736.50   2734.50   2732.30   2729.20   2725.10   2719.70   2712.60   2703.80   2693.60   2683.70
   2674.50   2664.80   2654.00   2643.10   2630.70   2618.40   2607.40   2598.60   2592.00   2587.90   2587.70   2591.60   2602.20
   2621.20   2646.70   2673.80   2700.30   2725.80   2750.60   2775.40   2798.60   2817.00   2831.60   2845.80   2859.20   2869.40
   2804.30   2799.20   2792.30   2784.20   2776.60   2770.00   2763.40   2757.30   2751.50   2745.70   2740.00   2734.60   2729.40
   2724.30   2719.50   2715.60   2713.30   2711.90   2711.90   2712.20   2712.00   2711.10   2708.50   2704.40   2698.90   2693.20
   2687.40   2681.10   2671.70   2660.00   2645.60   2629.10   2614.80   2604.20   2597.60   2592.70   2589.40   2589.20   2598.00
   2617.90   2648.00   2680.40   2713.70   2746.70   2778.10   2806.20   2828.30   2848.00   2863.90   2878.30   2893.60   2907.90
   2801.70   2784.80   2770.70   2757.90   2747.50   2738.20   2730.20   2722.40   2715.20   2709.70   2706.50   2703.70   2700.50
   2696.80   2694.20   2692.70   2692.50   2693.70   2696.20   2698.10   2700.40   2704.80   2709.60   2713.80   2717.10   2719.20
   2718.70   2714.60   2708.40   2702.20   2694.80   2684.80   2674.20   2660.30   2651.10   2644.50   2640.50   2643.60   2655.80
   2672.60   2705.90   2735.10   2767.40   2798.80   2823.10   2845.20   2868.40   2884.40   2898.70   2909.60   2919.70   2931.20
   2754.30   2729.60   2714.70   2707.40   2705.40   2706.10   2707.10   2709.20   2709.80   2707.70   2705.40   2705.30   2707.00
   2708.20   2710.80   2712.00   2714.00   2716.90   2718.00   2714.50   2708.80   2703.50   2702.20   2705.50   2717.10   2732.90
   2744.20   2750.60   2752.10   2751.40   2748.70   2744.90   2740.40   2736.70   2734.30   2731.30   2731.30   2733.60   2745.40
   2761.60   2781.00   2804.90   2829.40   2847.70   2864.10   2882.40   2898.80   2911.30   2920.20   2928.20   2937.90   2946.30
   2717.80   2707.50   2698.50   2692.90   2697.60   2710.00   2724.80   2739.40   2750.30   2754.30   2756.40   2758.30   2759.60
   2757.90   2755.50   2756.50   2757.40   2756.00   2754.90   2753.30   2750.80   2746.60   2738.90   2734.50   2735.50   2745.80
   2764.80   2781.60   2790.00   2793.50   2796.40   2797.50   2797.70   2798.40   2797.20   2796.30   2798.00   2800.90   2806.10
   2819.00   2836.90   2855.60   2871.40   2884.00   2894.40   2906.70   2915.10   2922.40   2928.20   2937.00   2947.30   2954.80
   2700.70   2697.30   2690.90   2693.00   2712.30   2735.40   2761.00   2782.80   2796.80   2812.40   2811.90   2811.10   2815.80
   2813.40   2806.70   2800.40   2796.60   2794.50   2796.40   2791.10   2783.00   2784.20   2787.50   2792.00   2797.50   2801.80
   2809.50   2821.60   2831.40   2834.40   2836.30   2837.90   2838.70   2839.20   2837.50   2835.70   2829.60   2825.80   2835.40
   2846.60   2864.10   2877.50   2887.30   2891.00   2899.00   2908.40   2917.80   2927.20   2936.50   2944.30   2952.60   2956.60
   2697.10   2700.80   2707.80   2719.70   2739.00   2762.00   2786.40   2805.60   2826.80   2844.40   2860.30   2868.60   2869.30
   2868.80   2864.70   2861.70   2858.50   2850.00   2843.50   2842.80   2839.60   2845.90   2854.10   2856.00   2856.90   2862.00
   2869.90   2874.50   2877.40   2876.90   2872.30   2868.20   2865.20   2861.30   2855.20   2841.90   2829.00   2837.70   2845.30
   2855.20   2864.10   2871.10   2873.60   2873.70   2878.20   2885.10   2893.10   2900.60   2908.10   2917.70   2929.20   2939.70
   2700.20   2710.50   2719.30   2724.20   2740.90   2766.60   2794.60   2818.70   2836.20   2853.20   2874.60   2892.70   2906.50
   2912.70   2918.60   2917.50   2912.70   2906.20   2903.00   2907.80   2910.40   2914.00   2917.40   2920.90   2918.60   2921.70
   2926.00   2924.90   2919.40   2910.20   2898.90   2890.00   2885.20   2875.80   2863.00   2840.50   2835.60   2842.50   2847.40
   2850.90   2850.30   2849.70   2840.80   2834.70   2834.40   2835.30   2837.20   2842.10   2849.60   2860.50   2874.40   2889.50
   2690.80   2718.10   2733.50   2740.70   2754.30   2779.00   2806.20   2827.40   2844.80   2864.10   2889.60   2912.40   2929.60
   2941.00   2952.30   2961.40   2961.80   2965.60   2972.00   2978.10   2986.80   2995.70   2996.40   3000.10   3001.90   2997.80
   2987.30   2972.10   2953.80   2934.80   2917.20   2906.50   2899.80   2884.90   2863.60   2841.40   2839.20   2838.30   2835.60
   2830.60   2821.40   2811.40   2794.50   2781.10   2776.10   2773.30   2775.20   2776.20   2780.10   2792.40   2810.30   2830.00
   2716.50   2737.20   2752.40   2766.50   2782.90   2800.90   2819.80   2843.60   2869.90   2899.50   2925.60   2944.60   2957.20
   2971.50   2986.10   2998.60   3010.60   3017.90   3029.50   3050.00   3054.20   3050.30   3052.20   3053.10   3049.20   3038.50
   3020.90   2998.40   2979.10   2959.20   2939.40   2922.60   2910.70   2889.70   2861.30   2844.80   2835.50   2823.80   2809.00
   2794.20   2782.00   2764.60   2747.30   2730.00   2715.90   2706.70   2708.20   2713.20   2724.20   2741.30   2761.90   2784.90
   2747.20   2755.20   2765.20   2779.80   2798.50   2817.50   2835.50   2864.10   2899.20   2935.00   2961.30   2982.40   2999.00
   3013.60   3029.60   3046.40   3063.50   3083.50   3087.80   3095.70   3112.20   3109.20   3094.50   3088.30   3080.50   3062.50
   3041.30   3021.40   3005.20   2986.80   2966.60   2945.10   2924.60   2897.00   2864.60   2847.60   2830.70   2810.70   2788.50
   2767.90   2743.70   2716.90   2697.10   2682.50   2670.50   2659.80   2652.70   2653.90   2669.70   2697.10   2726.70   2755.60
   2767.90   2771.10   2777.60   2797.00   2822.10   2848.70   2875.80   2906.40   2940.40   2973.40   3004.20   3029.50   3047.80
   3065.20   3081.80   3098.20   3114.90   3133.10   3144.50   3154.70   3151.10   3146.00   3132.50   3117.20   3100.60   3080.40
   3059.90   3042.60   3026.20   3008.20   2989.30   2967.90   2943.00   2911.60   2875.60   2852.10   2833.20   2813.00   2788.80
   2761.50   2732.10   2700.80   2677.90   2656.00   2641.70   2632.40   2630.50   2638.00   2654.20   2676.80   2702.60   2733.20
   2775.80   2782.10   2799.80   2824.00   2852.00   2879.90   2906.00   2937.90   2973.30   3008.30   3041.90   3070.40   3092.00
   3111.50   3129.20   3150.20   3163.30   3169.90   3181.40   3177.90   3168.50   3158.40   3144.00   3127.00   3110.50   3094.20
   3078.80   3060.20   3035.00   3012.00   2993.40   2979.10   2962.40   2938.50   2907.80   2877.80   2850.50   2830.70   2803.40
   2770.30   2740.40   2712.20   2683.10   2661.00   2647.10   2642.70   2644.90   2651.90   2663.90   2677.50   2703.80   2747.20
   2781.10   2792.30   2809.60   2828.50   2849.80   2876.10   2911.40   2950.80   2989.70   3030.40   3067.70   3101.30   3127.70
   3152.10   3173.80   3187.90   3189.20   3191.00   3191.70   3176.00   3161.00   3146.40   3131.40   3121.60   3113.80   3101.40
   3086.20   3059.70   3029.50   3001.90   2988.60   2985.50   2980.60   2969.50   2948.00   2919.10   2891.20   2860.70   2826.50
   2791.70   2755.10   2719.20   2686.90   2673.40   2669.30   2672.20   2676.60   2685.40   2694.90   2709.40   2742.20   2785.10
   2789.50   2793.40   2800.20   2812.90   2829.00   2857.10   2896.70   2942.10   2989.20   3040.50   3087.10   3122.00   3153.90
   3179.70   3197.90   3204.30   3203.10   3198.60   3183.70   3152.40   3136.70   3120.20   3108.70   3099.50   3097.20   3094.50
   3089.00   3064.20   3038.70   3016.50   3005.50   3004.00   2999.30   2993.20   2983.70   2963.90   2936.60   2899.10   2868.70
   2835.80   2790.10   2742.20   2714.40   2712.40   2714.70   2721.40   2721.50   2731.40   2749.30   2781.20   2821.10   2860.20
   2804.60   2801.30   2798.10   2799.00   2810.40   2832.60   2886.80   2945.60   3006.20   3062.00   3108.60   3144.80   3175.40
   3193.80   3205.80   3208.90   3208.00   3197.60   3176.90   3136.90   3095.50   3082.60   3066.60   3065.10   3065.10   3075.50
   3089.30   3083.80   3075.00   3063.70   3050.30   3033.90   3020.80   3014.60   3007.60   2994.00   2976.00   2955.20   2924.20
   2888.00   2849.80   2814.20   2787.00   2783.70   2783.80   2784.30   2784.60   2802.60   2832.40   2869.10   2907.30   2942.80
   2830.80   2818.10   2809.40   2803.60   2812.50   2840.10   2897.10   2970.00   3039.30   3092.00   3134.90   3166.90   3188.30
   3202.20   3209.00   3209.30   3206.40   3193.90   3166.40   3116.90   3068.00   3044.80   3031.20   3030.80   3044.00   3060.90
   3084.60   3090.40   3088.20   3082.30   3074.20   3060.10   3045.90   3037.30   3029.00   3016.40   3005.80   2990.80   2968.30
   2942.20   2917.30   2893.10   2874.20   2867.70   2867.10   2869.80   2881.70   2906.30   2932.30   2960.00   2987.20   3011.10
   2864.10   2847.30   2835.50   2828.70   2834.50   2861.80   2934.60   3006.50   3073.50   3121.00   3153.70   3178.10   3193.40
   3203.50   3206.50   3207.30   3202.30   3188.70   3159.90   3102.20   3048.70   3023.40   3010.00   3011.90   3034.40   3060.50
   3076.20   3086.80   3092.20   3093.20   3090.40   3083.50   3074.80   3065.90   3055.70   3046.10   3037.50   3024.70   3010.50
   2994.50   2977.70   2963.30   2954.20   2951.60   2956.70   2970.40   2988.40   3005.00   3022.40   3038.20   3054.20   3068.60
   2911.80   2891.20   2879.10   2877.70   2890.90   2930.30   2999.10   3062.10   3109.90   3142.20   3165.70   3181.50   3193.50
   3199.20   3200.90   3201.50   3197.60   3186.60   3162.70   3106.60   3044.80   3012.20   3002.10   3019.00   3051.20   3070.50
   3081.00   3089.90   3097.80   3105.40   3110.70   3110.50   3107.10   3099.20   3090.00   3083.10   3075.70   3067.50   3059.30
   3051.60   3043.80   3037.90   3036.20   3041.40   3049.00   3056.80   3067.40   3078.60   3087.30   3095.60   3104.60   3113.10
   2971.20   2959.70   2952.10   2954.30   2979.30   3022.90   3071.40   3113.40   3139.70   3155.80   3169.50   3180.80   3190.70
   3194.10   3193.60   3193.10   3189.90   3180.30   3165.10   3133.20   3080.60   3042.10   3040.40   3059.20   3076.80   3092.00
   3094.70   3105.90   3114.60   3121.70   3127.10   3129.00   3130.70   3129.30   3124.80   3119.30   3112.70   3109.20   3106.30
   3103.40   3100.50   3099.90   3101.80   3104.40   3109.30   3116.00   3122.40   3127.50   3132.70   3137.40   3141.70   3144.80
   3044.40   3036.10   3041.10   3054.70   3079.30   3098.50   3125.90   3145.50   3155.20   3161.90   3167.50   3175.30   3184.20
   3186.90   3185.90   3182.60   3180.40   3176.00   3165.80   3150.40   3129.90   3108.10   3096.30   3098.10   3107.80   3119.50
   3122.30   3130.10   3134.60   3141.30   3148.50   3150.50   3153.30   3154.10   3155.20   3152.10   3147.00   3144.20   3144.90
   3143.40   3142.50   3143.20   3145.40   3145.20   3148.00   3150.30   3152.10   3156.20   3158.80   3161.20   3161.30   3162.20
   3109.40   3104.90   3109.50   3119.50   3128.20   3138.20   3149.30   3156.50   3156.50   3159.40   3161.40   3166.30   3172.10
   3174.60   3173.30   3168.40   3164.90   3163.60   3162.30   3156.30   3147.40   3137.90   3133.10   3133.10   3136.70   3143.50
   3146.60   3149.50   3154.80   3159.50   3162.50   3166.90   3170.50   3172.50   3171.40   3170.00   3168.20   3168.40   3167.90
   3167.60   3166.50   3165.80   3166.70   3167.80   3167.00   3166.20   3166.50   3168.00   3169.60   3169.90   3170.50   3170.50
   3144.80   3140.90   3139.90   3143.80   3150.10   3153.20   3157.90   3156.20   3152.70   3155.40   3154.90   3156.20   3161.30
   3162.50   3160.40   3158.40   3156.70   3155.20   3154.70   3154.90   3153.00   3150.60   3148.40   3147.80   3150.10   3151.00
   3155.30   3161.20   3163.80   3169.10   3171.80   3176.20   3177.20   3178.90   3178.70   3179.20   3178.60   3178.70   3178.00
   3177.80   3177.00   3177.80   3178.00   3176.30   3174.40   3173.10   3172.20   3171.70   3171.40   3172.70   3173.40   3172.70
   3156.80   3154.80   3157.00   3157.10   3157.00   3157.10   3156.20   3150.70   3147.60   3148.30   3150.50   3152.80   3155.30
   3155.20   3150.90   3149.10   3147.60   3145.80   3148.70   3149.00   3147.50   3145.10   3147.50   3151.10   3152.10   3157.20
   3156.80   3161.00   3168.80   3173.90   3176.90   3178.40   3181.30   3180.60   3180.10   3179.70   3178.20   3177.70   3178.60
   3178.60   3179.40   3180.00   3178.40   3177.00   3175.20   3172.90   3172.10   3171.60   3171.40   3170.80   3170.60   3170.40
   3160.70   3160.10   3159.70   3158.70   3157.60   3154.70   3150.30   3145.70   3141.40   3140.90   3143.20   3148.10   3149.70
   3150.90   3147.50   3145.40   3143.20   3144.50   3145.80   3146.30   3145.30   3144.50   3144.90   3149.20   3154.30   3155.90
   3156.10   3160.00   3167.50   3171.40   3173.00   3172.70   3175.50   3175.40   3175.10   3173.10   3172.50   3173.20   3173.30
   3172.80   3172.90   3172.50   3173.90   3173.50   3171.60   3170.60   3169.00   3167.60   3167.50   3167.60   3166.70   3165.50
   3158.00   3158.40   3157.00   3155.20   3152.80   3149.50   3145.50   3141.90   3137.60   3136.50   3139.30   3141.90   3144.00
   3143.00   3142.50   3142.20   3141.70   3143.60   3143.90   3143.80   3142.70   3142.60   3144.60   3149.20   3150.30   3150.50
   3152.40   3154.90   3159.80   3164.00   3166.90   3166.90   3167.40   3166.50   3166.50   3166.60   3166.20   3165.60   3166.30
   3164.80   3163.30   3165.40   3166.10   3165.80   3164.90   3165.20   3163.20   3162.20   3162.90   3163.50   3162.90   3163.40
   3153.80   3152.00   3149.10   3147.80   3146.00   3145.60   3142.20   3138.40   3137.00   3137.70   3138.30   3138.70   3136.90
   3135.70   3136.80   3137.70   3138.40   3136.80   3137.70   3136.40   3136.30   3136.90   3139.40   3143.10   3145.90   3145.70
   3146.80   3148.00   3150.50   3154.70   3155.90   3158.60   3159.50   3159.40   3159.40   3161.90   3157.70   3157.50   3156.30
   3159.50   3157.40   3158.30   3158.90   3159.00   3160.20   3161.70   3161.10   3160.10   3157.90   3157.40   3159.10   3160.90
   3779.10   3779.00   3779.10   3779.20   3779.00   3778.80   3778.80   3778.50   3778.00   3777.80   3777.70   3777.40   3777.20
   3777.00   3776.70   3776.30   3775.70   3775.00   3774.20   3773.40   3772.50   3771.70   3770.90   3770.10   3769.30   3768.60
   3768.00   3767.50   3767.10   3766.70   3766.60   3766.60   3766.80   3767.20   3767.70   3768.30   3768.90   3769.60   3770.30
   3770.90   3771.60   3772.30   3773.00   3773.80   3774.60   3775.50   3776.50   3777.30   3778.20   3779.10   3779.80   3780.20
   3774.00   3776.60   3779.50   3782.60   3785.60   3788.70   3791.30   3793.50   3794.90   3795.70   3796.20   3795.90   3795.20
   3794.10   3792.60   3790.70   3788.70   3786.50   3784.40   3782.60   3781.00   3779.60   3778.30   3776.90   3775.50   3774.10
   3772.80   3771.50   3770.00   3768.80   3768.10   3768.80   3770.60   3773.10   3775.80   3779.10   3782.50   3786.80   3791.20
   3795.70   3800.40   3805.30   3811.00   3816.50   3821.60   3826.90   3831.30   3835.70   3839.60   3843.00   3845.70   3848.20
   3789.90   3795.50   3800.90   3805.70   3810.00   3813.80   3817.00   3819.60   3821.40   3822.10   3821.70   3820.60   3819.60
   3818.50   3817.30   3815.70   3813.30   3810.20   3806.40   3802.10   3797.90   3793.80   3789.90   3785.80   3781.10   3775.80
   3769.80   3763.60   3758.70   3755.50   3753.80   3753.70   3755.10   3758.50   3762.70   3767.50   3773.50   3780.10   3786.60
   3794.10   3802.30   3812.10   3821.50   3832.60   3843.10   3853.40   3863.80   3873.20   3881.10   3887.10   3892.80   3896.80
   3836.90   3842.70   3847.20   3850.50   3852.60   3854.00   3854.50   3853.60   3851.50   3848.50   3845.80   3844.10   3842.90
   3841.40   3839.40   3837.20   3834.60   3831.00   3826.80   3821.30   3814.70   3807.30   3799.60   3791.00   3780.80   3769.30
   3758.40   3749.50   3740.20   3729.00   3717.80   3707.60   3701.00   3700.10   3703.80   3712.70   3720.20   3731.70   3745.70
   3760.40   3775.60   3790.90   3811.70   3830.30   3846.80   3863.80   3880.60   3896.30   3910.90   3924.00   3934.70   3943.00
   3883.90   3883.80   3883.40   3882.50   3880.30   3877.00   3872.90   3868.70   3864.50   3860.10   3855.60   3851.00   3846.30
   3841.60   3837.30   3833.70   3830.80   3828.20   3825.20   3820.80   3814.70   3807.10   3798.30   3788.20   3777.70   3768.30
   3759.00   3748.50   3734.90   3718.00   3697.80   3678.00   3662.20   3651.50   3646.00   3644.10   3646.80   3657.20   3678.00
   3707.50   3740.20   3773.40   3807.30   3838.80   3867.50   3893.20   3914.70   3934.50   3951.90   3965.80   3977.30   3987.10
   3915.20   3909.40   3902.30   3894.20   3885.60   3877.10   3868.80   3860.40   3852.60   3846.00   3840.80   3836.20   3832.00
   3828.30   3824.90   3822.20   3820.30   3819.00   3818.00   3817.30   3816.30   3814.10   3809.90   3804.00   3796.90   3789.50
   3781.50   3771.80   3758.90   3742.10   3719.50   3693.40   3670.50   3653.90   3643.60   3637.20   3635.80   3643.60   3663.90
   3699.80   3744.90   3786.90   3830.40   3871.60   3908.10   3938.20   3961.10   3982.10   4000.60   4015.10   4026.30   4034.60
   3916.70   3902.50   3889.20   3876.40   3865.60   3855.90   3848.40   3845.10   3844.10   3843.00   3842.00   3840.70   3839.30
   3838.70   3839.40   3839.00   3838.40   3838.70   3839.90   3841.20   3842.10   3843.20   3844.20   3844.40   3842.70   3836.80
   3828.10   3817.90   3806.70   3793.90   3779.90   3765.00   3745.90   3724.80   3707.90   3697.90   3697.80   3709.90   3735.90
   3768.20   3817.00   3856.70   3901.40   3936.70   3965.20   3992.20   4016.50   4033.70   4048.90   4062.00   4071.10   4077.10
   3882.30   3865.00   3856.00   3852.80   3853.10   3855.90   3860.30   3864.60   3866.50   3866.40   3865.40   3865.80   3867.40
   3867.00   3867.10   3866.70   3867.70   3872.40   3876.90   3874.30   3871.30   3869.60   3868.20   3867.40   3870.80   3879.50
   3885.10   3883.90   3874.60   3862.20   3849.80   3838.60   3828.10   3819.10   3812.60   3810.00   3813.80   3826.70   3847.60
   3873.20   3905.20   3939.80   3970.40   3994.10   4017.00   4039.40   4057.30   4071.70   4083.40   4092.80   4100.70   4106.10
   3862.10   3857.30   3852.60   3849.40   3854.20   3865.40   3879.40   3894.40   3906.50   3912.00   3915.30   3918.00   3916.60
   3914.80   3907.40   3903.80   3905.10   3911.80   3916.80   3919.40   3921.80   3922.60   3920.30   3914.90   3911.10   3913.90
   3923.80   3934.90   3936.50   3929.20   3917.30   3906.00   3897.00   3891.90   3888.60   3890.40   3896.50   3904.60   3921.30
   3947.80   3973.40   3997.30   4017.70   4036.30   4052.00   4066.70   4079.70   4090.50   4100.10   4108.60   4115.30   4119.90
   3854.60   3852.50   3846.60   3845.90   3861.20   3882.70   3907.10   3928.50   3942.20   3958.60   3959.70   3965.80   3968.20
   3965.30   3953.30   3944.70   3945.00   3949.20   3967.30   3963.20   3962.70   3967.70   3972.30   3977.00   3982.40   3987.10
   3989.40   3989.50   3989.90   3985.70   3975.10   3960.90   3948.40   3940.80   3938.10   3937.30   3933.00   3944.10   3967.30
   3987.60   4010.60   4029.20   4040.20   4049.90   4062.10   4075.40   4088.70   4100.50   4109.50   4117.00   4122.60   4125.60
   3844.30   3849.40   3855.40   3868.10   3886.70   3909.10   3931.50   3952.00   3972.80   3990.90   4006.40   4015.20   4017.50
   4022.90   4020.60   4016.10   4017.70   4017.10   4018.80   4024.40   4027.40   4037.00   4045.60   4047.70   4050.90   4051.70
   4051.00   4050.50   4043.30   4034.40   4017.50   3996.70   3978.40   3965.70   3958.20   3950.10   3950.00   3969.50   3984.50
   4000.10   4016.90   4027.50   4030.60   4036.10   4043.50   4054.00   4064.60   4074.10   4083.40   4093.10   4103.30   4112.50
   3841.60   3859.30   3868.40   3871.00   3887.20   3912.80   3942.10   3967.10   3987.30   4008.40   4029.50   4048.60   4064.10
   4073.40   4081.60   4085.10   4085.20   4084.00   4086.10   4096.40   4106.10   4117.30   4124.60   4123.30   4117.20   4115.10
   4114.90   4106.90   4089.50   4069.80   4044.50   4017.80   3995.60   3978.80   3968.60   3959.60   3967.10   3978.70   3987.30
   3995.70   4002.00   4003.00   3997.50   3990.60   3996.30   4003.20   4008.70   4015.50   4024.50   4036.60   4052.10   4068.60
   3844.80   3870.10   3886.20   3894.40   3903.70   3927.00   3956.70   3982.80   4006.90   4028.40   4053.10   4077.10   4092.50
   4105.50   4119.20   4128.80   4136.60   4147.00   4159.10   4169.70   4191.20   4199.00   4199.20   4193.10   4192.60   4186.80
   4175.70   4153.00   4122.80   4091.70   4061.80   4029.70   4008.00   3989.40   3974.50   3966.00   3972.30   3975.90   3977.60
   3976.90   3971.90   3961.90   3946.30   3935.20   3938.60   3941.90   3943.60   3946.00   3951.20   3964.40   3985.30   4009.50
   3866.10   3888.10   3905.90   3922.70   3938.70   3957.60   3979.20   4005.50   4035.20   4069.20   4097.30   4116.60   4129.10
   4143.70   4160.50   4176.40   4192.80   4203.70   4225.80   4249.00   4257.00   4265.00   4256.10   4254.50   4245.90   4230.70
   4206.50   4173.20   4144.10   4112.10   4078.90   4046.70   4022.10   3998.10   3974.80   3965.40   3965.20   3959.90   3948.10
   3937.90   3930.00   3915.10   3903.00   3890.30   3881.70   3877.40   3879.50   3885.30   3899.00   3918.90   3942.00   3966.70
   3895.70   3907.20   3918.60   3933.90   3954.70   3976.70   4000.00   4029.30   4067.80   4109.30   4137.40   4159.60   4176.60
   4192.80   4211.80   4231.50   4252.50   4279.20   4291.30   4309.70   4321.30   4312.50   4306.30   4297.40   4279.30   4252.30
   4220.50   4189.20   4163.00   4135.10   4106.70   4076.60   4044.70   4009.80   3976.30   3960.70   3953.60   3942.50   3927.70
   3905.40   3886.70   3866.20   3850.60   3839.30   3831.00   3823.30   3817.10   3817.60   3835.90   3870.60   3904.30   3937.70
   3920.00   3923.40   3931.20   3952.00   3979.10   4009.80   4043.40   4081.00   4118.90   4157.30   4191.40   4216.90   4235.60
   4254.40   4275.50   4299.60   4325.60   4348.40   4362.60   4366.00   4363.10   4357.60   4340.20   4317.30   4290.70   4260.40
   4230.40   4202.60   4177.60   4152.80   4129.60   4104.30   4071.10   4030.00   3989.70   3961.20   3950.40   3941.20   3925.00
   3900.80   3869.90   3837.40   3819.00   3804.70   3795.60   3790.30   3793.50   3804.10   3822.90   3852.30   3883.60   3917.30
   3928.00   3936.60   3958.50   3987.20   4019.00   4050.40   4082.40   4123.90   4166.80   4208.80   4246.20   4278.80   4306.00
   4327.70   4349.90   4372.10   4386.90   4396.40   4400.30   4395.40   4385.00   4363.90   4340.10   4313.00   4286.30   4261.00
   4238.40   4213.40   4185.70   4159.80   4137.10   4118.80   4098.60   4069.50   4033.40   4000.60   3973.40   3962.10   3942.50
   3914.30   3883.40   3853.10   3826.60   3809.70   3803.40   3804.50   3811.50   3825.30   3843.50   3868.90   3904.60   3945.20
   3928.50   3947.50   3971.20   3997.30   4023.80   4059.00   4103.20   4146.20   4190.40   4236.20   4279.20   4318.60   4351.60
   4381.90   4404.10   4417.90   4419.00   4418.70   4413.10   4400.50   4376.40   4345.40   4315.60   4292.30   4275.40   4260.80
   4242.80   4217.40   4187.90   4156.10   4134.20   4125.80   4118.50   4108.90   4088.20   4060.30   4032.40   4004.10   3975.20
   3945.20   3903.60   3864.60   3830.90   3821.40   3825.10   3838.40   3851.90   3867.80   3885.80   3918.60   3958.50   4000.70
   3935.30   3951.60   3969.60   3990.30   4017.90   4058.20   4099.60   4151.10   4206.20   4257.20   4306.40   4350.20   4383.80
   4414.70   4433.50   4439.70   4434.20   4426.70   4415.10   4387.50   4346.40   4301.50   4277.90   4265.90   4258.60   4255.20
   4246.10   4224.40   4202.80   4180.20   4164.50   4154.90   4144.70   4141.10   4131.60   4114.20   4089.80   4059.20   4027.40
   3988.80   3942.70   3886.60   3836.50   3850.00   3866.90   3893.90   3903.90   3924.80   3954.30   3996.20   4043.30   4080.10
   3958.90   3966.00   3971.30   3982.20   4006.50   4044.60   4104.30   4170.00   4234.60   4292.20   4340.80   4382.60   4415.90
   4436.20   4444.70   4447.90   4441.00   4432.40   4412.00   4371.00   4303.80   4253.20   4235.40   4237.20   4239.90   4246.40
   4249.50   4245.00   4237.80   4229.20   4216.60   4197.10   4180.40   4172.30   4165.20   4153.30   4139.70   4121.70   4090.80
   4054.60   4014.10   3969.70   3932.20   3937.10   3952.50   3968.60   3983.10   4014.70   4054.90   4094.40   4135.70   4168.80
   3991.40   3985.60   3985.30   3987.50   4011.60   4053.70   4123.30   4201.70   4277.00   4335.80   4379.50   4413.30   4435.60
   4448.90   4451.80   4451.00   4444.10   4431.00   4404.70   4348.30   4271.80   4224.20   4211.20   4214.60   4230.70   4245.60
   4256.40   4262.50   4264.00   4260.20   4253.80   4241.30   4226.20   4214.80   4203.90   4192.40   4182.50   4169.20   4151.50
   4129.00   4102.70   4076.60   4056.20   4052.40   4059.90   4075.90   4101.10   4135.90   4165.00   4194.70   4222.80   4245.20
   4030.40   4016.30   4013.60   4016.00   4034.10   4078.50   4164.70   4241.60   4324.00   4374.50   4407.50   4431.70   4448.80
   4455.60   4454.50   4449.40   4441.10   4427.80   4400.30   4331.60   4242.20   4211.80   4195.20   4202.90   4234.80   4259.60
   4274.60   4283.30   4290.40   4293.70   4291.70   4284.90   4277.00   4270.20   4258.80   4246.80   4238.00   4229.90   4221.30
   4208.60   4194.70   4181.90   4175.00   4176.50   4185.90   4201.50   4220.20   4242.10   4263.60   4281.10   4295.80   4307.80
   4093.20   4071.00   4063.40   4068.30   4091.60   4151.50   4234.70   4315.50   4369.00   4401.30   4423.30   4437.40   4449.10
   4453.90   4451.20   4445.10   4438.10   4426.80   4405.80   4346.30   4247.90   4206.80   4194.90   4226.30   4261.80   4285.10
   4299.70   4308.60   4318.00   4326.40   4330.10   4330.10   4327.50   4322.40   4315.80   4309.80   4305.30   4301.00   4294.90
   4289.20   4283.20   4277.90   4275.90   4280.70   4288.00   4297.40   4310.80   4324.10   4336.50   4346.90   4353.50   4358.30
   4197.00   4169.80   4157.40   4163.20   4202.60   4264.50   4326.80   4375.00   4403.60   4417.00   4427.10   4433.70   4446.20
   4451.50   4448.00   4440.80   4433.30   4422.50   4408.40   4377.70   4309.50   4259.50   4263.10   4282.40   4302.70   4320.60
   4330.20   4339.60   4348.10   4356.60   4364.90   4368.40   4368.50   4365.90   4363.50   4361.80   4359.00   4357.70   4356.00
   4353.80   4351.00   4349.30   4350.00   4353.90   4358.80   4366.50   4373.30   4379.30   4384.40   4390.00   4393.70   4394.80
   4296.30   4281.40   4283.10   4306.80   4332.60   4354.60   4386.20   4411.20   4421.00   4420.50   4423.60   4427.60   4438.40
   4443.70   4441.10   4436.30   4429.20   4420.50   4409.40   4392.30   4369.30   4345.60   4334.30   4336.20   4343.30   4351.60
   4362.40   4373.50   4375.70   4382.90   4392.80   4395.00   4397.90   4399.20   4401.70   4401.10   4398.50   4399.40   4400.20
   4397.70   4397.70   4400.20   4401.10   4402.10   4404.20   4407.90   4410.20   4413.40   4416.50   4418.10   4418.30   4416.60
   4365.60   4360.90   4364.30   4374.20   4384.40   4398.00   4414.40   4424.10   4421.30   4418.30   4416.70   4416.80   4422.80
   4429.80   4429.60   4424.70   4420.00   4415.80   4411.10   4402.70   4391.40   4380.00   4373.40   4373.60   4377.70   4382.80
   4384.40   4387.00   4393.40   4402.50   4410.90   4416.10   4420.20   4422.60   4425.20   4427.20   4427.00   4428.10   4428.80
   4429.30   4428.20   4427.80   4427.80   4427.90   4429.50   4430.10   4430.50   4432.40   4433.70   4433.30   4431.80   4429.00
   4406.40   4404.20   4402.80   4404.10   4412.90   4420.00   4426.90   4423.90   4415.10   4413.20   4407.30   4404.20   4408.30
   4412.70   4413.40   4412.00   4409.90   4406.70   4402.70   4399.90   4396.10   4393.10   4392.70   4392.50   4392.90   4391.60
   4397.30   4401.90   4413.00   4421.80   4425.30   4430.70   4433.60   4435.60   4438.40   4439.70   4440.20   4442.00   4442.80
   4442.20   4442.00   4442.30   4441.50   4441.70   4441.40   4440.50   4440.10   4440.20   4439.80   4438.30   4437.00   4435.60
   4422.00   4421.60   4423.80   4425.90   4425.70   4426.60   4424.90   4416.50   4408.60   4402.10   4399.40   4396.00   4399.50
   4400.80   4399.70   4400.40   4398.20   4394.50   4393.30   4392.40   4392.10   4391.90   4394.60   4399.00   4400.70   4405.20
   4409.60   4415.80   4426.70   4430.70   4433.50   4437.60   4440.60   4441.20   4443.10   4442.80   4443.60   4442.40   4445.00
   4446.70   4447.30   4448.30   4447.20   4445.10   4444.60   4444.00   4444.60   4444.10   4442.80   4441.40   4440.90   4439.00
   4429.60   4430.00   4429.80   4429.10   4428.10   4423.70   4416.40   4410.90   4401.80   4394.50   4392.20   4389.80   4391.20
   4393.20   4393.50   4393.90   4391.20   4391.30   4391.80   4391.30   4391.80   4393.30   4396.40   4401.30   4409.80   4412.30
   4415.10   4419.40   4427.40   4432.00   4436.40   4436.30   4437.20   4438.30   4439.50   4439.70   4439.60   4442.10   4443.80
   4443.30   4443.00   4442.50   4443.20   4442.90   4443.00   4443.30   4443.20   4442.90   4443.00   4443.40   4442.60   4439.40
   4428.20   4428.80   4428.70   4427.10   4423.10   4416.90   4411.90   4407.80   4399.10   4392.10   4387.00   4384.00   4385.50
   4386.30   4387.10   4388.20   4387.60   4388.90   4386.30   4387.10   4387.80   4393.80   4398.00   4405.50   4410.20   4412.50
   4414.30   4418.30   4423.00   4429.20   4431.20   4432.30   4432.00   4432.40   4433.50   4433.20   4434.00   4434.40   4435.30
   4435.60   4434.70   4433.20   4432.90   4433.80   4435.30   4436.60   4436.60   4437.70   4438.90   4438.70   4436.70   4436.50
   4426.20   4423.80   4420.20   4417.80   4413.90   4412.30   4410.00   4406.10   4398.80   4391.60   4387.20   4381.60   4379.90
   4380.90   4382.80   4383.80   4380.50   4381.00   4387.80   4385.80   4383.10   4389.70   4395.60   4404.70   4408.10   4408.00
   4410.30   4412.00   4417.60   4420.90   4422.40   4423.60   4423.60   4424.20   4426.20   4427.70   4426.70   4427.60   4425.80
   4426.20   4424.40   4421.20   4421.50   4426.70   4430.80   4433.30   4432.80   4433.40   4431.90   4429.70   4430.20   4429.70
   5026.90   5027.20   5027.60   5027.90   5027.80   5027.80   5027.90   5027.70   5027.30   5027.10   5026.80   5026.40   5026.00
   5025.60   5024.90   5024.20   5023.20   5022.20   5021.10   5019.90   5018.60   5017.40   5016.30   5015.20   5014.40   5013.70
   5013.30   5013.10   5013.10   5013.20   5013.60   5014.10   5014.80   5015.70   5016.80   5018.00   5019.30   5020.70   5022.20
   5023.70   5025.30   5026.80   5028.30   5029.70   5031.10   5032.40   5033.60   5034.50   5035.40   5036.20   5036.60   5036.70
   5029.60   5031.70   5033.80   5036.00   5038.10   5040.30   5042.20   5044.20   5045.40   5046.00   5045.80   5045.10   5043.90
   5042.50   5040.60   5038.30   5035.70   5032.90   5030.20   5027.80   5025.50   5023.40   5021.60   5020.10   5018.80   5017.80
   5017.10   5016.50   5016.00   5016.30   5017.70   5020.20   5023.20   5026.70   5030.60   5035.20   5039.80   5045.30   5050.70
   5056.20   5061.80   5067.50   5073.40   5078.90   5084.20   5089.60   5094.00   5098.50   5102.50   5106.00   5109.20   5111.90
   5050.00   5056.30   5062.10   5066.90   5070.50   5073.00   5074.60   5075.50   5076.00   5076.30   5076.50   5075.80   5074.30
   5071.80   5069.00   5065.60   5061.10   5055.70   5049.90   5044.10   5038.70   5033.80   5029.60   5025.80   5022.00   5017.40
   5012.20   5007.10   5003.80   5001.40   4999.20   4997.60   4997.90   5000.90   5006.00   5012.20   5020.20   5029.60   5039.30
   5050.10   5061.20   5073.50   5084.60   5096.50   5107.90   5119.20   5129.90   5139.20   5146.90   5154.00   5160.50   5165.40
   5098.80   5106.90   5112.50   5115.90   5118.00   5119.20   5119.10   5117.60   5115.50   5112.90   5110.00   5106.70   5103.10
   5098.90   5093.70   5088.00   5081.80   5075.20   5068.20   5060.90   5053.40   5045.60   5038.50   5030.80   5021.80   5013.10
   5004.80   4996.00   4984.90   4971.80   4957.20   4945.80   4940.80   4941.90   4946.00   4954.00   4963.20   4975.30   4992.10
   5011.40   5031.80   5049.70   5071.20   5096.90   5118.00   5137.00   5155.20   5171.70   5186.30   5198.80   5209.50   5218.00
   5154.20   5154.30   5153.30   5152.00   5150.40   5148.30   5145.30   5141.40   5136.30   5130.10   5122.80   5115.10   5107.60
   5100.70   5094.60   5089.30   5085.00   5081.20   5077.10   5071.80   5064.80   5056.70   5047.90   5038.40   5029.50   5022.20
   5014.20   5002.40   4985.60   4963.60   4936.20   4911.60   4893.20   4880.60   4874.80   4875.40   4883.40   4902.20   4931.70
   4967.50   5002.30   5037.40   5076.30   5113.70   5146.70   5173.80   5198.00   5220.50   5239.30   5254.70   5268.00   5278.50
   5190.30   5185.30   5179.30   5172.70   5165.70   5158.20   5150.10   5140.90   5131.60   5123.60   5117.80   5113.50   5109.80
   5106.60   5104.00   5102.10   5100.80   5099.70   5098.40   5096.40   5093.20   5088.50   5082.60   5075.90   5067.60   5056.60
   5044.70   5033.50   5019.00   4999.10   4972.00   4939.60   4910.50   4888.70   4876.20   4870.90   4874.90   4893.50   4923.70
   4968.00   5016.40   5063.20   5117.50   5167.30   5209.10   5241.70   5265.90   5287.60   5305.80   5320.90   5332.40   5339.50
   5202.40   5191.40   5180.20   5170.00   5161.70   5154.80   5150.60   5150.30   5152.00   5154.20   5155.90   5157.00   5157.40
   5157.40   5157.40   5156.10   5154.00   5153.10   5153.50   5155.00   5155.90   5155.70   5154.10   5150.70   5144.80   5134.40
   5119.20   5099.60   5079.30   5060.60   5041.70   5023.30   4998.50   4974.30   4954.50   4945.70   4952.70   4975.90   5009.80
   5046.10   5101.60   5152.40   5206.80   5245.40   5279.40   5309.70   5334.20   5354.00   5369.40   5381.00   5388.70   5392.20
   5182.90   5173.40   5169.60   5169.30   5171.80   5175.80   5181.10   5186.20   5188.90   5189.70   5190.90   5192.40   5193.20
   5191.10   5187.50   5181.70   5178.90   5184.90   5195.10   5198.60   5199.80   5201.30   5203.70   5204.80   5204.20   5202.80
   5200.70   5193.00   5175.90   5154.90   5132.00   5109.80   5091.60   5077.30   5068.00   5067.80   5076.50   5096.40   5123.80
   5161.40   5203.90   5248.30   5285.70   5315.90   5344.00   5368.10   5387.90   5404.10   5415.90   5424.40   5429.80   5430.60
   5178.30   5176.10   5175.00   5175.40   5180.30   5189.20   5200.70   5214.00   5225.80   5233.40   5239.30   5242.60   5238.40
   5234.00   5222.40   5209.10   5208.00   5225.90   5239.90   5253.80   5262.30   5269.00   5272.40   5272.40   5267.70   5265.00
   5266.40   5266.90   5260.10   5243.80   5221.80   5196.40   5171.60   5156.20   5150.00   5152.60   5161.80   5181.40   5214.00
   5248.20   5280.40   5311.80   5340.50   5363.00   5382.10   5398.40   5414.10   5427.20   5437.40   5445.40   5450.90   5452.90
   5172.30   5171.80   5168.80   5169.60   5181.10   5197.50   5216.70   5235.20   5251.40   5264.40   5272.20   5280.80   5280.50
   5273.80   5256.50   5250.80   5254.50   5269.30   5302.50   5304.70   5320.80   5333.00   5338.80   5344.00   5351.00   5354.00
   5350.90   5342.30   5331.10   5314.20   5291.20   5262.40   5230.60   5208.60   5202.40   5203.20   5215.00   5241.20   5271.20
   5299.80   5327.70   5351.70   5365.90   5378.90   5396.70   5416.30   5431.30   5443.40   5452.10   5457.10   5461.30   5462.90
   5153.30   5158.30   5163.30   5175.90   5192.00   5214.10   5235.70   5256.00   5277.20   5296.70   5311.70   5322.50   5327.90
   5335.50   5334.70   5333.90   5342.60   5350.20   5362.80   5378.50   5390.50   5405.90   5421.20   5432.50   5435.60   5428.30
   5422.80   5413.00   5394.80   5369.00   5338.20   5300.10   5263.20   5237.70   5226.20   5231.80   5249.20   5272.80   5293.00
   5315.00   5337.30   5352.80   5358.20   5367.80   5380.20   5392.60   5404.00   5414.90   5426.00   5435.50   5444.70   5453.10
   5153.10   5167.40   5171.70   5175.30   5190.60   5215.90   5245.70   5272.50   5299.40   5326.00   5349.20   5367.70   5384.20
   5397.20   5406.90   5414.00   5419.90   5428.70   5439.10   5455.20   5469.70   5489.50   5507.90   5511.00   5505.20   5495.50
   5486.60   5470.70   5442.00   5405.00   5364.00   5319.20   5277.80   5249.10   5241.60   5251.00   5269.20   5283.10   5294.90
   5310.60   5325.70   5330.10   5323.70   5322.10   5329.60   5339.10   5349.30   5357.90   5367.30   5380.70   5396.50   5413.20
   5161.50   5188.70   5203.00   5208.10   5212.20   5233.80   5266.80   5299.80   5329.80   5353.50   5377.30   5400.60   5418.30
   5433.20   5449.00   5464.60   5481.10   5497.30   5511.70   5527.10   5561.50   5579.50   5584.90   5576.60   5572.90   5559.40
   5540.80   5511.30   5469.10   5422.10   5372.10   5325.70   5284.00   5259.30   5254.80   5261.00   5274.40   5278.90   5284.50
   5292.30   5296.20   5291.10   5272.70   5263.40   5268.60   5274.50   5279.50   5286.10   5292.70   5306.50   5331.40   5357.10
   5176.20   5204.80   5224.50   5240.20   5255.80   5276.20   5301.10   5330.40   5363.90   5399.30   5427.80   5448.70   5462.20
   5477.90   5496.50   5517.60   5540.40   5559.50   5592.20   5622.20   5638.80   5653.10   5645.10   5636.20   5624.80   5602.00
   5569.40   5526.70   5479.80   5431.30   5386.50   5343.20   5298.50   5270.50   5257.10   5257.50   5265.40   5259.80   5247.40
   5246.20   5245.80   5239.60   5229.80   5218.30   5213.20   5212.80   5215.30   5223.50   5239.90   5262.40   5288.10   5314.40
   5201.90   5217.70   5231.20   5247.40   5270.30   5296.60   5324.30   5354.20   5395.80   5443.90   5475.60   5498.70   5515.60
   5533.20   5554.40   5581.20   5614.60   5649.00   5669.70   5701.40   5709.70   5700.60   5694.80   5679.50   5655.60   5621.20
   5579.70   5532.00   5488.40   5449.00   5410.90   5372.50   5326.60   5284.10   5257.30   5246.50   5250.90   5245.20   5227.10
   5202.20   5192.90   5180.70   5167.80   5160.10   5154.70   5150.80   5147.70   5149.80   5173.40   5212.70   5249.80   5287.00
   5232.00   5234.70   5243.20   5266.00   5297.60   5332.60   5372.10   5418.50   5465.60   5509.60   5544.20   5569.00   5591.30
   5619.80   5649.00   5682.20   5715.40   5743.10   5757.80   5759.80   5755.10   5742.70   5726.50   5698.50   5663.60   5623.40
   5575.90   5533.40   5496.70   5461.00   5429.50   5401.10   5360.40   5306.70   5272.00   5244.00   5238.60   5244.00   5233.90
   5205.30   5170.60   5140.10   5122.70   5123.20   5124.00   5125.50   5131.80   5142.90   5165.10   5202.60   5240.70   5275.30
   5238.80   5251.00   5277.60   5312.10   5348.00   5386.20   5429.90   5481.20   5531.30   5579.70   5621.70   5658.60   5691.80
   5721.00   5750.40   5774.50   5791.70   5802.90   5801.00   5790.50   5778.60   5755.20   5723.40   5686.00   5645.30   5603.00
   5569.00   5536.40   5503.70   5472.90   5447.50   5425.50   5400.50   5364.80   5325.30   5291.70   5270.60   5266.90   5255.70
   5228.60   5193.60   5161.60   5139.90   5131.30   5133.00   5140.30   5151.40   5168.80   5196.40   5233.70   5282.30   5323.40
   5236.70   5264.80   5296.90   5332.00   5370.00   5416.30   5468.10   5518.00   5568.80   5620.40   5668.90   5713.40   5755.40
   5790.10   5814.80   5827.20   5831.30   5832.00   5816.80   5802.00   5777.60   5736.00   5694.10   5650.80   5615.40   5592.10
   5570.10   5543.90   5514.40   5483.50   5458.20   5440.90   5427.50   5413.90   5394.00   5370.10   5346.40   5324.00   5298.50
   5265.20   5218.80   5180.10   5147.40   5140.60   5154.30   5175.90   5196.00   5218.00   5246.50   5293.10   5347.40   5396.10
   5242.20   5273.50   5302.30   5338.40   5381.60   5434.70   5480.60   5544.80   5603.70   5662.30   5716.30   5765.40   5801.50
   5834.20   5851.30   5857.70   5854.60   5841.70   5823.40   5796.20   5747.50   5687.50   5633.20   5606.40   5594.40   5585.80
   5576.00   5556.50   5536.40   5513.40   5491.40   5477.00   5461.20   5453.50   5443.70   5428.90   5409.80   5389.90   5360.10
   5308.00   5262.80   5210.30   5135.30   5145.80   5185.80   5228.80   5255.00   5287.90   5330.20   5385.10   5441.90   5484.30
   5271.00   5290.90   5307.70   5339.40   5383.50   5439.40   5505.50   5578.00   5648.90   5713.10   5761.00   5803.90   5839.20
   5862.00   5869.80   5872.50   5860.80   5844.40   5818.70   5776.90   5703.30   5622.00   5574.20   5580.00   5584.70   5589.00
   5591.90   5588.20   5580.10   5566.60   5550.20   5532.70   5517.20   5504.30   5492.40   5482.50   5472.50   5459.00   5432.80
   5399.80   5357.60   5306.30   5266.80   5265.60   5293.10   5326.00   5355.30   5401.80   5459.80   5503.30   5543.10   5574.20
   5310.20   5314.50   5323.40   5343.60   5387.60   5448.90   5531.70   5618.40   5699.40   5762.40   5806.00   5840.10   5863.90
   5876.70   5878.60   5877.40   5861.50   5842.10   5815.30   5753.30   5662.00   5574.40   5560.00   5567.50   5584.30   5602.00
   5613.50   5621.00   5623.10   5619.30   5612.20   5598.80   5583.90   5571.20   5559.60   5550.40   5544.70   5534.70   5519.30
   5497.50   5471.40   5446.60   5428.50   5428.30   5441.50   5465.80   5500.60   5543.60   5580.30   5611.50   5636.10   5656.30
   5359.20   5348.00   5355.70   5368.40   5404.20   5470.40   5572.50   5663.10   5750.10   5807.70   5840.50   5865.70   5882.80
   5887.40   5883.60   5873.60   5860.70   5842.70   5812.30   5737.30   5617.40   5567.60   5545.70   5560.90   5600.40   5626.40
   5648.10   5661.70   5670.90   5675.40   5674.30   5666.70   5658.20   5651.30   5645.20   5638.40   5631.90   5624.10   5616.80
   5605.40   5593.10   5583.60   5581.40   5586.80   5599.20   5614.70   5635.30   5658.90   5681.60   5699.90   5713.30   5723.50
   5479.20   5423.50   5414.40   5424.30   5462.20   5542.70   5650.60   5740.00   5801.20   5837.90   5860.60   5875.30   5885.50
   5889.10   5883.70   5875.80   5863.50   5844.90   5819.70   5758.60   5630.50   5568.90   5556.60   5604.70   5643.80   5668.10
   5690.20   5704.60   5716.10   5725.40   5728.20   5728.00   5727.60   5726.90   5724.00   5720.30   5718.10   5715.60   5710.40
   5705.60   5701.50   5697.50   5696.60   5702.10   5710.10   5720.10   5733.30   5746.10   5759.30   5770.80   5778.10   5782.40
   5623.10   5583.90   5557.20   5558.90   5604.40   5678.30   5753.50   5805.80   5840.80   5857.10   5868.00   5874.30   5883.80
   5887.60   5884.80   5878.20   5866.90   5851.10   5831.50   5794.40   5718.30   5646.80   5654.20   5677.60   5699.90   5718.70
   5733.20   5746.40   5755.20   5763.00   5772.50   5777.00   5779.90   5781.10   5782.00   5783.30   5783.40   5783.70   5782.80
   5781.80   5780.50   5779.70   5780.70   5784.10   5789.70   5797.80   5805.20   5811.50   5817.10   5823.10   5827.60   5828.10
   5737.40   5721.80   5716.20   5733.10   5751.50   5785.90   5823.00   5848.20   5862.00   5865.10   5865.40   5869.00   5876.60
   5880.80   5878.50   5874.20   5866.90   5855.80   5840.20   5817.90   5787.30   5756.50   5743.40   5745.40   5751.20   5757.10
   5771.40   5780.70   5785.40   5796.30   5805.50   5814.50   5820.90   5827.20   5832.70   5834.40   5833.80   5837.80   5840.40
   5839.80   5839.80   5840.70   5840.70   5842.00   5846.70   5850.80   5853.10   5855.30   5856.70   5857.90   5859.50   5857.00
   5808.10   5800.40   5798.50   5805.80   5820.00   5837.00   5854.70   5866.10   5866.50   5863.70   5858.10   5856.60   5860.70
   5865.20   5863.70   5860.40   5856.90   5852.50   5844.70   5833.10   5817.10   5800.20   5790.20   5786.60   5789.00   5790.40
   5794.30   5803.40   5815.90   5827.00   5836.10   5844.50   5851.60   5857.80   5864.10   5867.90   5871.10   5874.10   5875.90
   5876.40   5874.70   5874.80   5874.60   5875.00   5877.90   5880.00   5880.40   5880.90   5879.60   5877.90   5875.10   5871.30
   5852.20   5848.70   5847.40   5849.20   5857.00   5866.40   5872.30   5870.50   5864.50   5858.50   5849.20   5841.60   5842.70
   5846.40   5846.70   5844.60   5842.60   5840.10   5835.10   5829.50   5823.80   5817.30   5813.40   5813.10   5813.90   5815.00
   5824.60   5831.50   5845.20   5853.40   5856.80   5867.70   5874.60   5879.90   5883.20   5886.00   5888.30   5891.00   5893.50
   5893.50   5893.70   5892.60   5891.70   5892.90   5893.70   5894.60   5895.40   5895.30   5894.00   5890.20   5885.10   5881.60
   5875.90   5874.00   5873.40   5874.30   5875.20   5875.80   5875.10   5867.70   5860.70   5850.50   5842.40   5830.00   5828.30
   5826.90   5828.00   5830.50   5830.70   5829.80   5824.50   5821.50   5819.70   5818.90   5823.80   5829.70   5834.60   5841.00
   5845.70   5855.90   5865.90   5871.60   5876.50   5881.50   5885.20   5889.00   5892.00   5893.40   5896.90   5897.60   5900.00
   5900.40   5901.20   5902.30   5902.70   5902.40   5902.50   5902.90   5902.00   5901.00   5899.30   5896.10   5893.20   5890.50
   5882.50   5882.00   5880.30   5879.70   5878.50   5875.80   5870.10   5865.60   5856.00   5845.10   5835.90   5820.90   5814.40
   5813.20   5815.80   5821.90   5822.20   5820.50   5820.20   5820.30   5821.80   5826.20   5832.80   5840.10   5847.50   5853.90
   5860.00   5866.00   5871.60   5876.80   5882.40   5885.00   5887.30   5889.80   5893.50   5895.10   5895.60   5898.00   5898.60
   5899.70   5899.10   5899.80   5900.30   5901.40   5901.30   5901.40   5901.30   5901.60   5902.10   5901.90   5901.30   5897.70
   5883.20   5880.70   5879.50   5879.30   5875.90   5871.90   5869.10   5864.80   5853.60   5841.50   5830.60   5817.10   5807.30
   5805.70   5810.30   5815.30   5817.10   5817.50   5818.60   5821.00   5821.10   5828.50   5837.90   5846.70   5854.50   5861.40
   5862.80   5868.50   5872.80   5878.80   5883.00   5884.60   5885.50   5887.60   5889.70   5892.10   5893.00   5893.00   5894.80
   5895.10   5893.20   5891.60   5892.60   5894.90   5897.30   5897.60   5897.10   5897.60   5899.80   5899.40   5897.30   5896.00
   5879.00   5878.10   5876.70   5874.90   5871.80   5872.30   5870.30   5864.80   5853.20   5840.80   5830.50   5816.60   5804.90
   5803.30   5807.80   5814.20   5808.70   5810.60   5818.20   5823.40   5820.10   5829.70   5838.70   5849.70   5855.60   5859.10
   5861.70   5864.40   5871.90   5876.40   5879.10   5880.60   5882.40   5884.50   5887.70   5888.70   5888.40   5888.70   5887.40
   5886.90   5885.80   5882.80   5884.60   5888.90   5894.10   5894.90   5893.70   5893.20   5892.50   5891.00   5891.80   5891.20
   6498.40   6498.50   6498.70   6498.80   6498.60   6498.50   6498.60   6498.40   6498.00   6497.80   6497.50   6497.00   6496.40
   6495.80   6494.90   6494.00   6492.80   6491.50   6490.10   6488.60   6487.00   6485.60   6484.30   6483.10   6482.30   6481.70
   6481.40   6481.60   6482.00   6482.70   6483.80   6485.10   6486.50   6488.20   6490.10   6492.10   6494.20   6496.40   6498.70
   6501.00   6503.10   6505.20   6507.20   6509.10   6510.80   6512.40   6513.90   6515.10   6516.20   6517.30   6517.80   6518.10
   6508.70   6510.80   6512.80   6514.60   6516.10   6517.40   6518.30   6518.90   6519.00   6518.50   6517.70   6516.10   6514.10
   6512.00   6509.70   6507.40   6505.10   6502.70   6500.30   6497.70   6494.90   6492.10   6489.40   6487.20   6485.80   6485.20
   6485.40   6486.40   6487.70   6489.00   6490.50   6492.60   6495.30   6498.80   6502.70   6507.10   6511.60   6517.30   6523.30
   6529.60   6536.20   6542.90   6549.70   6556.00   6562.10   6567.90   6572.70   6577.50   6581.80   6585.70   6589.50   6592.40
   6530.10   6536.00   6541.30   6546.00   6549.90   6552.90   6554.90   6555.50   6555.00   6553.90   6552.20   6550.10   6547.50
   6543.60   6539.00   6533.80   6528.40   6522.80   6517.30   6511.90   6506.00   6499.40   6493.60   6489.30   6486.10   6483.90
   6482.00   6479.30   6475.50   6471.80   6468.90   6467.50   6467.50   6469.90   6474.10   6479.60   6486.40   6495.50   6505.60
   6517.50   6530.90   6545.40   6559.30   6573.60   6587.00   6600.00   6611.30   6620.90   6629.00   6637.50   6645.00   6651.90
   6581.20   6589.10   6596.10   6601.50   6605.50   6608.10   6608.90   6607.60   6604.50   6600.00   6594.70   6589.20   6583.70
   6577.40   6570.00   6562.30   6554.50   6546.10   6537.40   6528.00   6518.20   6508.90   6501.50   6495.10   6489.00   6484.40
   6478.90   6470.80   6459.10   6446.90   6435.80   6429.60   6427.10   6428.90   6435.00   6443.60   6453.80   6463.30   6475.00
   6488.70   6506.50   6526.40   6549.90   6581.60   6609.70   6633.10   6653.90   6672.30   6687.90   6699.80   6708.70   6714.90
   6646.90   6650.10   6652.40   6653.80   6653.80   6652.00   6647.90   6641.10   6633.10   6624.60   6616.00   6607.20   6598.50
   6590.20   6582.30   6575.20   6569.00   6563.10   6556.90   6550.00   6542.20   6534.00   6526.30   6518.50   6510.40   6502.10
   6493.00   6481.60   6464.40   6441.80   6417.20   6395.80   6378.00   6365.80   6361.70   6365.70   6378.60   6400.70   6429.90
   6463.00   6496.00   6530.00   6569.30   6613.20   6652.50   6682.90   6710.50   6735.60   6756.00   6772.70   6787.00   6797.20
   6696.90   6695.00   6692.40   6688.40   6681.10   6671.50   6661.40   6653.00   6646.50   6641.30   6637.50   6634.50   6631.90
   6630.40   6629.60   6629.40   6629.20   6628.50   6626.70   6623.20   6617.90   6610.70   6602.00   6592.20   6580.70   6566.00
   6548.60   6529.90   6511.50   6490.00   6463.30   6434.90   6409.30   6388.80   6378.50   6378.20   6388.60   6412.90   6444.10
   6482.20   6528.80   6581.60   6639.50   6694.80   6740.10   6773.70   6800.20   6823.60   6841.50   6855.50   6865.50   6872.10
   6726.10   6718.30   6708.20   6697.00   6689.50   6686.50   6687.40   6690.20   6693.80   6697.90   6702.40   6707.10   6710.30
   6711.70   6712.20   6711.00   6708.00   6705.90   6705.00   6705.40   6705.90   6706.40   6705.40   6701.90   6696.00   6684.90
   6667.90   6644.10   6613.10   6580.50   6552.80   6527.50   6502.30   6483.40   6468.20   6462.80   6471.70   6494.50   6529.20
   6572.70   6639.00   6691.80   6747.60   6791.10   6828.50   6860.20   6883.20   6903.50   6918.70   6929.80   6936.80   6938.30
   6721.50   6717.60   6718.90   6722.50   6726.80   6730.20   6734.10   6735.90   6738.30   6739.70   6742.90   6746.70   6748.40
   6746.60   6738.00   6723.70   6716.50   6722.00   6733.90   6745.20   6753.10   6759.70   6769.00   6775.90   6778.40   6774.60
   6767.20   6755.00   6736.70   6712.20   6679.90   6642.50   6608.60   6583.10   6570.60   6570.50   6581.00   6609.60   6650.40
   6699.20   6751.30   6801.50   6838.80   6872.90   6903.40   6927.30   6946.00   6960.50   6971.20   6978.90   6983.30   6983.60
   6731.10   6731.90   6733.70   6736.90   6740.90   6747.20   6755.30   6763.10   6771.20   6779.80   6785.50   6788.30   6789.70
   6783.60   6769.60   6749.90   6743.30   6762.40   6790.50   6816.00   6832.50   6847.30   6858.80   6865.90   6867.80   6866.10
   6861.30   6852.50   6837.60   6815.60   6787.40   6749.60   6706.00   6670.00   6657.20   6657.40   6673.70   6709.60   6752.10
   6791.30   6829.20   6866.10   6898.00   6924.20   6945.50   6963.10   6978.30   6990.50   6999.70   7006.20   7010.90   7013.00
   6718.90   6720.70   6724.50   6730.70   6740.10   6749.80   6760.10   6773.10   6788.90   6798.60   6808.30   6810.70   6808.10
   6803.20   6793.10   6790.30   6804.10   6828.60   6863.20   6879.70   6909.20   6930.00   6944.10   6957.60   6969.30   6970.40
   6960.10   6944.50   6925.20   6899.60   6865.70   6825.50   6775.60   6732.00   6713.70   6717.80   6743.30   6779.20   6811.10
   6836.90   6870.00   6899.90   6922.00   6941.60   6961.20   6981.50   6998.10   7010.50   7019.40   7023.90   7026.40   7026.20
   6694.20   6696.60   6694.90   6699.30   6713.10   6735.60   6757.50   6774.60   6795.90   6820.90   6838.20   6852.80   6859.40
   6869.90   6874.10   6880.10   6893.70   6908.20   6932.30   6957.90   6981.30   7007.20   7031.80   7055.60   7065.70   7059.70
   7046.40   7026.50   6998.60   6961.80   6918.50   6868.00   6809.00   6761.00   6744.50   6756.20   6784.90   6811.10   6829.20
   6853.00   6879.40   6899.90   6915.30   6931.60   6948.10   6961.90   6975.80   6989.30   7001.30   7010.40   7017.00   7022.40
   6692.60   6700.30   6694.00   6691.60   6705.20   6729.90   6765.60   6794.10   6828.90   6862.80   6887.10   6907.40   6926.90
   6943.10   6954.30   6963.90   6976.10   6995.10   7014.40   7040.30   7067.80   7096.60   7128.70   7145.50   7144.10   7134.10
   7116.10   7087.60   7047.60   7000.30   6944.30   6875.50   6808.60   6766.90   6759.50   6778.80   6805.20   6820.40   6829.30
   6848.90   6867.60   6878.60   6879.10   6881.90   6892.70   6908.20   6922.00   6932.50   6942.60   6956.00   6972.10   6990.50
   6703.30   6729.50   6741.70   6743.30   6742.30   6758.50   6797.00   6835.10   6867.80   6892.30   6915.60   6940.40   6966.30
   6984.70   7001.40   7023.50   7047.80   7069.10   7093.00   7124.60   7170.10   7194.10   7217.40   7223.40   7215.30   7196.50
   7167.10   7122.90   7073.30   7015.90   6943.70   6861.70   6800.50   6770.70   6771.40   6790.90   6809.10   6814.20   6818.10
   6827.80   6837.90   6838.00   6826.30   6820.40   6823.40   6829.90   6842.30   6854.90   6866.30   6881.30   6905.50   6933.00
   6712.40   6742.90   6762.40   6776.00   6789.30   6810.40   6840.00   6874.00   6910.80   6946.70   6974.50   6995.10   7011.50
   7030.30   7053.80   7087.80   7122.80   7152.00   7199.60   7230.00   7257.90   7280.80   7285.20   7278.20   7264.30   7235.50
   7190.50   7138.20   7077.30   7007.40   6931.10   6867.70   6811.90   6778.50   6772.30   6785.00   6798.10   6796.30   6777.20
   6778.30   6784.10   6784.30   6777.80   6771.50   6768.40   6769.20   6774.20   6786.10   6805.70   6831.60   6859.70   6888.70
   6728.20   6746.70   6757.70   6773.60   6801.70   6834.70   6869.20   6906.20   6951.00   6999.80   7033.40   7057.20   7077.30
   7105.20   7143.70   7191.40   7230.10   7262.30   7290.40   7330.80   7339.70   7342.00   7339.20   7321.80   7294.50   7249.30
   7194.50   7133.30   7065.10   6997.30   6941.60   6894.30   6840.50   6789.30   6765.20   6767.00   6781.20   6787.00   6763.30
   6731.00   6724.50   6715.80   6706.90   6706.50   6707.20   6707.10   6705.10   6710.00   6737.50   6780.30   6820.00   6860.30
   6756.70   6759.30   6768.20   6800.70   6841.10   6883.00   6935.00   6998.00   7057.90   7108.30   7144.50   7171.10   7200.70
   7243.20   7279.40   7317.60   7347.50   7371.30   7387.90   7397.10   7396.80   7389.80   7370.40   7339.90   7294.70   7241.60
   7180.60   7111.80   7048.00   6999.60   6961.50   6926.90   6880.50   6817.00   6776.60   6754.90   6763.80   6783.00   6780.30
   6746.30   6702.40   6676.80   6661.00   6671.70   6683.60   6692.70   6699.80   6709.90   6733.80   6784.60   6831.80   6871.00
   6763.80   6780.70   6812.60   6853.60   6899.10   6953.40   7020.90   7080.10   7137.90   7192.80   7242.80   7289.00   7329.10
   7363.80   7400.80   7426.50   7441.80   7448.70   7447.50   7443.10   7430.00   7403.70   7364.10   7316.00   7261.70   7203.30
   7142.60   7089.70   7046.10   7009.40   6981.80   6958.00   6930.30   6890.80   6849.40   6818.50   6805.60   6807.40   6803.10
   6780.90   6739.40   6707.60   6692.80   6691.30   6699.10   6712.10   6724.30   6738.20   6771.40   6829.40   6895.40   6944.20
   6768.90   6801.00   6841.40   6890.70   6948.70   7014.10   7077.30   7139.80   7199.10   7258.30   7320.90   7371.70   7416.20
   7453.00   7477.10   7489.60   7497.10   7494.60   7477.40   7463.40   7429.50   7382.50   7329.20   7266.60   7208.10   7160.60
   7125.00   7093.00   7063.40   7035.00   7009.70   6989.00   6969.70   6951.40   6930.10   6911.20   6892.40   6875.90   6852.70
   6818.60   6774.70   6733.60   6699.50   6693.20   6713.90   6744.20   6768.40   6794.30   6837.00   6898.20   6981.20   7031.90
   6779.70   6815.30   6854.80   6913.00   6982.50   7050.10   7114.70   7190.50   7259.30   7326.80   7387.10   7436.60   7474.30
   7505.70   7521.30   7526.70   7525.30   7509.90   7487.40   7454.00   7395.40   7327.30   7251.70   7190.90   7160.90   7149.50
   7137.80   7119.30   7100.60   7074.60   7044.90   7024.60   7004.90   6995.30   6987.10   6977.50   6964.30   6956.50   6926.40
   6866.90   6817.90   6764.90   6708.00   6708.10   6752.30   6801.40   6836.20   6886.50   6948.30   7020.70   7086.10   7133.10
   6812.00   6834.30   6865.80   6921.90   7002.50   7079.90   7155.00   7243.60   7322.20   7389.70   7437.00   7479.90   7513.30
   7538.20   7549.10   7549.60   7537.20   7513.90   7479.80   7426.00   7347.80   7248.30   7159.90   7153.10   7159.80   7166.00
   7170.80   7167.70   7158.40   7142.00   7123.80   7106.40   7090.80   7077.50   7062.20   7052.50   7049.20   7036.60   7012.80
   6982.20   6941.00   6888.40   6854.50   6855.30   6882.70   6922.40   6968.90   7034.30   7107.20   7160.30   7194.50   7228.20
   6862.70   6863.40   6880.90   6932.00   7007.90   7095.00   7193.70   7287.90   7370.80   7439.80   7483.30   7517.40   7542.90
   7557.60   7564.50   7557.70   7540.00   7511.00   7471.60   7395.10   7297.30   7176.70   7136.80   7145.80   7169.00   7197.00
   7214.90   7224.50   7227.30   7223.20   7211.20   7196.50   7180.70   7165.10   7154.10   7150.80   7153.80   7143.90   7128.80
   7109.80   7086.10   7064.10   7050.90   7055.40   7074.80   7107.40   7150.70   7198.60   7238.70   7269.70   7294.10   7312.80
   6944.60   6910.70   6922.00   6949.80   7009.80   7109.70   7235.70   7338.10   7419.90   7486.10   7520.40   7544.60   7563.20
   7569.90   7569.30   7560.20   7541.30   7511.70   7469.40   7376.80   7244.50   7144.20   7124.20   7147.60   7197.20   7241.00
   7269.00   7283.90   7295.70   7302.60   7304.50   7300.60   7295.70   7289.80   7282.70   7275.30   7268.70   7261.10   7254.90
   7245.80   7237.90   7233.00   7233.60   7242.00   7256.50   7275.90   7299.10   7321.10   7342.80   7361.90   7374.70   7384.40
   7129.70   7037.00   7000.20   7012.60   7074.10   7181.70   7319.80   7408.50   7477.10   7523.40   7545.40   7563.30   7573.20
   7573.90   7569.40   7559.90   7543.30   7516.10   7481.50   7402.70   7260.50   7158.80   7157.30   7217.10   7266.90   7301.90
   7326.60   7348.10   7360.60   7370.60   7374.80   7376.40   7378.30   7379.30   7375.90   7371.30   7369.70   7368.60   7366.10
   7365.00   7365.00   7366.20   7370.70   7378.40   7387.00   7397.90   7407.50   7418.30   7427.70   7440.00   7448.70   7452.80
   7294.90   7247.50   7209.90   7205.70   7255.50   7329.70   7419.20   7481.30   7526.40   7552.00   7564.50   7571.90   7573.30
   7573.60   7569.10   7560.80   7546.40   7526.90   7502.70   7451.70   7362.70   7275.90   7287.10   7313.30   7339.90   7362.10
   7383.00   7396.60   7406.70   7417.10   7426.40   7434.00   7440.60   7446.30   7449.30   7450.60   7452.50   7456.80   7458.70
   7460.80   7465.60   7470.00   7472.40   7476.90   7481.80   7487.10   7491.50   7494.80   7497.40   7502.40   7506.20   7506.10
   7423.00   7402.10   7391.80   7401.00   7410.40   7452.40   7500.10   7534.20   7555.40   7567.20   7570.20   7565.00   7561.10
   7562.10   7560.40   7554.80   7546.00   7534.80   7520.40   7496.60   7454.20   7408.90   7395.90   7398.00   7406.70   7411.60
   7425.30   7426.80   7450.40   7468.60   7476.40   7491.20   7496.80   7505.00   7511.10   7515.40   7520.70   7527.60   7530.50
   7534.60   7537.00   7537.50   7537.70   7539.40   7543.30   7547.50   7550.30   7552.10   7551.50   7549.60   7546.90   7542.30
   7502.00   7490.30   7485.00   7490.40   7500.40   7521.60   7546.60   7562.70   7568.30   7572.10   7561.70   7547.70   7542.30
   7542.80   7541.50   7538.30   7535.50   7531.90   7524.50   7511.00   7492.80   7471.30   7458.40   7453.80   7453.00   7450.70
   7465.40   7480.00   7497.80   7511.00   7523.20   7533.40   7541.40   7551.00   7558.70   7559.60   7565.60   7569.80   7574.90
   7576.80   7577.10   7577.90   7578.40   7580.20   7584.10   7586.30   7587.10   7586.10   7583.30   7578.80   7573.10   7567.90
   7557.40   7551.30   7546.60   7544.30   7552.40   7564.80   7575.00   7576.40   7574.60   7569.80   7549.60   7530.70   7522.50
   7524.30   7526.00   7524.20   7522.10   7519.50   7515.50   7510.60   7504.30   7496.70   7492.90   7493.20   7494.20   7498.90
   7511.90   7521.10   7536.70   7544.40   7553.30   7563.40   7573.80   7582.30   7583.80   7585.80   7590.00   7595.70   7600.10
   7602.80   7606.70   7608.40   7609.00   7608.90   7609.40   7611.10   7611.00   7608.60   7605.10   7600.10   7594.90   7590.10
   7589.80   7583.30   7576.90   7576.40   7581.20   7585.80   7587.50   7582.30   7575.80   7565.70   7539.20   7517.40   7508.00
   7502.60   7502.50   7507.50   7514.10   7517.10   7513.00   7511.10   7510.70   7512.60   7515.90   7522.70   7526.90   7533.90
   7541.50   7554.80   7565.90   7568.50   7575.60   7582.00   7588.80   7593.90   7598.70   7600.20   7605.80   7610.20   7615.50
   7620.60   7621.60   7622.20   7623.60   7623.40   7623.90   7625.30   7624.20   7622.60   7620.00   7616.50   7611.10   7604.90
   7603.20   7597.80   7594.00   7594.30   7594.70   7594.80   7589.90   7583.10   7574.60   7562.90   7534.60   7508.50   7491.40
   7488.20   7488.90   7498.60   7506.50   7508.80   7512.00   7513.30   7515.30   7520.70   7527.80   7538.00   7546.10   7553.60
   7559.90   7568.50   7573.10   7577.70   7584.10   7590.40   7596.50   7601.80   7604.10   7608.60   7613.60   7617.20   7619.50
   7619.90   7620.10   7620.50   7621.70   7625.20   7627.60   7628.90   7628.10   7627.00   7626.50   7623.80   7620.10   7614.00
   7611.00   7606.60   7603.60   7601.80   7599.50   7597.20   7591.60   7582.70   7574.90   7559.90   7536.30   7507.90   7482.00
   7479.00   7483.60   7493.70   7501.10   7503.60   7510.00   7516.40   7519.00   7524.60   7534.40   7544.80   7554.00   7561.10
   7564.40   7572.30   7576.60   7582.40   7587.50   7593.20   7597.40   7601.20   7605.30   7611.50   7615.50   7616.50   7616.00
   7615.90   7616.40   7614.90   7616.50   7620.20   7622.90   7624.00   7624.60   7624.50   7625.50   7625.00   7623.50   7620.30
   7609.30   7607.20   7606.20   7604.00   7600.80   7597.00   7590.90   7584.70   7577.30   7561.90   7540.50   7516.30   7494.80
   7487.50   7489.90   7498.00   7497.40   7499.60   7506.50   7516.90   7518.30   7529.20   7538.30   7546.20   7554.90   7561.50
   7565.50   7571.60   7579.50   7583.30   7588.80   7593.30   7597.80   7602.10   7606.50   7608.50   7610.90   7610.10   7608.50
   7610.70   7610.80   7609.10   7611.10   7612.80   7615.90   7615.30   7616.10   7616.90   7618.90   7619.90   7620.50   7619.80
   8309.70   8309.90   8310.00   8310.10   8309.70   8309.40   8309.20   8308.60   8307.80   8307.10   8306.30   8305.40   8304.40
   8303.50   8302.50   8301.50   8300.50   8299.40   8298.30   8297.40   8296.50   8295.80   8295.20   8294.70   8294.40   8294.30
   8294.40   8294.70   8295.20   8295.80   8296.60   8297.70   8298.90   8300.40   8302.30   8304.40   8306.60   8309.10   8311.70
   8314.20   8316.60   8319.00   8321.20   8323.30   8325.20   8327.00   8328.60   8330.00   8331.30   8332.50   8333.30   8333.90
   8330.40   8332.70   8334.80   8336.70   8338.10   8339.20   8339.80   8340.10   8339.60   8338.50   8336.80   8334.30   8331.20
   8327.90   8324.30   8320.80   8317.60   8314.90   8312.50   8310.40   8308.60   8306.90   8305.10   8303.40   8301.90   8300.80
   8300.40   8300.80   8301.90   8303.50   8305.20   8307.00   8309.00   8311.60   8314.60   8318.30   8322.10   8327.40   8332.90
   8338.50   8344.70   8350.80   8357.50   8363.80   8369.70   8375.50   8380.70   8385.80   8390.20   8394.20   8397.60   8400.00
   8361.90   8366.30   8370.20   8373.60   8376.50   8378.80   8380.10   8380.20   8379.50   8377.80   8375.70   8373.00   8370.00
   8365.60   8360.10   8353.70   8347.00   8340.30   8334.20   8329.10   8324.80   8320.40   8315.70   8311.30   8307.90   8305.30
   8303.10   8301.20   8299.30   8296.90   8295.00   8294.20   8294.70   8297.60   8301.50   8306.10   8311.30   8317.60   8325.20
   8334.30   8343.30   8354.40   8365.90   8379.20   8393.30   8407.00   8418.70   8429.30   8439.80   8450.60   8459.70   8466.70
   8419.70   8425.50   8431.40   8437.10   8441.40   8443.60   8443.90   8442.10   8438.60   8433.50   8427.20   8420.30   8413.80
   8407.60   8400.50   8392.50   8384.10   8375.60   8367.20   8359.20   8351.90   8344.80   8337.60   8331.00   8325.20   8320.00
   8313.80   8307.10   8299.80   8293.20   8287.40   8283.10   8282.10   8282.00   8283.40   8288.90   8297.30   8307.40   8320.10
   8333.70   8349.30   8366.70   8385.60   8408.60   8435.70   8462.60   8485.60   8505.30   8521.40   8532.90   8541.20   8546.80
   8497.70   8503.70   8507.50   8509.30   8509.50   8507.80   8503.70   8496.40   8487.50   8478.60   8469.80   8461.90   8455.20
   8449.30   8443.70   8438.50   8433.50   8428.20   8422.20   8415.30   8408.10   8400.80   8393.70   8385.30   8375.90   8365.70
   8353.80   8340.00   8325.10   8309.80   8292.50   8278.90   8268.10   8261.00   8259.30   8262.60   8271.90   8287.60   8307.70
   8332.10   8361.50   8393.70   8429.00   8468.70   8506.20   8536.60   8565.90   8591.90   8612.70   8630.10   8645.00   8654.50
   8563.70   8561.80   8560.20   8558.20   8554.70   8549.40   8542.20   8534.30   8527.10   8522.00   8520.40   8520.80   8522.20
   8524.00   8525.70   8527.30   8528.20   8527.90   8526.50   8523.50   8519.50   8514.40   8507.80   8498.50   8486.00   8469.10
   8449.30   8427.10   8402.80   8378.90   8355.50   8335.00   8318.10   8304.80   8298.20   8298.40   8306.10   8324.20   8347.80
   8378.20   8419.30   8471.20   8527.50   8581.60   8625.80   8658.20   8684.70   8707.60   8722.70   8733.90   8742.10   8749.20
   8604.10   8600.30   8597.00   8592.70   8588.60   8587.90   8591.90   8598.30   8605.70   8612.70   8617.40   8618.20   8616.90
   8614.40   8610.50   8607.50   8605.40   8603.60   8602.50   8603.20   8603.90   8605.20   8607.00   8607.70   8606.50   8599.00
   8585.20   8565.80   8540.20   8507.60   8473.20   8439.90   8412.50   8393.70   8382.60   8379.70   8386.50   8404.60   8434.20
   8476.80   8542.10   8596.70   8651.10   8695.50   8733.10   8763.70   8785.20   8804.20   8817.80   8825.10   8829.00   8831.50
   8628.40   8631.90   8637.80   8644.60   8650.20   8653.90   8655.70   8656.00   8652.90   8647.80   8642.20   8639.50   8638.80
   8637.40   8632.10   8626.30   8626.80   8632.90   8643.30   8655.90   8671.20   8684.80   8696.00   8704.00   8709.30   8710.30
   8705.30   8692.20   8671.80   8644.60   8613.30   8576.10   8533.90   8495.80   8478.10   8473.00   8482.30   8504.20   8544.90
   8601.50   8658.60   8707.10   8743.40   8782.60   8813.70   8838.80   8858.80   8872.40   8879.90   8883.30   8886.10   8887.50
   8653.50   8657.20   8659.10   8659.00   8657.80   8656.60   8655.30   8657.20   8660.80   8664.90   8667.90   8674.10   8676.50
   8674.30   8670.10   8669.00   8679.40   8690.40   8708.00   8739.00   8762.90   8781.80   8798.90   8812.30   8820.10   8820.90
   8814.90   8804.00   8785.30   8760.40   8725.70   8685.50   8642.10   8593.70   8564.90   8557.70   8567.30   8601.50   8649.20
   8691.30   8729.10   8769.40   8807.80   8836.90   8861.50   8882.60   8898.40   8907.20   8908.40   8908.70   8912.10   8916.70
   8629.00   8631.40   8634.10   8636.50   8639.00   8644.80   8652.70   8659.50   8669.80   8680.90   8692.00   8700.60   8704.10
   8708.50   8712.70   8718.00   8741.20   8781.40   8785.10   8828.60   8861.40   8883.70   8908.90   8927.40   8940.10   8940.40
   8929.50   8909.10   8886.00   8854.30   8814.20   8764.40   8715.30   8665.00   8629.50   8619.50   8634.70   8675.10   8707.00
   8727.70   8761.90   8798.20   8827.70   8851.50   8873.40   8892.70   8908.60   8919.00   8923.60   8925.10   8926.10   8927.00
   8589.50   8592.00   8590.50   8591.40   8599.90   8613.50   8631.50   8649.70   8671.40   8693.20   8710.50   8731.10   8745.20
   8761.10   8773.30   8790.60   8817.60   8848.90   8886.90   8910.70   8944.70   8979.00   9009.70   9037.10   9052.50   9046.40
   9028.60   9002.20   8969.20   8925.40   8874.60   8815.80   8754.80   8692.30   8657.10   8653.10   8677.90   8708.00   8720.50
   8727.90   8760.00   8790.60   8814.50   8834.00   8854.20   8872.50   8888.50   8901.10   8911.00   8919.20   8925.30   8929.30
   8569.10   8575.40   8573.40   8575.10   8587.10   8607.30   8635.50   8667.80   8698.20   8726.20   8751.30   8775.40   8798.80
   8820.70   8840.90   8863.40   8889.90   8925.50   8967.30   9008.40   9043.70   9075.40   9112.60   9140.50   9147.10   9135.00
   9105.90   9070.80   9023.50   8967.50   8903.30   8830.30   8751.40   8687.80   8663.70   8672.00   8701.30   8717.40   8715.60
   8719.70   8740.80   8761.10   8769.60   8773.70   8789.60   8814.10   8833.40   8848.00   8859.50   8870.70   8889.00   8910.70
   8572.70   8595.60   8609.10   8614.70   8621.30   8640.80   8672.40   8709.50   8745.00   8776.20   8802.00   8828.50   8852.80
   8879.50   8907.00   8935.30   8972.70   9020.70   9060.40   9105.00   9156.70   9181.90   9214.20   9229.70   9221.50   9197.50
   9157.80   9106.50   9049.20   8979.80   8900.90   8811.30   8725.40   8677.20   8666.20   8681.50   8706.20   8709.80   8697.50
   8695.50   8703.90   8713.00   8710.30   8705.20   8707.30   8721.30   8741.50   8759.30   8772.60   8787.20   8808.60   8850.20
   8582.00   8606.90   8626.50   8643.30   8663.40   8692.20   8729.10   8768.20   8806.70   8842.70   8872.80   8901.80   8931.90
   8965.80   9006.40   9047.90   9088.20   9125.60   9187.00   9210.90   9241.40   9279.60   9289.40   9286.70   9267.80   9230.40
   9179.60   9119.10   9045.40   8965.50   8878.80   8785.40   8714.90   8673.30   8662.00   8673.50   8695.70   8695.70   8669.70
   8651.40   8650.20   8650.50   8648.40   8647.90   8647.20   8649.10   8656.20   8673.70   8697.50   8726.80   8758.30   8793.10
   8597.10   8614.40   8634.00   8660.90   8699.00   8741.70   8786.90   8836.20   8888.60   8938.80   8978.30   9015.50   9057.80
   9104.60   9152.20   9202.10   9229.70   9251.30   9284.90   9324.40   9329.80   9352.90   9347.50   9325.80   9288.30   9238.10
   9175.70   9104.90   9024.90   8940.10   8854.00   8780.40   8720.00   8676.00   8653.10   8656.00   8676.00   8687.80   8664.50
   8627.60   8608.80   8595.80   8587.30   8589.50   8594.20   8597.70   8601.40   8613.90   8644.50   8687.60   8727.90   8769.90
   8622.60   8636.00   8664.90   8707.30   8755.50   8814.10   8883.40   8948.60   9017.40   9082.00   9128.80   9172.00   9216.40
   9260.30   9307.40   9345.80   9372.40   9381.90   9397.50   9400.10   9401.80   9400.60   9376.30   9335.20   9283.30   9222.80
   9152.10   9071.80   8986.80   8909.70   8850.90   8799.10   8749.30   8702.70   8666.20   8654.60   8664.40   8681.50   8680.70
   8644.10   8601.60   8577.90   8570.10   8579.20   8589.00   8597.20   8605.30   8620.10   8651.60   8702.60   8760.00   8815.50
   8648.80   8672.70   8710.00   8757.10   8823.40   8895.30   8971.60   9048.80   9122.40   9192.30   9260.00   9315.40   9359.20
   9397.50   9431.20   9451.20   9462.40   9466.70   9466.40   9457.30   9441.10   9415.40   9365.00   9305.70   9242.30   9174.20
   9098.90   9025.60   8963.20   8911.10   8869.30   8835.90   8803.60   8766.20   8735.50   8716.10   8708.70   8708.90   8705.50
   8683.30   8643.60   8617.80   8606.30   8602.20   8609.60   8624.50   8639.20   8657.50   8698.50   8766.60   8851.40   8908.60
   8673.40   8700.50   8744.90   8811.60   8897.40   8974.20   9057.40   9139.20   9221.90   9291.80   9355.40   9410.20   9454.40
   9489.20   9512.40   9522.00   9525.40   9517.20   9501.40   9482.50   9443.40   9390.40   9323.90   9246.60   9174.30   9110.70
   9056.70   9015.30   8974.50   8937.00   8905.20   8880.00   8857.50   8836.60   8816.00   8802.50   8787.20   8780.40   8759.70
   8723.90   8688.40   8654.10   8626.60   8626.40   8649.00   8677.30   8706.20   8741.30   8789.30   8865.10   8968.70   9023.70
   8703.90   8721.30   8770.60   8859.40   8947.20   9030.50   9114.20   9215.10   9300.90   9362.80   9431.80   9480.20   9518.40
   9546.50   9559.80   9562.90   9557.60   9536.40   9513.60   9472.50   9411.50   9328.20   9230.80   9151.40   9106.90   9079.60
   9060.00   9038.40   9015.90   8988.70   8958.50   8931.90   8908.90   8895.10   8889.40   8883.50   8876.40   8868.60   8837.60
   8799.70   8761.00   8719.80   8692.40   8696.30   8726.20   8760.90   8801.40   8859.10   8926.90   9022.10   9091.30   9137.50
   8754.40   8752.80   8791.10   8869.00   8984.00   9088.50   9188.70   9285.90   9370.60   9440.50   9489.20   9530.80   9561.60
   9585.00   9594.20   9590.10   9572.20   9542.60   9504.00   9444.20   9356.90   9234.30   9132.90   9097.10   9094.70   9108.10
   9118.20   9116.60   9105.30   9084.50   9062.40   9038.40   9014.90   8999.20   8984.00   8976.10   8975.50   8967.00   8948.70
   8928.60   8901.40   8862.90   8847.70   8852.30   8876.30   8913.30   8965.50   9040.20   9114.40   9170.90   9204.70   9234.00
   8830.40   8800.50   8816.70   8875.90   8995.20   9113.20   9235.30   9338.10   9419.60   9491.00   9535.70   9569.20   9594.90
   9610.10   9615.00   9601.70   9579.00   9544.60   9493.50   9409.60   9301.80   9158.40   9093.00   9086.70   9115.00   9161.50
   9186.80   9200.20   9207.00   9204.50   9192.90   9179.80   9162.20   9145.30   9129.00   9117.10   9113.40   9105.70   9099.00
   9090.80   9077.40   9066.10   9064.10   9075.10   9095.90   9126.10   9168.90   9218.60   9255.50   9282.70   9303.70   9324.10
   8958.80   8884.10   8871.00   8908.10   8992.70   9139.60   9285.90   9394.80   9477.00   9534.50   9576.00   9602.10   9621.00
   9626.20   9621.70   9605.80   9581.80   9542.00   9486.40   9391.40   9249.80   9127.80   9094.60   9111.80   9172.00   9221.20
   9257.60   9280.30   9296.30   9304.70   9307.40   9303.80   9299.20   9294.20   9285.40   9276.80   9267.60   9257.70   9253.40
   9249.90   9250.80   9253.50   9259.20   9272.70   9291.40   9315.50   9336.20   9357.50   9375.10   9387.30   9394.60   9402.70
   9149.90   9049.50   8992.20   9005.50   9082.70   9213.40   9374.50   9460.50   9530.60   9580.50   9609.90   9626.20   9632.90
   9629.70   9621.80   9607.10   9584.60   9547.30   9498.00   9417.00   9274.60   9152.70   9146.80   9196.80   9252.60   9298.20
   9329.50   9352.90   9366.10   9377.20   9383.50   9389.50   9394.80   9398.50   9399.10   9394.80   9392.00   9390.60   9390.90
   9394.50   9401.90   9406.90   9414.60   9425.10   9435.80   9450.00   9461.40   9473.70   9480.10   9482.30   9483.40   9483.60
   9339.60   9274.20   9226.60   9221.40   9271.20   9353.30   9456.60   9530.00   9582.40   9617.20   9632.80   9638.10   9634.20
   9627.40   9617.40   9605.60   9588.20   9562.00   9525.50   9472.60   9370.90   9273.50   9276.60   9306.80   9342.30   9370.90
   9390.90   9412.10   9425.50   9446.10   9461.70   9472.90   9482.40   9492.40   9495.80   9497.10   9500.40   9503.70   9509.20
   9516.70   9520.50   9525.90   9531.60   9538.60   9545.40   9551.20   9556.40   9559.20   9558.80   9559.10   9554.50   9548.00
   9477.90   9448.50   9427.30   9427.20   9441.70   9482.60   9541.10   9586.60   9618.20   9639.10   9644.50   9638.80   9625.20
   9612.60   9602.20   9594.70   9586.70   9575.10   9558.60   9529.00   9483.40   9430.60   9414.60   9414.00   9423.00   9432.70
   9452.80   9469.90   9500.10   9517.00   9527.80   9549.00   9555.60   9566.00   9570.10   9575.80   9585.10   9591.00   9598.00
   9600.00   9607.50   9615.40   9621.20   9625.50   9627.90   9629.20   9629.60   9627.80   9624.30   9618.30   9609.40   9597.70
   9570.20   9547.80   9535.40   9536.80   9542.70   9566.10   9601.70   9625.20   9640.00   9651.60   9647.00   9629.80   9600.40
   9580.20   9575.60   9574.60   9571.40   9568.10   9561.70   9547.50   9527.20   9502.40   9487.90   9487.10   9490.30   9499.70
   9526.90   9537.10   9560.40   9574.40   9592.70   9605.20   9611.50   9620.10   9629.10   9632.60   9640.20   9647.20   9654.10
   9663.40   9671.10   9674.80   9676.40   9679.10   9681.70   9682.10   9679.50   9675.30   9669.60   9660.20   9649.00   9638.30
   9635.90   9622.90   9613.50   9605.80   9610.10   9626.00   9642.00   9649.90   9654.70   9658.50   9646.00   9616.50   9572.70
   9557.60   9557.20   9559.90   9565.20   9567.20   9564.90   9559.90   9553.00   9546.20   9546.00   9549.90   9556.00   9565.70
   9577.70   9592.40   9607.00   9618.60   9634.80   9638.90   9649.10   9657.60   9664.20   9668.10   9675.90   9685.30   9695.00
   9701.60   9705.90   9708.50   9711.20   9711.90   9713.40   9714.40   9711.60   9705.70   9699.30   9691.50   9681.90   9672.00
   9677.60   9668.30   9657.60   9651.60   9655.30   9662.80   9665.30   9665.50   9664.60   9663.90   9643.90   9604.40   9554.90
   9541.00   9539.70   9548.50   9562.30   9569.90   9576.40   9580.30   9583.10   9585.50   9588.50   9594.60   9601.50   9605.80
   9616.30   9632.10   9640.40   9647.40   9653.80   9661.60   9668.30   9674.40   9682.20   9687.30   9695.90   9707.20   9714.20
   9719.90   9722.70   9723.70   9724.90   9725.50   9726.60   9728.60   9727.90   9724.30   9720.00   9715.60   9708.60   9701.10
   9702.20   9694.10   9687.30   9684.30   9683.70   9683.30   9678.70   9673.30   9671.40   9669.50   9646.70   9602.60   9541.60
   9527.20   9535.50   9549.60   9565.60   9577.10   9586.50   9590.10   9594.20   9600.10   9606.70   9616.60   9622.40   9628.00
   9640.50   9651.10   9657.10   9661.80   9665.40   9671.10   9677.10   9686.20   9692.70   9698.70   9707.30   9713.50   9718.30
   9722.70   9725.90   9726.60   9728.40   9731.30   9733.30   9734.40   9733.60   9732.90   9731.60   9728.60   9725.30   9718.50
   9721.00   9713.30   9706.10   9701.90   9699.60   9695.50   9689.70   9681.30   9677.10   9671.80   9654.80   9616.40   9553.00
   9526.60   9539.20   9555.20   9567.30   9576.60   9587.10   9595.50   9600.80   9607.10   9615.40   9624.90   9632.00   9639.40
   9651.80   9659.10   9663.70   9668.30   9671.70   9676.20   9682.10   9690.10   9698.70   9704.80   9709.20   9715.40   9718.80
   9721.90   9723.20   9723.90   9725.90   9729.80   9732.80   9735.10   9735.10   9733.50   9733.40   9732.50   9731.00   9724.80
   9727.80   9723.30   9719.00   9712.00   9708.00   9705.90   9701.30   9694.30   9686.30   9675.90   9661.20   9639.00   9595.60
   9548.40   9548.60   9560.80   9567.00   9574.30   9586.50   9597.00   9603.60   9612.30   9620.50   9627.70   9634.40   9644.30
   9657.00   9664.00   9667.50   9671.40   9672.40   9678.70   9686.20   9692.00   9700.10   9703.90   9707.10   9711.00   9715.50
   9716.90   9720.80   9723.60   9725.70   9727.20   9730.80   9733.60   9734.00   9733.20   9734.10   9734.50   9731.70   9726.00
   9431.40   9431.60   9431.70   9431.80   9431.60   9431.20   9431.00   9430.40   9429.60   9428.90   9428.00   9427.00   9426.10
   9425.30   9424.50   9423.80   9423.20   9422.70   9422.30   9421.90   9421.50   9421.10   9420.80   9420.50   9420.30   9420.10
   9420.00   9420.00   9420.20   9420.60   9421.20   9422.10   9423.20   9424.50   9425.90   9427.40   9429.10   9430.80   9432.70
   9434.60   9436.60   9438.50   9440.30   9442.10   9443.80   9445.50   9447.00   9448.40   9449.80   9451.10   9452.10   9452.90
   9458.40   9460.10   9461.60   9462.90   9463.80   9464.50   9464.70   9464.60   9464.00   9462.90   9461.40   9459.40   9457.10
   9454.50   9451.70   9448.70   9445.70   9443.00   9440.80   9439.10   9437.80   9436.50   9435.20   9433.90   9432.80   9432.00
   9431.50   9431.20   9431.10   9431.30   9431.90   9432.70   9434.00   9435.90   9438.30   9441.10   9443.80   9447.40   9451.70
   9456.20   9461.20   9466.20   9471.90   9477.20   9482.40   9488.00   9493.00   9498.00   9502.30   9506.20   9509.00   9511.30
   9495.10   9498.50   9501.60   9504.30   9506.30   9507.70   9508.40   9508.30   9507.50   9506.00   9503.90   9501.20   9498.00
   9494.20   9490.20   9486.10   9481.60   9476.80   9472.00   9467.60   9463.30   9459.30   9456.10   9453.20   9450.60   9447.60
   9444.40   9441.30   9438.80   9437.00   9436.00   9435.80   9436.10   9438.20   9440.80   9444.20   9448.80   9454.80   9460.80
   9468.90   9477.30   9486.70   9496.30   9507.10   9517.00   9527.30   9537.00   9546.60   9556.90   9566.10   9573.00   9576.90
   9556.70   9561.50   9566.30   9570.40   9573.20   9574.70   9575.10   9573.90   9571.30   9567.80   9563.70   9559.50   9554.80
   9549.30   9543.80   9539.00   9534.00   9528.20   9521.80   9515.30   9508.70   9501.90   9495.50   9489.70   9483.80   9477.20
   9469.70   9463.10   9457.00   9451.20   9445.60   9441.40   9439.80   9440.20   9442.50   9446.80   9451.90   9458.50   9468.70
   9480.50   9494.20   9510.20   9527.50   9546.10   9566.10   9587.10   9606.50   9623.10   9636.40   9645.80   9653.10   9659.50
   9639.90   9645.50   9649.60   9652.20   9653.00   9651.60   9648.10   9643.10   9637.80   9631.90   9626.10   9620.90   9616.40
   9613.10   9610.30   9607.80   9604.80   9601.00   9596.20   9590.60   9584.60   9577.80   9570.30   9560.90   9550.80   9540.40
   9528.10   9514.70   9502.40   9489.60   9476.00   9465.30   9456.70   9451.30   9449.90   9452.20   9458.20   9468.60   9483.00
   9500.40   9522.40   9547.60   9576.50   9608.90   9639.80   9666.80   9694.90   9719.90   9740.10   9757.10   9771.30   9779.50
   9712.80   9714.00   9714.90   9714.70   9712.70   9709.50   9705.20   9700.30   9696.20   9694.00   9693.60   9694.30   9695.50
   9697.20   9698.90   9700.40   9701.00   9700.50   9699.30   9696.90   9694.10   9690.30   9684.60   9676.10   9664.10   9648.30
   9630.00   9609.90   9588.80   9568.10   9547.60   9531.80   9518.30   9507.10   9501.20   9499.10   9502.30   9514.40   9531.60
   9554.40   9585.90   9626.50   9673.30   9723.40   9766.20   9797.80   9823.70   9845.90   9860.50   9871.20   9879.50   9886.70
   9761.60   9758.20   9755.80   9753.80   9753.70   9755.70   9759.60   9763.80   9768.40   9773.60   9777.90   9779.80   9780.80
   9779.40   9775.90   9772.90   9772.80   9774.30   9775.90   9778.10   9781.00   9784.80   9787.80   9788.10   9785.40   9775.70
   9760.40   9739.60   9714.10   9686.30   9661.30   9633.80   9611.20   9593.10   9582.40   9577.40   9581.50   9593.30   9615.40
   9649.70   9693.90   9742.00   9795.10   9838.50   9876.30   9908.50   9931.40   9951.90   9967.80   9975.80   9979.80   9982.00
   9786.40   9790.60   9797.40   9804.30   9810.60   9815.80   9817.80   9818.90   9817.60   9815.80   9814.40   9813.80   9815.00
   9816.70   9818.30   9819.30   9826.10   9834.30   9845.40   9857.60   9873.80   9887.00   9895.80   9900.70   9901.30   9896.30
   9885.60   9869.60   9848.70   9822.50   9791.70   9756.60   9721.90   9692.90   9674.70   9666.60   9670.50   9682.20   9708.90
   9752.30   9806.00   9850.40   9886.30   9928.50   9960.80   9986.60  10009.10  10025.40  10034.70  10038.90  10041.20  10042.10
   9811.80   9816.40   9819.80   9822.30   9822.80   9822.00   9821.30   9823.20   9826.20   9829.30   9834.90   9839.70   9849.70
   9859.90   9867.90   9878.30   9890.60   9896.70   9912.70   9941.40   9966.50   9983.00   9998.40  10011.30  10017.20  10013.30
  10003.20   9986.50   9964.40   9938.10   9903.20   9862.70   9820.60   9783.00   9758.90   9748.20   9748.10   9766.10   9798.40
   9839.90   9874.70   9914.90   9956.20   9987.40  10013.10  10035.80  10052.70  10062.90  10064.30  10061.80  10061.80  10066.60
   9788.20   9790.50   9792.80   9796.80   9803.10   9810.50   9820.30   9828.80   9843.80   9856.00   9865.50   9876.60   9888.30
   9903.50   9917.60   9939.30   9958.40   9989.40   9982.90  10030.50  10064.90  10087.50  10111.20  10128.00  10132.90  10129.10
  10114.90  10095.10  10067.10  10031.10   9990.20   9941.30   9892.10   9848.20   9819.70   9803.30   9806.50   9827.20   9856.50
   9879.00   9907.70   9943.30   9975.60  10003.20  10027.50  10047.90  10064.50  10073.90  10074.70  10070.30  10066.70  10068.20
   9754.40   9760.90   9764.90   9771.10   9782.40   9796.70   9814.20   9834.80   9856.30   9877.20   9899.00   9919.90   9940.70
   9959.60   9982.40  10008.30  10040.10  10072.20  10100.70  10118.90  10150.90  10183.20  10211.50  10235.00  10245.20  10237.40
  10217.60  10189.50  10152.50  10104.70  10052.40   9993.90   9931.80   9879.20   9846.40   9835.30   9841.00   9859.20   9872.90
   9881.10   9901.40   9929.80   9955.70   9975.30   9998.20  10021.40  10041.00  10055.20  10063.50  10067.70  10070.80  10073.90
   9741.10   9750.50   9758.20   9768.00   9781.70   9801.30   9828.30   9857.60   9887.30   9915.90   9943.60   9970.70   9998.60
  10024.00  10050.80  10078.60  10111.40  10144.00  10179.40  10213.60  10246.30  10277.30  10307.70  10335.10  10343.50  10329.60
  10297.80  10260.20  10208.70  10148.70  10084.50  10009.00   9937.30   9885.30   9858.20   9850.80   9858.50   9868.50   9867.60
   9867.40   9877.90   9893.30   9904.60   9913.40   9929.00   9955.40   9976.50   9993.00  10006.00  10017.50  10035.00  10056.90
   9743.50   9761.00   9775.30   9789.40   9808.30   9834.00   9865.10   9899.60   9934.40   9969.40  10000.30  10030.20  10059.50
  10091.90  10124.40  10158.60  10197.00  10241.60  10271.30  10309.90  10357.30  10376.50  10410.00  10427.60  10418.70  10391.80
  10350.10  10297.00  10234.30  10162.10  10081.70   9995.10   9926.20   9879.20   9857.70   9853.60   9858.50   9861.50   9850.80
   9842.40   9840.90   9844.30   9843.00   9843.80   9851.70   9867.40   9884.20   9901.50   9914.20   9927.00   9950.80   9998.10
   9758.80   9777.20   9796.90   9819.70   9848.50   9882.90   9922.30   9963.30  10006.60  10047.40  10083.70  10118.40  10153.10
  10190.70  10233.30  10271.60  10304.10  10337.40  10397.50  10409.80  10441.30  10475.20  10487.00  10483.60  10462.80  10424.10
  10371.90  10306.40  10228.50  10145.40  10057.10   9978.30   9917.00   9874.00   9852.50   9846.50   9849.10   9848.50   9833.30
   9812.80   9802.20   9796.30   9791.80   9792.30   9795.60   9802.80   9812.80   9829.30   9851.80   9878.40   9908.10   9944.30
   9782.10   9798.30   9821.60   9853.70   9892.60   9936.60   9986.00  10039.30  10097.50  10153.00  10196.90  10240.50  10288.60
  10337.10  10381.50  10427.30  10447.40  10461.20  10496.70  10527.80  10528.00  10553.10  10546.50  10523.00  10482.40  10429.50
  10363.00  10288.30  10204.20  10118.70  10041.30   9975.40   9919.80   9876.80   9851.40   9841.20   9842.60   9843.30   9828.40
   9802.50   9782.40   9769.80   9762.50   9761.50   9764.40   9770.60   9782.50   9800.10   9826.80   9861.80   9898.70   9937.10
   9814.40   9829.90   9860.60   9899.10   9948.10  10008.70  10076.20  10146.90  10227.00  10293.50  10348.30  10394.90  10441.60
  10486.20  10533.60  10569.80  10595.20  10599.20  10611.30  10608.70  10601.80  10602.40  10576.10  10532.10  10474.60  10410.20
  10334.90  10250.50  10168.90  10099.30  10040.00   9988.50   9941.10   9899.20   9869.30   9855.00   9852.20   9852.00   9841.60
   9818.30   9787.30   9764.70   9759.30   9762.00   9766.50   9776.20   9789.50   9810.00   9844.70   9892.10   9943.60   9993.20
   9847.80   9868.00   9902.50   9951.90  10014.40  10082.40  10166.80  10261.30  10342.10  10414.90  10483.70  10538.00  10582.00
  10619.20  10652.00  10671.50  10681.80  10684.50  10685.40  10665.40  10644.90  10617.20  10563.50  10497.90  10430.10  10358.80
  10284.90  10216.50  10156.20  10103.90  10059.80  10022.10   9987.40   9954.90   9928.20   9910.10   9902.80   9896.10   9881.90
   9858.80   9830.50   9805.50   9793.60   9792.10   9800.10   9816.60   9837.40   9864.20   9904.50   9962.40  10030.00  10084.10
   9879.40   9903.10   9944.50  10007.30  10083.80  10160.00  10264.60  10360.30  10446.80  10515.80  10581.70  10634.40  10676.50
  10709.30  10731.30  10738.70  10740.90  10734.00  10724.70  10689.90  10648.40  10592.80  10516.30  10433.70  10362.40  10303.50
  10253.10  10213.10  10172.50  10132.70  10097.70  10069.30  10044.10  10021.80  10001.50   9987.60   9974.90   9969.50   9946.40
   9917.30   9888.20   9858.70   9842.40   9843.30   9859.70   9886.70   9917.50   9955.80  10001.80  10068.00  10159.70  10216.40
   9919.50   9936.20   9979.20  10054.60  10135.50  10227.50  10333.10  10436.60  10526.70  10588.30  10659.60  10706.00  10742.80
  10768.20  10778.10  10780.00  10771.70  10752.70  10730.00  10680.40  10617.60  10523.30  10425.40  10353.40  10311.30  10283.70
  10262.50  10238.90  10214.20  10187.40  10157.50  10132.20  10111.90  10095.20  10081.10  10071.20  10065.90  10055.40  10026.10
  10012.90   9983.90   9951.30   9936.30   9942.40   9963.30   9990.80  10031.30  10081.70  10144.50  10227.10  10288.60  10332.60
   9978.60   9974.10  10003.30  10078.50  10184.50  10298.30  10416.10  10509.70  10601.40  10669.30  10719.90  10759.10  10788.40
  10808.70  10815.80  10809.60  10789.10  10759.70  10716.10  10653.00  10562.20  10443.80  10354.00  10312.10  10302.10  10307.10
  10310.30  10306.70  10295.30  10276.10  10256.10  10234.10  10213.70  10200.80  10187.60  10180.80  10175.20  10164.80  10151.00
  10143.20  10122.50  10096.70  10093.50  10098.20  10119.50  10149.40  10193.00  10258.50  10323.10  10373.00  10405.10  10431.80
  10060.90  10030.90  10041.50  10101.50  10211.50  10337.80  10464.80  10572.50  10658.70  10728.20  10769.10  10801.30  10825.90
  10838.40  10838.60  10821.40  10796.80  10759.80  10705.20  10619.00  10513.20  10384.70  10324.20  10307.30  10322.50  10353.10
  10375.80  10393.60  10402.10  10398.80  10386.10  10372.40  10356.30  10343.00  10331.00  10321.80  10317.50  10309.10  10304.40
  10299.50  10291.20  10287.20  10291.00  10303.40  10322.90  10350.20  10390.10  10434.60  10465.40  10490.20  10509.60  10525.90
  10192.90  10122.70  10110.10  10145.60  10233.00  10377.50  10526.70  10633.90  10720.60  10775.70  10815.30  10839.90  10855.60
  10856.00  10845.70  10826.60  10797.90  10756.90  10699.00  10602.50  10466.20  10374.60  10329.40  10331.20  10372.30  10414.50
  10456.60  10480.80  10496.20  10503.70  10505.00  10501.40  10498.40  10494.70  10486.70  10480.40  10475.00  10470.50  10468.80
  10468.50  10471.80  10476.00  10483.10  10499.40  10519.80  10545.30  10564.80  10583.70  10599.00  10608.20  10612.80  10617.30
  10378.20  10285.60  10239.40  10254.70  10329.50  10463.90  10617.80  10711.40  10778.10  10824.10  10853.40  10868.70  10870.30
  10862.00  10846.90  10828.50  10800.10  10761.40  10708.20  10626.30  10498.80  10395.60  10376.60  10399.40  10449.70  10499.30
  10530.40  10554.20  10568.90  10584.60  10595.70  10604.80  10612.90  10619.30  10623.50  10621.60  10620.00  10622.90  10627.40
  10633.60  10637.30  10640.60  10648.30  10660.40  10672.00  10686.20  10697.40  10709.00  10713.20  10713.60  10711.10  10705.40
  10570.50  10500.00  10454.90  10453.60  10505.70  10602.00  10709.60  10782.80  10828.70  10861.30  10878.90  10885.50  10876.80
  10860.90  10839.20  10822.60  10801.90  10774.20  10734.40  10678.90  10580.20  10486.90  10481.30  10504.90  10545.70  10576.20
  10597.60  10627.00  10645.50  10669.50  10684.90  10698.70  10712.00  10726.40  10730.80  10733.30  10741.10  10748.50  10755.70
  10761.50  10767.20  10774.10  10782.50  10791.50  10798.40  10803.10  10807.80  10809.10  10805.60  10800.10  10790.20  10778.40
  10711.60  10675.40  10648.00  10640.40  10680.20  10724.80  10793.80  10838.80  10865.80  10885.90  10896.90  10893.30  10875.70
  10853.30  10830.10  10811.10  10801.10  10789.10  10770.30  10736.80  10691.20  10638.20  10620.30  10621.40  10634.20  10652.20
  10674.70  10703.30  10728.60  10747.60  10761.60  10785.50  10793.10  10804.80  10811.30  10819.70  10832.70  10839.70  10847.20
  10855.00  10864.20  10872.40  10877.10  10881.80  10885.00  10887.10  10888.70  10887.20  10882.70  10871.50  10854.50  10837.80
  10806.30  10781.00  10765.20  10768.80  10781.40  10813.00  10855.20  10876.90  10889.90  10903.70  10906.40  10890.90  10860.30
  10823.70  10803.70  10796.80  10793.20  10791.50  10785.40  10770.20  10749.50  10726.20  10714.10  10716.60  10720.00  10732.70
  10762.90  10772.60  10797.70  10813.00  10833.80  10847.20  10854.90  10866.10  10875.80  10881.80  10893.30  10901.50  10911.20
  10919.30  10926.90  10931.40  10934.00  10935.80  10937.20  10938.40  10937.50  10934.60  10929.50  10918.20  10900.90  10884.60
  10876.60  10860.60  10850.60  10847.10  10856.50  10879.40  10896.00  10902.50  10908.40  10915.00  10909.50  10884.50  10834.00
  10789.80  10779.70  10785.50  10794.50  10801.00  10802.80  10799.90  10794.60  10788.70  10788.60  10792.10  10797.10  10806.50
  10818.00  10833.60  10849.50  10862.70  10881.30  10885.80  10897.00  10907.20  10916.00  10923.30  10932.10  10941.80  10950.50
  10959.10  10964.00  10965.70  10966.80  10966.10  10967.90  10969.60  10967.50  10963.30  10957.80  10948.90  10935.30  10921.00
  10926.40  10914.40  10905.90  10906.80  10912.00  10919.00  10920.50  10922.40  10921.50  10923.80  10910.70  10876.80  10805.30
  10767.90  10763.90  10777.50  10798.10  10811.70  10822.60  10827.50  10829.40  10831.70  10833.70  10838.80  10847.40  10850.30
  10861.30  10877.70  10886.00  10894.40  10902.70  10913.90  10919.70  10931.20  10935.20  10942.30  10951.00  10963.60  10973.80
  10980.10  10980.70  10981.70  10980.40  10982.00  10983.00  10984.40  10982.90  10980.20  10976.90  10970.70  10961.90  10953.90
  10958.40  10952.50  10947.20  10944.70  10943.20  10942.60  10942.30  10937.00  10931.50  10931.10  10915.00  10876.80  10798.10
  10754.70  10761.50  10784.90  10805.60  10821.70  10832.00  10838.10  10843.00  10850.40  10857.40  10867.40  10872.00  10876.80
  10890.30  10901.10  10907.50  10912.00  10917.70  10925.90  10933.10  10936.20  10945.30  10955.90  10965.60  10974.70  10979.50
  10983.70  10987.10  10987.10  10987.90  10990.80  10992.10  10991.10  10989.30  10989.20  10989.30  10986.10  10981.50  10974.90
  10983.50  10975.80  10969.40  10965.20  10962.80  10960.70  10958.20  10951.20  10942.00  10935.00  10921.30  10890.70  10825.50
  10769.40  10771.80  10795.40  10808.20  10821.00  10834.60  10844.60  10850.20  10859.80  10868.70  10878.60  10886.60  10890.50
  10904.20  10912.50  10917.60  10922.40  10927.70  10935.20  10934.90  10942.80  10956.90  10965.90  10972.50  10978.10  10982.30
  10986.70  10987.60  10988.10  10989.50  10993.00  10995.20  10995.20  10994.40  10993.00  10993.50  10994.30  10993.20  10986.20
  10995.30  10990.20  10986.00  10980.60  10977.80  10975.60  10972.20  10964.90  10956.00  10944.30  10929.50  10906.60  10870.00
  10817.90  10792.00  10800.50  10810.10  10820.10  10835.70  10847.80  10858.30  10869.10  10877.90  10885.30  10892.70  10900.80
  10912.80  10919.90  10923.30  10928.50  10933.20  10936.40  10939.50  10952.10  10961.60  10966.00  10971.50  10974.80  10981.50
  10983.30  10987.30  10989.60  10991.70  10994.10  10997.40  10997.40  10997.00  10996.50  10998.10  10999.10  10996.50  10989.80
  10799.70  10800.10  10800.50  10801.00  10801.10  10801.20  10801.40  10801.30  10800.90  10800.60  10800.20  10799.50  10798.90
  10798.40  10797.70  10797.10  10796.50  10795.80  10795.20  10794.60  10794.10  10793.50  10793.10  10792.70  10792.50  10792.40
  10792.50  10792.80  10793.30  10793.90  10794.60  10795.40  10796.20  10797.10  10798.00  10799.00  10800.00  10801.20  10802.30
  10803.50  10804.70  10805.90  10807.10  10808.30  10809.40  10810.50  10811.60  10812.60  10813.60  10814.60  10815.30  10815.90
  10834.10  10835.40  10836.40  10837.30  10837.90  10838.40  10838.60  10838.60  10838.30  10837.40  10836.40  10835.00  10833.40
  10831.70  10829.80  10828.00  10826.40  10824.90  10823.30  10821.70  10820.20  10818.90  10817.80  10817.00  10816.30  10815.60
  10814.80  10814.10  10813.40  10813.10  10813.10  10813.70  10814.50  10815.70  10816.90  10818.40  10819.70  10822.10  10824.80
  10827.50  10830.60  10833.50  10837.10  10841.00  10844.80  10848.90  10852.30  10855.60  10858.40  10860.80  10862.90  10865.60
  10879.90  10883.00  10885.60  10887.60  10888.90  10889.60  10890.00  10889.80  10889.50  10889.00  10888.20  10886.90  10885.30
  10883.10  10880.70  10878.10  10875.10  10871.90  10868.60  10865.20  10861.90  10858.70  10855.80  10852.80  10849.70  10846.20
  10842.90  10839.90  10837.80  10836.10  10834.70  10833.70  10832.50  10832.70  10833.30  10834.90  10837.50  10841.60  10846.00
  10851.50  10856.90  10863.70  10870.20  10877.80  10884.60  10891.90  10899.00  10906.20  10912.50  10916.60  10919.70  10922.90
  10944.80  10949.70  10953.60  10956.40  10958.80  10960.80  10962.00  10962.40  10962.50  10962.10  10960.90  10959.00  10956.90
  10955.60  10954.20  10952.00  10948.50  10944.30  10939.90  10934.90  10929.30  10923.70  10918.00  10911.40  10903.70  10895.40
  10887.80  10881.50  10874.70  10868.60  10863.10  10858.60  10856.00  10855.00  10854.60  10856.40  10859.70  10864.30  10872.10
  10880.40  10890.20  10901.50  10913.20  10925.10  10936.20  10947.20  10958.20  10968.50  10977.80  10986.60  10995.50  11004.10
  11029.10  11034.50  11039.00  11042.90  11045.60  11046.90  11047.90  11048.60  11048.20  11047.60  11047.30  11047.20  11047.70
  11048.20  11048.20  11047.30  11045.20  11042.00  11038.10  11033.70  11028.70  11022.70  11015.50  11005.70  10994.90  10982.60
  10968.60  10955.20  10942.00  10929.00  10917.60  10908.60  10900.60  10894.90  10892.00  10891.60  10893.90  10899.20  10907.50
  10918.60  10933.10  10950.30  10969.70  10989.60  11008.20  11026.60  11047.40  11065.70  11081.40  11095.20  11105.90  11110.50
  11104.70  11109.00  11112.80  11115.80  11118.20  11120.10  11121.70  11123.80  11125.90  11128.10  11130.40  11132.70  11135.30
  11137.80  11139.20  11140.30  11140.80  11140.80  11140.10  11138.10  11135.60  11131.90  11125.70  11117.10  11105.60  11091.60
  11076.70  11060.30  11041.80  11023.20  11004.70  10988.80  10974.60  10962.90  10955.90  10951.00  10950.20  10956.20  10964.80
  10978.80  10999.30  11022.90  11049.30  11080.40  11109.80  11135.40  11159.40  11180.70  11194.60  11205.00  11213.40  11220.30
  11158.20  11161.20  11165.60  11170.20  11174.70  11178.60  11182.70  11187.20  11191.40  11195.00  11198.30  11202.50  11207.00
  11212.50  11218.30  11223.00  11227.80  11232.90  11237.80  11242.20  11245.00  11245.60  11243.10  11236.60  11227.20  11213.00
  11197.50  11180.70  11160.10  11137.00  11115.60  11091.60  11073.60  11054.40  11037.10  11027.40  11025.90  11029.20  11043.30
  11064.50  11075.80  11106.00  11146.00  11184.50  11219.20  11249.30  11271.60  11292.20  11308.90  11317.00  11320.40  11321.70
  11192.00  11196.70  11201.50  11206.20  11211.80  11217.70  11224.70  11232.10  11239.00  11244.90  11250.30  11258.70  11267.80
  11276.00  11284.40  11295.00  11306.10  11317.50  11331.00  11341.90  11349.70  11352.10  11351.60  11348.30  11342.80  11332.60
  11318.70  11300.70  11280.10  11256.70  11229.50  11200.00  11173.40  11151.60  11130.50  11116.80  11109.50  11114.60  11126.00
  11145.90  11175.60  11207.30  11236.60  11274.50  11303.30  11329.80  11353.80  11370.60  11380.80  11387.30  11389.90  11388.60
  11208.70  11213.90  11220.60  11227.20  11233.40  11242.20  11252.60  11261.70  11271.10  11281.40  11293.90  11308.90  11324.40
  11338.80  11353.60  11372.20  11385.60  11399.10  11419.40  11429.30  11441.20  11449.60  11457.00  11459.90  11457.60  11448.30
  11432.80  11412.80  11389.80  11362.40  11329.50  11294.10  11261.80  11235.20  11212.40  11195.60  11188.10  11189.00  11200.20
  11220.10  11246.60  11275.90  11307.70  11335.70  11361.40  11384.20  11400.50  11410.30  11414.40  11415.00  11415.20  11416.80
  11209.20  11215.90  11222.40  11228.20  11238.70  11252.60  11265.80  11281.70  11299.50  11312.60  11330.50  11349.00  11370.50
  11392.90  11412.10  11438.30  11459.00  11468.60  11476.50  11505.00  11523.20  11542.30  11552.80  11558.40  11557.20  11547.00
  11531.80  11513.50  11485.00  11448.20  11408.30  11366.10  11329.30  11296.30  11266.90  11249.00  11241.60  11244.30  11254.80
  11267.70  11282.90  11304.70  11332.90  11358.50  11380.40  11398.60  11413.80  11423.50  11425.90  11423.10  11419.10  11421.80
  11203.00  11212.80  11221.80  11231.80  11245.10  11260.60  11279.60  11302.50  11326.80  11351.70  11375.60  11398.30  11426.40
  11450.20  11482.00  11507.70  11536.60  11564.30  11575.80  11589.40  11610.90  11630.90  11647.20  11656.00  11650.40  11635.50
  11615.20  11591.50  11557.60  11512.30  11462.60  11416.50  11371.50  11330.20  11299.50  11281.90  11275.60  11273.80  11276.60
  11280.90  11287.10  11298.20  11315.90  11334.70  11354.30  11374.80  11393.60  11407.30  11415.50  11418.40  11419.80  11421.20
  11201.80  11214.50  11227.90  11242.30  11257.30  11276.50  11300.30  11328.20  11358.90  11391.30  11423.60  11456.40  11489.50
  11518.40  11547.20  11576.40  11608.90  11637.70  11661.40  11677.20  11704.70  11726.60  11741.20  11747.90  11744.00  11720.20
  11687.60  11651.80  11605.80  11547.90  11492.70  11439.60  11391.40  11347.50  11317.60  11300.60  11287.30  11282.00  11278.10
  11275.00  11274.10  11276.50  11285.40  11295.20  11303.50  11317.70  11336.30  11350.90  11362.40  11374.70  11389.70  11406.40
  11209.20  11224.20  11241.40  11260.30  11281.90  11308.00  11340.30  11375.40  11413.70  11451.70  11488.90  11520.50  11555.50
  11592.80  11626.10  11660.00  11700.50  11734.30  11755.30  11784.20  11791.40  11802.80  11823.50  11826.70  11811.80  11780.20
  11739.10  11688.90  11626.40  11558.60  11498.50  11443.00  11392.80  11350.70  11323.70  11304.30  11288.00  11279.80  11268.10
  11259.20  11252.40  11250.50  11251.90  11254.30  11260.10  11268.50  11281.00  11292.90  11304.50  11320.00  11341.30  11365.50
  11228.30  11243.80  11264.60  11289.70  11319.90  11356.90  11397.90  11443.20  11488.40  11532.00  11571.60  11610.50  11648.80
  11687.70  11727.70  11766.30  11791.00  11825.80  11859.20  11858.20  11885.50  11885.20  11893.10  11880.90  11853.90  11814.20
  11760.10  11698.10  11624.00  11557.40  11495.50  11439.90  11391.30  11352.10  11323.00  11302.00  11284.60  11275.10  11260.30
  11246.00  11235.30  11228.60  11224.60  11224.40  11227.40  11234.80  11246.20  11261.80  11278.30  11298.00  11321.90  11348.80
  11253.30  11269.00  11292.10  11323.00  11364.40  11412.10  11463.60  11516.10  11570.80  11625.70  11676.00  11723.20  11767.80
  11813.50  11852.90  11887.70  11907.10  11920.80  11955.50  11955.30  11952.70  11958.10  11945.80  11916.60  11872.90  11818.40
  11754.40  11683.50  11616.70  11553.60  11495.30  11444.10  11399.00  11360.10  11329.00  11306.40  11290.40  11278.60  11265.00
  11247.10  11230.30  11219.30  11212.50  11211.10  11214.60  11223.20  11236.40  11253.80  11276.50  11303.90  11333.70  11362.80
  11285.40  11299.30  11324.80  11363.50  11415.60  11473.20  11533.10  11599.30  11668.40  11733.80  11791.20  11845.70  11900.40
  11945.30  11986.80  12016.40  12033.80  12034.50  12051.80  12036.50  12016.70  12003.10  11973.90  11922.50  11864.30  11802.90
  11735.70  11673.60  11612.30  11555.40  11505.10  11459.40  11417.70  11380.40  11352.00  11330.20  11314.30  11302.60  11288.00
  11268.30  11246.50  11232.90  11226.30  11225.30  11230.00  11240.90  11257.60  11280.70  11309.60  11345.20  11383.90  11420.00
  11319.10  11332.50  11362.00  11410.00  11470.70  11540.20  11627.20  11705.00  11779.30  11850.90  11920.30  11976.60  12022.30
  12062.50  12096.20  12115.10  12120.80  12119.60  12116.90  12085.90  12054.40  12019.60  11958.60  11893.10  11830.70  11774.70
  11720.30  11669.00  11619.00  11570.00  11525.30  11488.50  11455.70  11426.80  11401.60  11384.40  11369.80  11355.00  11336.80
  11317.20  11292.70  11275.40  11266.50  11266.00  11272.30  11288.60  11309.50  11337.60  11375.10  11420.40  11463.70  11499.70
  11355.10  11369.80  11405.50  11462.70  11529.20  11610.30  11709.00  11792.90  11879.00  11947.60  12022.60  12074.20  12117.40
  12155.40  12180.60  12183.40  12180.60  12168.60  12153.60  12102.90  12056.50  11992.50  11920.20  11854.00  11800.20  11755.80
  11716.30  11678.10  11641.00  11603.90  11569.00  11539.90  11515.70  11493.90  11474.60  11460.00  11451.40  11433.70  11410.10
  11389.60  11368.30  11345.70  11334.30  11337.20  11349.00  11369.70  11397.70  11434.10  11477.40  11525.40  11577.40  11607.70
  11400.00  11410.70  11447.20  11513.30  11584.40  11671.50  11772.00  11867.40  11957.70  12021.90  12094.90  12143.50  12187.00
  12222.50  12236.70  12234.60  12215.30  12190.00  12152.30  12090.10  12028.70  11938.30  11868.00  11813.10  11777.50  11750.30
  11727.00  11703.70  11680.10  11655.10  11629.00  11609.10  11592.60  11578.10  11564.50  11555.00  11548.20  11531.80  11509.40
  11504.40  11476.90  11452.30  11448.00  11451.10  11465.10  11488.40  11523.90  11560.60  11614.00  11652.90  11699.80  11729.60
  11459.90  11456.50  11484.60  11549.70  11633.60  11736.10  11856.80  11941.00  12038.30  12106.80  12164.30  12206.50  12242.60
  12267.90  12271.30  12261.20  12234.30  12196.40  12134.30  12065.70  11985.80  11901.70  11836.20  11795.20  11776.60  11768.30
  11761.50  11754.30  11745.00  11733.20  11718.80  11701.60  11688.10  11679.10  11670.80  11665.40  11657.70  11652.10  11641.50
  11635.70  11614.00  11602.40  11605.60  11607.10  11624.50  11647.90  11678.80  11722.10  11759.90  11788.50  11816.60  11844.50
  11540.50  11519.10  11534.00  11589.40  11675.90  11786.00  11909.10  12019.20  12116.00  12184.60  12228.10  12261.10  12289.70
  12304.30  12294.90  12271.90  12238.40  12188.10  12124.40  12038.80  11957.20  11873.50  11822.40  11799.30  11798.20  11802.60
  11813.60  11823.00  11825.80  11820.20  11814.40  11808.20  11801.10  11796.90  11791.80  11790.90  11787.10  11783.40  11780.00
  11776.90  11772.50  11770.40  11774.90  11786.70  11803.20  11824.10  11852.40  11879.80  11896.70  11917.10  11933.10  11944.00
  11663.20  11614.20  11611.00  11650.80  11728.50  11842.20  11986.90  12089.50  12177.70  12242.00  12280.90  12307.70  12325.50
  12326.40  12308.70  12274.70  12233.20  12180.70  12116.30  12038.40  11936.90  11870.30  11835.40  11823.60  11831.80  11854.30
  11875.40  11890.30  11905.70  11918.00  11925.00  11926.20  11926.30  11926.30  11927.50  11931.40  11933.50  11935.40  11937.10
  11941.30  11944.40  11944.30  11950.40  11969.00  11987.10  12007.80  12019.80  12034.00  12045.70  12049.10  12048.40  12045.60
  11831.90  11760.30  11735.50  11755.60  11826.20  11942.30  12077.60  12173.40  12243.40  12293.00  12321.00  12339.60  12346.50
  12335.10  12308.20  12271.80  12231.60  12183.90  12126.80  12055.40  11952.10  11891.80  11865.70  11867.90  11888.60  11918.60
  11941.60  11970.50  11988.30  12007.60  12019.90  12029.80  12041.60  12054.40  12067.70  12074.50  12079.50  12084.90  12091.90
  12099.80  12102.50  12107.70  12117.10  12129.30  12140.10  12152.50  12162.20  12171.00  12170.30  12165.70  12158.90  12145.40
  12017.70  11951.10  11919.10  11928.40  11986.60  12080.70  12178.60  12249.50  12299.60  12330.00  12348.70  12360.60  12355.90
  12335.40  12302.10  12264.40  12233.90  12198.80  12158.10  12097.60  12011.80  11953.80  11935.30  11942.40  11969.00  11996.40
  12022.50  12056.40  12075.80  12094.50  12108.10  12127.60  12148.60  12172.40  12185.60  12192.00  12200.70  12211.20  12219.90
  12224.80  12233.00  12240.90  12248.10  12255.40  12261.00  12265.70  12271.60  12274.70  12273.10  12266.40  12250.50  12229.30
  12153.60  12115.30  12091.00  12088.00  12150.00  12198.40  12268.80  12313.00  12341.80  12355.70  12369.40  12372.60  12355.50
  12328.80  12297.50  12265.10  12245.50  12224.70  12199.80  12164.60  12114.30  12061.50  12043.60  12047.90  12066.40  12091.40
  12109.10  12144.80  12158.60  12176.80  12194.90  12225.80  12242.70  12265.20  12269.90  12278.30  12293.70  12302.60  12310.00
  12316.70  12325.30  12332.70  12336.70  12341.90  12345.10  12348.20  12350.50  12348.90  12346.00  12338.20  12321.80  12297.80
  12248.10  12225.60  12213.20  12225.40  12251.30  12292.30  12330.50  12354.90  12367.60  12374.90  12382.10  12372.30  12340.60
  12303.00  12271.40  12247.80  12233.00  12224.40  12215.80  12199.80  12181.10  12163.60  12157.80  12164.10  12168.80  12182.30
  12209.00  12214.30  12236.20  12251.90  12278.40  12301.40  12314.30  12325.60  12335.40  12344.30  12356.20  12363.60  12372.90
  12380.40  12388.00  12393.90  12397.60  12400.70  12402.20  12402.90  12400.50  12396.90  12391.70  12382.30  12366.90  12347.70
  12329.50  12311.40  12304.90  12313.20  12333.20  12356.90  12373.50  12383.60  12386.70  12388.60  12387.30  12367.10  12320.50
  12266.60  12233.90  12224.40  12227.10  12236.40  12243.70  12243.10  12240.70  12238.40  12239.00  12241.20  12245.40  12249.90
  12259.50  12275.70  12291.30  12308.50  12334.10  12345.20  12356.80  12369.40  12379.30  12386.30  12394.50  12404.40  12412.80
  12422.10  12429.10  12431.90  12432.90  12431.10  12432.60  12433.20  12430.80  12426.10  12420.40  12412.10  12399.70  12384.30
  12386.90  12378.00  12377.70  12382.40  12388.90  12396.50  12401.60  12403.70  12400.70  12397.00  12389.60  12361.60  12298.10
  12235.10  12215.90  12219.00  12230.50  12251.70  12267.20  12272.70  12278.20  12280.90  12280.10  12285.50  12294.30  12297.30
  12307.00  12321.30  12331.80  12348.10  12362.50  12376.90  12384.10  12395.00  12400.20  12408.10  12417.20  12429.10  12439.80
  12445.80  12446.50  12447.30  12446.00  12448.40  12449.40  12452.10  12448.90  12444.80  12441.30  12435.50  12425.70  12415.40
  12429.50  12424.50  12421.80  12421.30  12420.60  12421.70  12422.30  12418.50  12412.20  12401.50  12392.50  12361.60  12293.40
  12227.40  12212.00  12221.40  12243.40  12266.10  12278.40  12287.70  12295.00  12303.70  12311.30  12319.00  12324.00  12328.60
  12339.50  12349.80  12360.50  12370.90  12381.00  12392.80  12401.50  12406.00  12412.70  12422.50  12434.10  12444.40  12448.60
  12453.20  12457.50  12456.90  12456.60  12459.50  12460.70  12460.80  12458.80  12455.50  12454.30  12451.20  12445.30  12437.20
  12455.60  12449.70  12445.10  12442.50  12441.20  12440.30  12438.10  12432.10  12422.30  12410.10  12396.50  12372.60  12316.00
  12249.40  12227.00  12234.80  12249.50  12269.20  12286.60  12296.70  12304.80  12315.50  12325.20  12334.80  12341.90  12344.50
  12357.60  12365.50  12375.20  12384.90  12395.30  12407.10  12410.90  12416.70  12429.10  12435.40  12444.50  12449.10  12454.30
  12458.20  12459.70  12462.00  12463.30  12465.80  12467.60  12468.30  12468.40  12465.10  12461.50  12460.90  12459.00  12451.70
  12471.00  12466.50  12462.90  12458.80  12456.20  12454.70  12452.70  12444.80  12435.50  12424.60  12407.60  12382.80  12351.30
  12303.20  12266.50  12256.70  12256.30  12270.60  12291.30  12302.70  12317.70  12329.10  12339.70  12346.70  12352.00  12359.50
  12371.90  12379.00  12385.90  12394.80  12406.80  12414.00  12421.10  12428.20  12437.00  12440.30  12445.90  12449.20  12455.30
  12456.10  12460.50  12464.70  12468.70  12470.50  12473.10  12473.30  12474.50  12472.10  12470.30  12469.20  12465.90  12460.20
     66.19     66.49     66.89     67.38     67.95     68.57     69.21     69.84     70.47     71.06     71.62     72.14     72.57
     72.92     73.21     73.39     73.46     73.44     73.31     73.07     72.69     72.16     71.51     70.78     70.03     69.30
     68.65     68.12     67.81     67.76     67.90     68.14     68.35     68.50     68.61     68.67     68.71     68.75     68.75
     68.70     68.61     68.51     68.39     68.23     68.03     67.85     67.72     67.63     67.57     67.55     67.56     67.60
     53.22     55.50     58.15     61.10     64.22     67.40     70.54     73.56     76.43     79.08     81.40     83.37     84.95
     86.14     86.95     87.36     87.39     87.07     86.39     85.35     83.97     82.28     80.35     78.20     75.87     73.50
     71.19     69.12     67.47     66.25     65.17     63.96     62.67     61.53     60.95     60.75     60.75     60.93     61.12
     61.34     61.54     61.67     61.78     61.74     61.43     61.12     61.15     61.46     61.84     62.09     62.57     63.21
     52.05     55.07     58.92     63.54     68.70     73.97     79.07     83.78     87.89     91.37     94.35     97.00     99.36
    101.33    102.73    103.41    103.38    102.69    101.34     99.36     96.81     93.85     90.52     86.79     82.77     78.59
     74.33     70.08     65.72     61.49     58.87     57.81     56.96     56.30     55.88     55.36     54.68     53.97     53.57
     53.47     53.12     52.11     51.46     51.91     52.92     54.84     57.49     60.10     62.66     65.19     67.47     69.10
     65.61     68.00     71.36     76.16     82.06     88.17     93.77     98.43    101.94    104.33    106.13    108.04    110.18
    112.24    113.78    114.49    114.24    112.91    110.44    107.22    103.68     99.83     95.66     91.17     86.24     81.15
     76.25     71.73     67.69     64.24     61.41     59.10     57.20     55.93     54.95     53.71     52.01     49.72     45.22
     41.20     39.90     40.60     43.95     49.04     54.84     60.90     66.57     71.38     75.27     78.65     81.63     83.87
     83.33     85.54     89.18     93.72     97.83    101.27    104.40    107.05    108.86    109.54    109.52    109.43    109.37
    109.36    109.39    109.26    108.79    107.84    106.45    104.66    102.57    100.40     98.22     95.69     91.78     86.61
     81.52     76.95     73.15     69.99     67.28     65.53     64.18     62.94     61.30     58.44     55.59     53.67     51.87
     49.66     47.59     45.83     45.07     46.93     52.50     60.19     67.96     74.96     81.42     87.53     93.07     97.67
    100.22    100.54    100.92    100.66    100.20    100.16    100.44    100.60    100.34     99.67     98.51     97.11     95.70
     94.51     93.54     92.88     92.62     92.94     94.49     96.14     96.70     96.38     96.00     95.39     93.33     90.35
     87.08     83.74     80.86     78.63     76.62     74.00     71.59     70.79     71.18     71.38     71.07     70.13     68.18
     66.04     62.42     57.53     53.02     51.57     55.79     64.42     72.34     77.85     85.39     93.57    100.44    106.06
    103.78     97.21     91.40     87.48     84.71     82.61     81.14     80.20     80.10     81.16     82.38     82.10     79.94
     76.92     74.33     72.90     72.92     74.37     76.33     78.26     80.43     81.74     82.54     84.04     84.89     85.62
     86.64     87.12     87.52     88.49     88.50     86.62     83.94     82.51     81.87     80.29     78.42     76.68     75.43
     74.12     72.14     68.15     62.83     61.58     65.12     70.50     75.47     78.40     83.22     90.67     97.47    102.92
     90.81     78.06     69.84     67.30     66.75     67.01     68.66     70.71     72.90     75.23     76.71     76.60     75.67
     74.18     72.38     71.36     70.56     69.87     70.04     70.78     69.62     68.20     68.92     71.78     75.96     80.25
     84.34     88.43     92.86     97.15     99.96    100.24     98.68     96.88     95.19     91.83     88.11     84.38     79.35
     73.35     68.36     67.03     67.50     65.87     66.43     71.58     75.35     76.08     77.50     82.64     88.59     90.75
     78.67     65.53     61.71     61.91     63.68     66.91     70.35     74.26     77.47     79.66     81.02     82.77     84.50
     85.72     85.48     84.96     84.57     83.46     81.41     78.12     74.72     73.10     72.71     73.62     76.26     80.56
     85.92     91.17     96.19    101.60    106.66    109.67    109.21    106.78    104.63    101.67     96.71     90.23     82.23
     74.02     67.85     63.86     62.79     65.97     73.13     78.67     76.08     71.31     72.94     79.48     85.67     85.11
     73.48     64.78     62.04     63.09     66.52     70.68     75.29     79.46     83.61     87.52     91.74     94.73     96.21
     97.19     97.70     97.79     97.66     96.89     94.94     91.84     87.67     84.67     83.82     84.30     84.57     86.50
     90.73     94.95     98.47    102.47    108.70    115.38    118.64    117.55    113.01    106.47     98.32     88.74     77.47
     64.28     55.61     54.54     56.63     63.67     71.77     75.47     72.50     68.71     70.58     76.87     83.45     87.80
     68.71     62.50     61.57     63.57     66.79     72.99     78.71     83.50     89.14     96.26    104.16    107.42    108.32
    109.37    111.25    112.33    112.59    111.51    108.79    105.66    103.02    100.73     99.74     99.10     98.57     98.62
     99.36    100.90    103.40    106.80    113.45    122.07    126.32    123.88    116.13    104.78     90.73     76.00     63.50
     54.59     43.94     38.06     41.04     46.72     51.91     53.70     53.06     54.80     60.11     66.90     73.31     78.55
     59.90     58.50     58.93     59.84     64.94     74.43     81.55     88.20     96.43    103.52    110.40    117.26    123.46
    126.18    126.61    127.18    127.37    127.13    125.63    123.40    121.28    119.79    117.67    114.83    112.99    112.08
    112.17    113.15    114.47    116.32    121.36    128.81    131.40    125.36    112.77     96.57     78.61     61.90     49.33
     40.55     32.15     25.53     22.91     21.30     19.77     18.30     18.51     21.04     25.84     32.58     39.45     45.41
     62.35     63.94     64.97     66.50     71.96     82.08     92.04     99.17    101.94    106.63    117.21    128.88    138.54
    143.06    142.22    141.77    143.18    144.09    143.25    142.47    140.48    137.21    134.08    130.80    128.05    126.28
    125.17    124.70    124.44    125.76    129.64    134.51    135.24    127.23    110.64     89.33     67.30     51.39     38.73
     26.71     17.30      9.48      2.03     -5.04    -13.34    -21.12    -24.41    -23.81    -20.26    -15.41     -9.01      0.05
     80.91     80.85     78.81     80.33     86.98     94.12    100.97    108.79    116.88    125.73    135.19    144.42    151.27
    155.24    157.12    157.48    161.33    165.94    164.52    162.26    158.37    153.09    147.33    143.81    142.38    140.49
    138.32    135.93    133.89    133.95    135.01    135.19    132.94    124.89    109.83     89.43     63.91     44.06     30.90
     18.03      4.74     -9.26    -21.08    -31.04    -41.14    -50.78    -58.76    -62.07    -60.35    -56.45    -50.99    -42.54
     96.41     92.09     88.38     90.61     97.27    104.76    112.68    123.73    138.41    152.69    164.30    172.56    177.74
    179.64    179.81    178.79    179.10    182.98    184.65    180.61    175.12    169.01    162.58    157.84    155.69    152.74
    149.44    146.18    143.09    140.83    138.27    134.22    128.05    118.65    104.41     86.29     66.45     46.46     29.00
     11.57     -5.59    -22.24    -38.26    -51.86    -63.86    -74.90    -84.10    -87.80    -84.46    -77.49    -70.88    -67.90
    100.11     93.40     94.07    102.38    113.73    125.16    136.26    148.11    163.27    179.78    193.89    204.10    211.20
    214.54    212.34    205.30    198.84    200.62    205.38    199.77    191.38    184.46    178.31    173.33    167.26    161.81
    158.93    155.77    151.92    147.25    141.44    135.06    127.06    112.23     95.92     80.66     64.39     45.53     26.13
      6.62    -12.22    -29.64    -47.20    -66.06    -82.84    -94.07   -100.89   -102.27    -96.70    -88.61    -80.52    -73.82
     99.77    100.40    109.17    120.59    132.23    144.31    156.87    170.48    185.81    203.20    220.07    233.65    241.95
    243.49    237.83    229.53    226.62    226.07    222.71    214.69    204.82    196.56    189.29    184.14    177.63    172.51
    169.04    164.97    159.44    151.93    143.49    135.31    126.91    112.22     96.32     79.24     60.56     43.25     24.25
      3.72    -17.27    -38.85    -57.55    -74.66    -91.24   -102.92   -108.37   -109.92   -109.19   -107.00    -99.89    -81.13
    107.64    111.69    117.11    126.46    137.38    148.65    161.49    177.24    196.20    216.82    235.91    251.31    260.31
    262.72    260.28    260.29    258.95    248.53    235.66    224.70    214.96    205.28    196.69    189.83    184.86    181.41
    178.20    172.81    165.46    155.91    146.03    136.67    127.99    115.44    101.30     87.47     69.44     49.74     28.28
      6.14    -17.10    -43.27    -65.27    -80.70    -94.50   -106.28   -112.93   -118.95   -129.02   -134.65   -122.85    -95.66
    120.92    116.58    112.45    115.79    126.71    139.09    154.99    174.20    196.38    220.13    241.61    260.70    276.29
    287.23    293.63    295.22    286.23    265.88    243.94    228.03    217.35    208.10    199.31    193.39    188.88    184.38
    183.53    179.65    171.43    160.79    150.16    140.71    131.13    120.63    109.38     97.45     82.94     64.49     41.94
     16.47    -11.30    -37.06    -58.15    -77.17    -93.84   -109.22   -123.15   -136.15   -141.69   -132.88   -114.62    -93.80
    134.89    122.75    112.46    109.72    112.83    125.83    148.66    171.63    197.41    227.01    256.25    283.20    305.66
    319.35    324.93    321.75    306.65    281.97    252.80    228.72    216.05    207.35    196.50    190.78    186.51    186.02
    187.51    184.95    177.43    167.66    158.32    149.34    138.83    127.19    116.26    106.17     95.34     80.41     60.11
     33.88      2.78    -25.34    -48.26    -67.67    -85.28   -103.52   -120.57   -125.63   -116.29   -101.34    -85.94    -71.38
    154.98    138.82    125.37    116.69    113.99    125.11    149.59    181.17    216.00    251.86    284.91    311.64    332.18
    344.06    346.78    339.41    321.40    295.58    262.08    230.75    212.20    202.11    190.93    185.42    183.08    184.33
    189.31    189.28    183.00    174.41    166.28    156.63    142.79    129.97    119.61    111.93    104.70     94.35     76.00
     48.58     19.59     -7.55    -30.87    -50.24    -67.12    -80.27    -89.04    -88.63    -79.90    -68.01    -56.73    -44.66
    181.73    161.02    146.62    137.46    134.57    142.58    169.44    208.40    245.55    280.54    310.88    334.72    351.16
    359.54    359.81    349.48    330.28    304.07    270.59    236.40    208.38    193.42    183.92    176.47    179.85    184.99
    188.36    188.71    185.79    179.84    171.15    160.01    146.06    132.27    123.22    117.70    110.99     99.51     81.15
     58.04     34.46     10.94    -10.85    -28.94    -43.11    -51.59    -53.40    -49.37    -42.97    -35.25    -26.99    -19.47
    217.79    192.89    176.76    169.46    170.32    182.12    207.25    241.08    276.23    306.49    331.43    350.19    362.76
    368.02    365.61    354.03    334.71    308.63    276.91    243.31    211.87    189.91    178.59    174.41    178.76    181.76
    184.24    185.63    187.12    182.76    173.38    161.16    148.95    136.84    126.69    118.87    109.78     96.91     80.88
     62.74     43.72     25.07      8.40     -6.96    -16.57    -18.78    -15.48    -10.51     -5.50     -1.07      2.26      3.22
    260.51    235.20    219.98    212.95    214.03    225.24    248.85    276.63    304.30    328.04    347.32    361.10    369.23
    370.55    364.65    352.68    334.63    310.13    280.59    249.73    219.69    195.52    182.98    179.47    180.56    180.20
    179.59    181.79    183.58    179.45    171.23    159.78    147.83    135.99    124.75    114.95    104.41     91.63     78.17
     63.47     48.23     35.30     23.91     17.52     16.81     18.12     20.41     24.00     26.98     28.53     26.49     21.19
    301.01    279.03    264.74    258.20    259.37    270.71    288.93    309.23    326.80    343.62    357.25    366.58    369.97
    367.24    357.73    344.37    327.79    306.35    280.96    254.42    229.16    208.54    194.56    185.70    184.20    183.52
    178.00    177.18    177.65    171.60    163.87    155.33    144.35    133.84    122.90    111.10     98.65     87.02     75.29
     61.96     51.97     47.51     45.45     45.87     45.89     46.73     48.59     50.05     49.03     45.31     39.06     30.97
    336.10    315.93    303.80    299.51    301.86    309.43    319.58    332.41    342.39    352.35    360.85    366.41    365.91
    359.49    347.82    332.56    316.03    297.93    277.96    257.25    237.78    221.25    207.56    197.04    190.01    184.44
    176.40    172.64    174.05    165.92    155.57    148.40    139.51    130.66    121.15    109.33     96.37     86.14     75.79
     64.98     61.51     62.26     63.01     62.30     62.25     61.53     60.64     59.05     54.88     47.80     40.51     32.55
    361.74    344.93    335.03    332.14    333.48    335.54    340.98    347.15    351.13    356.27    360.65    361.18    357.73
    349.10    336.52    321.54    305.56    289.89    274.53    259.12    244.25    230.44    217.88    207.36    197.49    186.09
    175.61    168.72    165.84    160.90    147.10    135.86    129.78    124.36    115.53    104.68     93.03     84.58     76.48
     67.05     65.44     65.49     64.74     62.61     60.82     59.56     57.10     52.83     49.07     43.18     36.14     28.30
    375.57    362.87    357.02    353.00    350.40    349.83    351.01    352.68    353.74    356.15    356.53    352.92    346.30
    336.14    323.22    309.64    296.32    282.42    268.86    257.08    245.59    233.06    221.49    211.05    199.41    184.59
    169.07    162.37    160.67    156.08    137.82    123.16    120.10    115.31    105.81     96.93     85.02     76.03     68.34
     63.33     60.18     55.45     52.49     51.03     49.50     48.18     44.66     40.93     38.18     34.20     28.16     18.49
    376.63    369.01    363.18    358.59    354.59    351.50    350.21    350.41    350.40    350.18    347.42    341.45    332.47
    321.64    308.92    295.59    284.06    271.99    259.71    249.35    239.70    228.64    217.49    206.71    193.22    179.04
    165.44    158.14    155.68    151.55    131.65    115.07    112.21    107.57     99.49     87.56     73.14     62.89     54.79
     48.95     42.09     37.10     33.74     33.86     33.92     32.42     28.98     26.82     24.97     20.61     12.75      1.74
    367.83    362.52    358.34    354.31    349.86    346.21    343.82    342.47    341.45    338.99    334.00    326.96    317.92
    306.78    294.93    281.91    270.38    258.21    246.24    238.77    230.35    219.64    208.63    197.60    185.13    170.83
    158.77    152.26    148.62    139.43    121.56    109.19    107.44    102.92     91.66     76.21     59.88     45.73     32.80
     24.69     18.85     15.16     12.95     12.83     15.19     15.26     12.92     10.49      7.40      1.22     -8.36    -20.57
    352.22    349.30    348.15    344.82    339.85    334.48    331.56    330.55    328.86    324.98    319.19    311.90    302.42
    293.22    283.61    272.63    259.20    245.76    235.06    226.81    218.56    207.45    196.47    183.99    169.87    157.80
    148.05    141.86    134.43    120.17    107.42    101.50     97.21     85.41     75.94     68.65     51.80     32.21     19.33
     10.94      4.74      1.96     -5.06     -8.80     -5.57     -4.12     -5.95     -9.14    -13.84    -22.77    -34.84    -47.18
    450.22    450.96    451.75    452.56    453.39    454.20    454.98    455.70    456.34    456.87    457.31    457.64    457.87
    458.02    458.09    458.07    457.98    457.81    457.52    457.11    456.58    455.95    455.28    454.60    453.89    453.20
    452.54    451.99    451.57    451.25    451.00    450.79    450.59    450.43    450.31    450.25    450.25    450.31    450.40
    450.50    450.59    450.65    450.70    450.75    450.81    450.88    450.94    451.01    451.13    451.27    451.47    451.72
    443.11    445.01    447.53    450.65    454.18    457.78    461.14    464.14    466.79    469.15    471.21    473.01    474.52
    475.71    476.49    476.79    476.56    475.77    474.42    472.57    470.31    467.64    464.70    461.71    458.91    456.39
    454.17    452.27    450.63    449.11    447.59    446.03    444.56    443.36    442.44    441.81    441.64    441.79    441.99
    442.24    442.47    442.63    442.68    442.71    443.01    443.50    444.12    444.86    445.84    447.12    448.34    449.38
    446.70    448.37    450.85    454.69    459.93    465.59    470.61    474.61    477.71    480.15    482.28    484.44    486.68
    488.88    490.92    492.68    493.98    494.52    493.95    491.87    488.18    483.24    477.51    471.32    465.05    459.33
    454.48    450.07    445.67    441.75    439.15    437.77    436.76    435.46    434.05    433.08    432.55    432.15    431.93
    431.98    431.74    431.35    431.52    432.79    434.80    437.56    440.99    444.48    447.95    451.42    454.63    457.18
    463.48    463.92    466.24    470.78    476.07    480.20    483.09    485.43    487.25    488.27    488.75    489.43    491.00
    493.28    495.51    497.30    498.50    498.90    498.22    495.96    491.87    486.24    479.65    472.74    466.07    459.62
    453.07    446.66    441.26    437.71    435.22    432.66    430.03    427.40    425.09    423.27    421.89    419.76    416.54
    414.62    414.48    416.19    420.83    427.31    434.51    442.06    449.15    455.30    460.45    465.04    469.20    472.62
    482.62    483.75    486.38    488.78    490.07    491.04    491.97    492.28    491.46    489.58    487.26    485.27    484.40
    484.74    485.54    486.29    486.86    487.10    486.75    485.53    483.36    480.42    476.52    471.41    465.44    459.61
    453.90    447.98    442.90    439.05    435.34    431.65    427.90    424.92    422.95    421.04    418.96    416.25    413.86
    412.75    412.90    413.67    415.57    420.72    429.91    441.56    451.96    460.06    467.63    474.79    481.32    486.95
    499.68    497.53    494.89    492.51    490.83    489.11    486.77    483.81    480.32    476.58    472.95    469.74    466.97
    464.61    462.69    461.49    461.40    462.20    463.45    464.80    466.29    467.65    467.84    466.79    464.68    461.56
    457.87    453.42    448.57    444.59    441.08    437.22    433.68    431.37    430.82    431.46    431.67    430.79    429.20
    427.64    425.00    422.43    420.29    422.06    431.04    445.46    457.89    465.02    473.17    481.90    489.42    495.73
    497.71    487.44    478.78    470.99    464.32    459.01    454.65    451.17    449.02    448.05    447.53    445.98    442.09
    436.50    431.06    427.53    426.30    426.81    428.62    430.90    433.89    437.43    441.14    445.87    450.85    454.70
    457.11    458.13    458.28    458.14    457.51    455.20    452.18    450.11    448.72    446.91    444.43    442.25    441.14
    440.09    439.04    437.87    436.21    438.51    443.20    450.64    460.57    466.27    471.85    479.71    487.00    492.97
    464.91    447.88    435.61    428.76    424.08    422.53    424.47    427.10    429.66    432.61    433.97    432.65    430.07
    427.57    423.69    418.61    414.87    412.31    411.71    412.10    410.36    408.67    410.75    417.52    427.94    439.24
    450.11    459.81    467.22    472.47    475.75    476.45    475.20    473.53    471.42    467.64    463.26    458.47    453.43
    449.18    445.67    445.17    446.46    447.62    450.41    456.36    461.69    462.73    465.06    471.60    478.35    481.33
    427.94    408.96    401.08    399.58    402.37    408.80    417.91    427.30    432.85    435.13    435.29    436.12    437.64
    438.58    437.69    435.67    432.81    429.14    423.85    416.64    410.28    407.56    408.63    412.81    419.67    430.76
    444.90    458.64    471.07    481.81    490.44    495.71    496.90    495.61    491.94    485.52    478.11    470.24    462.15
    454.12    446.86    442.83    443.82    449.82    458.54    464.94    463.10    458.61    461.03    468.58    475.74    476.49
    403.89    391.65    388.13    389.85    397.33    409.57    424.69    433.96    438.34    442.36    446.34    448.91    449.67
    450.20    450.33    449.90    448.73    446.35    441.95    435.41    429.24    423.88    422.69    427.13    432.73    441.29
    454.00    466.38    477.95    490.68    502.47    510.45    513.51    511.86    505.78    495.69    482.92    469.54    455.72
    442.14    432.57    429.41    435.75    445.89    454.91    459.04    455.42    453.61    457.75    464.69    471.47    475.27
    388.59    381.80    381.23    387.02    396.27    411.51    424.74    432.30    440.81    448.37    456.20    460.23    461.60
    463.22    465.57    467.21    467.59    466.07    462.19    459.10    457.52    455.46    454.53    453.64    455.85    461.50
    471.04    482.51    492.58    502.77    513.47    521.39    524.71    520.65    509.76    493.83    475.17    456.42    438.90
    423.98    410.95    405.91    410.95    418.98    426.35    429.22    427.44    430.42    439.86    450.25    456.82    460.71
    377.32    376.95    379.37    382.95    392.32    410.33    424.27    433.44    442.52    450.50    460.89    471.10    478.02
    482.29    485.09    486.44    487.96    489.30    489.13    489.58    490.42    492.24    492.88    489.74    486.96    486.35
    491.16    500.62    510.09    518.51    526.05    530.96    531.75    523.80    506.95    485.10    461.89    438.09    416.97
    399.54    385.24    377.94    375.39    374.78    375.13    375.43    377.04    381.98    389.83    399.01    408.99    419.90
    380.07    383.96    387.83    392.56    402.39    417.93    432.98    443.67    448.68    455.52    470.57    486.73    498.66
    504.69    506.78    506.94    509.22    514.19    516.94    520.15    521.55    523.73    524.46    522.33    520.68    519.67
    519.78    522.57    527.19    534.04    539.23    541.15    538.21    525.67    503.00    475.70    448.36    420.63    392.90
    370.29    354.88    344.66    336.57    325.91    315.60    308.29    305.93    308.83    315.69    324.98    336.67    353.26
    400.32    402.28    403.50    409.20    419.68    431.02    441.71    454.09    467.54    481.48    495.61    509.12    518.79
    524.36    528.15    529.48    533.59    541.55    545.53    547.83    548.58    547.93    545.02    545.13    548.88    551.02
    550.90    551.10    550.36    551.07    551.43    548.95    541.79    525.68    498.78    466.91    432.47    398.07    368.79
    346.39    329.15    313.89    300.48    286.45    270.26    254.73    244.71    244.15    249.74    259.23    270.41    285.78
    417.10    414.04    412.87    419.16    430.67    442.71    455.45    472.98    495.13    515.81    531.78    544.06    552.83
    557.92    559.83    559.20    558.72    563.82    571.96    573.63    572.36    570.47    568.25    568.12    572.34    574.61
    575.08    574.08    570.67    565.85    559.56    551.43    539.82    520.90    493.64    462.44    430.14    395.57    363.42
    337.32    314.15    292.37    272.82    254.38    236.39    219.76    208.24    206.63    214.64    227.03    237.91    245.11
    420.41    415.63    419.56    433.42    451.29    470.15    488.35    507.05    528.50    550.38    569.14    582.97    592.17
    597.61    599.20    596.57    592.44    591.38    596.47    598.24    594.23    592.39    590.87    590.00    589.25    589.27
    591.73    591.95    587.65    577.94    565.45    551.74    536.35    516.69    492.58    465.80    436.21    404.07    370.65
    339.24    311.81    286.43    258.42    231.79    212.10    198.47    189.57    188.52    197.37    210.46    223.25    234.02
    418.86    422.71    436.28    454.61    473.70    492.45    512.62    534.21    556.76    580.31    601.21    617.33    628.49
    633.16    632.61    629.89    629.16    628.35    623.87    618.44    613.03    608.46    604.90    603.70    602.05    602.91
    605.38    604.65    597.49    584.83    569.33    553.41    537.28    518.99    496.83    471.00    442.22    412.10    379.52
    347.80    318.18    285.36    253.55    226.51    204.40    190.55    184.00    182.38    183.34    186.10    197.76    225.58
    426.89    433.60    442.26    456.30    473.02    492.25    515.52    540.82    567.97    595.87    620.62    639.74    652.25
    659.76    663.42    665.81    666.25    659.09    645.21    633.70    626.36    618.98    613.39    610.30    609.76    611.21
    613.10    612.23    603.76    587.69    570.18    554.10    539.63    523.85    504.96    482.24    455.50    427.61    396.98
    363.23    327.38    288.65    255.06    229.66    208.57    191.80    181.50    171.90    158.41    151.11    169.77    211.43
    441.04    436.50    433.33    438.42    452.84    471.44    497.53    529.20    564.17    600.42    631.11    657.41    678.08
    692.36    699.90    702.34    696.85    679.83    658.03    641.42    630.69    622.79    616.35    613.54    612.93    612.78
    616.73    617.80    609.47    591.52    572.58    558.08    545.89    534.16    519.08    499.71    478.31    450.31    417.09
    382.29    344.52    306.23    272.63    243.07    217.45    194.58    174.24    155.70    146.39    158.57    188.62    222.43
    456.01    441.77    430.09    426.50    429.62    445.11    478.88    519.59    565.23    611.30    652.75    688.89    713.78
    727.54    732.77    728.36    715.17    695.21    673.28    647.36    629.98    621.53    612.55    609.50    608.73    612.54
    618.96    622.08    615.37    597.72    581.18    568.83    557.43    545.88    532.30    516.82    499.03    473.41    442.53
    407.57    368.28    330.40    296.94    267.00    239.45    211.97    186.88    178.02    190.10    214.28    241.23    262.87
    480.02    459.57    442.53    430.49    424.93    437.75    474.46    531.20    592.10    645.40    689.14    721.54    742.30
    752.11    752.18    744.21    729.08    708.72    679.60    647.57    628.64    615.96    604.92    601.23    602.46    608.13
    617.93    623.01    617.65    603.18    589.32    576.84    564.32    550.35    535.60    524.29    511.09    490.97    463.76
    429.85    394.60    360.53    328.99    300.82    274.50    252.75    238.46    239.69    256.33    278.21    296.16    309.56
    513.32    485.76    466.67    453.90    447.87    457.88    501.58    568.80    629.40    679.30    718.02    745.35    760.84
    764.81    761.93    753.12    736.94    713.10    678.78    645.36    620.17    604.15    592.86    586.93    595.38    605.59
    613.61    618.79    615.54    604.38    591.39    578.32    564.50    549.94    536.80    528.30    517.45    499.16    474.16
    445.35    416.52    387.92    360.20    335.70    315.56    301.44    299.39    309.53    322.51    335.55    346.39    353.06
    555.38    524.85    503.98    493.32    493.49    511.07    555.75    613.31    665.63    707.07    737.98    758.25    768.14
    769.64    766.80    757.30    739.44    713.51    678.43    641.61    610.70    591.97    582.42    581.23    591.84    599.82
    605.83    609.88    610.82    603.48    591.97    578.75    564.24    550.33    538.61    529.37    516.13    498.45    477.38
    454.53    431.14    408.27    387.21    368.76    356.85    355.06    361.94    370.55    378.28    383.67    387.19    387.25
    602.44    575.04    557.81    548.90    552.17    573.45    613.17    657.97    695.29    727.07    750.29    763.65    770.16
    770.50    764.59    753.19    736.21    711.47    679.40    644.09    613.19    593.62    585.62    585.22    590.91    597.60
    598.94    601.45    603.05    600.30    590.44    577.28    563.59    549.56    535.48    523.82    511.60    494.80    477.24
    459.32    441.71    425.96    412.31    404.25    403.65    406.52    410.50    415.07    418.13    418.47    415.89    409.49
    646.17    624.83    611.61    607.15    612.95    634.55    663.71    692.14    716.17    738.52    754.81    764.09    766.49
    763.88    754.62    741.12    724.34    702.34    676.84    650.50    625.79    608.16    598.79    595.35    597.55    600.71
    597.35    596.26    595.92    592.32    584.42    574.74    562.40    549.31    534.77    519.30    506.31    491.97    478.32
    464.90    454.20    447.27    442.37    440.55    440.33    441.49    442.77    443.67    442.18    438.34    431.31    421.46
    683.51    666.27    657.81    657.87    666.28    680.18    696.66    714.35    728.76    742.05    753.41    759.32    758.03
    752.46    741.13    725.91    708.87    690.68    672.19    652.97    635.10    621.68    613.61    609.55    607.11    603.69
    597.64    592.28    592.87    585.49    576.94    570.50    560.99    548.94    535.16    520.49    506.87    495.49    483.93
    472.81    466.86    465.09    462.45    460.26    459.53    458.22    456.60    454.62    451.43    445.39    436.10    425.79
    710.43    697.88    692.28    694.47    700.51    706.40    715.82    726.08    733.78    741.64    748.93    750.78    747.64
    739.46    727.27    712.52    696.73    681.57    667.33    653.35    639.37    629.94    623.47    619.47    613.77    606.85
    598.45    590.54    586.76    580.23    569.87    561.78    555.52    545.20    532.20    519.85    506.18    494.25    486.08
    476.92    472.22    469.33    466.57    462.89    459.96    457.89    455.09    451.16    447.40    441.90    433.69    424.15
    724.43    716.29    713.44    713.08    714.52    717.70    722.51    727.86    732.52    737.71    740.91    739.42    733.88
    723.72    711.04    698.39    686.04    673.62    662.26    651.52    642.62    633.86    625.54    621.73    617.05    605.81
    589.62    583.01    582.79    577.10    562.80    550.22    544.55    536.13    525.44    511.39    495.45    485.13    479.00
    472.76    467.35    460.45    456.17    452.88    449.85    447.75    443.82    440.05    437.51    433.64    426.47    415.28
    725.24    721.04    718.72    717.25    716.24    716.21    718.61    722.00    725.30    727.80    727.02    722.73    715.52
    706.52    695.12    683.11    673.15    663.27    653.34    646.06    640.88    632.10    623.30    618.42    612.54    597.46
    581.43    576.35    575.83    570.65    554.07    543.61    538.16    530.20    517.30    498.07    480.47    469.87    462.82
    456.56    447.82    440.87    436.16    435.80    435.26    432.42    429.27    427.39    425.10    419.84    410.97    398.50
    715.91    714.20    713.41    712.28    709.88    708.22    708.98    710.27    711.88    711.71    709.23    704.16    696.61
    687.81    678.34    668.29    659.57    650.13    640.64    636.41    632.58    625.89    616.40    608.28    599.32    585.63
    573.89    568.92    564.78    553.09    542.63    540.58    534.25    523.52    504.87    481.75    462.99    448.25    436.80
    429.33    421.72    415.91    412.68    414.12    416.10    415.36    412.83    410.31    406.72    399.53    388.99    375.61
    698.80    699.19    701.76    701.19    697.75    694.45    692.93    693.31    694.11    692.99    690.24    685.43    677.22
    668.73    663.24    658.03    648.99    637.77    628.05    622.84    617.90    611.32    603.37    591.33    579.15    569.43
    561.76    557.37    545.19    530.69    527.39    524.77    516.15    497.82    482.64    470.19    450.09    432.59    422.59
    412.33    401.24    395.35    390.54    389.43    392.41    393.61    391.82    388.51    383.44    373.86    361.13    348.13
    867.85    868.32    868.84    869.37    869.89    870.40    870.87    871.27    871.61    871.87    872.04    872.13    872.17
    872.13    872.05    871.92    871.71    871.43    871.04    870.57    870.06    869.50    868.91    868.33    867.77    867.27
    866.86    866.54    866.36    866.34    866.44    866.63    866.89    867.17    867.49    867.84    868.23    868.69    869.21
    869.75    870.32    870.91    871.47    872.01    872.55    873.06    873.57    874.09    874.62    875.19    875.78    876.40
    861.62    863.78    866.63    870.11    873.88    877.43    880.44    882.91    884.95    886.66    888.09    889.29    890.28
    891.04    891.50    891.59    891.21    890.31    888.87    886.94    884.62    881.98    879.24    876.65    874.36    872.49
    871.04    869.87    868.75    867.58    866.53    865.78    865.43    865.43    865.60    865.82    866.01    866.15    866.34
    866.59    867.04    867.83    868.93    870.33    871.95    873.62    875.29    877.04    878.88    880.96    883.11    884.99
    863.73    866.46    869.49    873.59    879.24    885.28    890.19    893.62    896.00    897.81    899.53    901.45    903.65
    906.08    908.57    910.83    912.50    913.29    912.95    911.15    907.76    902.76    896.50    889.68    883.02    877.04
    872.00    867.61    863.64    860.54    858.81    858.19    858.01    858.00    858.10    858.23    858.42    858.62    858.77
    859.36    860.33    861.93    864.53    868.28    872.29    875.88    880.14    884.79    889.02    892.87    896.21    898.72
    880.28    882.59    885.37    889.77    895.11    899.29    901.61    902.94    903.99    904.89    905.76    906.99    909.08
    911.92    915.02    917.80    919.72    920.67    920.50    918.69    914.81    908.84    901.24    892.90    884.74    877.08
    869.80    863.33    858.55    855.31    852.66    849.97    847.31    845.00    843.39    842.47    841.67    841.06    841.40
    843.02    845.89    850.11    856.36    864.16    872.56    881.22    889.39    896.35    902.01    906.81    911.06    914.53
    900.30    902.14    905.33    908.52    910.03    910.45    911.21    911.87    911.57    910.42    908.70    906.91    905.91
    905.93    906.64    907.55    908.22    908.38    907.79    906.22    903.27    898.88    893.42    887.07    880.25    873.53
    867.45    862.47    858.39    854.70    851.10    846.93    842.38    838.31    834.65    831.33    829.08    828.27    828.74
    830.92    835.26    841.27    848.78    858.07    869.14    882.93    895.36    903.82    911.21    918.14    924.43    929.79
    918.37    916.28    913.86    911.98    911.70    912.37    912.16    910.78    908.33    905.13    901.54    897.71    893.80
    890.08    886.97    884.94    884.06    884.09    884.58    885.30    885.64    885.19    884.08    882.00    879.18    876.00
    872.62    869.17    865.57    861.43    856.64    851.98    847.65    843.78    840.80    838.91    838.69    838.28    837.30
    837.59    839.80    844.45    850.41    859.85    872.32    888.36    903.58    912.04    919.28    927.30    934.08    939.63
    914.37    903.54    896.07    890.01    885.48    881.89    878.58    875.22    872.38    870.50    868.98    866.54    862.73
    857.97    853.30    850.10    848.54    848.39    850.34    853.10    855.46    858.88    863.24    867.28    871.19    874.55
    876.94    878.47    879.07    878.14    875.26    872.05    869.14    866.14    863.63    860.87    858.05    856.14    855.83
    856.74    858.95    863.28    870.69    880.72    888.69    896.68    906.35    912.77    919.49    927.34    933.12    937.80
    878.42    861.96    851.11    845.68    842.52    840.98    840.21    839.79    841.62    843.50    844.10    845.09    845.96
    846.47    846.81    845.98    845.00    843.79    841.85    839.92    838.21    837.41    839.14    843.58    851.01    861.38
    872.26    881.92    889.54    894.99    898.11    898.93    897.91    895.67    892.69    889.52    885.84    882.08    879.64
    878.70    880.89    886.51    892.45    896.67    901.32    907.55    911.86    913.05    915.28    920.43    925.59    926.94
    839.13    825.45    818.38    815.52    817.19    823.77    833.87    845.74    854.22    859.19    861.92    865.17    869.25
    872.28    875.54    878.49    879.21    876.93    870.47    862.42    855.59    850.17    846.18    845.38    848.46    857.11
    870.34    884.03    896.83    908.35    916.92    922.31    924.82    924.68    921.66    916.35    909.85    903.12    897.37
    894.29    894.57    897.13    901.67    908.15    914.45    917.72    915.77    911.98    914.59    920.85    924.76    922.34
    815.55    809.97    807.00    809.94    821.37    837.12    855.87    869.12    876.97    885.33    892.54    897.19    901.70
    905.72    907.08    908.16    907.63    906.19    901.40    891.79    882.11    876.40    873.66    873.31    875.80    881.79
    891.39    901.60    911.75    923.54    934.86    942.51    946.72    947.13    942.95    934.50    922.69    910.27    901.15
    895.33    892.55    895.91    901.93    906.66    912.51    914.57    910.86    910.00    913.79    918.63    922.45    921.21
    805.29    803.56    807.39    817.02    831.31    848.89    865.43    876.90    888.66    899.03    909.11    917.03    921.44
    925.92    930.09    933.28    935.13    936.28    935.82    929.90    923.55    919.44    917.08    914.36    911.71    913.37
    920.82    928.95    935.50    942.69    952.35    961.10    965.28    963.51    954.82    939.56    921.44    907.05    896.92
    889.01    884.12    883.68    885.22    885.52    888.19    889.53    887.26    887.95    893.34    900.79    905.87    907.29
    801.56    808.22    815.04    821.07    831.58    850.32    868.31    882.39    893.16    903.22    916.13    929.24    937.52
    943.84    949.96    955.25    960.86    966.92    971.64    974.25    974.79    975.26    973.89    969.71    963.37    958.02
    957.18    960.24    961.99    964.99    971.53    978.09    979.67    974.39    960.12    939.40    917.76    899.51    886.68
    875.22    866.34    861.45    856.50    849.85    843.18    839.54    838.50    840.92    846.59    853.89    862.27    871.72
    808.11    817.67    826.79    832.47    843.63    861.38    878.46    891.40    899.66    911.04    928.43    944.32    956.71
    964.90    971.54    975.47    981.47    992.37   1002.90   1019.35   1033.18   1035.74   1032.79   1027.44   1020.96   1013.47
   1005.04    998.41    992.53    990.76    992.53    993.68    990.87    980.63    960.66    937.86    917.17    892.58    869.17
    850.55    837.86    828.05    817.13    802.68    787.44    777.20    774.04    776.08    781.14    788.48    799.30    813.50
    825.91    830.77    839.09    849.54    861.51    874.82    888.12    903.16    919.54    937.04    954.56    969.37    981.22
    989.45    997.27   1004.44   1012.30   1025.57   1039.70   1056.27   1069.13   1069.39   1065.91   1063.62   1062.40   1056.49
   1047.20   1036.74   1027.52   1020.12   1013.54   1008.09    999.74    983.50    960.37    936.91    914.16    884.05    850.67
    826.11    805.58    785.74    769.95    754.30    737.39    722.27    714.88    716.63    722.63    731.45    742.96    758.20
    841.77    843.68    848.82    859.51    873.38    887.40    902.82    923.83    949.19    972.81    991.20   1006.05   1017.84
   1027.26   1035.25   1042.48   1048.80   1057.78   1069.25   1078.75   1086.94   1089.83   1089.42   1088.67   1089.27   1084.59
   1073.01   1061.65   1053.21   1042.86   1031.39   1020.64   1006.70    986.39    961.71    936.95    910.18    877.93    841.36
    808.61    779.13    750.91    728.66    710.59    695.69    683.54    675.20    675.83    685.16    699.13    712.19    723.87
    847.34    848.46    856.55    873.45    893.56    913.88    934.45    957.05    983.42   1009.59   1031.72   1048.65   1061.86
   1071.94   1079.05   1084.68   1087.68   1093.52   1101.98   1106.96   1108.28   1110.65   1113.64   1113.69   1112.11   1106.12
   1094.65   1083.19   1071.35   1058.30   1044.96   1030.63   1014.26    993.60    967.95    939.88    912.35    881.81    842.27
    802.84    770.60    740.84    712.93    690.12    673.71    663.20    657.46    658.12    667.58    681.78    696.33    711.77
    847.50    856.34    874.00    894.31    914.33    935.03    958.66    985.53   1014.42   1043.31   1068.92   1088.49   1101.31
   1109.79   1116.52   1121.77   1128.50   1135.45   1135.10   1132.23   1130.52   1129.14   1127.26   1128.30   1127.32   1122.96
   1114.34   1099.55   1082.82   1070.33   1057.45   1040.99   1023.36   1004.50    979.37    949.62    920.24    887.74    848.80
    809.62    774.56    742.50    713.99    689.60    672.11    661.46    656.70    656.98    659.55    665.30    678.94    708.14
    855.72    867.63    881.80    897.55    914.45    935.87    963.47    995.43   1028.96   1061.86   1090.99   1113.09   1128.70
   1140.63   1150.34   1160.86   1169.86   1169.98   1158.07   1146.94   1142.12   1136.76   1132.69   1129.82   1129.59   1130.64
   1127.99   1114.04   1092.98   1074.59   1061.17   1047.32   1031.65   1015.22    995.52    970.57    940.32    907.15    871.02
    826.99    782.52    745.34    716.59    696.47    681.50    671.40    665.57    659.32    651.06    649.21    670.26    711.03
    870.74    871.01    873.54    882.21    895.88    916.35    946.81    983.60   1023.74   1067.14   1103.04   1132.16   1157.05
   1175.16   1188.40   1198.34   1201.29   1189.56   1169.98   1154.38   1143.14   1136.34   1130.75   1128.41   1129.37   1130.40
   1133.58   1127.48   1107.77   1084.01   1067.74   1055.31   1040.67   1028.99   1016.33    995.67    969.49    938.39    899.78
    852.68    806.54    768.60    738.82    719.13    703.63    689.72    677.44    668.43    667.89    682.00    713.67    750.04
    887.29    877.89    871.27    870.46    875.04    892.74    929.00    974.70   1027.33   1079.30   1124.14   1161.26   1188.64
   1206.20   1217.11   1223.03   1219.05   1200.93   1176.67   1152.58   1138.43   1131.26   1123.02   1121.13   1122.52   1128.24
   1136.37   1137.04   1124.46   1104.92   1086.10   1069.09   1052.96   1042.07   1033.05   1018.22    996.31    965.47    926.69
    884.74    844.06    807.81    779.65    759.34    741.67    723.63    710.40    710.96    726.92    754.37    786.04    815.29
    912.59    896.34    883.40    874.64    872.86    889.23    928.17    991.03   1057.84   1111.77   1155.40   1189.05   1213.49
   1228.58   1234.91   1235.94   1228.09   1209.78   1180.87   1150.74   1133.70   1120.99   1108.43   1107.97   1114.50   1122.69
   1134.20   1138.75   1131.76   1116.66   1098.72   1080.22   1064.07   1051.42   1040.29   1029.21   1011.28    984.89    951.69
    917.20    884.47    854.75    829.47    809.20    792.48    779.66    774.56    783.30    806.03    833.09    856.18    876.94
    947.75    921.66    905.78    897.22    894.91    911.57    961.76   1032.28   1096.94   1146.27   1180.60   1208.79   1229.32
   1239.88   1245.44   1245.31   1235.30   1214.44   1182.43   1147.37   1120.40   1104.76   1092.38   1090.93   1105.72   1120.29
   1129.42   1131.70   1126.28   1115.65   1103.32   1089.02   1073.61   1057.72   1044.25   1033.87   1018.84    997.52    971.99
    945.34    919.81    895.51    874.39    858.87    849.32    844.69    849.23    864.45    883.87    901.91    915.82    926.36
    992.64    962.63    945.01    938.98    944.29    967.96   1019.39   1078.77   1132.89   1173.88   1200.16   1220.67   1235.47
   1244.00   1250.94   1250.78   1239.88   1216.46   1183.71   1144.53   1109.30   1087.05   1075.84   1080.08   1099.81   1113.99
   1120.07   1122.03   1121.62   1117.74   1108.88   1096.13   1080.92   1064.23   1049.56   1037.58   1024.95   1006.43    985.99
    965.85    946.65    928.32    916.48    909.54    907.28    912.11    922.69    934.52    945.46    955.34    961.49    963.84
   1045.02   1019.76   1004.41   1001.65   1012.05   1037.25   1079.87   1125.60   1162.75   1195.10   1214.99   1226.53   1237.06
   1242.12   1245.82   1245.14   1235.65   1214.58   1183.96   1147.59   1114.27   1090.51   1082.59   1086.92   1100.51   1112.14
   1113.68   1115.57   1121.63   1126.86   1118.58   1103.75   1089.06   1073.86   1056.64   1042.30   1029.36   1012.66    996.75
    985.76    975.46    966.77    962.89    960.72    962.06    967.46    975.19    982.78    988.34    991.85    993.88    993.95
   1095.04   1076.34   1068.84   1070.52   1081.05   1102.58   1130.17   1158.10   1183.20   1207.09   1222.81   1227.53   1231.56
   1233.64   1230.85   1226.26   1219.30   1204.29   1180.97   1154.73   1132.03   1116.52   1108.92   1108.27   1114.27   1120.55
   1117.43   1115.33   1123.39   1131.85   1128.47   1118.68   1104.55   1090.73   1074.79   1056.77   1041.75   1030.78   1021.54
   1015.11   1009.43   1006.29   1003.87   1001.25   1001.28   1004.27   1008.93   1014.60   1017.81   1018.93   1020.21   1021.57
   1135.06   1123.10   1119.87   1122.92   1132.17   1145.77   1161.55   1177.42   1193.12   1209.52   1221.00   1223.11   1221.32
   1218.78   1213.71   1205.04   1195.77   1185.94   1172.53   1157.69   1145.54   1138.59   1135.68   1134.21   1134.19   1131.43
   1126.74   1122.64   1128.52   1133.69   1133.74   1130.16   1121.39   1110.49   1097.01   1080.12   1065.92   1055.36   1044.67
   1036.95   1034.25   1033.08   1029.34   1026.01   1024.12   1023.92   1027.20   1032.30   1035.97   1037.24   1037.35   1037.94
   1161.75   1154.07   1153.84   1155.61   1158.08   1164.89   1175.35   1186.21   1196.64   1207.40   1214.53   1215.85   1210.12
   1201.43   1193.97   1186.21   1176.99   1168.93   1162.81   1156.69   1151.65   1148.75   1149.70   1151.24   1149.46   1142.82
   1138.77   1135.10   1133.59   1136.03   1136.39   1133.84   1129.86   1121.19   1107.15   1090.74   1073.92   1062.76   1057.70
   1052.46   1047.46   1044.09   1041.59   1037.06   1033.81   1032.99   1035.15   1038.51   1040.92   1040.76   1039.52   1037.22
   1174.55   1170.93   1167.65   1166.39   1164.71   1167.45   1175.72   1184.14   1193.65   1202.97   1208.30   1208.44   1201.87
   1189.61   1177.41   1169.93   1165.32   1161.18   1158.24   1157.66   1155.39   1151.30   1151.31   1155.06   1155.79   1150.56
   1140.93   1138.57   1142.48   1142.26   1137.04   1132.55   1127.60   1116.61   1103.08   1084.94   1069.07   1060.88   1058.35
   1053.39   1045.93   1043.05   1042.96   1038.86   1033.60   1033.30   1035.35   1036.13   1035.59   1033.15   1029.11   1022.34
   1170.55   1170.39   1171.28   1169.32   1164.56   1163.79   1169.29   1176.42   1184.30   1193.20   1199.83   1198.08   1190.23
   1180.12   1169.08   1162.56   1159.20   1156.18   1154.33   1156.36   1155.57   1151.77   1149.65   1150.69   1153.16   1148.77
   1139.87   1140.10   1144.01   1140.77   1135.90   1131.35   1122.62   1109.82   1093.36   1073.30   1057.80   1048.44   1042.41
   1036.62   1031.73   1030.84   1031.84   1032.84   1031.95   1029.09   1026.58   1025.86   1023.20   1018.70   1011.39    999.68
   1157.37   1161.72   1165.24   1166.00   1161.82   1159.21   1164.06   1169.67   1172.60   1176.72   1180.45   1177.91   1170.96
   1166.12   1162.84   1158.83   1156.60   1153.47   1150.86   1149.07   1147.58   1144.45   1142.07   1139.53   1138.73   1136.79
   1134.27   1133.90   1131.70   1126.81   1128.18   1126.36   1114.29   1097.88   1077.31   1056.14   1038.94   1025.88   1017.82
   1014.02   1012.73   1013.39   1015.33   1019.71   1022.51   1019.44   1013.76   1010.47   1005.94    998.27    986.98    974.80
   1139.34   1141.27   1145.94   1148.69   1149.53   1151.05   1154.22   1157.93   1159.31   1159.33   1158.81   1155.96   1151.07
   1147.81   1150.43   1154.27   1155.25   1151.45   1144.10   1136.74   1129.94   1126.13   1122.88   1120.17   1118.55   1116.25
   1116.96   1117.25   1110.03   1105.41   1105.57   1100.54   1089.09   1071.49   1054.99   1040.81   1023.08   1009.31   1001.41
    997.20    997.63    999.56   1001.49   1004.93   1007.00   1002.65    996.12    990.13    982.78    972.28    960.15    951.02
   1813.62   1813.51   1813.46   1813.45   1813.48   1813.53   1813.60   1813.69   1813.77   1813.84   1813.86   1813.82   1813.69
   1813.47   1813.18   1812.79   1812.33   1811.78   1811.19   1810.57   1809.93   1809.27   1808.61   1807.97   1807.37   1806.82
   1806.34   1805.94   1805.62   1805.40   1805.25   1805.18   1805.14   1805.14   1805.17   1805.22   1805.31   1805.43   1805.58
   1805.77   1806.01   1806.31   1806.69   1807.15   1807.67   1808.26   1808.90   1809.58   1810.28   1810.99   1811.69   1812.39
   1811.26   1812.66   1814.24   1815.97   1817.79   1819.60   1821.29   1822.78   1823.97   1824.85   1825.45   1825.79   1825.93
   1825.88   1825.61   1825.06   1824.17   1822.93   1821.34   1819.48   1817.47   1815.43   1813.48   1811.67   1810.04   1808.55
   1807.08   1805.51   1803.85   1802.28   1800.98   1800.12   1799.80   1799.97   1800.50   1801.30   1802.34   1803.62   1805.18
   1806.96   1809.06   1811.56   1814.39   1817.42   1820.47   1823.41   1826.21   1828.84   1831.23   1833.32   1835.08   1836.42
   1820.01   1822.83   1825.90   1829.13   1832.33   1835.28   1837.79   1839.59   1840.60   1841.05   1841.27   1841.54   1841.92
   1842.37   1842.78   1842.94   1842.68   1841.79   1840.07   1837.35   1833.59   1828.96   1823.92   1818.90   1814.07   1809.20
   1803.99   1798.60   1793.70   1790.06   1787.93   1787.08   1787.40   1788.90   1790.97   1793.16   1795.69   1798.49   1801.55
   1805.06   1809.45   1814.88   1820.94   1827.48   1834.31   1841.44   1848.51   1854.97   1860.58   1865.33   1869.17   1871.97
   1844.46   1847.28   1850.30   1853.05   1855.38   1857.08   1857.62   1856.87   1855.48   1854.28   1853.38   1852.69   1852.29
   1852.03   1851.76   1851.38   1850.72   1849.54   1847.62   1844.68   1840.58   1835.37   1829.16   1821.97   1813.78   1804.82
   1796.01   1788.29   1781.70   1775.91   1770.77   1766.50   1764.02   1763.78   1764.62   1765.85   1768.04   1771.44   1776.37
   1783.15   1791.96   1802.81   1814.81   1827.20   1840.77   1855.10   1868.46   1880.01   1889.66   1898.05   1905.18   1910.31
   1871.12   1871.81   1872.23   1872.05   1870.93   1869.15   1867.17   1865.11   1862.93   1860.49   1857.74   1854.79   1851.88
   1849.18   1846.67   1844.36   1842.24   1840.16   1837.83   1834.81   1830.94   1826.12   1820.32   1813.62   1806.34   1799.17
   1792.36   1785.35   1778.10   1770.80   1763.34   1755.92   1749.31   1744.46   1741.62   1740.32   1740.37   1742.85   1749.37
   1760.97   1776.09   1792.22   1808.38   1824.31   1840.85   1858.94   1877.16   1892.42   1905.66   1918.36   1929.21   1937.95
   1891.40   1887.60   1882.51   1876.90   1871.95   1867.87   1863.89   1859.63   1855.24   1850.85   1846.40   1841.92   1837.49
   1833.31   1829.66   1826.71   1824.42   1822.85   1821.73   1820.62   1819.63   1818.47   1816.62   1813.90   1810.34   1806.10
   1801.46   1796.35   1790.07   1782.30   1773.17   1763.38   1754.70   1748.16   1743.63   1740.74   1739.67   1741.12   1746.62
   1758.14   1774.70   1793.36   1812.99   1832.75   1851.86   1869.70   1886.60   1901.28   1914.50   1928.05   1940.01   1948.64
   1891.26   1878.51   1867.42   1858.65   1851.53   1845.08   1839.12   1833.96   1829.86   1826.92   1824.73   1822.49   1819.69
   1816.79   1814.59   1813.11   1812.33   1812.27   1812.00   1811.52   1812.27   1814.20   1816.78   1819.29   1820.82   1821.10
   1820.29   1817.85   1813.94   1809.19   1803.46   1796.21   1788.18   1780.64   1774.43   1769.48   1766.48   1767.55   1773.80
   1785.43   1800.93   1818.86   1838.39   1857.03   1873.05   1887.53   1901.46   1913.67   1923.85   1932.52   1941.26   1950.03
   1867.51   1850.65   1837.17   1828.49   1823.63   1821.69   1822.40   1824.49   1825.65   1825.63   1825.38   1825.62   1825.93
   1825.85   1825.88   1826.48   1827.50   1829.12   1829.94   1827.04   1822.08   1818.54   1817.23   1818.82   1825.27   1834.43
   1840.51   1842.26   1841.62   1840.17   1837.65   1833.78   1828.81   1823.47   1818.52   1813.97   1809.91   1809.37   1814.77
   1825.45   1840.23   1856.60   1870.59   1881.66   1892.37   1905.08   1917.16   1925.46   1931.37   1937.51   1944.54   1950.58
   1844.18   1833.11   1824.15   1818.05   1818.93   1825.99   1836.31   1847.91   1856.66   1862.82   1866.50   1866.78   1864.20
   1860.10   1858.11   1858.65   1859.15   1858.21   1856.63   1854.10   1849.86   1845.87   1842.52   1840.17   1840.45   1846.38
   1856.33   1864.89   1868.21   1868.11   1867.16   1865.40   1862.54   1858.78   1854.58   1850.50   1846.78   1844.53   1847.05
   1856.21   1869.26   1883.16   1894.89   1901.37   1907.00   1915.57   1923.79   1929.70   1934.88   1941.02   1947.82   1951.42
   1830.71   1825.42   1820.89   1822.42   1833.56   1849.58   1866.79   1880.22   1892.77   1905.21   1914.57   1919.77   1918.32
   1910.58   1902.10   1896.36   1893.46   1893.06   1890.47   1886.99   1885.73   1886.19   1886.48   1886.09   1885.65   1885.29
   1887.05   1894.10   1899.17   1897.77   1894.96   1891.94   1888.01   1883.20   1877.54   1871.17   1862.80   1858.97   1863.07
   1870.84   1881.06   1892.07   1897.84   1899.93   1904.99   1911.83   1918.36   1926.19   1934.20   1941.80   1947.56   1947.25
   1827.79   1827.27   1830.44   1838.19   1851.45   1868.65   1886.02   1901.08   1915.98   1930.84   1943.90   1953.24   1956.68
   1954.68   1949.48   1943.57   1940.00   1938.12   1934.83   1930.26   1927.73   1930.14   1934.06   1936.19   1934.20   1932.15
   1933.19   1934.67   1933.74   1928.51   1920.64   1912.29   1904.74   1896.36   1885.75   1871.66   1862.50   1864.69   1869.45
   1875.05   1880.54   1883.99   1883.95   1882.99   1884.07   1886.89   1892.57   1900.48   1909.14   1917.44   1923.85   1927.11
   1829.32   1835.57   1841.52   1846.68   1857.23   1875.50   1895.94   1912.81   1925.67   1939.33   1955.49   1970.14   1979.63
   1983.79   1985.32   1985.41   1983.71   1982.91   1982.71   1980.26   1979.14   1980.72   1983.55   1984.48   1982.46   1978.75
   1975.82   1970.56   1962.04   1951.79   1938.53   1926.30   1916.71   1904.31   1887.81   1869.01   1861.03   1863.85   1866.88
   1869.16   1869.11   1865.59   1858.53   1849.59   1845.26   1846.08   1848.43   1852.37   1858.58   1867.16   1876.01   1884.20
   1830.43   1846.26   1856.58   1861.03   1869.47   1886.59   1905.89   1921.75   1935.67   1951.15   1969.49   1986.59   1997.95
   2005.87   2013.78   2019.99   2022.94   2027.08   2032.15   2036.45   2040.07   2039.23   2036.54   2037.53   2040.82   2034.99
   2021.55   2003.75   1985.40   1968.58   1951.00   1937.08   1926.11   1910.03   1887.48   1868.35   1859.79   1856.57   1853.12
   1848.15   1842.00   1832.51   1818.64   1805.09   1797.41   1795.37   1795.05   1796.71   1801.86   1810.49   1821.55   1834.89
   1841.96   1856.96   1868.34   1877.79   1888.33   1900.72   1915.20   1932.95   1953.89   1976.71   1997.30   2012.12   2022.35
   2033.01   2044.38   2053.35   2063.07   2075.83   2087.12   2092.11   2096.86   2097.88   2090.70   2085.79   2084.31   2075.07
   2053.94   2030.06   2008.71   1987.55   1965.89   1948.03   1933.06   1912.50   1887.85   1870.86   1859.14   1844.68   1828.32
   1814.85   1802.20   1788.75   1775.82   1763.30   1751.24   1743.30   1741.22   1743.50   1751.46   1763.87   1778.80   1794.20
   1858.21   1866.42   1874.86   1886.50   1900.81   1915.86   1932.79   1955.21   1982.99   2010.15   2031.31   2047.73   2061.48
   2074.12   2086.93   2098.08   2110.16   2124.47   2138.15   2147.98   2149.15   2144.66   2132.97   2121.42   2110.14   2093.15
   2070.81   2049.60   2030.50   2010.52   1989.58   1967.62   1944.46   1916.93   1890.62   1873.46   1857.57   1836.16   1813.76
   1791.80   1768.38   1746.79   1731.08   1719.81   1710.15   1701.02   1695.30   1696.88   1707.33   1724.00   1742.70   1760.31
   1871.12   1875.11   1884.07   1900.10   1920.38   1942.45   1966.92   1993.54   2022.36   2050.89   2074.96   2095.41   2111.97
   2125.72   2139.13   2149.92   2162.11   2177.13   2189.38   2195.78   2193.22   2181.16   2164.22   2146.80   2128.22   2107.58
   2086.44   2067.86   2049.72   2030.76   2010.96   1987.56   1959.99   1929.07   1900.02   1877.48   1859.11   1838.36   1814.26
   1788.15   1758.82   1730.34   1708.67   1693.95   1683.49   1677.08   1675.76   1680.07   1689.09   1701.73   1717.62   1738.64
   1878.63   1884.61   1900.51   1921.29   1943.32   1966.90   1993.57   2024.82   2057.77   2090.22   2120.11   2144.38   2163.52
   2179.94   2194.49   2207.55   2218.62   2224.15   2228.73   2227.55   2216.10   2197.71   2177.75   2157.33   2139.04   2122.41
   2104.00   2082.51   2057.37   2034.27   2015.39   1997.08   1976.39   1950.97   1923.33   1896.05   1871.85   1850.38   1826.15
   1796.05   1764.36   1735.79   1711.36   1694.11   1684.83   1682.14   1682.73   1684.89   1688.94   1698.70   1717.91   1742.39
   1885.01   1893.77   1909.81   1927.41   1945.48   1968.60   2001.34   2039.89   2078.08   2115.16   2151.16   2182.54   2209.29
   2231.13   2247.41   2255.41   2257.26   2254.22   2247.50   2235.95   2215.44   2191.90   2171.87   2155.41   2143.80   2131.15
   2112.08   2085.51   2055.63   2030.15   2014.41   2004.76   1994.59   1981.74   1961.43   1934.42   1905.48   1877.15   1847.02
   1811.86   1775.51   1743.04   1718.01   1704.56   1701.71   1705.06   1708.64   1709.90   1714.54   1727.18   1751.13   1783.36
   1896.54   1899.28   1906.13   1916.31   1930.05   1954.91   1990.06   2032.66   2081.99   2127.78   2169.00   2207.79   2241.39
   2264.42   2276.69   2279.07   2275.38   2267.56   2250.46   2224.78   2194.60   2169.45   2152.41   2142.28   2134.47   2125.78
   2114.76   2094.82   2073.74   2053.78   2038.49   2026.96   2016.78   2009.30   1998.71   1979.07   1950.14   1914.86   1877.27
   1840.47   1802.73   1764.95   1739.03   1732.74   1737.54   1742.70   1744.80   1750.71   1764.84   1789.12   1822.80   1860.17
   1916.13   1910.31   1906.73   1908.08   1914.95   1937.37   1977.26   2028.64   2089.26   2145.01   2192.87   2233.02   2263.89
   2283.78   2290.84   2288.78   2281.68   2268.42   2242.89   2203.99   2167.00   2141.53   2123.00   2115.76   2113.29   2114.51
   2119.06   2117.45   2110.81   2099.19   2080.43   2057.05   2039.31   2029.99   2022.23   2008.46   1987.71   1958.00   1920.48
   1883.81   1849.05   1816.33   1793.33   1786.48   1789.23   1791.54   1796.33   1813.58   1839.36   1871.46   1906.95   1941.42
   1948.35   1930.55   1918.78   1913.10   1917.06   1939.03   1985.45   2051.46   2119.59   2176.99   2223.36   2257.42   2280.62
   2293.86   2295.47   2291.01   2282.67   2264.41   2230.26   2180.99   2138.60   2112.31   2092.80   2088.23   2095.11   2106.02
   2120.22   2131.05   2132.00   2125.30   2110.40   2088.68   2067.66   2053.00   2041.61   2029.37   2014.23   1992.53   1964.38
   1934.61   1906.78   1880.91   1862.72   1855.53   1856.32   1862.62   1881.10   1905.57   1932.55   1959.92   1986.90   2011.00
   1990.01   1961.63   1944.75   1938.49   1940.86   1965.46   2018.87   2088.65   2154.62   2208.03   2245.66   2271.40   2289.01
   2296.37   2295.42   2291.12   2281.62   2260.66   2220.64   2163.32   2114.04   2084.88   2069.43   2068.89   2086.62   2106.21
   2120.91   2133.64   2141.34   2140.86   2133.37   2120.75   2104.67   2085.52   2068.24   2056.12   2042.76   2025.95   2008.10
   1988.79   1968.83   1951.02   1939.38   1936.45   1942.67   1960.22   1982.38   2002.08   2022.32   2042.50   2059.64   2074.89
   2040.57   2010.37   1991.07   1984.42   1992.26   2025.61   2079.29   2138.45   2190.78   2231.34   2258.81   2278.08   2291.48
   2296.25   2294.20   2288.77   2276.73   2255.22   2217.23   2159.53   2105.45   2071.85   2059.76   2072.32   2098.10   2119.46
   2131.71   2141.86   2151.43   2157.76   2160.00   2155.73   2144.52   2128.34   2110.71   2096.40   2084.83   2073.50   2061.03
   2048.72   2037.24   2028.07   2024.10   2029.21   2040.49   2055.97   2068.47   2082.25   2095.98   2109.40   2120.79   2130.03
   2104.04   2073.94   2057.13   2055.22   2073.51   2108.76   2148.25   2188.51   2223.55   2246.80   2263.32   2278.21   2288.29
   2290.63   2286.54   2280.83   2269.72   2246.97   2214.20   2170.79   2122.51   2093.02   2090.33   2104.50   2122.68   2141.95
   2156.08   2167.04   2174.87   2182.19   2189.23   2190.53   2186.09   2176.31   2162.65   2147.17   2135.02   2126.98   2118.84
   2110.73   2103.76   2100.24   2101.52   2105.46   2113.02   2123.44   2133.36   2142.52   2151.33   2160.88   2167.85   2171.97
   2178.49   2148.24   2136.62   2139.61   2154.56   2175.55   2200.24   2223.76   2242.12   2250.56   2258.60   2271.39   2278.53
   2276.89   2269.97   2262.64   2253.93   2236.46   2210.69   2182.08   2155.15   2138.76   2138.74   2148.02   2160.50   2174.54
   2187.24   2197.08   2205.29   2214.16   2219.95   2223.21   2224.69   2221.01   2210.49   2195.28   2181.76   2172.93   2166.16
   2161.67   2158.43   2155.84   2154.73   2156.75   2162.47   2168.43   2174.45   2180.02   2185.97   2191.90   2194.57   2194.47
   2249.18   2222.67   2210.93   2208.73   2210.94   2219.83   2232.83   2241.82   2245.28   2245.01   2246.39   2253.11   2257.88
   2255.84   2249.10   2239.12   2228.33   2215.82   2201.31   2187.56   2177.79   2174.30   2178.54   2188.52   2198.46   2205.14
   2215.42   2226.30   2234.29   2241.35   2246.14   2252.07   2255.27   2252.31   2241.83   2227.82   2216.28   2207.23   2199.61
   2193.22   2188.67   2186.38   2187.19   2188.56   2189.44   2191.36   2194.89   2198.40   2200.80   2202.28   2202.46   2199.61
   2297.38   2275.19   2258.75   2249.88   2246.23   2247.52   2247.65   2243.19   2237.23   2232.87   2229.93   2230.16   2233.11
   2233.03   2225.82   2215.26   2203.66   2193.96   2189.55   2189.43   2188.33   2189.62   2196.11   2205.39   2213.89   2222.63
   2235.72   2245.38   2253.16   2260.37   2267.01   2271.25   2273.01   2268.36   2257.06   2243.89   2232.51   2222.73   2213.87
   2206.15   2200.37   2198.92   2200.54   2200.47   2198.82   2197.56   2197.88   2198.91   2199.51   2198.22   2195.53   2193.08
   2318.07   2298.82   2282.39   2269.72   2261.15   2255.29   2247.95   2234.94   2223.06   2217.66   2216.32   2218.72   2222.94
   2219.98   2207.67   2194.89   2185.25   2180.15   2182.81   2184.85   2182.61   2183.99   2190.80   2201.89   2214.62   2230.31
   2246.80   2256.87   2264.13   2272.27   2273.92   2273.10   2274.89   2269.23   2258.59   2245.56   2231.57   2221.04   2212.88
   2204.88   2197.68   2196.15   2198.24   2197.98   2194.66   2191.56   2189.50   2187.63   2186.11   2184.59   2182.41   2182.11
   2317.10   2301.62   2286.12   2271.41   2259.50   2249.84   2238.91   2223.95   2212.24   2207.65   2207.18   2211.49   2216.09
   2211.70   2198.66   2184.79   2177.37   2174.83   2175.57   2173.71   2173.64   2176.02   2181.94   2196.06   2214.64   2231.18
   2244.03   2256.16   2266.04   2271.66   2272.11   2270.54   2266.16   2258.20   2245.53   2229.40   2216.76   2207.89   2199.79
   2190.17   2182.25   2182.26   2186.84   2186.56   2182.34   2177.97   2173.40   2170.57   2170.64   2171.11   2171.61   2171.83
   2300.57   2287.90   2274.42   2260.99   2249.82   2239.35   2227.05   2214.57   2205.24   2198.96   2196.61   2198.09   2198.92
   2195.94   2188.83   2179.76   2173.82   2169.92   2166.44   2162.74   2164.37   2168.93   2177.36   2191.42   2206.97   2220.23
   2230.99   2242.28   2253.19   2259.18   2260.00   2256.17   2248.22   2237.14   2222.85   2205.69   2191.71   2181.72   2174.23
   2164.63   2160.24   2162.50   2165.80   2165.15   2162.62   2160.85   2158.10   2155.51   2154.73   2155.58   2157.48   2160.17
   2276.82   2267.67   2258.66   2248.28   2237.08   2226.43   2215.50   2205.13   2196.80   2191.74   2187.78   2185.32   2181.91
   2176.04   2167.57   2159.51   2156.65   2153.10   2150.36   2147.22   2149.14   2159.51   2169.89   2181.64   2193.93   2204.17
   2211.96   2221.52   2231.89   2236.81   2235.85   2231.07   2220.42   2206.90   2194.61   2180.27   2164.43   2154.05   2147.77
   2142.58   2141.76   2144.77   2146.54   2145.45   2146.13   2147.23   2144.77   2139.17   2135.76   2140.12   2147.91   2154.05
   2549.71   2549.94   2550.17   2550.37   2550.54   2550.67   2550.77   2550.85   2550.92   2551.01   2551.13   2551.28   2551.43
   2551.56   2551.60   2551.56   2551.43   2551.22   2550.93   2550.58   2550.20   2549.81   2549.43   2549.06   2548.73   2548.47
   2548.26   2548.12   2548.04   2548.03   2548.13   2548.34   2548.67   2549.13   2549.70   2550.36   2551.08   2551.81   2552.54
   2553.26   2553.99   2554.76   2555.57   2556.43   2557.36   2558.33   2559.32   2560.29   2561.22   2562.07   2562.84   2563.50
   2550.64   2552.28   2554.06   2555.95   2557.87   2559.72   2561.43   2562.90   2564.07   2564.97   2565.57   2565.86   2565.80
   2565.43   2564.79   2563.90   2562.80   2561.60   2560.38   2559.21   2558.15   2557.18   2556.24   2555.29   2554.33   2553.41
   2552.55   2551.69   2550.85   2550.18   2549.94   2550.41   2551.58   2553.22   2555.12   2557.27   2559.70   2562.32   2565.05
   2567.87   2570.86   2574.12   2577.63   2581.30   2584.97   2588.53   2591.87   2594.94   2597.71   2600.08   2601.95   2603.26
   2560.46   2564.32   2568.01   2571.37   2574.37   2577.07   2579.46   2581.47   2582.94   2583.66   2583.72   2583.52   2583.35
   2583.17   2582.80   2582.08   2580.88   2579.18   2577.02   2574.50   2571.82   2569.15   2566.47   2563.59   2560.31   2556.59
   2552.49   2548.41   2545.02   2542.67   2541.44   2541.51   2543.17   2546.39   2550.43   2554.61   2558.91   2563.37   2568.07
   2573.29   2579.31   2586.16   2593.36   2600.67   2607.91   2614.79   2621.05   2626.66   2631.86   2636.72   2640.92   2644.27
   2585.98   2590.59   2594.34   2597.28   2599.51   2601.17   2602.32   2602.76   2602.25   2600.98   2599.68   2598.94   2598.59
   2598.23   2597.70   2597.02   2596.11   2594.72   2592.51   2589.26   2585.15   2580.56   2575.58   2570.14   2563.99   2557.22
   2550.66   2544.99   2539.46   2533.20   2526.79   2521.49   2518.48   2518.71   2521.91   2526.96   2533.61   2541.63   2550.60
   2560.59   2571.78   2584.48   2597.64   2610.48   2623.15   2635.16   2646.26   2656.51   2665.72   2673.42   2679.20   2683.06
   2613.44   2614.78   2615.62   2615.97   2615.80   2614.87   2613.28   2611.40   2609.42   2607.49   2605.66   2603.72   2601.68
   2599.71   2598.09   2596.92   2596.06   2595.21   2593.86   2591.50   2588.09   2583.80   2578.67   2572.92   2567.30   2562.33
   2557.49   2551.78   2544.39   2535.07   2524.50   2514.42   2506.82   2502.35   2500.70   2501.58   2505.33   2513.16   2525.83
   2542.34   2560.74   2580.28   2600.26   2619.29   2637.36   2654.70   2670.98   2685.54   2697.75   2707.49   2715.21   2721.15
   2631.45   2628.88   2625.38   2621.31   2616.85   2612.27   2607.92   2604.13   2601.20   2599.20   2597.85   2596.78   2595.81
   2594.99   2594.48   2594.41   2594.61   2594.95   2595.31   2595.68   2595.73   2594.98   2593.12   2590.11   2586.23   2582.06
   2577.77   2572.72   2566.09   2557.25   2545.71   2532.62   2520.86   2512.72   2508.13   2506.52   2508.33   2514.65   2527.08
   2546.58   2570.13   2594.45   2620.25   2645.70   2668.76   2689.21   2707.17   2722.73   2735.68   2746.13   2754.41   2760.64
   2630.44   2621.44   2613.82   2607.46   2602.09   2597.82   2595.17   2594.35   2595.05   2596.35   2597.75   2599.07   2599.88
   2600.35   2601.23   2602.44   2603.64   2605.47   2608.14   2610.59   2612.45   2613.94   2615.58   2617.48   2618.78   2618.08
   2614.24   2608.42   2601.78   2594.39   2586.21   2576.69   2566.29   2556.50   2548.85   2544.50   2544.74   2551.63   2566.28
   2587.91   2611.88   2637.62   2664.90   2689.02   2710.21   2729.88   2746.88   2760.45   2771.86   2782.18   2790.78   2796.09
   2609.29   2599.67   2595.46   2594.62   2595.80   2599.12   2604.47   2610.09   2614.44   2616.99   2618.64   2620.71   2623.02
   2624.79   2625.25   2625.62   2628.54   2634.66   2640.59   2642.91   2643.02   2642.62   2641.95   2641.97   2644.58   2650.09
   2654.87   2654.36   2648.47   2640.33   2631.84   2623.22   2614.86   2607.61   2602.42   2599.79   2600.88   2608.14   2621.92
   2641.72   2665.78   2689.83   2710.18   2728.41   2746.64   2764.28   2779.67   2791.51   2800.57   2808.79   2816.08   2820.85
   2594.25   2593.00   2591.87   2592.79   2598.63   2608.47   2620.18   2632.74   2643.59   2650.61   2654.09   2657.21   2659.61
   2660.47   2659.89   2660.41   2664.10   2670.11   2677.96   2684.28   2686.04   2683.66   2678.88   2674.83   2674.17   2677.28
   2684.34   2691.43   2692.40   2686.35   2676.93   2666.82   2657.61   2650.43   2646.21   2645.17   2646.86   2652.18   2665.24
   2685.35   2707.46   2728.12   2744.64   2757.56   2769.96   2783.04   2796.06   2807.59   2816.83   2824.61   2831.48   2835.48
   2587.69   2588.27   2588.39   2594.61   2608.59   2625.35   2642.46   2658.07   2672.76   2685.93   2696.92   2702.37   2701.19
   2699.30   2698.04   2699.19   2704.00   2710.03   2713.15   2714.82   2719.50   2724.25   2727.85   2730.21   2730.22   2728.84
   2728.22   2730.83   2733.53   2729.39   2718.81   2705.25   2692.22   2682.64   2677.47   2674.01   2671.04   2678.20   2694.97
   2712.99   2731.42   2746.62   2756.21   2764.02   2773.92   2786.15   2799.05   2810.85   2821.24   2830.00   2836.78   2839.96
   2582.92   2586.75   2592.79   2603.75   2620.78   2641.69   2661.79   2679.71   2697.38   2714.68   2729.85   2741.22   2748.87
   2752.65   2754.65   2757.03   2760.15   2761.36   2760.33   2761.10   2766.08   2775.88   2786.09   2790.57   2788.66   2785.81
   2784.27   2781.68   2776.68   2766.93   2751.23   2732.80   2715.65   2702.03   2691.92   2683.75   2685.06   2697.55   2711.09
   2725.19   2738.10   2745.33   2747.22   2751.61   2760.24   2770.16   2779.88   2789.90   2800.37   2811.25   2821.13   2827.92
   2581.36   2594.04   2601.77   2608.48   2623.75   2647.34   2672.54   2694.15   2712.89   2732.25   2752.11   2771.12   2786.70
   2797.31   2805.67   2812.44   2815.91   2817.98   2820.01   2823.20   2831.36   2841.58   2849.34   2851.37   2848.24   2844.89
   2840.30   2829.12   2813.53   2795.04   2773.84   2751.54   2730.83   2713.72   2700.17   2692.01   2695.74   2705.34   2714.88
   2723.52   2728.97   2728.33   2722.49   2720.82   2724.58   2730.50   2736.73   2744.44   2754.28   2766.55   2780.45   2792.96
   2580.90   2601.13   2615.98   2625.57   2637.55   2659.26   2685.64   2710.23   2732.70   2754.31   2776.86   2798.45   2814.98
   2828.37   2840.30   2850.70   2860.57   2872.43   2883.98   2894.63   2905.75   2914.36   2917.43   2916.34   2914.26   2906.98
   2892.02   2869.51   2843.52   2817.22   2791.22   2765.73   2742.72   2723.28   2706.16   2697.89   2699.86   2703.04   2706.14
   2708.91   2706.64   2698.19   2686.81   2680.68   2681.16   2684.57   2688.37   2693.33   2701.84   2713.22   2728.89   2745.64
   2590.44   2611.19   2629.41   2645.79   2661.17   2679.78   2702.49   2728.73   2757.48   2788.07   2815.41   2835.57   2849.63
   2863.98   2880.01   2895.51   2912.21   2932.82   2953.91   2970.24   2978.47   2978.23   2974.26   2971.58   2966.29   2951.45
   2926.11   2895.66   2865.99   2837.46   2808.67   2781.03   2756.23   2732.67   2711.74   2702.27   2698.81   2694.25   2686.86
   2681.85   2675.77   2662.25   2651.37   2644.12   2639.80   2637.85   2639.24   2644.86   2655.74   2671.29   2689.56   2708.18
   2605.96   2621.05   2636.06   2654.37   2675.57   2698.88   2724.79   2755.27   2791.67   2827.48   2856.53   2879.84   2898.73
   2916.81   2936.25   2954.45   2973.62   2998.50   3023.72   3039.93   3042.48   3034.90   3024.64   3012.97   2997.33   2973.07
   2941.96   2912.12   2885.55   2859.14   2833.79   2807.17   2777.26   2745.98   2718.81   2705.13   2698.36   2689.84   2677.57
   2661.67   2645.67   2628.77   2615.86   2607.62   2601.38   2595.88   2593.62   2597.99   2611.77   2632.51   2656.31   2680.99
   2620.09   2630.10   2645.16   2669.20   2698.26   2729.31   2764.10   2803.80   2844.52   2881.48   2913.73   2940.83   2963.33
   2983.58   3003.75   3026.09   3049.70   3070.70   3087.72   3094.11   3090.80   3079.92   3059.78   3035.60   3010.04   2980.93
   2952.11   2926.79   2902.77   2879.36   2857.87   2834.20   2803.33   2767.82   2735.61   2714.37   2703.65   2695.70   2683.36
   2663.51   2638.00   2615.99   2599.39   2588.66   2581.78   2577.94   2578.01   2582.64   2595.81   2617.44   2642.90   2670.48
   2627.55   2640.55   2665.21   2695.76   2729.13   2764.09   2803.00   2848.33   2894.91   2938.44   2976.26   3006.44   3030.78
   3054.78   3079.68   3104.11   3121.36   3127.89   3128.73   3126.13   3116.81   3095.46   3065.79   3035.77   3008.12   2984.41
   2963.05   2939.77   2913.91   2888.87   2867.10   2847.71   2826.74   2800.10   2772.09   2746.53   2727.08   2715.57   2701.01
   2677.11   2649.07   2624.69   2605.61   2593.74   2588.82   2589.14   2593.25   2600.93   2613.53   2634.16   2661.93   2691.90
   2631.12   2650.16   2678.16   2708.15   2740.76   2778.04   2825.31   2872.86   2919.84   2967.32   3013.74   3053.96   3090.92
   3123.81   3148.35   3163.96   3168.64   3162.00   3151.67   3139.73   3115.42   3080.65   3046.57   3019.68   3001.02   2986.33
   2969.37   2945.98   2918.71   2893.09   2874.51   2862.30   2851.91   2840.72   2824.88   2803.71   2779.30   2754.68   2728.48
   2699.17   2668.41   2639.24   2616.72   2606.75   2609.20   2618.74   2630.72   2641.40   2656.00   2680.42   2712.18   2746.39
   2640.80   2657.11   2677.97   2703.51   2737.32   2779.13   2828.16   2883.56   2943.16   3000.55   3046.85   3089.66   3135.80
   3169.89   3188.81   3197.01   3194.16   3183.35   3167.30   3138.41   3093.84   3045.49   3014.27   2998.92   2991.12   2986.53
   2977.14   2961.22   2944.05   2926.53   2911.37   2897.63   2885.64   2880.98   2876.03   2863.41   2840.87   2810.39   2776.59
   2741.27   2705.85   2668.94   2642.88   2641.30   2651.96   2670.39   2686.17   2700.09   2722.88   2755.54   2790.64   2825.46
   2662.57   2668.73   2680.88   2700.34   2728.17   2768.52   2826.51   2900.65   2976.25   3043.14   3093.87   3138.66   3178.95
   3202.92   3212.43   3210.31   3204.01   3195.37   3172.06   3126.05   3064.06   3009.50   2984.28   2978.26   2980.10   2985.39
   2989.61   2990.66   2988.17   2980.27   2966.55   2946.11   2927.64   2918.79   2914.38   2905.41   2890.95   2869.94   2839.98
   2806.27   2771.70   2736.03   2712.17   2710.11   2722.21   2739.15   2757.59   2784.98   2818.82   2851.36   2882.59   2909.52
   2694.89   2689.31   2694.84   2706.92   2733.01   2777.26   2845.75   2929.01   3015.09   3087.53   3139.55   3179.48   3209.28
   3224.58   3224.95   3215.96   3207.85   3197.63   3166.05   3107.30   3033.34   2984.28   2964.50   2964.30   2975.93   2991.99
   3006.92   3018.96   3025.11   3023.76   3014.70   2998.72   2982.02   2968.63   2958.91   2950.88   2940.20   2924.46   2904.65
   2881.79   2856.82   2833.00   2817.71   2813.66   2822.38   2840.13   2865.47   2897.10   2930.47   2955.15   2973.92   2987.62
   2739.16   2726.29   2726.63   2737.25   2761.60   2807.78   2882.86   2977.25   3064.50   3128.55   3170.75   3201.13   3220.06
   3228.61   3225.48   3216.25   3205.75   3192.03   3157.90   3087.61   3010.84   2972.05   2954.92   2960.58   2987.27   3014.87
   3033.54   3049.68   3062.08   3068.79   3068.17   3060.12   3048.00   3036.21   3022.50   3010.87   3002.91   2992.95   2981.00
   2967.85   2955.03   2943.95   2937.55   2939.02   2949.36   2968.24   2991.68   3014.43   3035.54   3050.29   3056.64   3058.49
   2808.98   2785.03   2782.31   2794.62   2821.97   2877.29   2953.60   3036.46   3104.96   3154.48   3184.29   3203.91   3217.86
   3225.86   3223.76   3215.12   3201.31   3182.76   3150.78   3082.64   3011.12   2973.54   2964.73   2985.58   3021.24   3050.44
   3070.75   3087.98   3104.18   3117.29   3125.44   3125.50   3118.45   3107.91   3096.26   3086.33   3079.21   3073.99   3069.31
   3063.48   3057.71   3054.13   3053.63   3058.26   3067.93   3082.07   3097.55   3112.45   3124.91   3130.66   3129.23   3123.67
   2914.50   2884.38   2873.39   2884.42   2918.35   2974.67   3035.35   3089.12   3134.79   3164.81   3182.18   3195.64   3212.20
   3222.66   3220.29   3212.00   3199.19   3178.64   3147.87   3100.58   3046.45   3013.46   3018.88   3042.23   3069.12   3093.11
   3114.54   3132.29   3147.68   3163.33   3177.00   3183.20   3181.10   3174.16   3166.91   3159.86   3154.69   3152.63   3152.05
   3150.11   3147.14   3145.04   3145.68   3150.97   3159.85   3169.80   3177.99   3185.58   3191.49   3193.36   3188.74   3177.87
   3024.59   3005.23   2992.94   2994.49   3019.87   3060.06   3100.75   3129.95   3152.22   3164.64   3173.63   3186.54   3203.35
   3211.29   3208.18   3203.15   3194.66   3178.17   3152.80   3122.58   3094.65   3078.23   3082.96   3099.96   3121.98   3143.17
   3161.41   3177.05   3190.13   3204.44   3219.40   3230.14   3233.99   3232.41   3228.20   3222.99   3219.63   3218.73   3217.95
   3215.95   3213.71   3213.30   3215.38   3219.33   3224.71   3229.69   3234.95   3240.17   3243.28   3241.85   3234.12   3219.86
   3113.17   3099.48   3090.98   3091.79   3104.34   3123.50   3141.27   3151.92   3157.15   3158.77   3162.88   3172.67   3185.13
   3191.05   3187.89   3183.08   3177.31   3167.31   3152.88   3136.59   3124.98   3122.16   3129.85   3147.89   3169.63   3187.11
   3201.13   3215.76   3227.95   3241.87   3256.41   3269.13   3276.37   3277.70   3275.61   3272.70   3270.64   3269.77   3267.33
   3263.24   3259.65   3258.66   3260.83   3263.26   3265.53   3268.08   3271.08   3272.50   3271.81   3268.13   3259.52   3245.31
   3174.10   3164.48   3157.40   3156.02   3158.74   3162.95   3165.09   3160.99   3153.54   3149.28   3150.28   3153.88   3160.12
   3164.81   3164.69   3160.59   3155.31   3149.36   3143.45   3140.89   3142.24   3147.84   3158.34   3174.92   3192.75   3208.49
   3226.81   3248.53   3265.49   3276.96   3286.16   3295.88   3303.31   3306.29   3306.63   3305.16   3303.30   3299.92   3293.99
   3286.75   3281.66   3281.70   3284.32   3285.95   3287.48   3288.58   3287.91   3284.87   3279.22   3273.02   3265.04   3254.38
   3204.06   3198.74   3194.38   3191.12   3187.92   3181.88   3172.72   3159.57   3144.25   3136.61   3135.19   3136.18   3141.12
   3144.00   3142.75   3139.67   3135.58   3131.54   3133.45   3141.91   3150.74   3159.34   3170.46   3187.01   3206.70   3230.99
   3256.83   3275.93   3289.44   3298.51   3307.31   3313.41   3316.73   3319.60   3319.51   3317.89   3315.06   3308.94   3300.58
   3292.02   3287.39   3286.99   3289.46   3292.21   3293.93   3294.39   3292.94   3288.64   3281.85   3273.77   3265.50   3258.17
   3214.30   3211.30   3208.04   3203.42   3195.26   3184.12   3171.06   3153.57   3134.37   3124.78   3122.12   3123.63   3131.26
   3134.66   3131.31   3124.52   3119.58   3121.42   3131.13   3144.66   3157.64   3169.41   3183.03   3202.92   3229.49   3253.35
   3274.11   3288.50   3298.36   3305.28   3312.97   3317.70   3319.20   3319.60   3317.85   3315.07   3310.45   3302.13   3291.59
   3282.93   3279.28   3279.03   3281.23   3284.99   3288.64   3290.95   3291.35   3288.71   3282.57   3274.12   3266.07   3258.77
   3208.43   3206.36   3202.63   3196.91   3188.13   3176.84   3165.38   3150.33   3131.79   3121.74   3119.55   3118.41   3120.95
   3121.68   3116.91   3109.75   3105.79   3113.66   3129.70   3148.63   3167.67   3184.29   3202.50   3222.38   3244.32   3262.64
   3277.66   3286.99   3293.42   3297.60   3302.13   3306.28   3308.59   3307.56   3304.05   3298.44   3292.71   3285.05   3273.93
   3264.76   3260.79   3259.35   3259.56   3263.70   3271.82   3278.33   3280.36   3278.30   3272.72   3264.58   3256.81   3249.50
   3188.39   3183.98   3180.80   3177.34   3171.98   3164.98   3158.38   3153.02   3145.74   3137.92   3131.19   3121.59   3114.18
   3108.54   3094.71   3083.20   3084.11   3103.19   3136.48   3164.71   3180.10   3194.81   3214.16   3229.83   3245.09   3258.16
   3267.54   3274.88   3278.94   3280.26   3281.59   3284.96   3288.20   3288.71   3284.03   3276.48   3270.98   3265.61   3256.29
   3246.14   3238.87   3236.10   3238.79   3245.03   3253.46   3261.21   3263.63   3260.72   3253.72   3244.66   3236.98   3231.07
   3391.58   3391.96   3392.29   3392.59   3392.81   3392.95   3393.02   3393.02   3392.95   3392.83   3392.67   3392.50   3392.29
   3392.03   3391.70   3391.29   3390.80   3390.21   3389.52   3388.77   3387.99   3387.22   3386.46   3385.75   3385.10   3384.53
   3384.07   3383.72   3383.48   3383.35   3383.32   3383.42   3383.66   3384.05   3384.59   3385.28   3386.08   3386.98   3387.98
   3389.04   3390.17   3391.36   3392.59   3393.84   3395.07   3396.26   3397.38   3398.40   3399.29   3400.03   3400.62   3401.04
   3397.85   3399.23   3400.64   3402.05   3403.41   3404.69   3405.90   3406.94   3407.74   3408.21   3408.29   3408.00   3407.43
   3406.61   3405.51   3404.09   3402.36   3400.48   3398.60   3396.78   3395.08   3393.48   3392.01   3390.63   3389.34   3388.11
   3386.94   3385.84   3384.99   3384.70   3385.20   3386.36   3387.90   3389.82   3392.22   3395.08   3398.32   3401.76   3405.29
   3408.85   3412.46   3416.13   3419.78   3423.41   3426.97   3430.43   3433.76   3436.84   3439.61   3442.02   3444.02   3445.60
   3413.70   3417.81   3421.66   3424.94   3427.49   3429.25   3430.26   3430.73   3430.94   3431.13   3431.21   3430.91   3430.10
   3428.82   3427.07   3424.71   3421.57   3417.74   3413.62   3409.60   3405.91   3402.52   3399.38   3396.47   3393.49   3390.08
   3386.35   3382.87   3380.14   3378.00   3376.14   3374.94   3375.01   3376.61   3379.77   3384.30   3389.83   3396.14   3403.04
   3410.42   3418.13   3425.89   3433.54   3441.12   3448.52   3455.46   3461.72   3467.31   3472.37   3477.00   3481.24   3485.17
   3443.86   3449.05   3452.81   3455.40   3457.32   3458.64   3459.22   3459.02   3458.29   3457.19   3455.69   3453.76   3451.45
   3448.64   3445.19   3441.29   3437.19   3432.89   3428.28   3423.27   3417.96   3412.70   3407.73   3402.58   3396.97   3391.49
   3386.17   3380.55   3373.98   3366.04   3357.39   3350.10   3346.04   3345.46   3348.10   3353.45   3360.98   3370.52   3382.00
   3395.12   3409.30   3424.01   3438.51   3451.91   3464.31   3476.13   3487.30   3497.47   3506.36   3513.63   3519.12   3523.20
   3475.55   3476.61   3477.08   3477.53   3477.91   3477.82   3477.06   3475.55   3473.08   3469.47   3464.97   3460.11   3455.27
   3450.70   3446.63   3443.21   3440.42   3437.93   3435.20   3431.73   3427.54   3423.00   3418.04   3412.46   3406.79   3401.82
   3396.85   3390.08   3380.78   3368.94   3355.17   3342.49   3333.26   3327.55   3325.44   3327.40   3333.70   3344.54   3359.84
   3378.27   3397.75   3418.54   3441.53   3464.46   3485.57   3505.04   3522.39   3537.10   3549.35   3559.13   3566.13   3570.12
   3498.07   3495.41   3492.46   3489.37   3485.96   3482.11   3477.90   3473.72   3469.93   3466.94   3465.00   3463.93   3463.46
   3463.28   3463.13   3462.79   3462.05   3460.97   3459.72   3458.09   3455.81   3452.70   3448.68   3443.66   3437.46   3429.91
   3421.82   3414.02   3405.47   3394.55   3380.39   3364.25   3349.56   3338.77   3332.39   3330.58   3334.16   3344.41   3361.83
   3385.82   3412.34   3439.74   3470.57   3501.32   3528.11   3550.60   3569.28   3584.97   3598.24   3609.12   3617.06   3621.49
   3503.09   3496.47   3490.96   3486.29   3482.76   3480.23   3479.45   3480.78   3483.24   3485.74   3488.15   3490.20   3491.76
   3493.37   3494.67   3494.45   3493.24   3492.51   3492.51   3492.70   3492.83   3492.59   3491.95   3490.82   3488.27   3482.56
   3472.98   3460.40   3447.19   3434.84   3422.86   3410.07   3396.12   3382.52   3372.36   3368.40   3372.72   3385.90   3406.08
   3431.40   3460.54   3493.12   3525.22   3553.42   3578.84   3601.42   3620.59   3636.13   3648.42   3657.69   3663.66   3665.22
   3491.73   3487.26   3486.00   3487.31   3491.17   3496.73   3503.14   3508.54   3512.18   3515.13   3517.88   3520.28   3521.51
   3521.52   3520.32   3517.52   3516.26   3520.69   3527.15   3532.21   3535.01   3536.67   3537.17   3535.37   3532.66   3531.43
   3530.11   3524.82   3513.53   3497.12   3477.53   3458.60   3443.92   3432.92   3425.58   3424.00   3429.82   3443.21   3463.91
   3492.11   3523.25   3552.40   3577.84   3600.48   3621.83   3641.81   3659.50   3673.40   3683.46   3690.72   3695.13   3696.17
   3484.39   3485.56   3487.36   3491.06   3497.62   3507.74   3519.40   3530.37   3539.24   3544.11   3547.43   3553.05   3556.98
   3555.41   3549.15   3542.78   3544.37   3554.47   3566.07   3575.50   3582.43   3586.05   3586.35   3583.30   3579.38   3577.44
   3577.02   3576.52   3571.31   3558.60   3538.47   3512.51   3489.28   3475.73   3469.80   3469.37   3475.59   3490.74   3515.90
   3544.53   3571.32   3595.02   3613.99   3630.31   3646.53   3662.72   3677.59   3689.79   3699.14   3706.11   3710.70   3712.54
   3475.66   3479.63   3483.45   3489.45   3501.10   3516.21   3532.16   3547.81   3560.27   3570.48   3579.43   3584.91   3588.69
   3589.06   3585.30   3583.99   3590.54   3603.00   3612.25   3617.68   3625.29   3630.34   3632.46   3635.72   3639.37   3639.18
   3635.03   3629.58   3621.32   3606.64   3585.10   3557.08   3528.38   3509.09   3500.24   3499.00   3507.23   3526.77   3551.29
   3576.88   3601.03   3617.51   3626.94   3637.51   3653.76   3670.51   3684.12   3695.13   3703.35   3709.02   3713.21   3715.57
   3466.51   3474.01   3481.33   3491.88   3507.67   3527.20   3545.98   3563.09   3580.75   3598.45   3613.75   3625.70   3633.81
   3639.26   3644.37   3651.45   3658.55   3663.93   3667.98   3673.45   3680.23   3689.29   3699.93   3706.74   3706.43   3701.33
   3694.72   3684.91   3669.87   3646.99   3617.28   3583.10   3551.29   3528.29   3516.49   3517.47   3530.72   3549.11   3567.89
   3587.84   3605.80   3615.29   3617.88   3624.55   3638.46   3652.25   3662.49   3671.42   3679.98   3687.93   3694.87   3699.58
   3472.09   3485.84   3493.37   3500.50   3514.83   3536.34   3560.30   3583.13   3605.73   3628.56   3649.85   3667.79   3681.88
   3694.09   3705.42   3714.48   3721.06   3728.89   3737.10   3742.77   3751.72   3765.23   3776.32   3778.85   3772.03   3761.70
   3752.13   3736.07   3710.10   3675.71   3635.97   3596.63   3562.64   3538.02   3527.73   3531.38   3544.27   3557.44   3569.52
   3584.37   3596.43   3597.86   3590.65   3590.59   3598.83   3606.23   3614.12   3621.66   3629.59   3639.74   3651.22   3662.20
   3487.66   3511.37   3525.16   3531.12   3539.37   3557.95   3584.74   3612.73   3638.15   3661.19   3683.41   3704.09   3721.54
   3736.64   3748.09   3759.35   3774.87   3791.52   3804.93   3818.39   3836.70   3850.94   3853.06   3844.26   3832.64   3820.93
   3801.77   3772.73   3734.60   3690.69   3646.83   3606.50   3570.80   3547.54   3537.74   3540.26   3548.33   3552.83   3558.59
   3568.47   3574.57   3570.48   3556.29   3549.38   3553.59   3557.44   3562.29   3569.42   3576.49   3586.46   3601.08   3616.21
   3505.32   3529.03   3546.13   3558.65   3571.54   3590.16   3615.03   3642.13   3670.09   3699.78   3726.78   3747.98   3763.05
   3777.32   3792.04   3808.89   3830.44   3855.27   3880.51   3903.73   3919.21   3920.53   3912.64   3900.51   3885.49   3863.91
   3830.87   3789.20   3743.57   3699.54   3660.54   3622.65   3585.28   3558.96   3544.49   3543.00   3545.60   3540.25   3532.40
   3533.45   3537.79   3533.16   3522.64   3513.77   3510.73   3510.41   3512.10   3518.65   3529.33   3543.69   3561.23   3580.07
   3523.26   3538.05   3552.16   3568.73   3589.65   3614.24   3641.45   3671.71   3707.05   3743.05   3772.85   3796.20   3814.43
   3831.59   3851.19   3874.40   3902.01   3934.22   3963.83   3981.29   3983.68   3972.49   3959.83   3944.53   3918.57   3882.75
   3838.89   3791.44   3749.70   3713.60   3680.10   3646.65   3608.25   3573.60   3550.21   3539.55   3538.93   3533.06   3518.73
   3504.57   3496.41   3487.64   3478.54   3472.47   3468.36   3465.75   3464.93   3469.54   3484.48   3506.10   3527.80   3549.64
   3543.56   3551.04   3564.32   3587.54   3617.29   3650.07   3686.63   3730.84   3777.49   3817.10   3848.69   3872.33   3888.61
   3907.04   3935.28   3969.41   4000.01   4022.67   4036.98   4037.93   4025.43   4011.68   3992.94   3962.80   3923.19   3876.59
   3829.55   3790.02   3756.68   3724.95   3697.10   3670.92   3637.30   3597.15   3565.23   3544.13   3536.53   3534.27   3524.11
   3505.73   3484.17   3466.26   3455.60   3451.62   3449.43   3447.91   3450.63   3459.11   3476.14   3500.30   3525.16   3546.84
   3555.53   3565.17   3589.73   3621.66   3656.20   3696.09   3743.63   3794.18   3844.16   3890.00   3928.60   3958.58   3980.17
   4001.70   4030.16   4059.94   4081.60   4090.62   4090.25   4075.71   4053.97   4029.18   3992.63   3946.94   3899.03   3855.52
   3820.69   3791.17   3761.37   3733.40   3709.99   3689.15   3665.53   3636.59   3608.31   3584.56   3566.25   3555.87   3543.20
   3523.67   3501.58   3479.48   3465.74   3460.72   3460.87   3464.49   3471.06   3482.52   3500.51   3525.99   3557.62   3589.32
   3561.24   3579.33   3608.86   3640.25   3676.60   3725.38   3780.11   3832.30   3884.33   3938.64   3986.74   4026.06   4058.19
   4086.31   4108.25   4125.49   4135.51   4134.33   4123.11   4098.74   4064.01   4016.48   3961.80   3908.07   3868.21   3841.75
   3820.51   3796.88   3770.84   3746.22   3725.90   3709.56   3694.98   3681.99   3667.43   3650.19   3629.68   3606.47   3580.26
   3554.52   3528.08   3501.08   3481.37   3474.84   3482.86   3496.75   3513.24   3531.54   3553.64   3584.32   3621.88   3659.99
   3570.43   3588.32   3612.26   3646.05   3689.75   3738.57   3795.33   3859.30   3918.14   3976.62   4033.50   4079.13   4117.40
   4147.98   4164.34   4172.70   4173.61   4161.46   4139.68   4106.59   4052.12   3979.03   3909.07   3868.95   3851.27   3840.86
   3830.35   3815.64   3798.28   3779.51   3762.95   3748.34   3735.02   3726.59   3720.64   3710.55   3692.89   3669.29   3640.03
   3607.01   3572.94   3538.12   3510.59   3507.84   3524.05   3548.25   3575.13   3601.12   3634.77   3678.47   3720.78   3750.52
   3589.20   3598.44   3614.86   3645.46   3691.89   3740.34   3803.85   3883.63   3960.25   4023.86   4079.32   4126.38   4161.69
   4185.26   4197.16   4199.35   4190.44   4172.61   4144.28   4095.74   4020.43   3926.51   3863.84   3848.42   3846.80   3851.53
   3854.47   3853.43   3848.06   3837.79   3823.69   3808.47   3794.69   3782.71   3773.44   3765.28   3753.58   3737.77   3716.36
   3687.73   3654.87   3623.28   3600.69   3599.21   3617.42   3642.19   3668.34   3704.99   3750.36   3791.61   3825.11   3846.20
   3620.75   3620.35   3630.97   3651.45   3692.13   3746.87   3824.92   3910.44   3994.89   4069.82   4127.14   4169.05   4193.77
   4207.27   4211.30   4206.12   4192.77   4172.54   4137.48   4071.47   3977.30   3887.31   3851.19   3846.40   3856.59   3874.81
   3889.16   3900.65   3907.70   3907.58   3900.35   3887.40   3872.20   3857.82   3846.09   3838.05   3831.30   3822.41   3808.02
   3788.97   3768.11   3749.10   3737.93   3740.19   3755.42   3777.53   3807.05   3842.99   3877.18   3903.77   3923.31   3935.90
   3667.16   3658.26   3667.76   3683.51   3715.73   3770.67   3855.64   3953.39   4041.30   4110.16   4158.37   4188.59   4206.30
   4213.84   4210.56   4200.68   4186.35   4165.19   4124.30   4045.56   3942.99   3873.77   3848.60   3854.01   3883.72   3913.13
   3935.96   3955.13   3971.04   3981.09   3983.49   3978.08   3967.26   3955.31   3944.21   3933.94   3926.53   3920.94   3913.27
   3902.96   3893.01   3886.13   3884.64   3890.44   3903.76   3923.33   3946.28   3967.89   3988.31   4005.63   4015.22   4017.27
   3765.65   3727.35   3721.88   3739.42   3774.71   3837.81   3921.33   4007.15   4081.98   4137.13   4171.15   4192.15   4206.25
   4211.78   4207.52   4196.44   4178.26   4153.02   4111.98   4036.28   3940.02   3880.03   3866.90   3893.09   3933.36   3966.69
   3992.60   4013.76   4032.54   4048.02   4058.69   4062.19   4059.23   4052.78   4044.73   4035.29   4027.07   4022.48   4021.02
   4018.46   4014.29   4012.43   4014.89   4021.52   4032.06   4045.50   4060.19   4075.23   4087.23   4094.57   4095.67   4091.41
   3901.23   3865.85   3843.49   3849.26   3882.25   3941.16   4006.01   4066.04   4117.46   4151.56   4170.14   4185.30   4199.99
   4205.47   4201.97   4192.92   4176.12   4147.87   4108.67   4052.64   3981.00   3934.56   3933.30   3958.08   3991.88   4022.92
   4048.63   4070.38   4088.50   4104.75   4120.20   4129.95   4133.77   4132.41   4127.51   4122.14   4118.04   4116.28   4116.52
   4117.10   4117.19   4117.73   4120.38   4125.84   4133.68   4143.95   4154.10   4161.25   4164.79   4165.46   4161.70   4153.89
   4021.53   4005.66   3996.19   3992.32   4006.32   4040.36   4077.58   4114.44   4140.95   4153.48   4160.76   4171.68   4185.38
   4189.44   4185.63   4181.82   4170.61   4147.80   4113.92   4074.08   4035.75   4011.42   4007.16   4021.92   4048.38   4074.98
   4097.53   4117.46   4135.69   4154.70   4174.94   4190.88   4199.23   4200.60   4199.21   4198.85   4199.39   4198.94   4199.74
   4201.50   4201.66   4201.16   4202.01   4204.99   4210.38   4216.43   4222.37   4224.99   4223.17   4218.20   4209.94   4198.87
   4123.35   4112.86   4103.20   4094.14   4094.65   4107.88   4126.96   4143.11   4150.07   4147.28   4143.16   4146.01   4155.96
   4160.26   4157.57   4155.30   4148.67   4135.78   4115.23   4090.61   4070.05   4059.12   4061.38   4075.31   4097.07   4119.07
   4138.54   4158.39   4184.87   4213.62   4236.04   4250.75   4258.59   4261.03   4260.66   4261.76   4263.25   4263.75   4263.66
   4263.18   4261.04   4258.23   4256.01   4255.52   4258.41   4263.91   4267.56   4266.49   4261.30   4252.41   4240.36   4228.71
   4198.93   4184.63   4170.30   4158.18   4150.65   4150.81   4154.01   4153.65   4147.04   4132.73   4118.89   4112.76   4113.93
   4118.68   4121.06   4121.59   4119.34   4112.69   4103.97   4095.13   4087.75   4084.90   4092.23   4110.79   4136.17   4162.32
   4188.18   4213.53   4242.54   4270.03   4288.74   4300.25   4305.19   4305.96   4303.98   4303.64   4303.17   4301.39   4298.04
   4293.49   4289.10   4285.14   4281.69   4281.05   4285.08   4290.40   4291.69   4288.65   4282.31   4272.09   4260.30   4250.22
   4238.81   4220.31   4204.43   4190.10   4177.70   4169.62   4161.62   4150.25   4135.56   4112.29   4091.93   4080.98   4074.33
   4074.56   4079.34   4085.09   4087.56   4086.81   4085.20   4085.37   4088.86   4100.28   4120.15   4145.55   4176.59   4211.71
   4242.54   4268.28   4291.31   4311.09   4323.55   4330.80   4333.09   4332.23   4328.83   4324.92   4321.23   4316.15   4309.06
   4301.85   4297.45   4293.80   4291.28   4291.26   4294.45   4298.97   4300.96   4298.56   4292.88   4284.92   4276.15   4267.28
   4250.78   4231.96   4213.69   4197.23   4182.38   4167.95   4153.12   4137.90   4118.12   4090.11   4066.98   4050.24   4040.57
   4039.81   4044.65   4052.06   4056.37   4059.26   4065.80   4077.20   4095.86   4120.76   4150.39   4182.32   4217.25   4253.58
   4283.23   4306.69   4325.15   4338.32   4345.52   4348.15   4348.19   4343.49   4337.23   4330.11   4323.32   4316.00   4306.51
   4298.41   4293.09   4288.03   4284.54   4284.34   4287.06   4291.62   4295.13   4295.27   4292.02   4286.72   4280.30   4273.93
   4245.52   4224.63   4204.77   4186.08   4168.59   4151.49   4135.63   4119.84   4096.67   4070.39   4048.54   4027.24   4013.41
   4011.43   4018.46   4027.02   4030.40   4036.92   4055.02   4082.75   4110.41   4142.97   4178.00   4212.34   4246.31   4276.49
   4302.12   4323.10   4339.65   4350.68   4355.76   4357.25   4354.29   4345.48   4336.25   4327.32   4316.99   4305.37   4292.56
   4281.73   4271.96   4263.25   4260.75   4262.15   4267.16   4273.72   4278.24   4278.98   4277.18   4274.31   4270.43   4264.32
   4224.71   4200.83   4178.73   4159.63   4142.44   4127.17   4114.63   4100.17   4078.07   4056.78   4039.73   4019.54   4003.04
   3998.42   4001.44   4003.92   4007.77   4027.72   4062.98   4101.78   4133.62   4162.59   4196.35   4228.05   4257.16   4283.67
   4303.77   4319.49   4334.26   4346.44   4355.20   4358.77   4352.78   4340.65   4328.38   4316.79   4303.43   4286.92   4270.83
   4257.60   4244.24   4235.93   4235.82   4241.16   4252.24   4261.96   4265.12   4262.28   4257.79   4255.22   4252.37   4246.11
   4384.38   4384.86   4385.25   4385.60   4385.90   4386.16   4386.41   4386.63   4386.82   4386.97   4387.07   4387.12   4387.07
   4386.89   4386.56   4386.05   4385.37   4384.52   4383.55   4382.50   4381.46   4380.45   4379.52   4378.70   4378.01   4377.47
   4377.10   4376.92   4376.94   4377.16   4377.58   4378.19   4378.99   4379.98   4381.15   4382.48   4383.95   4385.50   4387.10
   4388.69   4390.25   4391.73   4393.14   4394.46   4395.66   4396.74   4397.70   4398.52   4399.20   4399.73   4400.09   4400.29
   4395.29   4396.72   4398.10   4399.42   4400.65   4401.76   4402.72   4403.47   4403.96   4404.13   4403.95   4403.36   4402.39
   4401.15   4399.79   4398.37   4396.91   4395.38   4393.71   4391.83   4389.76   4387.60   4385.45   4383.54   4382.03   4380.98
   4380.41   4380.29   4380.41   4380.61   4381.03   4381.85   4383.17   4384.91   4387.02   4389.52   4392.59   4396.26   4400.40
   4404.87   4409.53   4414.23   4418.84   4423.24   4427.33   4431.02   4434.26   4437.05   4439.44   4441.45   4443.02   4444.11
   4412.73   4416.62   4420.21   4423.46   4426.25   4428.41   4429.81   4430.43   4430.38   4429.91   4429.22   4428.32   4427.02
   4425.14   4422.60   4419.52   4416.15   4412.62   4408.91   4404.91   4400.50   4395.92   4391.87   4388.67   4386.15   4384.21
   4382.55   4380.51   4378.01   4375.66   4373.89   4373.11   4373.69   4375.71   4378.81   4382.73   4387.44   4392.91   4399.20
   4406.64   4415.25   4424.56   4433.94   4442.93   4451.42   4459.26   4466.36   4472.80   4478.64   4483.73   4487.82   4490.84
   4444.61   4449.51   4454.13   4458.21   4461.56   4464.03   4465.40   4465.31   4463.58   4460.70   4457.63   4454.81   4452.00
   4448.80   4445.01   4440.77   4436.19   4431.19   4425.59   4419.37   4412.97   4407.22   4402.28   4397.62   4393.38   4389.80
   4385.93   4380.60   4373.88   4366.58   4360.19   4356.50   4355.89   4357.97   4362.31   4368.28   4375.19   4382.66   4390.81
   4400.40   4412.75   4428.35   4446.03   4463.30   4478.77   4492.76   4505.36   4516.42   4525.81   4533.59   4539.93   4544.79
   4481.77   4485.16   4488.05   4490.53   4492.11   4492.28   4490.70   4487.45   4483.20   4478.64   4474.04   4469.44   4464.92
   4460.61   4456.68   4453.19   4449.97   4446.69   4443.12   4439.17   4434.91   4430.29   4425.30   4420.00   4414.50   4409.03
   4403.48   4396.96   4388.33   4377.40   4365.40   4354.75   4347.15   4343.05   4343.03   4347.26   4355.78   4368.32   4384.14
   4402.33   4421.77   4442.92   4467.59   4494.52   4520.14   4542.74   4562.05   4578.11   4591.10   4601.04   4607.73   4610.96
   4511.57   4512.35   4512.59   4511.05   4507.25   4502.19   4497.46   4494.10   4491.99   4490.68   4490.07   4490.14   4490.51
   4490.97   4491.53   4492.09   4492.50   4492.67   4492.40   4491.36   4489.32   4486.09   4481.40   4475.08   4467.12   4457.58
   4446.68   4434.96   4423.18   4411.15   4397.83   4383.64   4370.58   4360.80   4356.17   4357.94   4366.17   4380.26   4399.44
   4423.53   4452.45   4485.23   4520.42   4554.43   4584.44   4609.81   4630.75   4647.80   4661.05   4670.70   4676.75   4678.66
   4526.64   4523.91   4519.31   4513.90   4511.17   4512.40   4516.08   4520.43   4524.06   4526.97   4529.37   4531.80   4534.41
   4535.68   4535.51   4535.38   4535.67   4536.51   4537.43   4537.80   4537.93   4538.13   4538.16   4537.29   4534.76   4529.78
   4521.34   4508.25   4490.41   4470.51   4451.53   4434.56   4419.65   4407.48   4400.20   4400.12   4407.92   4423.38   4446.28
   4478.12   4517.80   4558.58   4595.13   4626.57   4653.85   4677.64   4697.80   4714.00   4726.07   4733.85   4737.25   4736.36
   4530.33   4527.25   4527.98   4530.64   4534.55   4540.21   4547.12   4553.73   4558.45   4561.32   4563.52   4565.57   4566.92
   4565.53   4561.16   4555.57   4552.49   4554.75   4561.04   4569.70   4578.89   4586.64   4592.88   4598.23   4601.01   4600.06
   4595.77   4587.66   4574.23   4554.71   4529.22   4500.24   4474.45   4456.91   4448.29   4448.62   4458.55   4479.49   4512.38
   4552.99   4593.88   4630.58   4661.53   4687.83   4710.44   4730.27   4747.00   4760.11   4769.92   4776.60   4779.59   4778.37
   4531.38   4532.60   4533.85   4537.77   4543.83   4551.14   4560.60   4571.37   4580.88   4587.38   4592.40   4595.26   4594.99
   4590.42   4582.18   4573.80   4572.27   4581.75   4599.86   4619.11   4634.93   4647.83   4658.12   4664.65   4667.76   4667.90
   4664.49   4657.42   4646.25   4628.58   4603.13   4568.90   4530.65   4501.43   4488.30   4488.85   4504.14   4533.96   4571.67
   4609.38   4645.49   4677.99   4703.98   4724.53   4742.47   4759.56   4775.10   4787.48   4796.25   4801.69   4804.29   4803.85
   4521.04   4521.19   4523.07   4528.23   4535.95   4546.40   4560.04   4574.22   4585.76   4595.81   4604.45   4611.18   4613.62
   4612.61   4611.22   4613.71   4624.06   4640.66   4656.71   4672.20   4691.25   4709.57   4723.98   4736.38   4746.62   4749.74
   4742.31   4726.92   4708.51   4686.73   4657.66   4618.83   4573.26   4534.60   4516.78   4521.13   4544.64   4577.54   4608.42
   4636.87   4667.89   4695.90   4716.87   4733.95   4751.31   4769.24   4787.23   4803.56   4813.89   4817.47   4817.49   4816.41
   4500.70   4505.23   4509.07   4515.77   4526.72   4542.58   4558.65   4573.20   4592.31   4614.50   4633.49   4648.04   4657.18
   4664.48   4672.53   4683.21   4697.28   4712.91   4728.86   4744.17   4758.73   4776.52   4797.48   4815.54   4824.09   4822.73
   4813.41   4796.37   4770.18   4736.81   4696.41   4646.93   4592.05   4550.95   4536.64   4547.94   4575.29   4603.30   4624.76
   4648.23   4674.01   4693.52   4707.56   4722.85   4740.88   4757.78   4772.74   4786.67   4797.69   4804.36   4808.39   4811.89
   4501.74   4514.01   4517.15   4518.97   4527.11   4544.60   4567.85   4592.35   4620.21   4649.51   4674.79   4695.68   4712.27
   4725.90   4738.24   4750.91   4766.89   4784.89   4801.64   4817.18   4835.95   4856.52   4876.46   4888.68   4890.64   4885.47
   4872.61   4850.39   4815.29   4769.26   4714.41   4651.89   4593.28   4558.21   4552.15   4569.03   4594.22   4613.50   4629.09
   4650.40   4670.07   4679.93   4682.94   4688.39   4700.53   4715.79   4729.48   4739.94   4749.42   4759.56   4771.21   4783.90
   4520.43   4544.10   4554.08   4553.39   4553.36   4567.07   4595.33   4627.34   4655.52   4680.46   4703.67   4726.62   4749.13
   4766.62   4782.24   4802.67   4827.35   4850.53   4871.38   4894.95   4920.70   4942.35   4954.86   4957.04   4952.23   4939.90
   4917.38   4883.78   4837.78   4780.12   4711.62   4642.80   4591.47   4565.53   4565.76   4581.87   4598.78   4606.10   4616.05
   4635.48   4651.18   4656.82   4651.70   4646.50   4649.89   4659.81   4673.60   4686.45   4696.91   4708.58   4723.62   4742.16
   4529.67   4555.77   4570.89   4576.61   4581.89   4598.59   4626.03   4657.55   4690.35   4720.30   4746.45   4769.11   4789.30
   4809.42   4831.51   4859.60   4891.43   4924.05   4953.46   4980.83   5001.73   5015.35   5020.56   5016.56   5001.43   4976.01
   4940.48   4894.02   4836.64   4769.07   4701.32   4645.38   4601.98   4575.33   4571.62   4582.65   4593.69   4592.21   4587.44
   4596.37   4610.53   4616.98   4615.17   4610.40   4607.69   4610.98   4619.54   4631.58   4646.64   4664.79   4684.37   4705.69
   4536.14   4553.39   4564.54   4577.89   4598.40   4624.59   4653.66   4690.80   4733.83   4774.22   4806.03   4830.33   4851.88
   4878.02   4909.71   4944.39   4980.48   5014.83   5043.64   5062.18   5069.26   5071.69   5070.77   5057.60   5028.61   4988.85
   4939.94   4881.65   4815.13   4751.42   4701.83   4662.54   4622.92   4589.47   4573.08   4574.40   4583.97   4586.15   4573.46
   4560.80   4561.75   4564.84   4564.28   4565.50   4569.37   4574.40   4580.34   4589.79   4607.14   4630.07   4654.60   4678.12
   4553.71   4560.11   4572.77   4599.09   4632.39   4669.81   4717.51   4772.15   4826.67   4875.10   4912.49   4938.86   4960.17
   4988.17   5021.93   5052.96   5082.76   5108.01   5123.66   5127.19   5124.39   5118.03   5102.81   5070.68   5026.85   4975.06
   4915.79   4849.50   4789.11   4745.02   4713.70   4687.30   4656.28   4619.15   4589.87   4577.07   4580.28   4589.27   4588.14
   4568.53   4549.11   4540.77   4541.36   4548.88   4558.09   4567.17   4576.38   4587.32   4607.78   4639.84   4673.86   4701.38
   4568.65   4578.48   4605.68   4641.56   4684.90   4738.88   4802.03   4864.04   4921.86   4972.83   5018.27   5060.84   5095.32
   5121.99   5143.01   5160.98   5176.11   5185.16   5184.63   5174.45   5161.63   5140.18   5102.03   5051.44   4993.29   4930.04
   4868.34   4817.72   4780.06   4751.68   4731.60   4715.32   4695.70   4670.04   4645.28   4627.61   4617.48   4614.83   4613.40
   4601.21   4580.39   4566.93   4565.10   4568.76   4576.64   4588.26   4600.77   4615.63   4642.51   4683.69   4731.22   4775.05
   4577.48   4599.24   4632.59   4673.44   4733.34   4798.22   4859.70   4924.44   4990.15   5048.29   5105.07   5159.53   5199.37
   5225.92   5240.72   5245.23   5244.23   5238.06   5222.32   5199.24   5168.76   5122.41   5060.68   4993.37   4926.70   4873.72
   4838.07   4812.82   4792.42   4774.02   4758.42   4747.28   4736.70   4725.31   4714.85   4704.60   4692.59   4677.78   4659.18
   4639.34   4619.48   4599.44   4585.89   4586.70   4604.61   4628.45   4651.24   4677.68   4713.49   4761.08   4818.29   4869.00
   4594.78   4615.32   4648.29   4695.16   4762.24   4829.74   4893.82   4968.57   5044.04   5111.45   5169.22   5218.26   5256.42
   5286.58   5301.10   5296.38   5283.30   5263.82   5231.18   5191.03   5138.73   5065.03   4980.52   4912.38   4875.42   4859.87
   4850.36   4840.16   4829.23   4816.14   4803.35   4792.98   4783.85   4780.06   4780.00   4776.22   4767.70   4756.02   4737.23
   4707.39   4676.24   4650.18   4630.99   4634.39   4660.25   4692.71   4727.45   4769.73   4823.16   4885.15   4941.58   4982.12
   4624.99   4634.51   4662.69   4710.07   4771.26   4841.22   4916.61   5001.05   5078.51   5150.34   5206.95   5250.64   5286.06
   5313.31   5325.49   5319.45   5298.65   5263.08   5220.27   5163.44   5084.15   4985.31   4903.61   4873.98   4872.41   4880.11
   4887.83   4890.43   4887.36   4882.26   4875.95   4867.88   4860.31   4856.15   4854.00   4852.76   4852.15   4846.33   4833.54
   4812.51   4783.31   4758.77   4745.59   4751.14   4774.30   4808.64   4849.22   4900.59   4962.02   5017.68   5057.40   5086.07
   4674.09   4665.44   4683.40   4716.40   4773.27   4850.94   4938.40   5023.11   5107.20   5182.93   5238.46   5280.27   5309.44
   5324.91   5327.88   5318.21   5294.15   5252.80   5200.63   5126.42   5028.31   4926.89   4874.32   4871.12   4890.10   4920.54
   4944.01   4959.07   4969.53   4976.51   4978.24   4975.37   4969.78   4962.55   4957.23   4956.83   4959.58   4959.49   4954.07
   4944.98   4931.84   4920.42   4916.57   4925.47   4947.72   4980.08   5019.36   5061.92   5099.10   5129.65   5155.65   5175.30
   4769.17   4722.21   4722.56   4745.43   4791.76   4862.91   4959.50   5052.45   5135.62   5207.58   5260.82   5297.31   5318.98
   5325.77   5319.93   5305.41   5279.18   5238.37   5180.34   5097.29   4989.31   4905.09   4874.52   4887.21   4935.65   4981.94
   5014.40   5039.82   5063.68   5082.74   5094.15   5098.72   5099.68   5098.11   5095.46   5092.69   5089.59   5088.35   5088.86
   5088.54   5087.09   5088.27   5095.17   5109.29   5129.61   5152.21   5176.09   5198.74   5217.62   5233.97   5248.98   5261.34
   4914.94   4838.63   4801.39   4808.56   4845.24   4912.78   5004.95   5093.60   5165.12   5221.82   5267.10   5297.88   5313.14
   5313.72   5304.05   5287.89   5262.83   5225.28   5169.77   5092.26   4991.61   4918.36   4908.27   4946.98   5002.32   5047.92
   5086.18   5118.47   5146.92   5170.32   5189.23   5203.15   5212.47   5217.89   5220.75   5221.78   5221.47   5220.56   5221.62
   5225.50   5230.48   5237.86   5250.70   5267.92   5285.08   5300.80   5313.61   5322.96   5327.85   5331.61   5337.04   5340.98
   5067.24   5005.16   4956.11   4939.32   4962.73   5018.22   5079.71   5140.17   5190.95   5229.71   5262.58   5284.35   5293.15
   5293.35   5285.32   5270.27   5248.03   5216.40   5172.72   5113.14   5040.10   4990.08   4992.11   5026.75   5070.48   5112.18
   5149.44   5179.25   5206.42   5236.58   5264.23   5287.47   5306.30   5320.96   5331.58   5337.68   5340.46   5341.51   5344.91
   5350.41   5358.10   5369.10   5383.70   5399.36   5412.68   5423.05   5429.31   5429.73   5425.20   5419.38   5413.89   5407.30
   5192.87   5148.41   5117.44   5103.58   5105.34   5123.64   5152.44   5185.61   5211.05   5231.62   5250.16   5257.83   5259.85
   5261.70   5260.57   5252.51   5235.46   5210.10   5180.48   5145.62   5108.05   5079.17   5076.47   5098.59   5132.77   5167.31
   5198.69   5230.86   5266.13   5304.65   5341.88   5375.59   5402.22   5422.58   5437.12   5445.60   5449.28   5450.73   5451.41
   5453.96   5460.87   5471.56   5484.14   5496.30   5505.80   5510.31   5509.83   5505.71   5497.71   5486.93   5474.64   5460.55
   5289.47   5255.83   5231.54   5216.84   5210.43   5207.25   5210.83   5217.42   5222.11   5227.28   5229.53   5221.79   5217.40
   5220.74   5224.33   5221.98   5213.23   5199.62   5186.52   5169.70   5151.25   5137.20   5137.99   5155.99   5182.51   5217.16
   5255.91   5298.08   5340.16   5381.14   5423.89   5463.19   5492.45   5512.67   5525.77   5533.43   5534.57   5531.90   5529.43
   5530.92   5537.10   5547.47   5558.57   5567.11   5571.05   5569.66   5564.13   5556.72   5547.15   5534.29   5518.91   5500.34
   5361.49   5333.29   5310.75   5291.81   5274.96   5259.24   5246.76   5233.17   5223.15   5216.45   5202.02   5182.34   5172.39
   5174.90   5181.21   5184.92   5186.29   5183.14   5179.68   5174.59   5168.06   5167.42   5180.21   5203.55   5235.32   5278.84
   5325.13   5366.80   5408.71   5455.27   5500.88   5538.16   5565.14   5583.29   5593.16   5595.87   5592.80   5587.54   5585.03
   5585.95   5592.59   5602.11   5610.62   5615.29   5615.10   5610.46   5602.87   5593.36   5580.89   5565.75   5549.01   5528.87
   5411.15   5386.70   5360.46   5333.54   5307.58   5282.80   5257.92   5233.01   5215.52   5201.44   5174.77   5146.27   5130.00
   5126.19   5132.13   5144.50   5157.16   5163.24   5164.56   5167.72   5174.42   5189.87   5216.36   5250.02   5290.80   5333.52
   5378.35   5422.84   5466.98   5511.31   5552.31   5587.45   5613.18   5630.33   5639.05   5638.53   5632.85   5628.62   5625.52
   5624.58   5626.79   5631.64   5637.65   5640.69   5639.92   5634.50   5625.37   5614.27   5600.59   5584.39   5567.49   5546.99
   5441.51   5414.43   5385.69   5353.85   5320.90   5288.19   5254.44   5224.30   5204.38   5186.07   5152.46   5117.44   5093.71
   5087.76   5099.42   5118.51   5133.94   5144.24   5152.31   5163.58   5179.47   5206.52   5240.34   5281.13   5327.51   5372.71
   5416.73   5459.87   5501.98   5543.23   5581.80   5614.51   5642.16   5666.42   5678.02   5674.12   5665.36   5658.02   5649.35
   5641.86   5638.12   5638.91   5641.53   5644.02   5644.16   5641.00   5633.60   5622.39   5609.06   5593.53   5576.29   5555.11
   5455.06   5427.97   5395.45   5357.92   5317.55   5276.85   5240.84   5212.97   5194.06   5174.75   5141.25   5101.31   5072.38
   5067.63   5088.67   5111.70   5121.98   5128.89   5142.67   5164.19   5187.76   5216.45   5253.12   5297.95   5347.81   5395.14
   5437.74   5478.39   5517.23   5555.69   5591.98   5625.26   5660.13   5689.17   5701.49   5697.58   5684.87   5668.48   5653.53
   5643.60   5635.92   5631.74   5632.46   5634.72   5635.04   5632.56   5626.72   5617.15   5604.86   5590.87   5574.31   5554.76
   5449.71   5422.20   5388.55   5347.52   5302.25   5260.81   5228.79   5204.70   5188.93   5173.16   5144.42   5106.67   5075.61
   5064.76   5077.12   5099.19   5114.83   5124.33   5139.01   5164.62   5195.56   5226.23   5260.03   5304.49   5355.78   5404.60
   5446.60   5483.55   5519.68   5554.71   5588.65   5622.46   5659.41   5688.02   5699.02   5694.46   5677.32   5658.55   5646.88
   5635.35   5621.90   5616.79   5619.05   5621.99   5621.38   5616.27   5608.97   5600.99   5591.91   5580.79   5566.25   5548.71
   5606.44   5606.53   5606.54   5606.45   5606.28   5606.04   5605.75   5605.44   5605.13   5604.84   5604.57   5604.32   5604.05
   5603.75   5603.40   5602.98   5602.50   5601.98   5601.39   5600.78   5600.16   5599.57   5599.03   5598.58   5598.24   5598.07
   5598.10   5598.35   5598.80   5599.40   5600.12   5600.93   5601.85   5602.90   5604.11   5605.47   5606.97   5608.57   5610.23
   5611.93   5613.62   5615.29   5616.92   5618.49   5619.97   5621.38   5622.71   5623.92   5625.03   5626.03   5626.90   5627.65
   5624.70   5626.50   5628.19   5629.72   5631.00   5632.01   5632.69   5632.99   5632.91   5632.40   5631.45   5630.12   5628.46
   5626.58   5624.61   5622.70   5620.96   5619.53   5618.44   5617.52   5616.57   5615.54   5614.48   5613.52   5612.74   5612.18
   5611.91   5612.02   5612.41   5612.94   5613.55   5614.22   5615.03   5616.09   5617.55   5619.44   5621.72   5624.29   5627.16
   5630.34   5633.80   5637.47   5641.25   5645.01   5648.67   5652.14   5655.33   5658.23   5660.81   5663.09   5665.06   5666.75
   5647.83   5651.36   5654.69   5657.70   5660.29   5662.41   5663.96   5664.89   5665.14   5664.73   5663.73   5662.18   5659.98
   5656.97   5653.18   5648.87   5644.44   5640.25   5636.68   5633.88   5631.51   5629.15   5626.77   5624.60   5622.72   5621.22
   5620.27   5619.58   5618.57   5617.26   5616.25   5616.11   5617.06   5619.01   5621.68   5624.89   5628.58   5632.53   5636.80
   5641.75   5647.62   5654.39   5661.82   5669.50   5677.03   5684.25   5691.18   5697.81   5703.83   5708.78   5712.43   5714.87
   5684.42   5690.22   5695.67   5700.42   5704.13   5706.48   5707.29   5706.54   5704.44   5701.42   5697.92   5694.26   5690.52
   5686.41   5681.67   5676.45   5671.19   5666.19   5661.64   5657.59   5653.78   5649.97   5646.16   5642.47   5638.85   5635.21
   5631.66   5628.13   5624.08   5619.77   5616.62   5615.52   5616.02   5617.98   5621.43   5625.99   5631.50   5637.98   5645.70
   5654.79   5665.28   5677.07   5689.95   5704.08   5719.04   5733.73   5747.53   5760.00   5770.59   5778.96   5785.03   5788.83
   5730.60   5736.65   5741.49   5745.10   5747.39   5748.20   5747.13   5743.70   5738.33   5732.30   5726.92   5722.83   5719.80
   5717.28   5714.93   5712.70   5710.49   5708.13   5705.48   5702.35   5698.60   5694.24   5689.37   5684.03   5678.26   5671.92
   5664.86   5657.18   5649.03   5640.70   5632.98   5626.76   5622.54   5620.58   5621.47   5625.58   5632.82   5643.18   5656.55
   5672.60   5691.19   5712.52   5736.72   5763.42   5790.82   5816.36   5838.36   5856.32   5870.18   5879.92   5885.56   5887.10
   5770.26   5773.12   5775.28   5776.28   5775.66   5773.64   5770.72   5767.92   5766.31   5766.27   5767.48   5769.44   5771.85
   5774.33   5776.35   5777.62   5778.21   5778.19   5777.43   5775.71   5773.00   5769.47   5765.13   5759.77   5753.11   5744.90
   5734.81   5722.43   5707.94   5692.58   5678.00   5665.51   5656.00   5649.96   5647.84   5650.46   5658.55   5672.07   5690.29
   5713.48   5742.75   5778.12   5817.02   5854.83   5888.07   5915.79   5938.09   5955.47   5968.44   5977.36   5982.08   5982.31
   5795.60   5797.34   5798.16   5798.46   5799.69   5803.14   5808.10   5813.19   5817.77   5821.55   5824.04   5825.39   5825.62
   5824.73   5823.40   5823.46   5825.16   5827.45   5829.10   5829.96   5830.82   5832.35   5834.41   5836.14   5836.52   5834.46
   5828.80   5818.44   5802.64   5781.30   5756.48   5732.80   5713.60   5700.32   5693.70   5694.18   5702.85   5719.66   5744.56
   5777.60   5819.98   5866.44   5909.14   5946.62   5978.76   6005.11   6025.34   6039.69   6049.19   6055.50   6059.09   6058.90
   5818.73   5822.16   5826.57   5832.09   5838.44   5844.83   5850.37   5853.99   5855.48   5854.56   5853.10   5852.89   5853.44
   5853.40   5851.53   5849.97   5852.28   5858.13   5865.93   5874.89   5883.81   5892.92   5902.11   5910.21   5915.91   5919.41
   5920.33   5915.85   5903.28   5882.26   5855.59   5824.09   5789.00   5760.14   5744.83   5742.93   5752.55   5773.85   5808.64
   5853.01   5897.54   5939.37   5979.86   6016.33   6047.09   6071.77   6089.86   6100.27   6104.32   6106.93   6110.27   6112.44
   5833.94   5838.80   5842.41   5845.82   5849.99   5854.47   5858.91   5863.60   5868.52   5873.28   5876.61   5879.13   5882.21
   5883.33   5882.38   5884.25   5892.39   5906.20   5922.01   5939.02   5956.23   5972.82   5987.53   5999.66   6008.64   6012.59
   6011.88   6007.56   5997.64   5978.23   5946.49   5907.93   5865.39   5820.69   5791.62   5785.94   5797.57   5826.63   5866.72
   5904.92   5943.43   5986.74   6026.56   6059.18   6086.03   6107.89   6123.87   6131.82   6133.48   6134.07   6136.35   6140.85
   5820.81   5823.00   5825.30   5830.11   5837.99   5846.61   5853.22   5861.46   5872.99   5883.73   5891.92   5898.64   5905.60
   5911.77   5916.83   5926.77   5944.59   5965.96   5989.25   6012.20   6034.27   6055.93   6075.58   6092.91   6107.59   6113.67
   6108.52   6095.85   6078.34   6054.73   6019.97   5972.71   5920.00   5864.70   5826.72   5821.03   5838.60   5870.94   5900.68
   5925.69   5962.50   6004.47   6037.78   6065.61   6090.19   6111.83   6129.57   6141.44   6146.82   6148.00   6148.01   6149.95
   5788.52   5792.47   5796.12   5802.85   5813.19   5825.70   5839.99   5856.74   5875.17   5894.12   5913.02   5929.65   5943.38
   5955.54   5968.81   5986.36   6008.21   6033.34   6061.87   6091.49   6121.30   6148.84   6174.98   6198.35   6212.75   6215.94
   6206.46   6183.56   6152.95   6117.48   6071.29   6011.33   5944.95   5884.61   5850.84   5850.23   5873.51   5901.35   5915.93
   5931.16   5961.84   5994.59   6020.17   6044.75   6069.40   6092.32   6111.92   6126.11   6135.07   6139.88   6143.96   6149.88
   5771.92   5780.02   5785.41   5793.16   5805.92   5823.92   5847.46   5873.92   5900.45   5926.96   5952.27   5974.75   5994.14
   6012.41   6031.81   6053.97   6080.62   6110.83   6142.32   6176.83   6213.89   6249.55   6281.85   6304.96   6313.15   6308.14
   6289.84   6254.67   6210.65   6161.64   6098.98   6023.15   5945.61   5888.06   5865.86   5873.39   5898.69   5917.60   5920.99
   5927.54   5949.46   5973.17   5986.13   5998.04   6019.44   6045.02   6065.50   6079.26   6087.80   6094.84   6108.03   6128.28
   5776.71   5795.04   5807.98   5817.78   5829.75   5849.56   5878.31   5911.38   5943.15   5971.35   5996.95   6021.38   6045.64
   6070.24   6095.90   6125.29   6158.77   6193.14   6228.91   6267.79   6308.37   6350.29   6381.61   6394.01   6392.03   6374.94
   6343.00   6297.45   6242.21   6177.35   6097.03   6007.04   5930.67   5887.09   5875.62   5888.65   5911.11   5919.93   5914.21
   5912.34   5924.07   5940.79   5948.58   5950.07   5957.07   5973.33   5993.23   6010.28   6023.55   6035.72   6050.12   6075.29
   5785.95   5807.31   5824.21   5839.18   5858.08   5884.75   5918.14   5955.36   5992.45   6027.73   6060.46   6090.72   6120.76
   6152.17   6184.90   6219.27   6254.36   6287.95   6319.36   6356.00   6397.45   6434.13   6455.23   6457.88   6442.53   6411.98
   6366.30   6308.75   6239.89   6159.34   6068.33   5981.74   5920.03   5886.64   5877.64   5889.82   5910.38   5916.21   5901.69
   5890.86   5893.13   5900.57   5906.48   5909.40   5911.47   5915.45   5926.75   5944.44   5964.65   5984.45   6003.89   6026.06
   5796.85   5812.81   5829.96   5852.95   5883.48   5920.70   5967.54   6021.44   6076.35   6126.74   6169.99   6213.48   6259.12
   6301.09   6336.25   6362.19   6380.67   6397.73   6415.44   6439.99   6471.59   6493.93   6499.48   6487.04   6457.21   6412.45
   6354.28   6284.16   6203.52   6115.29   6032.25   5967.01   5921.67   5891.65   5878.31   5883.53   5901.38   5914.07   5902.70
   5882.35   5872.67   5869.41   5870.65   5876.68   5884.17   5890.96   5898.75   5912.27   5934.23   5959.36   5982.79   6005.71
   5814.70   5826.10   5848.56   5881.67   5926.43   5990.78   6069.82   6147.28   6213.06   6271.05   6332.25   6395.05   6454.08
   6502.00   6535.07   6549.62   6546.22   6532.47   6514.73   6513.71   6528.78   6531.74   6515.75   6483.15   6436.10   6377.55
   6307.61   6227.48   6142.96   6068.33   6013.98   5973.94   5941.62   5914.81   5897.16   5893.61   5902.05   5916.51   5919.87
   5902.74   5882.11   5870.32   5870.02   5878.98   5890.97   5901.74   5911.44   5925.40   5948.36   5981.08   6018.03   6058.98
   5837.55   5849.29   5876.49   5922.49   6001.80   6099.89   6190.16   6271.07   6347.64   6424.55   6502.88   6573.96   6632.94
   6677.62   6705.58   6710.22   6692.91   6659.32   6611.44   6576.95   6563.78   6541.28   6499.61   6445.33   6381.26   6308.73
   6229.72   6155.69   6096.10   6053.80   6024.14   6003.06   5985.28   5967.11   5950.84   5942.32   5941.84   5945.22   5947.90
   5940.23   5921.08   5907.74   5905.02   5909.75   5922.10   5938.79   5954.82   5972.89   6001.79   6047.25   6107.62   6170.02
   5861.50   5871.78   5902.94   5971.96   6076.68   6176.19   6269.20   6365.49   6460.66   6547.79   6621.42   6687.79   6743.59
   6785.40   6809.87   6810.49   6784.91   6738.47   6676.33   6617.80   6573.21   6517.47   6447.49   6371.51   6293.53   6221.75
   6164.15   6124.22   6095.47   6073.19   6057.34   6046.05   6037.02   6029.40   6023.15   6019.51   6016.75   6010.67   6002.15
   5990.51   5973.27   5956.52   5948.74   5955.31   5974.53   5999.15   6024.65   6054.87   6094.26   6152.51   6222.24   6283.98
   5892.55   5894.89   5924.92   6007.12   6121.10   6221.73   6326.88   6434.27   6530.71   6619.10   6691.50   6752.55   6804.09
   6843.08   6867.31   6866.06   6832.52   6776.77   6702.69   6627.82   6551.19   6460.28   6364.55   6279.67   6218.63   6181.54
   6161.72   6149.94   6139.74   6128.27   6116.81   6108.71   6103.92   6104.01   6107.38   6108.42   6105.96   6100.18   6089.72
   6071.66   6051.32   6036.85   6033.60   6043.70   6067.16   6098.31   6131.19   6170.82   6227.11   6296.02   6358.86   6403.07
   5938.31   5924.95   5947.73   6023.87   6138.74   6249.00   6365.23   6474.70   6569.51   6657.44   6729.08   6787.55   6834.98
   6870.98   6891.95   6885.46   6847.37   6786.43   6704.71   6616.26   6510.38   6389.32   6288.01   6230.12   6208.47   6212.72
   6227.18   6238.43   6242.70   6240.53   6232.58   6222.13   6213.75   6209.99   6210.04   6212.29   6215.40   6215.46   6209.56
   6199.41   6188.85   6181.41   6182.81   6196.73   6221.96   6254.81   6293.61   6338.54   6393.42   6444.11   6481.96   6510.50
   6011.29   5973.48   5978.09   6032.65   6135.80   6258.80   6386.75   6494.66   6588.52   6680.36   6755.59   6808.84   6848.10
   6877.32   6888.96   6876.13   6841.32   6780.08   6696.82   6595.30   6467.05   6338.48   6259.72   6232.91   6250.77   6292.11
   6328.76   6355.15   6372.68   6381.38   6382.38   6377.03   6369.12   6361.62   6357.60   6360.00   6365.04   6369.25   6373.01
   6374.69   6376.43   6380.09   6387.57   6404.09   6429.51   6459.54   6490.41   6520.59   6549.07   6571.93   6588.46   6601.82
   6130.25   6053.31   6037.61   6068.66   6144.12   6261.53   6398.54   6517.17   6611.00   6695.79   6769.35   6817.41   6848.61
   6866.57   6867.19   6850.41   6819.59   6763.49   6685.49   6578.58   6436.37   6319.28   6270.15   6275.35   6325.33   6381.27
   6426.55   6463.05   6489.04   6506.64   6517.02   6521.01   6522.01   6522.74   6525.39   6531.30   6537.48   6542.44   6549.16
   6559.26   6572.21   6587.03   6604.02   6623.19   6643.81   6664.92   6682.02   6693.40   6701.30   6704.54   6702.29   6696.75
   6284.77   6186.98   6142.18   6152.95   6210.67   6313.46   6436.81   6552.85   6642.00   6714.18   6772.12   6809.06   6832.06
   6839.98   6834.50   6818.63   6790.15   6740.28   6671.48   6573.17   6438.43   6340.54   6320.12   6353.18   6411.29   6468.18
   6515.92   6552.84   6580.81   6604.55   6625.35   6642.65   6656.01   6668.42   6683.10   6697.44   6709.04   6717.59   6723.76
   6732.96   6748.16   6769.80   6792.46   6813.12   6830.26   6842.95   6850.11   6851.80   6848.40   6841.12   6827.53   6805.57
   6439.98   6352.62   6298.28   6295.20   6340.76   6419.34   6511.89   6602.33   6671.32   6725.61   6765.36   6787.15   6796.72
   6797.87   6795.23   6782.63   6754.78   6712.88   6659.86   6584.53   6480.89   6411.12   6411.20   6448.81   6500.52   6548.54
   6588.31   6620.83   6660.02   6696.92   6731.91   6764.27   6792.02   6816.88   6839.67   6859.64   6874.82   6883.40   6884.53
   6888.83   6907.59   6931.95   6954.63   6972.47   6984.42   6989.96   6988.83   6982.04   6971.15   6957.05   6938.25   6912.17
   6572.82   6507.73   6461.76   6451.84   6476.34   6524.01   6589.80   6654.65   6698.37   6730.69   6750.24   6752.90   6743.61
   6737.63   6738.22   6731.57   6711.41   6681.94   6648.35   6606.61   6550.32   6511.30   6514.47   6543.71   6581.22   6618.98
   6657.16   6704.31   6757.43   6802.48   6841.92   6879.71   6914.52   6943.56   6967.44   6986.02   6999.87   7007.67   7012.53
   7025.55   7051.99   7079.39   7100.96   7115.77   7122.19   7119.36   7108.74   7092.30   7072.94   7051.93   7029.39   7003.91
   6674.28   6627.10   6589.38   6570.64   6578.37   6610.63   6655.14   6694.08   6715.64   6730.87   6730.70   6712.27   6687.53
   6676.81   6677.86   6676.80   6667.89   6656.06   6642.54   6626.46   6607.18   6598.08   6606.61   6629.40   6660.36   6701.32
   6749.24   6802.74   6848.36   6893.46   6934.36   6971.98   7004.68   7030.60   7051.24   7067.05   7083.24   7099.56   7118.01
   7143.11   7172.40   7200.55   7222.25   7234.02   7235.02   7226.91   7209.41   7184.70   7157.48   7130.26   7104.93   7079.95
   6750.32   6711.71   6678.37   6658.64   6659.64   6680.76   6706.30   6720.55   6726.46   6728.52   6712.11   6675.25   6642.46
   6631.90   6633.45   6639.01   6649.95   6659.90   6665.30   6665.74   6666.48   6674.59   6690.57   6716.16   6750.60   6793.40
   6837.13   6879.49   6922.79   6963.88   6997.72   7028.69   7056.38   7077.84   7098.56   7123.25   7148.26   7173.17   7200.89
   7231.12   7259.60   7283.18   7300.94   7309.58   7308.56   7299.18   7279.55   7250.20   7219.69   7192.54   7168.99   7144.46
   6805.67   6767.85   6740.29   6728.26   6728.22   6735.81   6740.51   6737.58   6734.10   6725.64   6698.78   6648.60   6609.42
   6597.78   6600.61   6623.12   6656.51   6681.37   6698.30   6710.14   6722.85   6740.69   6767.59   6799.94   6835.31   6871.92
   6906.29   6937.65   6973.03   7006.94   7035.54   7057.62   7075.45   7100.12   7132.77   7166.26   7195.72   7224.55   7254.58
   7284.44   7309.60   7329.56   7345.28   7354.20   7353.98   7344.34   7324.23   7293.44   7262.75   7238.57   7218.02   7192.73
   6845.60   6817.42   6797.32   6786.02   6780.08   6773.27   6762.69   6750.45   6739.44   6725.77   6695.91   6641.89   6587.82
   6571.82   6586.75   6623.20   6663.27   6692.59   6715.09   6735.46   6755.14   6781.76   6818.52   6856.62   6894.10   6924.88
   6950.30   6975.91   7004.53   7028.20   7047.62   7061.84   7081.38   7114.17   7154.69   7189.09   7217.85   7248.67   7279.81
   7307.08   7331.17   7352.81   7368.84   7378.01   7378.52   7369.23   7348.02   7319.49   7292.23   7269.84   7249.30   7223.63
   6873.45   6855.03   6837.96   6824.30   6813.20   6799.94   6785.35   6767.90   6748.72   6731.49   6706.21   6661.11   6603.21
   6572.04   6591.39   6628.64   6661.74   6688.55   6713.64   6743.13   6771.46   6807.63   6848.40   6887.69   6923.08   6951.05
   6972.92   6995.22   7016.91   7032.29   7042.01   7051.77   7075.18   7116.42   7159.87   7192.54   7222.69   7255.14   7284.63
   7311.24   7334.87   7355.10   7371.41   7381.92   7384.45   7377.37   7358.22   7333.32   7310.98   7291.32   7270.98   7246.76
   6885.32   6873.51   6857.19   6843.74   6834.65   6825.57   6814.44   6797.99   6777.02   6756.47   6734.42   6704.85   6662.04
   6618.95   6608.37   6627.55   6652.48   6676.03   6706.96   6743.36   6777.98   6820.79   6864.69   6899.72   6932.15   6960.22
   6980.36   6999.27   7015.59   7021.12   7021.60   7033.28   7061.07   7105.11   7153.11   7186.77   7214.15   7244.54   7275.20
   7302.17   7324.63   7344.91   7361.09   7370.45   7373.11   7368.95   7357.68   7341.36   7323.13   7304.35   7285.44   7264.88
   6363.23   6363.43   6363.49   6363.42   6363.22   6362.90   6362.47   6361.94   6361.34   6360.67   6359.96   6359.23   6358.47
   6357.71   6356.98   6356.29   6355.67   6355.11   6354.61   6354.17   6353.79   6353.46   6353.17   6352.93   6352.74   6352.61
   6352.55   6352.56   6352.63   6352.78   6353.02   6353.35   6353.80   6354.37   6355.10   6355.99   6357.04   6358.23   6359.55
   6360.95   6362.41   6363.91   6365.43   6366.94   6368.43   6369.88   6371.26   6372.56   6373.77   6374.86   6375.84   6376.68
   6384.95   6385.91   6386.74   6387.40   6387.89   6388.17   6388.22   6388.05   6387.65   6387.02   6386.14   6385.01   6383.64
   6382.07   6380.41   6378.78   6377.27   6375.92   6374.72   6373.67   6372.79   6372.05   6371.30   6370.50   6369.65   6368.79
   6368.08   6367.62   6367.46   6367.66   6368.23   6369.12   6370.30   6371.77   6373.47   6375.37   6377.48   6379.79   6382.32
   6385.03   6387.88   6390.83   6393.86   6396.91   6399.90   6402.77   6405.47   6407.98   6410.32   6412.44   6414.34   6415.93
   6410.14   6412.71   6414.97   6416.89   6418.45   6419.62   6420.35   6420.57   6420.22   6419.30   6417.89   6416.12   6414.10
   6411.90   6409.52   6406.98   6404.34   6401.68   6399.09   6396.68   6394.51   6392.51   6390.56   6388.57   6386.58   6384.67
   6382.97   6381.60   6380.57   6379.94   6379.88   6380.34   6381.19   6382.56   6384.60   6387.24   6390.30   6393.77   6397.86
   6402.40   6407.21   6412.43   6418.04   6423.92   6430.09   6436.33   6442.36   6447.87   6452.49   6456.05   6458.78   6461.02
   6448.93   6452.98   6456.79   6460.11   6462.64   6464.13   6464.46   6463.67   6461.93   6459.39   6456.21   6452.75   6449.53
   6446.88   6444.64   6442.41   6439.96   6437.21   6434.18   6430.86   6427.40   6423.92   6420.43   6416.89   6413.38   6409.92
   6406.36   6402.64   6399.03   6395.94   6393.72   6392.33   6391.73   6392.23   6393.89   6396.72   6401.03   6406.86   6413.93
   6422.18   6431.50   6441.64   6452.15   6463.11   6474.74   6486.46   6497.55   6507.60   6516.30   6523.44   6528.85   6532.23
   6498.01   6502.69   6506.50   6509.19   6510.63   6510.68   6509.17   6506.31   6502.72   6499.02   6495.65   6492.99   6491.22
   6490.17   6489.43   6488.68   6487.74   6486.49   6484.84   6482.74   6480.11   6476.85   6472.85   6468.03   6462.38   6455.98
   6448.98   6441.54   6433.96   6426.95   6420.90   6416.02   6412.64   6411.06   6411.52   6414.17   6419.25   6426.91   6437.25
   6450.48   6466.33   6484.30   6504.44   6526.68   6550.27   6573.53   6594.70   6612.58   6626.38   6635.69   6640.38   6640.65
   6540.97   6542.64   6543.67   6544.21   6544.28   6543.81   6542.71   6541.11   6539.62   6539.01   6539.52   6540.81   6542.49
   6544.10   6545.41   6546.54   6547.59   6548.54   6549.27   6549.68   6549.64   6548.96   6547.31   6544.34   6539.64   6532.66
   6523.04   6511.02   6497.49   6483.72   6470.82   6459.99   6452.23   6447.35   6445.32   6446.70   6452.21   6462.47   6477.64
   6497.57   6521.91   6551.50   6586.52   6623.30   6657.58   6687.25   6711.59   6730.62   6744.59   6753.79   6758.20   6757.55
   6566.58   6566.50   6567.71   6569.38   6571.08   6573.20   6576.36   6580.40   6584.52   6587.97   6590.51   6592.41   6593.93
   6594.83   6595.08   6595.36   6596.94   6600.38   6605.34   6610.80   6615.90   6619.98   6622.73   6623.97   6622.98   6618.78
   6610.78   6598.85   6582.79   6563.32   6543.25   6525.07   6510.00   6499.07   6492.89   6492.19   6498.18   6511.48   6531.53
   6557.40   6593.20   6637.11   6679.53   6718.03   6752.54   6782.07   6806.52   6825.10   6837.44   6845.24   6849.93   6850.42
   6583.99   6587.97   6593.37   6599.33   6604.28   6607.83   6610.98   6613.99   6616.67   6618.98   6621.07   6623.60   6626.46
   6628.85   6631.24   6635.46   6643.14   6653.47   6664.44   6674.75   6683.48   6690.64   6696.50   6700.97   6703.46   6702.76
   6697.63   6687.27   6671.54   6651.29   6627.13   6600.70   6576.09   6557.25   6545.39   6541.97   6548.09   6563.29   6587.48
   6622.04   6663.06   6706.55   6751.65   6793.68   6828.44   6855.76   6876.67   6890.85   6897.66   6900.89   6903.84   6905.09
   6593.90   6602.10   6608.30   6612.33   6615.16   6616.92   6617.77   6619.19   6622.85   6629.37   6638.58   6648.52   6656.95
   6664.20   6672.26   6683.25   6698.80   6717.67   6733.92   6747.43   6759.64   6772.14   6783.83   6792.25   6795.80   6794.83
   6789.11   6777.84   6760.43   6736.38   6706.97   6673.62   6639.46   6610.61   6592.33   6586.44   6591.74   6607.88   6635.43
   6668.47   6707.59   6756.26   6804.75   6844.92   6877.39   6902.86   6920.20   6928.12   6927.20   6923.45   6923.04   6926.29
   6579.08   6586.91   6592.02   6595.08   6598.20   6602.95   6610.00   6619.82   6631.77   6645.19   6660.18   6674.57   6686.98
   6699.37   6713.88   6731.09   6752.47   6775.59   6798.25   6819.89   6840.36   6859.88   6876.47   6887.93   6892.23   6889.02
   6880.93   6866.27   6843.73   6814.21   6776.33   6731.88   6687.80   6650.98   6628.41   6621.19   6626.86   6644.94   6667.71
   6690.44   6726.98   6774.50   6817.50   6854.24   6885.64   6911.60   6930.23   6938.26   6936.08   6930.27   6927.79   6930.69
   6553.16   6560.19   6567.04   6574.93   6584.72   6597.23   6612.80   6630.67   6649.64   6668.91   6687.20   6704.16   6721.75
   6741.10   6762.23   6784.07   6806.60   6831.59   6860.79   6891.03   6922.00   6950.24   6972.42   6987.19   6994.13   6991.66
   6976.79   6950.09   6916.72   6878.19   6828.19   6770.06   6716.09   6675.78   6653.20   6647.10   6655.37   6671.81   6684.40
   6697.13   6722.44   6757.20   6790.94   6822.33   6852.79   6880.05   6901.23   6913.76   6918.55   6920.57   6924.05   6930.78
   6540.84   6548.88   6557.85   6569.20   6583.96   6602.97   6625.93   6650.54   6675.12   6699.54   6722.97   6745.81   6769.20
   6794.14   6820.25   6846.75   6873.41   6901.97   6933.84   6968.86   7004.90   7036.72   7064.61   7085.80   7093.89   7086.59
   7063.86   7024.59   6976.22   6922.05   6855.55   6785.15   6726.74   6688.39   6668.86   6665.33   6675.35   6687.64   6691.70
   6697.89   6712.12   6730.81   6749.61   6768.48   6792.14   6817.97   6840.96   6857.63   6868.64   6877.73   6892.21   6914.34
   6542.56   6552.60   6564.79   6579.71   6598.89   6623.96   6652.92   6682.96   6713.44   6743.27   6771.76   6799.78   6828.78
   6859.25   6890.86   6923.16   6954.12   6983.90   7018.03   7053.59   7088.12   7123.01   7154.72   7171.39   7171.03   7153.19
   7117.92   7068.56   7009.08   6936.32   6855.21   6781.11   6726.55   6692.95   6677.17   6676.45   6687.35   6694.99   6692.16
   6691.70   6698.59   6708.00   6717.10   6725.71   6738.36   6756.38   6776.29   6793.82   6806.85   6819.71   6839.58   6875.55
   6551.77   6562.43   6577.83   6598.27   6624.20   6656.05   6691.54   6728.32   6765.89   6803.79   6842.07   6880.09   6916.24
   6949.22   6981.56   7015.81   7048.59   7076.49   7102.85   7134.04   7167.26   7202.21   7226.48   7230.27   7216.34   7185.23
   7137.86   7076.29   7002.24   6919.33   6837.30   6770.17   6723.38   6693.80   6680.17   6680.13   6690.41   6696.76   6689.76
   6682.50   6683.12   6686.90   6691.74   6698.07   6706.46   6717.12   6730.12   6746.17   6764.40   6784.67   6806.90   6837.16
   6566.68   6576.27   6594.06   6621.13   6656.15   6696.53   6740.59   6789.92   6843.68   6901.53   6963.34   7019.75   7064.99
   7100.38   7128.55   7150.16   7166.13   7179.28   7190.29   7207.24   7234.07   7259.19   7266.90   7254.73   7223.91   7178.45
   7118.42   7044.37   6963.59   6883.82   6815.48   6763.51   6725.17   6699.31   6685.36   6683.77   6691.42   6699.05   6695.92
   6685.45   6678.88   6677.50   6680.51   6687.64   6697.28   6707.74   6719.15   6734.28   6755.39   6780.28   6806.31   6831.14
   6588.68   6596.49   6618.26   6651.70   6697.65   6755.90   6821.69   6888.03   6959.61   7046.98   7136.78   7211.74   7267.42
   7306.01   7327.71   7333.66   7325.96   7307.90   7287.17   7278.51   7288.31   7294.04   7279.21   7245.58   7197.20   7135.71
   7061.86   6984.33   6911.99   6851.41   6805.64   6769.89   6741.15   6719.22   6705.57   6702.13   6706.18   6713.09   6716.42
   6708.11   6695.71   6691.62   6696.34   6705.48   6715.74   6727.19   6740.64   6758.41   6783.59   6816.65   6855.11   6891.51
   6613.72   6620.24   6644.46   6686.67   6754.18   6840.64   6926.22   7008.63   7109.56   7219.38   7312.90   7386.37   7442.31
   7480.06   7499.09   7498.10   7478.30   7438.06   7383.59   7344.62   7325.89   7301.96   7259.41   7202.52   7134.55   7059.83
   6988.10   6928.98   6881.19   6843.49   6813.87   6791.11   6773.83   6761.03   6752.85   6750.13   6750.60   6753.07   6753.82
   6748.67   6739.07   6733.88   6735.98   6743.66   6756.46   6773.06   6792.40   6816.50   6848.90   6891.10   6943.57   7003.13
   6639.74   6642.25   6668.17   6724.63   6818.40   6926.96   7026.94   7130.13   7245.18   7349.78   7435.94   7505.53   7559.71
   7594.13   7609.09   7604.67   7578.92   7529.07   7455.90   7387.76   7336.27   7275.87   7202.68   7125.74   7050.13   6987.72
   6941.91   6908.57   6881.36   6859.29   6842.44   6831.18   6824.98   6822.33   6822.28   6823.37   6824.14   6824.94   6824.35
   6817.74   6805.70   6797.90   6797.42   6807.05   6826.90   6851.99   6879.43   6912.05   6953.01   7005.39   7068.50   7130.72
   6670.35   6666.06   6690.99   6754.95   6862.31   6984.60   7102.53   7219.92   7330.96   7431.31   7515.84   7580.17   7630.46
   7664.61   7678.52   7670.99   7636.52   7576.63   7491.69   7402.90   7320.50   7224.47   7124.70   7046.04   6993.95   6961.57
   6940.62   6926.77   6916.76   6908.15   6901.20   6898.16   6899.01   6902.69   6907.92   6913.02   6917.83   6921.16   6921.29
   6915.57   6906.91   6900.79   6902.22   6915.16   6938.41   6967.68   7001.11   7042.01   7094.28   7155.68   7215.40   7261.51
   6714.84   6698.31   6716.30   6775.68   6884.99   7019.36   7151.72   7273.52   7379.83   7476.38   7559.23   7625.03   7672.63
   7701.53   7712.63   7701.27   7660.38   7590.79   7498.50   7399.00   7288.29   7163.56   7064.47   7009.96   6985.52   6981.22
   6990.09   7001.31   7007.91   7009.51   7007.31   7005.15   7005.28   7008.74   7015.07   7022.96   7031.93   7040.82   7048.29
   7051.37   7051.90   7053.67   7060.95   7076.07   7100.33   7131.54   7168.62   7211.40   7261.44   7308.83   7344.94   7375.35
   6786.00   6748.49   6755.18   6803.07   6900.74   7034.97   7178.31   7308.45   7417.69   7512.58   7590.75   7652.32   7694.16
   7715.67   7719.45   7700.08   7654.91   7585.92   7494.32   7384.11   7251.87   7120.61   7043.94   7012.44   7014.60   7044.67
   7084.02   7115.84   7136.04   7145.71   7148.79   7149.62   7151.62   7156.75   7165.47   7177.38   7190.72   7204.41   7216.39
   7225.36   7235.96   7249.30   7264.32   7284.90   7311.89   7341.48   7371.48   7400.60   7429.29   7451.82   7465.03   7476.41
   6895.07   6826.37   6815.97   6849.80   6928.29   7053.90   7204.84   7343.75   7458.03   7549.60   7619.26   7669.63   7698.97
   7710.76   7703.62   7673.19   7632.24   7573.02   7486.73   7368.22   7225.99   7109.04   7056.47   7050.88   7084.73   7139.47
   7192.21   7231.41   7256.25   7271.65   7282.63   7295.06   7310.49   7327.02   7343.57   7360.90   7377.91   7393.85   7407.60
   7421.47   7438.54   7459.31   7485.37   7514.38   7542.28   7566.52   7584.68   7595.86   7601.57   7603.16   7600.40   7594.00
   7032.20   6942.84   6913.23   6934.83   6999.85   7110.73   7249.90   7389.09   7503.34   7586.61   7642.32   7674.87   7687.98
   7686.73   7666.71   7636.93   7604.26   7552.31   7472.83   7359.27   7224.49   7132.55   7102.35   7124.76   7182.47   7242.56
   7288.90   7321.58   7346.76   7373.83   7407.07   7437.57   7465.21   7492.93   7518.52   7541.19   7561.91   7582.16   7603.01
   7622.83   7641.07   7665.67   7699.20   7732.69   7759.28   7776.18   7783.41   7781.57   7772.53   7758.76   7742.14   7723.40
   7172.95   7091.38   7049.16   7063.62   7121.37   7209.39   7325.53   7447.00   7544.13   7610.40   7649.58   7665.73   7662.93
   7645.18   7619.33   7595.24   7565.37   7522.02   7457.80   7371.06   7263.32   7191.12   7184.78   7228.34   7282.77   7326.44
   7362.45   7394.61   7433.84   7483.95   7535.06   7574.75   7607.39   7639.59   7669.31   7694.69   7721.50   7751.65   7781.38
   7803.66   7826.83   7859.30   7893.16   7922.78   7947.35   7960.81   7960.90   7949.22   7927.26   7899.79   7869.93   7840.16
   7303.83   7238.69   7196.25   7197.69   7242.10   7316.89   7411.17   7501.32   7573.10   7619.95   7642.09   7643.01   7622.49
   7586.95   7556.68   7533.56   7508.71   7476.69   7436.17   7384.37   7321.41   7283.73   7295.38   7332.82   7371.58   7406.81
   7445.02   7487.54   7538.60   7593.97   7644.80   7687.41   7721.23   7752.18   7784.05   7813.97   7847.81   7886.82   7921.44
   7953.07   7986.06   8019.27   8049.54   8075.92   8098.19   8110.30   8107.93   8091.99   8062.58   8023.02   7979.74   7937.47
   7411.52   7356.22   7316.50   7314.21   7351.47   7415.97   7483.19   7543.35   7591.40   7619.81   7625.54   7608.66   7567.96
   7519.36   7487.80   7470.52   7459.64   7451.83   7440.60   7423.15   7407.58   7403.95   7420.99   7448.75   7480.99   7514.97
   7548.44   7590.59   7639.02   7686.52   7730.82   7768.39   7800.78   7834.84   7872.30   7911.29   7953.90   7997.68   8037.10
   8074.84   8108.90   8140.17   8167.56   8190.78   8208.57   8217.92   8214.30   8195.87   8163.38   8119.36   8067.68   8015.34
   7493.37   7444.54   7416.13   7421.31   7455.06   7500.46   7540.63   7575.98   7604.11   7617.11   7607.79   7571.67   7514.10
   7464.42   7442.35   7445.95   7461.69   7479.99   7494.49   7501.35   7507.37   7519.54   7538.48   7565.30   7594.74   7622.55
   7649.47   7681.23   7717.28   7754.11   7785.85   7820.01   7854.51   7894.02   7942.47   7993.00   8041.19   8083.93   8121.51
   8158.99   8195.25   8226.76   8252.07   8270.38   8282.21   8287.34   8282.95   8263.67   8228.59   8182.65   8129.01   8072.93
   7552.03   7517.54   7507.01   7519.02   7544.58   7570.37   7590.69   7603.71   7614.80   7616.72   7596.51   7545.30   7476.32
   7433.06   7424.74   7449.04   7489.33   7521.19   7548.35   7568.38   7585.29   7604.97   7625.97   7649.40   7677.69   7701.52
   7722.16   7741.75   7765.07   7792.19   7815.11   7846.41   7887.12   7940.42   8001.65   8055.65   8100.20   8138.33   8177.13
   8215.53   8250.51   8280.56   8302.66   8316.73   8325.08   8327.59   8322.21   8301.29   8262.17   8214.61   8162.78   8108.30
   7599.58   7585.83   7586.45   7596.92   7612.66   7627.03   7634.94   7632.99   7627.96   7620.12   7596.73   7542.24   7467.85
   7422.88   7425.68   7462.27   7510.74   7547.35   7576.34   7600.75   7625.93   7656.26   7687.28   7710.64   7734.29   7755.97
   7768.42   7777.08   7789.58   7804.79   7823.09   7857.89   7912.67   7977.34   8040.60   8092.69   8134.10   8172.63   8210.80
   8247.49   8281.41   8309.00   8328.81   8341.01   8344.93   8342.27   8332.47   8308.27   8268.60   8223.29   8174.93   8123.39
   7639.76   7636.07   7640.15   7649.15   7660.88   7670.73   7673.93   7666.93   7651.10   7633.94   7611.47   7568.96   7503.37
   7449.29   7444.55   7477.62   7520.80   7556.49   7581.79   7610.26   7643.86   7682.94   7720.95   7749.46   7771.19   7785.81
   7790.65   7790.90   7794.36   7801.01   7815.90   7860.82   7928.16   7996.49   8060.19   8109.08   8148.51   8188.09   8225.82
   8260.26   8292.83   8320.55   8338.57   8346.37   8344.39   8334.98   8319.01   8291.79   8255.34   8214.04   8170.39   8134.45
   7661.76   7664.81   7672.36   7682.11   7693.90   7703.37   7707.10   7701.83   7685.76   7665.32   7645.02   7617.48   7577.38
   7533.32   7505.50   7505.82   7527.59   7555.08   7576.43   7604.07   7649.18   7698.39   7736.54   7764.31   7786.34   7797.72
   7797.22   7791.12   7783.93   7780.84   7798.37   7850.58   7926.42   8002.53   8061.71   8105.87   8146.61   8186.12   8225.64
   8261.33   8291.28   8317.69   8334.80   8337.45   8327.52   8312.41   8292.11   8263.48   8228.02   8189.15   8160.24   8147.04
   7286.41   7286.34   7286.22   7286.05   7285.83   7285.57   7285.27   7284.97   7284.66   7284.36   7284.06   7283.79   7283.54
   7283.31   7283.10   7282.92   7282.75   7282.60   7282.45   7282.29   7282.13   7281.96   7281.77   7281.57   7281.39   7281.23
   7281.09   7281.02   7281.01   7281.07   7281.22   7281.46   7281.79   7282.20   7282.69   7283.25   7283.86   7284.51   7285.21
   7285.94   7286.69   7287.45   7288.21   7288.97   7289.70   7290.39   7291.05   7291.66   7292.21   7292.70   7293.13   7293.49
   7309.33   7310.05   7310.63   7311.08   7311.39   7311.56   7311.58   7311.47   7311.24   7310.92   7310.53   7310.08   7309.59
   7309.08   7308.52   7307.90   7307.24   7306.56   7305.88   7305.23   7304.64   7304.11   7303.59   7303.06   7302.48   7301.88
   7301.31   7300.85   7300.53   7300.34   7300.29   7300.37   7300.58   7300.99   7301.66   7302.55   7303.62   7304.85   7306.26
   7307.85   7309.55   7311.27   7312.99   7314.70   7316.38   7318.01   7319.57   7321.02   7322.30   7323.35   7324.13   7324.59
   7340.30   7341.78   7343.13   7344.35   7345.41   7346.27   7346.91   7347.29   7347.42   7347.31   7346.98   7346.45   7345.78
   7345.03   7344.17   7343.15   7341.94   7340.55   7339.01   7337.31   7335.47   7333.56   7331.68   7329.88   7328.10   7326.27
   7324.43   7322.68   7321.15   7319.88   7318.89   7318.20   7317.96   7318.35   7319.37   7320.92   7322.99   7325.51   7328.37
   7331.52   7334.96   7338.62   7342.42   7346.34   7350.29   7354.13   7357.64   7360.77   7363.62   7366.36   7368.91   7370.84
   7382.39   7385.47   7388.54   7391.31   7393.47   7394.97   7395.83   7396.12   7395.90   7395.37   7394.81   7394.35   7393.90
   7393.34   7392.59   7391.62   7390.38   7388.75   7386.67   7384.18   7381.26   7377.90   7374.10   7370.02   7365.94   7361.99
   7358.04   7354.03   7350.11   7346.55   7343.58   7341.25   7339.65   7338.95   7339.27   7340.84   7343.72   7347.69   7352.50
   7358.01   7364.19   7370.83   7377.52   7384.06   7390.74   7398.00   7405.79   7413.52   7420.79   7426.94   7431.03   7432.64
   7433.09   7437.69   7441.71   7444.73   7446.55   7447.30   7447.42   7447.47   7447.68   7448.05   7448.60   7449.28   7449.97
   7450.55   7450.99   7451.18   7450.99   7450.27   7448.89   7446.72   7443.75   7440.00   7435.51   7430.29   7424.30   7417.63
   7410.46   7402.96   7395.31   7387.81   7380.95   7375.27   7371.00   7368.30   7367.46   7368.56   7371.69   7376.86   7383.91
   7392.61   7402.87   7414.61   7427.68   7441.81   7456.43   7470.75   7484.17   7496.18   7506.03   7513.10   7517.23   7518.61
   7480.17   7483.73   7486.89   7489.58   7491.83   7493.71   7495.34   7497.09   7499.34   7502.04   7504.94   7507.92   7510.84
   7513.54   7515.83   7517.60   7518.82   7519.50   7519.67   7519.20   7517.88   7515.55   7512.00   7506.99   7500.27   7491.77
   7481.86   7471.04   7459.72   7448.19   7436.86   7426.25   7417.29   7410.62   7407.04   7406.90   7410.21   7416.86   7426.76
   7439.56   7454.78   7472.95   7493.74   7516.43   7540.24   7563.51   7584.26   7601.34   7614.24   7622.50   7625.94   7624.58
   7514.34   7517.50   7521.23   7525.81   7531.24   7536.59   7540.86   7544.15   7547.35   7551.12   7555.44   7559.90   7563.73
   7567.01   7570.57   7574.94   7579.85   7584.60   7588.54   7591.39   7593.16   7593.85   7593.19   7590.63   7585.65   7577.81
   7566.85   7553.36   7538.44   7522.57   7506.22   7490.38   7476.66   7466.10   7458.69   7455.01   7456.58   7463.69   7475.42
   7491.74   7513.89   7540.35   7569.21   7599.48   7628.42   7655.01   7678.50   7697.60   7711.44   7719.84   7722.83   7720.83
   7538.24   7544.35   7550.83   7557.05   7563.28   7569.38   7574.63   7578.94   7583.17   7588.08   7593.43   7598.83   7604.61
   7611.02   7617.94   7625.50   7634.06   7643.26   7652.05   7659.28   7665.25   7669.64   7672.04   7672.26   7670.12   7664.95
   7655.22   7640.12   7620.66   7599.47   7578.80   7558.92   7540.01   7524.13   7513.16   7507.56   7507.81   7514.11   7526.89
   7546.27   7572.16   7602.13   7633.99   7666.49   7697.88   7725.83   7748.79   7765.99   7776.44   7781.09   7782.73   7782.21
   7553.38   7560.18   7566.62   7572.71   7578.52   7584.43   7591.45   7599.65   7607.65   7615.15   7622.80   7630.68   7639.13
   7649.13   7661.32   7675.55   7691.36   7706.70   7719.25   7730.38   7740.12   7747.07   7750.57   7750.93   7748.01   7741.53
   7731.42   7717.80   7698.84   7674.08   7646.49   7619.76   7595.63   7575.55   7561.75   7554.73   7553.86   7559.43   7572.31
   7591.77   7615.93   7643.40   7675.59   7710.61   7743.58   7770.70   7790.50   7802.00   7805.46   7804.63   7804.62   7807.07
   7557.27   7562.87   7568.33   7574.29   7581.35   7589.54   7599.17   7610.57   7623.07   7636.25   7649.27   7661.75   7675.03
   7690.23   7707.78   7725.86   7744.25   7765.59   7785.85   7801.73   7815.20   7825.85   7832.34   7834.15   7829.32   7817.36
   7801.32   7782.79   7761.41   7734.92   7702.04   7668.19   7638.48   7614.90   7599.01   7590.04   7587.23   7591.69   7602.64
   7618.07   7636.29   7659.54   7689.46   7722.66   7754.58   7781.36   7800.03   7809.33   7810.17   7807.70   7806.12   7808.73
   7556.16   7562.82   7569.62   7576.84   7585.42   7596.09   7609.32   7625.38   7643.43   7661.42   7678.81   7696.96   7716.00
   7735.76   7756.18   7776.69   7798.08   7821.47   7846.18   7867.23   7883.31   7895.35   7904.51   7908.98   7905.93   7893.01
   7871.82   7844.05   7814.06   7781.26   7742.36   7702.28   7668.05   7641.65   7622.99   7611.14   7607.15   7610.49   7617.61
   7627.34   7639.53   7655.02   7675.51   7700.96   7727.49   7753.14   7774.45   7788.88   7795.91   7798.40   7800.42   7804.98
   7558.39   7566.39   7575.23   7585.17   7597.11   7611.31   7628.74   7649.64   7672.75   7695.77   7718.23   7740.70   7762.71
   7784.36   7806.41   7829.74   7853.68   7878.38   7904.58   7928.89   7946.82   7957.49   7965.70   7972.78   7971.58   7957.73
   7931.45   7895.56   7855.52   7812.13   7764.66   7719.40   7682.99   7655.11   7634.23   7621.29   7617.00   7618.37   7622.17
   7628.09   7636.01   7645.14   7654.66   7667.47   7685.22   7705.83   7725.30   7741.69   7754.66   7765.38   7776.33   7789.14
   7566.03   7575.20   7586.39   7599.55   7615.48   7634.65   7657.07   7682.35   7709.72   7737.98   7765.86   7793.10   7818.82
   7843.12   7867.52   7893.29   7917.18   7939.46   7962.28   7982.35   8001.54   8014.90   8024.77   8031.13   8024.47   8002.93
   7968.66   7925.06   7875.41   7822.57   7768.68   7722.39   7685.85   7657.39   7637.17   7626.12   7621.76   7621.40   7623.25
   7626.48   7630.58   7635.02   7640.03   7647.23   7657.51   7670.32   7684.33   7698.19   7712.19   7727.47   7744.48   7763.03
   7577.56   7585.85   7598.81   7616.39   7637.97   7663.41   7693.31   7726.58   7762.08   7799.50   7835.76   7868.96   7899.71
   7928.01   7953.48   7975.73   7994.71   8009.25   8024.56   8040.97   8055.77   8066.60   8073.58   8071.97   8055.24   8021.99
   7976.43   7924.68   7869.13   7812.92   7761.15   7717.82   7682.85   7656.25   7639.77   7631.19   7628.39   7627.42   7627.17
   7627.15   7627.26   7628.62   7632.25   7638.31   7645.87   7655.03   7666.63   7680.18   7695.74   7713.04   7731.47   7750.39
   7590.76   7597.46   7613.61   7636.55   7664.95   7699.83   7741.43   7790.73   7844.86   7896.17   7941.16   7981.59   8017.97
   8048.41   8072.07   8088.24   8096.55   8098.72   8099.03   8103.41   8107.96   8109.35   8104.26   8088.53   8057.29   8011.77
   7958.65   7901.84   7845.63   7794.50   7750.88   7714.20   7683.94   7661.63   7647.99   7641.43   7639.78   7638.65   7636.84
   7634.40   7633.11   7634.15   7637.03   7642.50   7649.92   7659.21   7671.26   7686.14   7703.64   7723.13   7742.79   7761.77
   7607.29   7614.35   7634.42   7662.95   7699.99   7746.70   7803.74   7873.31   7952.66   8028.88   8092.23   8140.55   8178.90
   8206.44   8221.58   8224.85   8216.30   8200.58   8181.85   8167.36   8154.46   8137.14   8113.43   8079.66   8033.99   7979.99
   7923.43   7870.67   7823.14   7782.27   7748.07   7720.05   7697.63   7680.54   7669.18   7663.16   7661.90   7662.22   7660.81
   7659.15   7657.47   7656.96   7660.44   7667.57   7677.06   7688.45   7702.03   7718.83   7739.88   7764.28   7787.97   7807.04
   7628.96   7637.75   7661.05   7697.26   7746.98   7808.51   7884.41   7978.56   8082.89   8177.10   8253.01   8308.55   8346.69
   8369.22   8375.76   8366.05   8341.40   8304.50   8262.58   8223.68   8186.77   8144.51   8098.60   8045.91   7989.93   7937.31
   7891.05   7850.54   7815.01   7784.62   7760.89   7742.24   7727.46   7716.66   7709.52   7706.54   7707.19   7708.84   7708.77
   7707.29   7706.07   7705.29   7708.03   7716.15   7728.59   7743.70   7762.41   7785.79   7812.61   7841.68   7872.62   7896.90
   7655.22   7663.12   7688.20   7734.12   7800.09   7880.10   7977.94   8093.45   8211.77   8314.14   8394.50   8452.69   8491.55
   8510.33   8508.66   8487.00   8446.44   8388.61   8324.30   8262.84   8199.76   8130.43   8060.90   7996.47   7946.22   7906.65
   7874.26   7847.57   7825.08   7806.98   7792.92   7782.81   7776.14   7772.59   7771.79   7773.81   7778.04   7782.23   7784.11
   7783.65   7781.37   7780.77   7785.53   7796.88   7813.94   7833.68   7857.07   7885.35   7918.08   7952.58   7993.12   8030.51
   7689.66   7690.35   7714.32   7769.17   7851.62   7952.84   8069.66   8194.52   8314.75   8418.89   8501.29   8561.47   8598.02
   8611.27   8602.85   8572.89   8519.89   8444.72   8360.35   8278.58   8191.65   8099.61   8016.24   7957.84   7919.02   7893.74
   7876.08   7863.83   7854.51   7848.18   7844.28   7842.52   7843.65   7847.64   7853.85   7862.21   7872.42   7882.15   7888.19
   7890.86   7892.54   7895.96   7903.95   7918.49   7938.42   7961.43   7987.29   8018.78   8056.11   8099.46   8142.66   8178.01
   7740.92   7728.59   7746.42   7801.85   7893.58   8011.58   8139.57   8269.02   8389.32   8493.60   8575.59   8633.10   8666.00
   8675.18   8659.36   8621.30   8558.53   8473.02   8375.09   8270.93   8161.17   8059.84   7984.78   7939.59   7914.62   7904.59
   7902.27   7903.98   7908.04   7912.73   7918.38   7925.27   7933.95   7945.17   7959.46   7976.21   7993.23   8009.66   8024.21
   8034.99   8044.25   8053.98   8066.09   8083.26   8104.42   8128.23   8153.20   8181.28   8214.03   8250.71   8281.78   8307.31
   7811.89   7784.01   7789.88   7837.05   7927.20   8053.58   8192.55   8328.48   8447.85   8549.90   8627.55   8678.43   8705.56
   8708.71   8686.95   8641.02   8570.55   8477.40   8370.59   8252.03   8130.20   8034.21   7972.03   7940.60   7933.00   7941.04
   7955.51   7972.50   7988.96   8002.81   8015.67   8030.44   8047.61   8066.39   8087.29   8109.85   8135.16   8163.33   8189.73
   8211.40   8230.73   8248.61   8267.04   8286.68   8306.03   8325.98   8346.16   8365.98   8384.50   8399.95   8410.25   8419.25
   7913.42   7864.55   7856.26   7889.19   7972.48   8099.80   8240.53   8376.88   8498.71   8593.29   8659.76   8701.41   8720.87
   8717.81   8691.20   8637.97   8560.12   8463.72   8352.14   8227.08   8111.09   8031.91   7979.53   7962.83   7973.64   7999.61
   8028.14   8056.86   8080.84   8102.67   8125.44   8151.05   8177.82   8205.00   8234.71   8270.47   8313.19   8356.84   8395.92
   8428.01   8454.73   8477.03   8495.63   8513.14   8531.10   8549.35   8564.06   8571.35   8570.76   8562.89   8549.95   8537.30
   8051.48   7990.58   7960.07   7972.91   8043.48   8160.43   8296.32   8426.66   8538.27   8619.94   8675.62   8707.85   8718.73
   8708.02   8672.15   8611.60   8531.46   8438.30   8331.50   8213.57   8109.07   8042.93   8012.24   8013.27   8039.32   8074.36
   8108.75   8141.97   8172.79   8205.36   8242.80   8280.89   8315.25   8352.10   8398.88   8454.68   8511.31   8564.83   8612.95
   8653.51   8686.09   8710.12   8728.45   8745.43   8762.67   8777.24   8785.29   8781.87   8765.37   8737.31   8701.86   8665.49
   8189.12   8137.44   8108.10   8109.46   8155.84   8244.19   8363.58   8480.27   8571.15   8636.59   8680.04   8701.42   8700.98
   8677.72   8630.19   8563.64   8485.61   8399.31   8307.33   8215.07   8137.75   8087.88   8079.44   8096.66   8129.22   8164.77
   8198.46   8232.14   8272.10   8318.78   8365.06   8404.30   8444.55   8496.46   8560.14   8627.52   8692.05   8751.89   8805.14
   8849.41   8884.72   8911.82   8932.88   8950.47   8964.47   8973.58   8974.96   8964.78   8940.92   8903.22   8851.36   8789.38
   8297.46   8262.64   8248.97   8256.77   8292.86   8361.34   8449.12   8534.21   8599.41   8647.75   8676.76   8682.96   8665.56
   8624.89   8566.34   8495.76   8421.63   8348.97   8282.59   8230.03   8196.73   8179.41   8187.76   8212.20   8245.11   8280.51
   8314.28   8349.88   8391.66   8435.78   8479.47   8518.52   8564.74   8629.33   8704.95   8778.04   8847.08   8909.25   8964.61
   9010.58   9044.68   9071.69   9093.94   9111.30   9122.80   9126.70   9122.24   9108.43   9082.46   9041.98   8983.09   8902.43
   8387.19   8361.73   8362.74   8384.91   8421.96   8473.67   8531.42   8583.84   8624.68   8654.68   8666.79   8653.75   8615.72
   8556.57   8488.01   8421.82   8366.87   8326.42   8300.16   8286.83   8285.75   8297.05   8318.69   8348.26   8382.08   8415.92
   8448.48   8477.25   8506.09   8538.84   8573.46   8615.38   8675.16   8748.94   8827.67   8901.58   8970.36   9031.25   9084.29
   9128.44   9163.14   9191.64   9215.04   9232.54   9242.57   9242.76   9233.83   9216.85   9189.28   9146.76   9086.41   8999.51
   8468.72   8453.35   8465.14   8491.77   8524.99   8560.39   8596.03   8625.17   8645.07   8656.73   8651.55   8619.52   8558.80
   8485.34   8420.71   8375.06   8349.52   8345.20   8356.83   8373.82   8391.54   8413.93   8439.79   8466.54   8495.95   8523.33
   8546.47   8565.77   8585.18   8609.58   8638.89   8690.19   8762.97   8843.01   8921.88   8993.99   9059.54   9117.68   9168.31
   9210.49   9246.35   9276.99   9300.95   9317.19   9325.05   9323.19   9311.96   9292.25   9261.69   9217.95   9158.28   9073.26
   8543.86   8541.17   8555.17   8577.02   8601.27   8623.77   8644.68   8657.71   8660.74   8658.25   8639.72   8592.45   8513.93
   8435.76   8386.78   8364.11   8365.24   8387.77   8420.34   8449.77   8477.52   8503.23   8523.27   8543.43   8567.12   8590.22
   8606.17   8616.28   8627.85   8647.27   8683.19   8746.10   8826.49   8909.39   8985.95   9053.31   9116.08   9173.47   9222.45
   9264.99   9302.69   9333.06   9355.05   9369.17   9374.88   9371.70   9359.80   9338.89   9305.10   9258.44   9198.96   9120.34
   8609.42   8611.81   8621.95   8637.58   8653.49   8665.71   8677.52   8683.42   8677.72   8666.19   8640.93   8586.69   8503.48
   8426.43   8388.87   8381.86   8398.78   8429.21   8463.45   8495.24   8527.36   8556.93   8580.48   8601.17   8620.73   8636.64
   8643.82   8643.70   8648.37   8667.98   8712.94   8783.59   8867.80   8950.19   9023.01   9084.56   9141.98   9200.46   9252.42
   9296.96   9335.05   9364.07   9383.58   9395.83   9399.68   9395.18   9382.93   9360.89   9324.15   9274.03   9213.13   9141.72
   8655.95   8659.36   8668.53   8679.18   8687.66   8693.89   8700.76   8706.17   8701.62   8686.49   8660.62   8611.65   8537.46
   8464.73   8426.11   8420.83   8438.35   8463.22   8490.12   8521.19   8554.26   8587.63   8618.09   8641.33   8655.34   8660.38
   8658.88   8652.49   8655.87   8677.91   8729.87   8805.45   8888.82   8967.98   9034.75   9091.45   9146.63   9204.84   9259.23
   9304.93   9343.23   9374.46   9395.99   9406.80   9406.72   9398.02   9383.83   9358.37   9317.26   9264.29   9204.13   9152.69
   8685.40   8692.91   8702.07   8710.13   8715.46   8718.74   8721.88   8729.40   8732.95   8723.53   8702.23   8663.86   8610.74
   8555.57   8518.02   8505.19   8503.82   8507.51   8510.66   8528.69   8567.20   8602.85   8636.31   8665.81   8679.47   8677.56
   8665.96   8655.17   8657.91   8681.12   8735.89   8812.78   8894.72   8967.92   9026.24   9080.05   9132.49   9188.35   9245.30
   9293.51   9332.70   9368.90   9396.35   9407.00   9401.27   9384.75   9360.04   9325.63   9283.70   9239.46   9199.59   9172.69
