   10.5000000      -169.500000       85.5000000      -42.0000000       2.50000000       2.50000000       52.0000000       31.0000000    
    253.74    253.64    253.53    253.48    253.28    253.23    253.08    252.87    252.72    252.52    252.32    252.06    251.86
    251.65    251.45    251.30    251.30    251.30    251.40    251.50    251.70    251.80    251.90    252.05    252.05    251.95
    251.90    251.75    251.49    251.34    251.19    250.99    250.89    250.84    250.74    250.59    250.34    250.24    250.34
    250.39    250.49    250.65    250.80    251.00    251.25    251.40    251.40    251.45    251.61    251.61    251.61    251.81
    255.07    255.02    255.13    255.29    255.30    255.15    254.80    254.44    254.03    253.78    253.67    253.72    253.67
    253.67    253.52    253.42    253.22    252.98    252.67    252.37    252.02    251.71    251.46    251.51    251.65    252.00
    252.51    252.96    253.21    253.16    252.66    252.26    252.06    252.01    252.47    253.06    254.70    257.29    257.09
    258.30    257.34    256.44    253.66    252.02    252.94    253.95    254.16    254.76    256.47    258.38    261.14    260.23
    256.32    255.82    255.47    255.48    255.75    255.55    255.00    254.34    253.78    253.33    253.13    253.13    253.28
    253.58    254.04    254.54    255.04    255.35    255.35    255.20    254.85    254.45    254.55    254.44    253.92    253.76
    254.12    254.33    253.93    253.64    254.59    255.59    256.30    256.95    258.05    259.91    260.67    260.42    262.94
    262.54    261.99    259.39    261.00    264.72    268.65    269.31    269.21    269.46    269.66    269.41    268.91    268.00
    257.75    257.55    257.41    257.26    256.87    256.26    255.45    254.33    253.22    252.42    251.77    251.47    251.62
    251.93    252.18    252.59    253.35    254.20    254.76    254.81    255.27    255.46    255.45    255.24    255.28    255.17
    254.07    251.82    252.23    252.99    252.54    253.94    255.43    255.54    256.65    259.51    261.57    262.14    262.35
    265.67    267.44    268.65    269.61    269.61    270.37    271.08    271.33    271.23    270.42    269.92    269.61    269.01
    257.01    257.57    258.08    258.13    257.72    256.90    255.99    255.63    254.68    253.33    252.18    251.63    251.62
    251.88    252.18    252.54    252.89    253.09    253.14    252.94    252.78    252.73    253.27    250.71    250.30    250.44
    250.23    250.93    250.30    249.90    250.54    249.37    248.70    248.59    249.95    251.92    253.65    253.55    253.86
    255.17    257.80    261.09    263.82    267.51    270.48    273.36    273.76    273.31    272.45    271.64    270.63    269.36
    259.15    259.50    259.09    258.92    259.27    259.52    259.26    258.36    256.76    255.26    254.76    254.81    255.01
    255.37    255.47    255.62    255.57    255.27    255.07    253.95    253.79    252.58    252.57    251.86    250.75    250.14
    249.99    249.99    249.28    248.12    247.71    247.85    247.33    245.16    243.94    244.85    244.99    247.47    248.74
    250.11    252.24    255.99    259.48    264.09    268.53    272.15    274.67    274.11    273.36    272.55    271.23    269.82
    258.60    257.98    257.52    258.32    257.52    256.71    256.60    256.44    255.97    255.66    255.61    255.91    256.21
    256.36    256.36    256.67    256.52    256.63    257.25    255.78    255.95    255.71    254.20    253.75    252.79    253.59
    249.73    251.37    250.86    249.94    250.37    250.08    248.42    247.00    246.64    245.37    243.45    242.88    244.79
    250.85    255.06    255.89    259.29    265.46    268.08    270.75    274.82    274.06    275.07    273.05    272.85    273.15
    260.03    260.23    260.32    257.99    254.81    258.49    259.45    255.66    262.53    263.65    263.90    257.28    254.65
    259.35    255.26    254.70    255.46    256.12    256.98    257.18    255.36    256.23    258.51    258.26    256.56    256.42
    255.13    253.92    252.76    251.44    250.88    250.92    250.30    248.78    249.17    249.32    248.72    249.07    249.17
    250.33    254.97    264.47    268.82    269.25    271.53    274.38    275.18    274.33    276.99    277.91    278.61    276.84
    261.26    264.66    265.57    265.23    266.40    269.37    271.14    271.74    270.23    270.99    272.01    276.39    281.55
    274.71    263.06    262.32    262.63    264.65    262.03    263.04    264.48    262.86    263.19    261.98    259.50    257.40
    256.17    254.87    254.02    251.96    253.39    251.64    252.43    252.13    253.04    252.93    252.58    253.23    254.49
    256.01    260.85    266.86    272.36    274.73    275.19    275.89    277.11    278.98    279.93    280.74    280.49    276.95
    265.11    268.24    268.70    269.71    270.03    275.94    280.13    282.21    280.33    281.35    281.60    283.21    284.33
    283.82    282.46    282.10    281.29    283.87    285.11    280.47    278.14    276.52    272.95    269.28    267.71    265.99
    261.81    258.91    256.03    253.68    253.32    255.31    255.00    255.31    256.02    256.02    257.37    259.60    261.49
    265.96    272.36    273.42    275.70    276.24    276.80    276.86    277.11    277.78    283.42    284.93    282.71    278.47
    267.69    269.41    271.10    273.54    277.91    280.69    282.25    282.10    281.30    281.49    281.09    280.89    281.34
    281.80    283.01    282.36    281.14    280.33    283.97    283.53    283.88    283.17    284.14    278.77    270.54    267.05
    263.87    262.22    259.10    257.19    256.68    257.62    256.96    256.71    257.07    259.37    261.47    262.65    265.53
    269.04    273.83    278.13    277.61    277.51    277.96    278.31    278.11    278.26    278.26    279.78    279.42    278.46
    274.11    274.72    276.44    279.48    281.19    282.00    280.64    282.20    281.94    281.44    282.20    282.50    282.10
    281.69    282.15    283.92    281.80    282.00    283.52    286.96    286.40    286.06    284.59    284.69    281.51    274.43
    267.91    262.66    259.43    258.08    257.18    257.32    256.91    257.21    257.46    259.65    265.05    265.02    267.31
    270.80    275.59    278.38    278.21    277.96    278.41    279.07    279.52    279.87    280.28    280.53    280.73    280.98
    277.14    278.76    281.14    281.09    281.80    282.10    282.05    282.05    282.40    284.49    283.97    283.97    283.62
    283.21    283.72    285.03    281.85    282.15    283.37    283.62    287.61    286.80    289.03    281.70    282.41    279.60
    273.43    266.44    261.20    259.59    258.19    255.62    254.55    254.90    256.89    260.00    267.88    267.74    267.40
    271.99    275.73    278.61    278.82    278.36    278.87    279.68    280.54    281.14    281.39    281.75    282.25    282.91
    277.29    278.30    280.53    281.49    281.95    282.30    282.40    282.86    283.06    283.41    284.84    285.24    285.29
    285.75    285.85    286.25    285.90    284.88    284.63    282.91    284.53    289.23    287.31    283.40    280.30    277.43
    273.24    268.58    265.73    262.07    259.68    257.77    255.50    254.09    254.59    257.45    264.98    268.85    268.85
    272.70    276.39    279.17    280.08    279.88    279.78    279.43    281.61    283.02    284.18    284.48    284.58    285.49
    277.95    279.37    281.04    282.50    283.01    283.31    283.87    284.53    285.14    285.50    285.70    286.10    286.66
    287.32    287.97    288.64    288.94    285.05    285.04    283.27    279.68    279.88    284.23    283.11    280.29    277.92
    273.32    267.53    265.21    262.62    261.08    260.27    258.40    256.08    255.07    255.46    257.03    259.71    266.28
    270.12    275.53    278.72    280.23    280.89    280.74    279.48    279.88    280.39    280.54    281.65    284.63    287.11
    280.13    281.89    283.01    283.97    284.43    284.73    284.93    285.39    286.20    286.87    287.38    287.47    286.85
    288.79    290.07    290.43    290.98    289.21    288.15    288.74    276.85    280.08    280.08    285.64    283.21    276.59
    273.11    267.70    263.62    262.60    262.85    263.85    264.51    264.95    260.16    258.13    258.94    260.36    264.10
    269.92    273.66    277.35    279.12    278.77    279.42    279.73    279.73    280.23    281.14    280.99    282.50    284.07
    282.30    283.41    284.32    285.08    285.33    285.59    286.15    286.96    287.63    288.13    288.74    289.35    290.01
    290.77    290.93    291.94    292.08    291.84    290.79    284.95    281.65    283.16    282.81    281.90    284.02    280.23
    274.67    266.43    264.10    264.96    267.89    268.09    269.05    270.31    267.94    266.37    264.10    265.61    267.69
    268.80    271.28    274.57    276.75    277.51    278.76    279.82    280.28    280.99    281.09    283.00    285.38    287.76
    283.46    284.22    285.28    285.79    286.45    287.21    288.08    288.74    289.25    290.01    290.52    291.28    292.29
    292.04    292.85    292.99    293.85    294.13    294.07    287.62    283.22    284.53    284.33    283.42    283.72    281.50
    279.02    270.93    265.92    267.89    269.56    270.52    270.77    272.18    272.64    271.42    270.62    271.27    270.62
    270.32    273.24    275.72    274.87    277.09    279.11    281.04    282.75    282.20    284.13    291.55    293.93    292.57
    283.51    284.27    285.84    287.01    288.37    289.23    290.35    291.11    291.42    291.98    292.55    293.40    294.06
    294.31    294.16    294.10    293.82    293.62    297.34    292.37    287.56    286.86    286.05    285.85    283.92    282.71
    280.28    276.89    271.99    269.35    271.68    271.38    271.12    271.33    273.25    271.73    272.39    274.16    273.90
    275.77    276.68    277.04    277.24    280.17    282.50    285.99    287.81    289.53    293.38    295.50    295.55    294.94
    283.61    285.23    286.80    288.22    289.58    291.31    292.02    292.68    294.10    294.91    295.16    294.91    294.60
    294.10    293.85    293.45    293.48    292.51    296.97    294.74    290.85    287.87    287.26    288.58    289.89    286.65
    280.54    277.60    273.21    271.44    271.53    271.38    271.53    272.84    272.24    270.77    273.46    276.03    277.14
    279.82    280.93    281.38    281.44    284.22    286.34    289.13    292.46    294.99    295.75    296.36    296.31    295.60
    285.43    286.14    288.06    288.87    291.30    293.13    293.90    296.22    296.52    296.17    296.27    295.46    294.85
    293.84    293.09    294.02    293.37    292.76    293.55    294.20    292.97    293.13    294.69    291.76    294.14    286.86
    284.13    281.24    276.44    275.07    274.56    273.10    273.60    273.80    275.32    278.82    279.06    278.51    280.27
    283.30    284.92    285.73    287.15    288.41    290.24    292.51    295.04    296.10    297.17    296.96    296.46    295.95
    286.54    287.81    289.07    289.63    291.60    294.69    297.52    297.22    297.47    297.12    296.52    295.50    294.54
    293.37    293.39    293.66    294.33    293.97    292.84    292.64    294.40    297.02    297.11    297.52    294.59    290.70
    283.52    281.75    279.01    278.15    277.49    274.61    275.88    277.24    280.03    282.45    281.39    283.10    284.62
    286.44    287.96    289.22    290.69    292.20    294.03    296.10    297.57    298.18    297.77    297.37    296.66    296.30
    289.32    289.62    289.98    291.65    292.46    296.00    298.74    298.89    298.38    298.03    297.37    296.36    294.43
    294.08    293.63    294.20    295.44    294.62    293.30    292.23    292.48    291.06    293.78    295.96    300.61    295.10
    288.07    285.64    284.58    281.79    282.40    280.07    280.32    281.38    282.50    283.51    287.35    287.91    288.72
    289.63    291.04    292.86    294.88    296.25    297.67    299.09    298.93    298.27    298.22    297.67    297.21    296.76
    292.00    292.76    293.82    294.48    296.15    298.88    300.71    299.49    299.44    298.79    297.87    296.91    294.63
    294.89    294.94    293.83    296.29    295.84    294.67    293.55    291.35    291.65    291.86    298.13    301.02    304.35
    299.14    286.10    285.43    284.42    284.97    284.62    285.58    286.34    284.67    285.95    293.32    293.21    293.67
    294.28    295.29    296.76    298.68    299.79    299.99    299.59    298.83    298.73    298.68    298.32    297.92    297.36
    295.34    296.35    297.77    299.24    301.21    300.86    300.45    299.84    300.05    299.14    298.33    297.32    295.39
    295.49    295.49    294.28    295.26    297.77    297.52    296.96    296.04    295.62    295.11    297.43    299.72    302.84
    306.42    297.12    289.48    290.45    291.95    291.75    292.46    292.46    290.74    289.07    292.81    295.44    297.01
    298.58    300.36    300.71    300.50    300.45    299.89    299.28    298.83    299.08    298.73    298.48    298.32    298.42
    298.68    299.69    300.90    301.36    301.77    301.31    300.25    299.94    299.69    299.29    298.89    297.77    295.90
    295.90    295.85    295.29    294.38    294.23    294.85    294.95    294.75    295.11    297.04    298.62    300.69    302.00
    304.05    304.71    293.68    293.48    295.49    295.54    295.90    296.75    296.05    295.55    296.26    298.99    300.35
    301.01    301.27    301.26    301.06    300.85    300.45    299.69    299.69    299.34    299.24    299.19    298.98    299.44
    300.85    301.01    301.16    301.46    300.96    300.60    300.29    300.14    299.79    299.64    299.24    298.33    297.06
    296.60    296.35    296.35    295.80    295.14    294.83    294.23    294.23    296.33    298.45    300.43    301.96    302.82
    304.61    304.40    300.92    296.46    298.23    298.53    299.34    299.54    300.60    301.22    302.02    302.03    301.97
    302.08    302.88    302.89    301.97    301.41    301.10    300.75    300.75    300.60    300.20    300.04    300.00    299.49
    301.11    301.31    300.91    300.60    300.09    300.09    300.34    300.25    300.35    300.00    300.21    299.29    298.68
    297.51    297.21    296.86    296.25    296.40    296.81    297.06    296.96    297.47    298.53    300.68    302.05    304.13
    304.98    305.37    310.72    301.93    299.70    301.87    302.73    301.87    302.88    302.63    301.97    303.03    303.39
    302.89    303.49    302.43    302.62    302.17    301.61    301.56    301.26    301.11    301.21    300.85    300.34    300.65
    301.21    301.26    300.90    300.50    300.55    300.60    300.85    301.00    300.91    300.81    300.30    299.74    299.09
    298.78    298.52    298.73    298.98    299.08    299.29    299.49    300.05    299.89    300.15    301.73    302.89    304.37
    304.57    304.97    305.48    305.78    304.17    304.41    302.88    303.14    302.93    303.59    303.54    303.49    303.74
    303.74    303.08    303.13    302.68    302.42    302.37    301.96    302.07    301.82    301.56    301.36    301.15    300.55
    301.71    301.97    301.66    301.41    301.26    301.26    301.46    301.67    301.42    300.86    300.65    300.50    300.60
    300.56    300.20    300.15    300.50    300.91    300.56    300.76    301.21    301.36    301.67    302.63    303.14    303.90
    304.41    305.07    304.35    304.21    304.67    306.03    307.14    307.64    304.35    303.69    304.15    304.70    304.86
    304.61    303.80    303.64    303.44    303.13    302.93    302.83    302.42    302.32    302.12    301.66    301.31    300.65
    302.73    302.68    302.63    303.04    302.22    302.22    302.17    302.07    302.12    301.66    301.47    301.31    301.21
    301.77    301.67    301.01    301.62    301.83    301.17    301.22    301.52    301.88    302.37    302.67    303.18    303.44
    303.23    303.64    303.19    304.11    304.86    305.00    304.91    306.23    303.64    303.64    304.70    305.42    306.13
    305.42    305.11    303.70    304.16    302.78    303.23    303.03    302.67    302.57    302.67    302.67    302.17    301.81
    493.87    493.95    493.95    493.95    494.11    494.11    494.18    494.34    494.49    494.65    494.88    494.96    495.12
    495.27    495.43    495.44    495.52    495.60    495.67    495.67    495.83    495.83    495.83    495.83    495.91    495.83
    495.83    495.91    495.91    495.90    495.90    495.82    495.66    495.58    495.35    495.19    494.89    494.66    494.35
    494.12    493.90    493.67    493.52    493.29    493.14    492.99    492.91    492.76    492.60    492.45    492.44    492.36
    496.69    496.54    496.39    496.32    496.25    496.26    496.27    496.20    496.20    496.20    496.35    496.58    496.81
    497.12    497.58    498.04    498.51    498.90    499.06    499.14    499.00    499.00    499.15    499.38    499.60    499.67
    499.66    499.58    499.19    498.81    498.43    498.19    497.89    497.51    497.14    496.83    496.45    496.00    495.39
    494.70    493.93    493.25    492.64    492.10    491.64    491.25    490.71    490.33    489.94    489.63    489.48    489.63
    499.39    499.32    499.17    499.10    498.96    498.81    498.74    498.83    499.08    499.47    499.94    500.41    500.80
    501.33    502.10    502.78    503.46    503.99    504.52    504.83    504.99    505.23    505.37    505.44    505.35    505.19
    505.03    504.95    504.94    504.85    504.61    504.08    503.70    503.55    503.16    502.47    501.64    501.09    500.55
    499.41    498.56    497.78    496.78    495.86    494.71    493.42    492.35    491.26    490.01    488.71    487.91    487.56
    501.19    501.19    501.05    500.75    500.77    501.01    501.48    502.10    503.04    503.96    504.95    506.01    507.09
    508.26    509.34    510.17    510.84    511.52    512.27    512.72    513.02    513.09    513.09    512.93    512.48    512.11
    512.11    512.18    511.93    511.85    511.77    511.46    511.15    510.61    509.92    509.83    509.43    508.04    506.51
    505.13    503.76    502.06    500.05    497.83    495.55    492.72    490.19    488.35    487.22    486.95    486.95    486.22
    501.94    501.87    502.11    502.65    503.43    504.53    506.02    507.63    509.31    511.24    513.38    515.15    516.77
    517.92    518.67    519.20    519.57    519.94    520.24    520.61    520.99    521.14    521.15    520.93    520.71    520.24
    519.78    519.94    519.85    519.99    520.64    521.16    521.47    521.30    520.83    519.90    518.67    516.60    514.14
    511.47    508.81    506.14    502.92    498.70    494.78    492.24    489.99    487.88    486.39    485.06    483.49    481.94
    503.30    504.76    506.15    507.32    508.72    510.19    512.20    514.43    516.34    517.87    518.71    519.26    519.57
    519.72    519.89    519.97    520.15    520.32    520.40    520.47    520.54    520.68    520.68    520.75    520.82    521.28
    522.35    523.41    524.47    525.22    525.99    526.19    526.01    525.82    525.34    524.34    522.65    520.36    517.29
    514.09    510.11    504.62    498.34    492.76    488.29    485.44    484.10    483.23    482.60    482.52    482.76    482.76
    506.13    507.80    509.38    510.92    512.35    513.41    514.20    514.26    514.03    513.60    513.76    514.69    516.23
    518.31    520.83    523.19    524.61    525.95    527.14    527.59    527.20    526.12    524.75    523.00    521.17    519.89
    519.67    519.91    521.52    523.78    525.39    526.44    527.88    527.64    525.70    524.00    521.84    519.10    516.02
    510.92    500.40    495.52    490.84    487.16    485.58    485.16    485.06    484.95    484.84    484.28    483.89    483.43
    508.30    508.30    508.00    507.82    508.38    509.30    510.32    511.72    514.25    516.45    519.14    522.35    524.98
    527.58    529.58    532.87    534.66    535.60    536.08    535.31    532.97    530.10    527.17    524.55    522.47    520.73
    519.14    518.08    517.51    517.88    519.66    521.83    524.30    526.33    525.66    524.22    520.58    517.52    511.93
    503.60    497.06    491.67    489.35    487.76    486.15    485.97    485.93    485.75    486.28    486.66    486.58    485.97
    507.62    508.65    509.80    510.84    512.35    514.49    517.10    519.46    522.09    524.48    526.80    529.45    531.53
    533.67    536.20    538.73    539.01    540.02    541.30    536.88    533.17    531.08    528.30    524.78    521.87    519.06
    517.65    516.98    516.50    515.78    515.91    518.19    520.94    523.91    524.90    523.20    520.14    514.03    506.18
    501.12    497.14    493.40    490.30    487.58    486.94    486.84    486.52    486.66    487.83    488.54    488.34    487.34
    513.74    514.75    516.36    518.10    520.29    522.09    523.62    524.92    525.66    526.91    528.62    530.73    534.25
    537.17    539.35    541.61    541.23    535.32    539.87    536.19    532.03    529.51    525.45    521.78    520.09    516.14
    512.31    513.40    511.06    511.88    514.58    516.14    519.51    522.68    523.56    522.72    518.56    510.75    506.34
    503.02    498.72    494.66    491.53    490.46    489.18    487.75    487.05    487.43    488.39    488.38    488.16    488.45
    522.18    524.23    525.67    526.81    527.95    528.55    528.78    529.69    530.64    531.97    532.79    533.66    536.33
    538.04    541.07    541.73    541.01    539.83    535.36    534.34    530.69    525.56    520.57    515.09    510.77    508.53
    507.52    508.31    508.04    508.86    513.64    516.22    520.52    524.15    525.59    522.88    517.26    511.32    507.74
    506.95    501.93    496.76    494.06    492.69    490.85    489.45    488.86    488.61    488.40    487.99    487.96    487.90
    527.29    528.35    530.39    532.05    532.89    532.65    531.89    531.47    531.87    532.79    533.92    536.15    537.97
    538.88    539.94    541.33    541.63    540.13    536.07    530.41    527.97    525.84    517.44    510.38    506.12    503.23
    503.78    505.24    506.30    507.27    513.25    518.15    524.67    528.63    527.62    523.36    516.09    511.22    509.54
    509.17    505.02    500.07    499.41    500.58    498.89    495.35    492.58    491.46    491.05    491.21    490.20    488.80
    528.99    528.23    528.53    530.65    531.99    532.21    532.69    533.10    533.28    534.24    536.59    537.59    539.66
    541.09    541.37    541.90    542.99    538.99    535.95    531.62    520.54    520.24    512.69    507.37    504.60    502.82
    503.17    505.48    504.80    508.71    514.75    522.93    529.61    530.76    529.25    523.50    515.83    512.41    512.46
    511.92    510.47    506.79    506.88    508.56    508.75    506.82    504.91    503.12    502.33    502.91    502.34    497.08
    529.95    529.34    529.59    530.27    531.40    532.34    532.17    533.58    534.63    535.77    537.21    538.82    540.06
    541.21    540.67    539.93    537.36    537.49    528.83    525.34    521.97    512.60    510.22    505.71    503.43    502.57
    503.15    504.24    508.63    514.26    519.99    527.81    531.84    533.26    530.75    525.07    517.81    514.76    517.31
    519.05    517.69    516.79    516.65    516.65    516.53    516.68    517.58    516.65    514.79    512.71    510.47    507.49
    530.30    530.90    530.60    531.37    531.56    532.06    532.86    533.06    532.87    533.06    534.36    535.16    534.58
    534.51    532.97    529.28    528.86    529.01    528.36    517.32    516.94    511.55    506.95    504.13    503.21    503.22
    504.86    508.94    514.41    519.29    525.61    530.16    533.57    534.89    533.49    529.17    522.89    517.86    518.87
    522.83    523.56    523.41    523.69    523.77    523.71    524.24    524.96    525.15    523.48    520.58    518.33    515.61
    530.50    530.16    529.79    528.92    529.79    528.69    525.98    523.97    522.62    522.58    525.66    528.20    529.97
    530.20    528.45    526.66    523.28    520.65    521.30    517.11    512.00    510.17    505.60    503.41    503.92    505.57
    511.56    515.49    521.81    525.82    528.51    530.69    532.06    534.44    535.19    532.65    528.26    524.18    520.53
    523.58    526.95    529.56    529.24    527.28    527.40    528.20    529.53    530.44    529.08    525.33    520.61    515.16
    531.16    529.43    528.27    527.36    525.74    525.01    525.52    522.01    522.11    521.79    521.15    521.64    522.77
    523.42    523.34    522.78    521.05    519.84    518.33    513.50    511.66    507.63    506.16    506.86    510.25    515.04
    520.23    524.83    527.82    529.19    529.28    529.45    529.99    531.28    531.76    531.75    529.78    527.43    525.41
    525.69    527.48    529.74    531.09    531.77    531.54    531.19    531.61    532.60    531.31    526.99    518.90    513.60
    532.75    530.50    528.30    525.27    521.40    522.52    521.98    519.25    518.20    518.79    521.77    521.56    522.47
    523.81    523.50    522.28    520.34    518.87    516.78    510.86    511.64    508.09    510.98    515.91    521.40    525.45
    528.03    528.89    530.35    530.98    530.90    530.91    531.31    531.54    532.00    531.61    532.76    528.59    528.76
    531.60    534.49    536.63    538.60    539.26    536.84    535.10    534.21    533.65    532.57    526.81    514.30    507.29
    534.63    532.99    530.70    525.40    521.44    522.58    522.04    518.61    517.60    521.71    521.93    522.82    523.96
    525.79    525.01    524.34    521.06    518.78    513.80    512.06    513.04    517.03    521.83    527.77    529.52    529.70
    529.95    529.95    530.50    531.28    532.45    533.83    534.89    534.91    534.55    534.47    534.38    532.49    534.37
    537.24    538.64    541.86    545.41    544.48    542.14    539.97    538.43    533.98    530.75    518.13    513.58    508.43
    534.87    535.20    534.40    530.74    521.75    520.38    521.80    517.74    520.27    520.80    523.62    526.03    528.09
    527.07    525.42    523.67    521.34    518.91    513.73    514.27    516.58    527.29    535.72    535.81    532.54    528.11
    524.55    523.43    523.98    526.04    527.62    529.54    532.27    533.95    535.11    535.50    534.68    536.23    537.37
    538.31    537.97    542.86    545.34    544.33    543.03    540.92    536.80    529.32    520.91    515.35    513.14    511.81
    534.77    537.56    538.77    536.55    529.40    524.00    525.13    523.41    526.18    526.57    527.88    529.30    529.19
    527.98    525.58    523.59    520.60    517.31    516.13    516.70    523.74    536.61    541.05    538.51    532.80    523.80
    519.78    517.94    516.60    516.70    519.56    521.37    523.91    526.59    528.88    531.10    530.92    530.59    530.90
    531.95    533.47    535.04    536.97    536.97    535.88    533.63    529.60    523.39    518.64    517.46    516.21    513.99
    531.98    538.77    541.79    542.87    540.69    530.99    529.49    524.97    526.57    530.65    530.71    531.11    529.98
    528.24    526.11    522.36    519.39    517.85    517.54    522.51    531.61    540.47    543.29    537.85    528.33    520.91
    516.65    515.61    516.02    516.44    516.46    517.05    518.09    519.78    522.81    525.36    525.84    525.86    526.44
    528.38    528.53    528.68    530.05    530.82    529.72    527.90    525.88    524.80    523.32    520.99    519.53    517.99
    525.57    533.09    541.12    542.76    542.28    535.19    528.75    528.29    529.49    531.02    531.20    531.55    531.82
    528.97    526.37    522.38    519.33    518.80    518.81    518.19    526.11    540.60    538.32    530.00    521.25    517.19
    515.30    515.52    515.08    515.24    515.71    516.80    519.54    522.05    522.74    523.63    524.55    526.33    527.91
    528.98    528.18    529.21    529.30    529.29    529.12    528.20    527.52    526.61    525.56    524.25    522.86    520.66
    521.49    523.39    529.46    533.26    535.44    533.61    530.31    529.54    530.53    531.03    531.49    532.63    532.46
    530.11    526.62    521.92    519.84    518.99    517.74    514.61    519.66    529.03    525.66    520.39    517.63    515.87
    517.16    517.50    517.21    515.37    515.57    519.17    522.39    522.96    523.70    525.11    527.14    528.07    528.53
    528.38    529.36    529.80    529.65    529.33    529.02    529.02    529.25    529.48    529.10    528.15    526.13    523.79
    520.17    518.90    520.04    523.12    531.00    531.97    532.66    532.22    532.13    531.64    532.41    534.02    532.47
    531.31    528.35    524.13    521.60    519.08    516.55    514.21    512.66    514.95    515.67    516.61    517.39    519.74
    518.14    520.09    517.08    517.37    520.59    523.18    523.56    525.39    526.53    526.62    526.76    527.97    528.12
    527.85    527.31    527.03    526.88    527.42    527.88    528.29    528.67    528.71    528.91    529.29    528.04    526.25
    520.54    521.56    523.14    527.01    530.81    533.68    532.93    533.12    532.75    531.50    532.74    534.31    533.81
    533.05    528.70    524.05    520.98    518.20    516.69    516.30    516.53    518.23    520.00    521.28    521.44    521.76
    521.32    520.32    519.67    520.61    523.75    524.28    525.99    526.82    526.21    527.66    528.34    527.95    527.77
    527.24    527.25    527.86    528.32    528.87    528.59    528.54    528.61    528.66    528.78    529.06    528.54    527.21
    524.48    523.96    526.16    529.49    532.67    533.20    533.02    533.78    533.03    531.86    533.03    534.84    535.96
    531.68    525.61    521.43    518.26    518.03    519.30    520.14    521.14    522.28    522.82    522.43    522.13    520.31
    520.16    520.48    521.10    523.79    524.40    526.14    526.75    527.12    527.87    528.59    528.26    528.03    527.56
    527.77    528.54    529.10    529.44    529.48    529.56    529.08    528.77    528.76    528.89    528.85    528.30    527.49
    527.36    528.15    530.96    532.62    532.93    533.15    534.14    534.05    533.49    531.92    533.31    535.60    537.77
    529.62    524.20    522.12    518.34    519.13    521.13    521.14    522.30    522.28    521.43    521.44    521.51    521.52
    521.21    520.84    523.03    525.40    526.36    527.82    528.12    529.21    528.99    529.47    528.58    528.26    528.77
    529.09    529.18    530.03    529.92    530.47    530.56    530.53    529.45    529.08    529.45    529.11    528.02    527.23
    530.67    531.20    532.04    532.57    533.12    533.66    533.95    534.39    533.99    530.81    533.08    535.60    538.63
    530.91    524.38    521.12    518.98    520.66    521.45    522.99    523.68    523.98    523.97    523.51    523.50    523.27
    522.82    523.63    525.84    526.06    528.44    529.50    530.85    530.83    530.56    529.90    530.08    530.63    529.94
    530.35    531.04    531.20    531.22    531.08    530.91    530.70    529.77    529.47    529.51    529.11    527.85    527.37
    531.33    531.49    532.10    532.50    532.96    533.41    533.94    534.31    533.86    532.18    532.33    534.60    537.63
    533.78    525.85    521.54    519.92    521.76    523.44    523.68    524.38    524.81    525.13    525.04    524.73    524.37
    524.84    525.73    526.75    528.28    529.20    531.61    532.05    531.97    531.60    530.73    531.32    531.33    531.32
    531.33    532.18    532.34    532.21    531.74    531.73    531.52    531.05    530.97    530.18    529.62    528.90    529.08
    531.98    532.36    532.67    533.52    533.59    533.43    533.97    533.36    533.52    533.68    533.16    532.79    534.46
    535.83    530.95    525.54    522.58    523.01    524.70    524.83    526.21    526.12    527.13    526.89    526.74    527.09
    527.10    528.15    527.75    530.08    531.72    532.54    533.22    532.83    531.79    531.80    532.00    531.93    531.92
    531.93    532.32    532.17    532.89    532.64    532.54    532.26    532.25    531.94    531.15    530.45    530.46    531.59
   9999.90   9999.90   9999.90   9999.90   9999.90   9999.90   9999.90   9999.90   9999.90   9999.90   9999.90   9999.90   9999.90
   9999.90   9999.90   9999.90   9999.90   9999.90   9999.90   9999.90   9999.90   9999.90   9999.90   9999.90   9999.90   9999.90
   9999.90   9999.90   9999.90   9999.90   9999.90   9999.90   9999.90   9999.90   9999.90   9999.90   9999.90   9999.90   9999.90
   9999.90   9999.90   9999.90   9999.90   9999.90   9999.90   9999.90   9999.90   9999.90   9999.90   9999.90   9999.90   9999.90
   9999.90    367.56    361.76    328.02    284.47    241.97    221.85    222.45    223.76    223.92    223.85    217.68    209.34
    196.52    187.33    181.41    183.61    192.83    208.51    224.11    229.86    249.33    286.89    324.89    332.66    323.27
    313.50    295.07    264.28    238.07    240.97    275.10    312.25    321.06    318.74    325.35    266.67    215.39    219.81
    199.22    208.98    215.02    263.01    349.81    328.35    322.40    340.82    369.15    362.58    266.75    217.80   9999.90
   9999.90    353.82    414.15    415.00    326.46    235.93    197.85    201.20    222.14    256.87    283.51    281.95    265.29
    248.59    229.15    203.02    168.70    132.55     97.25     90.55    126.46    171.91    194.56    222.00    279.90    312.90
    277.14    246.15    300.45    398.68    366.21    269.89    202.44    207.54    235.19    214.60    193.87    200.68    189.32
    158.83    184.20    306.06    332.38    241.42    204.00    205.92    185.64    182.11    185.85    162.45    140.37   9999.90
   9999.90    393.22    418.51    323.72    207.91    195.46    231.93    236.97    227.96    245.52    298.66    345.47    327.10
    265.96    234.68    218.00    198.02    174.51    142.76    135.45    154.57    188.55    224.28    251.39    242.86    218.05
    246.13    347.06    398.47    335.06    271.79    241.32    211.10    242.98    244.92    204.82    136.72    131.30    234.60
    232.69    231.26    270.77    224.92    178.41    163.25    137.39    120.90    119.39    135.89    142.30    133.78   9999.90
   9999.90    332.49    237.75    188.03    211.15    215.31    193.01    169.09    180.86    226.07    278.55    327.10    331.66
    288.35    257.96    246.90    236.96    224.75    215.72    213.57    223.31    212.43    188.61    234.42    280.38    268.95
    256.42    286.05    321.90    280.50    246.60    235.22    259.94    255.86    204.19    191.65    182.20    221.19    261.77
    259.81    232.67    241.66    318.72    326.28    245.85    123.34    110.93    147.51    148.06    141.48    133.22   9999.90
   9999.90    187.60    198.51    196.93    158.03    134.89    137.25    154.48    191.97    237.12    268.81    279.06    278.94
    272.73    275.84    280.90    273.30    260.11    253.48    251.14    226.46    195.90    179.93    187.09    202.57    229.89
    233.85    249.83    303.71    300.75    268.40    263.58    255.33    277.65    258.18    195.96    164.56    157.43    175.71
    152.85    185.36    212.09    340.09    442.16    365.47    121.53     55.82    169.85    156.87    121.98    120.51   9999.90
   9999.90    215.43    198.42    199.48    225.64    241.82    247.71    251.96    255.22    243.51    215.56    177.89    195.67
    261.43    328.13    351.53    352.85    342.26    315.43    311.95    296.49    291.64    309.98    285.20    248.58    218.49
    271.53    257.51    263.45    248.72    204.94    221.49    266.10    254.51    214.34    201.55    230.34    234.84    183.97
    131.45    155.75    177.33    271.85    241.56    271.99    243.87     93.32    158.47    179.04    137.05    126.27   9999.90
   9999.90    317.33    351.30    350.07    402.89    360.82    267.09    308.93    244.16    175.68    186.75    252.20    309.83
    259.07    318.37    406.20    414.22    454.11    434.37    322.96    379.34    448.27    431.40    410.91    361.80    311.71
    293.43    261.20    253.62    254.64    234.50    233.85    248.76    250.72    213.07    221.53    226.61    224.71    252.32
    250.08    238.00    164.55    157.38    232.27    278.54    179.05    118.17    221.59    244.57    157.83    121.61   9999.90
   9999.90    419.55    357.85    344.19    302.91    245.95    208.18    136.65    167.90    179.81    239.86    176.56    135.16
    168.99    282.33    292.15    303.56    270.04    333.30    421.62    456.83    435.03    378.54    355.91    399.57    418.02
    381.00    344.69    311.98    300.02    225.19    215.67    222.98    227.42    203.67    222.61    240.90    237.72    222.94
    227.84    242.32    246.82    216.08    199.94    135.21     67.95    134.61    259.50    203.02    148.61     94.34   9999.90
   9999.90    287.77    244.89    244.62    262.66    176.40     62.65     95.56    141.52    148.62    135.13    134.73    154.00
    141.98    141.90    139.92    149.84    145.75    135.61    243.28    271.62    341.96    404.06    314.56    362.85    385.02
    352.69    381.81    404.20    345.47    259.29    189.75    182.96    180.78    173.88    195.13    200.31    160.83    162.51
    220.47    223.25    264.22    183.78    114.73     75.19     59.47    158.43    220.64    126.62    133.94    112.08   9999.90
   9999.90    273.18    283.05    234.01    200.40    123.40    105.73    158.87    144.34    137.18    109.54    124.96    156.41
    161.63    150.99    149.56    156.25    158.88    175.67    229.66    197.51    229.21    221.04    311.40    359.41    378.25
    378.17    336.21    354.49    339.90    250.43    192.51    150.83    148.93    164.85    155.05    139.73    169.45    192.10
    201.40    238.46    244.76    172.49    118.46     77.38     74.76    146.28    154.15    104.80     59.64     76.95   9999.90
   9999.90    208.73    184.96    216.73    212.83    134.18    137.44    151.08    137.49    156.75    140.23    121.98    122.62
    141.34    134.64    148.02    149.34    141.61    138.81    179.69    180.27    156.54    149.12    199.26    207.12    310.54
    389.89    351.61    312.32    289.02    246.33    207.93    152.98    138.86    167.25    145.67    104.05    182.70    215.61
    218.65    218.04    186.77    153.17    141.44    124.56    119.33    118.06    109.51    100.08     97.42     94.42   9999.90
   9999.90    142.86    151.90    175.45    170.92    137.45    115.50    111.85    176.72    214.82    173.77    129.10    107.35
    115.26    129.91    154.91    190.46    158.47    143.24    134.16    157.49    164.72    139.02    225.78    236.66    259.56
    307.74    362.92    336.41    256.97    223.97    209.86    166.13    151.70    157.89    142.71     98.11    133.98    226.58
    236.60    200.63    158.87    135.28    163.41    191.58    199.87    194.47    178.70    169.61    167.56    170.35   9999.90
   9999.90     99.55    134.68    141.59    125.49    125.89    148.93    153.82    157.69    162.62    163.62    150.19    144.02
    149.46    150.85    163.29    165.47    122.30    134.28    157.05    129.18    146.38    244.01    241.04    216.25    217.16
    242.50    240.05    270.81    228.51    187.80    173.45    149.77    140.79    179.37    189.61    174.17    194.80    228.36
    199.62    173.77    163.31    147.53    141.30    161.80    211.99    240.27    220.56    213.45    204.11    226.95   9999.90
   9999.90    102.42    142.80    149.73    143.76    159.20    180.02    177.11    139.41    123.49    132.69    136.62    141.68
    146.15    151.20    165.95    189.56    188.21    114.42    144.41    143.69    127.57    187.25    233.40    183.28    171.44
    175.69    209.92    235.38    213.97    181.21    159.51    140.10    141.52    176.44    205.91    212.01    269.86    223.76
    202.65    175.59    173.24    159.30    149.19    154.84    190.66    217.77    208.80    184.55    154.55    142.32   9999.90
   9999.90    154.94    166.96    137.81    127.56    115.54    119.17    134.88    133.01    124.26    119.52    121.68    125.92
    126.34    128.03    153.00    173.20    216.72    164.34    141.15    169.41    120.97    114.43    138.70    147.66    179.63
    148.83    174.03    183.85    181.22    170.65    154.27    133.58    105.40    136.72    146.47    161.49    190.17    199.80
    175.67    169.93    138.65    146.59    180.15    170.85    165.98    188.58    183.98    140.06    108.55     93.59   9999.90
   9999.90    145.14    107.92     84.59     80.51     91.49     99.41    104.56    116.66    111.55    110.02    110.47    102.03
    117.14    152.47    180.18    159.54    136.93    168.42    182.26    161.15    129.86    120.12    108.95    123.04    124.33
    113.40    141.98    150.76    140.84    132.91    134.23    116.80     84.72     91.47    110.86    144.22    164.37    158.64
    146.96    151.69    159.14    156.20    156.68    156.41    142.72    126.85    112.43    109.03    121.46    154.30   9999.90
   9999.90     95.36     94.89     87.70     93.15     96.39    100.51    111.51    117.37    116.94    116.22    121.38    141.85
    161.48    170.45    149.64    110.19    117.07    150.19    132.15    101.23    108.46    115.46    118.10    115.24    106.33
     94.40     85.40    106.91    114.85    131.04    141.24    132.57    109.20     87.24     84.70    100.46     96.37     98.17
    111.97    127.79    137.62    160.86    131.49    123.41    117.53     92.87    100.24    169.74    258.41    262.47   9999.90
   9999.90    107.55    132.36    137.52    109.74    115.60    139.56    141.26    143.77    142.11    164.02    158.96    148.70
    129.42    120.58     93.80     90.91    140.32    153.39    124.33    111.17    108.96    110.62    105.72    100.78    117.65
     98.35     68.83     58.33     95.25    129.92    150.41    152.01    126.99     92.84     94.12     73.06     73.44     99.01
    105.66     87.21    107.18    117.90    118.43    122.15    135.15    127.46    180.73    250.71    234.91    177.23   9999.90
   9999.90    121.54    143.42    142.05    161.36    188.57    167.47    182.65    172.52    161.52    149.46    106.07     84.84
     89.39     78.87     97.60    133.58    164.04     91.36    125.46    121.56     98.54    114.66    105.50    115.32    106.46
     90.49     67.35     81.70    140.16    151.26    138.46    133.22    109.95    111.14    120.09     97.89     98.63    101.14
     69.21     92.39     99.31    105.83    110.70    115.08    139.57    187.29    208.71    176.75    129.51     97.42   9999.90
   9999.90    115.88    116.53    138.07    183.33    217.02    229.96    172.23    126.24     95.22     78.84     77.93     74.24
     76.84     92.24    110.76    131.08    109.73    119.80    160.22    105.63     92.75    104.25    103.83    111.10    111.96
     83.03     62.92     84.27    127.39    125.42    126.35    120.03    130.36    148.89    100.87     94.64     92.54     76.72
     68.56     79.73     84.59     86.82     90.58    108.25    117.28    138.84    148.81    105.96     78.48     82.26   9999.90
   9999.90    119.00    117.19    124.21    157.54    224.10    197.56    102.53     79.64     69.44     68.03     63.73     63.03
     91.94    105.04    105.39    112.69    106.59    149.16    150.36    123.18     88.29     88.36    131.56    108.77     85.48
     80.66     62.53     87.23    108.40    119.11    134.84    134.38    138.78    139.28     95.36     81.38     72.74     64.95
     64.32     62.36     63.65     81.16     87.05     93.54    115.55    117.36     79.48     72.29     66.66     63.51   9999.90
   9999.90    102.98    118.53    124.53    135.83    149.32    121.73     82.24     60.64     62.59     62.85     60.11     85.10
    100.20     86.31     82.04     96.81    105.84    138.20    147.23    154.41    146.88    115.21    116.20     85.63     94.22
     89.50     71.72     65.07     94.63    100.41    115.77    122.89    121.74    107.55     83.53     65.12     63.97     62.26
     61.59     63.70     67.50     70.06     90.41    111.33     98.54     64.92     53.99     50.08     52.81     52.57   9999.90
   9999.90     84.50     80.12     89.20    101.95    108.84     83.92     56.88     60.85     58.28     55.64     68.16     83.07
     77.92     78.28     79.78     75.22     89.09    116.86    141.13    152.17    143.06    129.14    101.51     87.30     83.29
     99.51     83.40     73.07     72.20     83.04    101.48    101.51    104.56    130.94    118.38     57.48     64.95     66.09
     65.32     72.63     82.30     95.15     93.74     64.37     49.45     48.86     44.70     42.19     45.82     50.46   9999.90
   9999.90     69.05     70.18     73.73     91.07     69.50     50.74     56.48     66.58     57.69     56.90     59.71     78.05
     74.43     83.90     89.58     83.01     98.35    112.72    116.43    132.23    129.57    118.60    113.03    102.48     64.95
     86.72     83.99     90.49     76.24     59.93     70.82     79.86     80.32    103.11    137.55    101.97     94.47     84.68
     80.60     83.64     75.46     66.40     48.02     40.85     37.76     39.06     37.36     46.59     49.50     48.79   9999.90
   9999.90     62.22     59.70     63.73     51.68     43.94     54.32     54.25     59.85     64.63     58.61     51.36     74.53
     74.71     81.88     92.86    100.82    104.44    101.82    108.01    114.61    113.30    101.22     92.06     83.11     84.42
     77.35     86.91     67.40     79.72     64.28     52.74     57.14     57.19     66.81     82.49     86.93     69.39     68.62
     75.97     69.16     46.22     41.26     37.16     30.12     35.06     39.32     41.36     42.00     43.95     53.84   9999.90
   9999.90     50.70     58.18     42.20     30.43     50.69     51.81     42.04     52.40     60.43     49.99     52.20     56.87
     70.13     71.77     78.07     89.19     94.77     93.20     91.20    107.71     92.87     76.26     63.21     73.76     70.44
     51.50     63.52     67.00     74.54     61.58     58.50     42.43     45.40     55.04     48.94     50.05     58.83     46.10
     59.59     49.68     41.36     38.46     38.60     40.12     39.24     38.16     47.07     48.34     49.39     51.84   9999.90
   9999.90     43.78     36.49     39.40     45.20     42.68     32.36     37.93     44.66     43.86     41.78     45.96     47.83
     64.48     71.36     62.56     56.82     59.92     68.21     65.95     62.99     61.38     69.45     52.63     35.53     43.21
     89.57     80.33     40.65     36.59     63.51     76.00     55.40     58.71     45.70     45.27     63.22     52.31     40.74
     40.17     30.83     44.30     39.89     37.68     43.14     40.88     48.81     54.62     47.53     40.38     35.06   9999.90
   9999.90     36.60     37.07     39.57     42.28     41.06     34.11     34.44     36.70     34.68     39.60     47.38     55.59
     50.13     48.03     48.79     43.44     40.74     47.78     45.26     31.40     44.20     51.07     36.79     18.08     47.70
     81.36     62.49     34.03     13.31     75.18     67.73     48.77     38.64     31.81     45.56     57.41     46.19     34.57
     25.78     39.37     42.74     50.67     39.48     34.25     44.68     46.39     39.50     32.01     30.49     27.70   9999.90
   9999.90     29.86     31.82     30.41     34.79     35.24     29.55     32.45     31.91     36.33     39.43     42.26     43.82
     42.01     43.96     48.49     41.98     41.72     53.18     36.17     26.23     22.07     33.33     29.78     21.29     36.67
     45.91     35.32     10.79     38.78     56.49     14.39     14.12     -2.76     14.81     56.62     56.34     58.25     71.13
     59.81     55.41     53.62     51.36     36.85     27.90     28.53     32.41     29.77     25.56     26.38     26.01   9999.90
   9999.90   9999.90   9999.90   9999.90   9999.90   9999.90   9999.90   9999.90   9999.90   9999.90   9999.90   9999.90   9999.90
   9999.90   9999.90   9999.90   9999.90   9999.90   9999.90   9999.90   9999.90   9999.90   9999.90   9999.90   9999.90   9999.90
   9999.90   9999.90   9999.90   9999.90   9999.90   9999.90   9999.90   9999.90   9999.90   9999.90   9999.90   9999.90   9999.90
   9999.90   9999.90   9999.90   9999.90   9999.90   9999.90   9999.90   9999.90   9999.90   9999.90   9999.90   9999.90   9999.90
   9999.90   9999.90   9999.90   9999.90   9999.90   9999.90   9999.90   9999.90   9999.90   9999.90   9999.90   9999.90   9999.90
   9999.90   9999.90   9999.90   9999.90   9999.90   9999.90   9999.90   9999.90   9999.90   9999.90   9999.90   9999.90   9999.90
   9999.90   9999.90   9999.90   9999.90   9999.90   9999.90   9999.90   9999.90   9999.90   9999.90   9999.90   9999.90   9999.90
   9999.90   9999.90   9999.90   9999.90   9999.90   9999.90   9999.90   9999.90   9999.90   9999.90   9999.90   9999.90   9999.90
   9999.90    362.09    343.07    281.66    204.63    162.15    158.70    174.69    187.11    192.82    195.40    197.38    192.57
    183.65    177.26    168.64    164.83    167.50    180.80    197.53    215.11    245.73    280.51    300.49    309.88    301.97
    274.00    231.06    211.79    234.56    262.68    279.52    275.44    249.67    236.52    230.41    234.27    229.25    234.98
    252.54    281.27    287.47    305.30    288.25    264.06    254.88    264.26    270.50    293.43    266.74    211.56   9999.90
   9999.90    316.26    382.63    406.82    295.64    165.79    129.05    155.95    191.79    225.50    243.13    242.01    231.62
    212.73    182.88    149.79    125.01    101.76     79.79     68.46     68.98     93.09    146.08    208.22    263.59    290.84
    269.37    246.15    278.43    314.02    295.18    244.53    217.82    206.77    199.07    197.48    191.41    186.60    213.39
    218.85    237.21    272.18    296.44    230.34    177.49    251.77    242.18    186.55    188.59    177.77    157.38   9999.90
   9999.90    287.65    348.46    299.13    182.59    144.21    194.44    238.79    248.28    248.85    263.98    280.93    263.02
    227.26    185.14    147.17    133.95    121.22     93.17     73.81     74.26     98.96    144.83    194.93    217.44    221.36
    253.81    301.98    287.68    230.24    199.06    198.17    211.22    213.53    211.22    192.09    193.80    222.81    231.60
    225.67    226.80    254.61    244.04    212.29    180.80    153.44    132.02    135.27    159.15    177.01    171.27   9999.90
   9999.90    283.94    213.51    145.96    172.36    237.36    225.81    191.96    193.52    202.30    221.59    253.28    260.63
    240.66    214.55    192.11    178.46    169.17    163.98    154.71    157.88    173.21    186.45    209.39    240.55    272.76
    297.21    284.41    249.32    224.08    197.23    204.52    235.54    240.92    241.69    257.62    259.38    261.79    277.95
    287.25    260.70    238.51    254.13    254.15    280.16    147.73     77.28    161.54    179.42    168.47    156.02   9999.90
   9999.90    155.71    179.06    209.88    188.61    132.65    118.61    119.05    129.77    145.08    157.14    167.95    181.53
    197.75    213.60    218.59    213.21    202.86    192.17    186.36    178.25    185.10    182.63    195.38    215.76    228.76
    239.76    244.00    235.82    235.92    253.32    249.30    250.53    266.65    279.89    284.57    240.43    211.70    262.67
    282.02    291.65    244.34    301.40    310.09    308.61    193.32     39.71    158.95    209.06    156.48    142.90   9999.90
   9999.90    225.76    194.33    204.97    204.74    207.86    221.87    261.16    302.87    305.60    277.08    274.23    303.30
    356.25    420.93    433.04    427.28    425.66    357.58    327.04    331.82    285.60    236.92    218.68    200.85    192.27
    198.13    199.18    193.86    196.44    234.94    238.14    229.82    233.98    214.73    224.19    261.66    297.63    292.89
    240.13    263.43    292.02    271.80    165.58    206.17    258.06    160.54    223.17    224.31    172.18    177.81   9999.90
   9999.90    340.35    381.46    359.87    392.13    377.29    397.29    502.18    407.37    369.32    395.07    437.87    453.79
    410.61    406.12    443.78    447.07    432.52    439.82    426.19    453.56    492.05    461.33    436.16    394.56    301.41
    238.85    207.64    193.52    184.01    181.32    186.44    202.18    216.41    226.42    213.44    220.13    246.54    259.47
    292.94    276.24    181.08    150.46    202.78    230.50    191.31    166.77    226.24    275.45    232.13    164.59   9999.90
   9999.90    412.68    383.67    396.56    400.80    363.88    313.35    219.04    207.63    219.08    247.75    228.39    170.01
    236.56    265.72    224.98    204.19    193.65    260.67    313.50    333.78    370.05    431.24    458.79    518.49    477.43
    357.43    301.03    260.32    211.74    194.29    188.65    181.80    169.82    171.23    187.75    198.55    212.03    238.46
    240.29    211.70    202.30    203.24    175.98    143.24    119.04    155.16    279.65    262.77    174.28    127.71   9999.90
   9999.90    303.07    346.56    357.85    275.69    217.83    106.20     95.20    158.00    139.48    125.31    157.11    141.85
    119.57    145.13    143.54    165.77    146.23    166.95    210.73    293.84    308.25    309.71    348.22    354.21    354.12
    315.82    301.17    315.87    257.58    200.53    195.34    179.93    155.53    147.03    147.84    175.30    238.12    232.53
    210.61    234.98    203.90    142.37    174.44    121.09     96.34    186.73    209.61    158.53    146.60    111.84   9999.90
   9999.90    305.87    279.69    221.60    187.93    143.86    113.75    162.34    145.58    150.69    139.61    134.85    167.31
    174.77    164.47    156.96    181.30    192.94    165.41    212.81    243.70    256.93    228.43    239.03    357.05    399.12
    317.40    267.93    282.12    286.58    240.00    182.68    153.18    138.50    136.07    172.93    241.98    235.69    206.73
    189.11    194.09    171.21    146.21    181.97    144.48    114.92    176.79    198.07    174.82    122.89    119.16   9999.90
   9999.90    211.43    194.14    207.83    234.19    170.05    158.01    151.17    167.85    201.25    182.22    145.71    171.65
    187.78    180.44    178.46    187.35    177.73    180.97    189.07    220.86    210.23    203.35    202.14    239.45    328.31
    355.43    282.46    297.20    297.94    246.39    177.71    149.72    127.88    147.97    212.68    236.31    238.10    180.20
    172.67    180.20    143.15    145.91    151.62    185.21    184.50    187.61    183.90    171.30    168.79    169.33   9999.90
   9999.90    171.89    144.44    207.50    206.43    159.38    140.15    148.29    216.00    229.88    184.03    166.79    154.17
    174.39    164.89    194.98    241.55    209.95    250.10    179.33     97.58    113.19    118.10    158.63    171.98    176.63
    234.14    240.64    305.01    283.43    223.98    184.24    151.57    130.69    192.61    237.59    158.82    195.43    221.48
    226.59    186.48    141.13    126.75    156.01    213.41    240.38    222.67    204.49    202.45    214.19    212.73   9999.90
   9999.90    190.46    168.65    159.36    158.87    160.78    181.56    190.13    194.82    197.58    176.52    172.52    169.94
    188.03    184.78    186.37    211.07    187.85    197.33    152.06     91.29    167.63    194.62    204.84    151.01    150.08
    157.97    192.70    202.07    195.33    211.70    188.08    153.19    163.15    214.31    206.41    134.92    174.46    267.73
    217.48    187.87    197.41    168.80    163.74    200.01    259.30    263.41    230.37    222.95    232.42    240.71   9999.90
   9999.90    162.92    176.61    172.55    169.21    186.19    218.15    200.13    157.76    138.75    154.52    159.84    161.47
    161.93    167.12    162.06    176.68    199.68    182.49    212.79    210.19    215.61    245.63    237.71    166.65    142.21
    195.43    229.83    181.41    187.60    214.58    184.90    170.54    193.20    221.48    205.21    191.76    215.00    248.16
    233.38    209.18    236.16    222.51    211.00    212.48    227.41    254.00    253.32    226.92    193.10    180.07   9999.90
   9999.90    179.11    197.00    167.83    146.48    140.30    148.87    165.54    151.84    136.66    130.24    137.73    144.63
    130.05    132.54    130.26    175.99    196.60    152.27    150.72    244.99    218.98    183.08    161.48    144.43    153.05
    196.10    198.81    187.94    206.88    209.49    198.20    169.60    163.46    187.83    214.73    197.55    161.47    218.54
    247.00    208.32    172.29    189.75    211.89    214.88    208.34    221.56    233.64    199.31    173.53    171.55   9999.90
   9999.90    175.86    132.71    109.68    109.69    120.83    124.27    123.79    122.66    113.86    103.54    103.11    118.63
    133.65    143.80    172.02    169.71    119.91    128.64    178.37    181.96    158.03    171.13    135.28    116.40    122.75
    135.57    188.07    229.84    184.90    154.35    169.56    166.17    134.74    155.41    191.64    186.60    181.97    215.73
    233.62    198.39    169.54    162.56    183.98    198.93    201.03    199.93    179.65    176.08    198.31    240.73   9999.90
   9999.90    123.36    107.79    106.04    116.51    121.63    114.20    107.88    106.53    105.79    102.43    116.70    140.38
    161.04    173.73    156.08    106.65     75.70    128.10    182.90    157.08    154.01    137.67    143.71    130.27    110.36
     87.01    136.99    221.48    218.23    173.43    159.95    160.41    152.07    144.18    150.31    174.83    177.97    153.52
    204.98    232.16    224.12    222.04    195.61    188.57    181.04    151.42    154.67    212.02    325.84    319.36   9999.90
   9999.90    136.68    156.72    153.47    150.66    163.31    155.12    158.07    174.33    130.41    134.85    151.57    131.24
    131.82    127.29    106.07     67.33    100.67    143.07    153.34    159.61    124.33    123.56    125.98    118.16    134.60
     92.22     81.89    153.25    235.04    205.66    169.74    184.26    160.90    116.98    132.13    140.33    125.56    130.21
    177.84    211.51    190.52    176.99    157.68    149.38    159.31    177.25    214.46    262.76    277.40    219.40   9999.90
   9999.90    151.46    165.36    169.33    202.77    232.29    205.19    211.48    189.03    152.11    136.20    113.26    105.48
    115.10    114.20     90.92     75.78    123.36    139.13    187.94    150.86    101.95    125.38    118.50    126.59    123.23
     93.40     78.91    104.93    139.27    162.52    165.16    182.28    158.06    115.51    111.55    100.03    111.36    137.99
    148.60    154.90    161.42    150.75    134.61    139.76    178.60    218.89    229.63    210.18    162.86    131.07   9999.90
   9999.90    137.01    146.01    169.70    216.02    241.18    271.68    191.53    114.88    119.04     99.60    101.27    101.73
     99.80    119.15    105.13    101.24    100.63    138.98    175.38    115.07     90.93    124.15    121.05    112.42    135.86
     88.95     74.39     88.75    115.89    141.32    172.04    171.81    155.25    142.00    102.97     97.97    109.75    131.27
    132.70    129.58    124.90    117.66    121.98    137.33    156.84    187.03    198.29    146.07    109.84    119.02   9999.90
   9999.90    159.17    157.17    162.91    213.35    273.81    224.83    115.71     87.54     79.66    111.38    105.18     94.71
    121.84    117.16     97.85     89.42     94.12    133.34    150.24    125.18     91.29    107.25    137.21    118.49     99.91
    104.94    101.79    127.99    155.58    151.95    157.29    154.37    170.37    163.41    122.57    122.88    123.05    124.91
    123.12    120.77    125.71    140.28    144.35    140.95    151.16    155.90    119.66     99.62     95.10    102.73   9999.90
   9999.90    160.08    169.25    168.87    186.95    199.28    142.38    116.38     82.16     73.45    106.37    103.67    110.32
    126.45     91.82     69.49     63.61     90.48    112.62    152.65    164.55    167.17    170.99    164.94     86.40     93.50
    117.89    134.31    133.16    140.08    139.81    145.07    151.02    167.22    161.58    143.81    114.70    125.12    125.81
    132.86    136.41    156.84    143.22    129.70    131.94    109.47     83.55     79.80     89.32     85.98     93.44   9999.90
   9999.90    118.32    130.29    135.83    133.68    145.84    108.97     65.63     89.38     64.64     81.69    106.99     97.69
    114.83     91.52     67.50     52.18     67.53     95.48    141.96    174.86    206.09    184.61    144.38    110.40     81.65
    119.99    167.73    137.17     74.07    115.00    162.80    155.29    147.44    175.99    158.37    123.35    147.92    165.42
    142.93    131.61    126.81    100.85    100.11     94.98     87.70     81.37     80.74     86.86     98.47    105.90   9999.90
   9999.90    109.63     92.50     93.36    101.41     75.46     74.12     78.73     85.97     65.70     57.35     94.89    103.10
     91.82    109.21    106.76     71.82     60.18     78.14     99.64    111.80    115.39    122.79    125.40    101.52     67.50
     96.90    148.75    135.19     68.46     86.14     95.33    120.88    115.97    125.90    161.21    157.45    132.47    114.62
     90.49     88.83     79.54     74.20     83.56     84.65     81.39     83.60     75.48     82.40     94.04     94.91   9999.90
   9999.90     88.53     79.12     74.22     54.90     53.82     66.42     84.00     91.37     76.58     62.71     82.11    102.26
     96.85     93.80    114.74    122.95    103.95     99.83    103.39    101.08     83.56     68.69     73.58     68.58     77.66
     87.20    102.72     92.88     85.66     83.20     67.69     77.13     74.40     68.28     85.32     78.25     60.27     85.05
     99.60     77.71     57.63     71.44     74.23     77.64     90.12     85.68     73.40     68.34     68.81     72.78   9999.90
   9999.90     79.17     50.67     42.15     61.19     68.41     67.31     67.45     76.44     72.99     70.26     67.97     89.69
    112.28    104.62     99.61    118.31    125.60    109.89    107.14     98.31     81.94     59.31     44.48     46.43     68.26
     52.47     59.41     96.96     96.36     72.90     71.15     52.11     38.80     49.89     48.93     70.87     81.76     61.10
     56.67     58.37     62.32     59.30     73.83     76.07     80.86     78.87     71.43     63.63     65.93     62.04   9999.90
   9999.90     42.40     65.79     66.80     83.40     86.44     68.26     73.13     64.25     53.43     53.05     47.42     51.16
     86.69    117.12    115.59    101.33     93.34     89.59     73.47     68.06     86.51     78.84     46.77     35.35     32.61
     70.39     74.27     39.57     48.53     71.54     70.99     52.03     60.03     50.26     67.99     83.83     65.86     32.71
     31.70     59.61     62.28     41.03     59.22     92.90     79.06     58.44     61.32     62.61     64.83     60.32   9999.90
   9999.90     57.22     43.56     53.14     79.83     87.69     79.14     75.17     63.63     42.51     19.31     26.60     42.07
     55.68     85.67     86.18     76.92     75.26     78.77     46.40     40.12     52.25     58.63     48.34     19.74     26.12
     66.19     49.67     15.32     31.39     48.19     44.91     48.00     44.79     41.74     63.26     61.69     50.16     46.41
     55.94     69.78     60.11     54.13     45.73     47.08     60.16     66.90     55.48     56.54     51.51     45.64   9999.90
   9999.90     30.58     22.89     15.29     42.79     70.44     50.02     37.83     52.70     50.28     33.21     39.78     57.45
     48.05     38.75     56.06     52.44     54.41     46.48     41.14     28.02     31.13     26.89     37.98     38.16     31.62
     29.38     23.67     25.48     49.60     13.39    -13.05      8.02     13.46     39.10     67.11     69.56     76.81     79.00
     71.31     68.40     63.38     62.12     45.48     28.30     35.11     54.14     45.19     38.09     38.26     52.23   9999.90
   9999.90   9999.90   9999.90   9999.90   9999.90   9999.90   9999.90   9999.90   9999.90   9999.90   9999.90   9999.90   9999.90
   9999.90   9999.90   9999.90   9999.90   9999.90   9999.90   9999.90   9999.90   9999.90   9999.90   9999.90   9999.90   9999.90
   9999.90   9999.90   9999.90   9999.90   9999.90   9999.90   9999.90   9999.90   9999.90   9999.90   9999.90   9999.90   9999.90
   9999.90   9999.90   9999.90   9999.90   9999.90   9999.90   9999.90   9999.90   9999.90   9999.90   9999.90   9999.90   9999.90
   9999.90   9999.90   9999.90   9999.90   9999.90   9999.90   9999.90   9999.90   9999.90   9999.90   9999.90   9999.90   9999.90
   9999.90   9999.90   9999.90   9999.90   9999.90   9999.90   9999.90   9999.90   9999.90   9999.90   9999.90   9999.90   9999.90
   9999.90   9999.90   9999.90   9999.90   9999.90   9999.90   9999.90   9999.90   9999.90   9999.90   9999.90   9999.90   9999.90
   9999.90   9999.90   9999.90   9999.90   9999.90   9999.90   9999.90   9999.90   9999.90   9999.90   9999.90   9999.90   9999.90
   9999.90    311.01    308.43    300.59    283.03    264.96    249.90    236.60    234.28    237.83    240.86    249.25    253.89
    248.67    242.19    235.43    233.02    235.71    245.11    261.67    277.79    291.34    295.92    293.24    280.06    256.02
    230.90    224.02    246.13    272.80    299.39    320.70    316.03    298.63    291.14    287.35    290.34    304.35    291.65
    308.36    322.29    311.10    295.80    271.01    254.38    253.86    254.95    248.77    243.47    242.29    232.23   9999.90
   9999.90    316.39    304.96    290.14    272.47    245.04    211.69    197.12    209.27    233.63    253.73    258.25    252.62
    236.79    213.15    194.17    176.11    157.86    143.54    140.23    157.04    192.42    231.15    246.88    231.91    206.59
    216.80    274.64    340.97    366.16    340.52    321.83    311.98    249.72    205.57    214.62    206.47    203.97    217.96
    257.82    272.27    246.30    241.67    235.72    245.42    235.54    196.68    181.56    183.01    191.54    188.62   9999.90
   9999.90    269.57    239.61    231.78    215.47    179.94    168.89    206.45    254.78    263.74    257.63    251.91    235.71
    219.40    206.17    192.98    176.50    160.65    144.74    136.50    140.04    146.71    151.99    160.35    183.06    245.80
    311.54    327.83    308.49    298.24    305.51    343.56    360.59    287.16    233.87    251.47    262.26    276.55    295.94
    308.16    318.74    268.92    230.94    287.58    267.35    170.58    127.00    121.10    156.60    163.49    130.95   9999.90
   9999.90    225.94    207.96    191.87    201.31    224.58    234.45    230.27    220.00    212.50    214.37    222.59    228.19
    227.72    229.26    230.28    225.09    218.46    205.14    202.89    205.84    214.11    228.13    251.69    290.88    311.51
    293.77    292.14    301.30    288.99    286.63    312.46    350.19    366.37    359.99    346.07    385.20    445.38    480.68
    414.94    302.95    247.95    231.71    266.38    305.64    246.91    128.38    153.50    208.33    163.85    154.73   9999.90
   9999.90    160.55    182.30    224.76    238.54    215.41    202.45    208.05    214.09    218.21    226.73    237.26    248.29
    261.64    272.87    278.78    285.80    281.25    267.00    267.47    261.75    247.22    248.01    259.75    275.34    291.20
    293.36    273.12    263.24    272.11    295.36    351.94    391.22    393.64    386.22    396.49    427.56    481.63    536.11
    507.71    403.25    345.75    295.61    266.25    240.48    245.87    197.42    212.60    263.74    201.02    144.44   9999.90
   9999.90    257.34    289.72    283.33    269.81    284.06    313.54    343.93    371.94    379.31    361.97    350.03    361.74
    379.28    377.61    380.34    375.97    346.37    343.31    374.62    353.05    308.63    267.34    227.95    222.94    238.43
    230.47    239.53    262.56    261.85    248.77    271.81    292.86    316.61    325.25    361.20    436.19    483.81    495.43
    428.34    366.02    342.13    276.48    213.67    222.14    248.52    223.59    210.98    217.56    269.70    273.11   9999.90
   9999.90    353.05    394.29    376.69    392.02    411.67    425.22    384.69    385.84    439.72    438.09    439.81    409.26
    382.70    370.96    346.05    327.99    280.21    218.22    265.01    363.24    405.57    430.44    461.07    369.07    213.58
    176.14    209.56    235.74    230.79    226.07    230.64    243.15    251.75    248.17    257.54    318.52    371.43    349.27
    324.95    275.22    197.40    187.03    238.60    283.14    236.57    176.78    195.48    238.07    274.95    236.35   9999.90
   9999.90    308.84    329.19    412.86    426.88    370.48    320.51    234.84    226.60    229.66    220.27    236.52    250.96
    297.31    292.62    230.46    206.59    235.14    228.61    227.84    269.03    307.31    348.39    421.93    486.00    434.67
    298.52    215.86    228.03    255.01    247.38    231.92    223.10    218.59    219.24    215.82    217.12    264.19    309.23
    271.64    217.40    170.05    122.09    186.02    259.02    216.87    185.73    210.61    258.64    257.57    200.94   9999.90
   9999.90    294.36    376.61    410.73    293.14    223.57    152.74    178.69    189.16    145.59    136.70    107.90    110.66
    187.65    233.68    255.18    260.74    201.95    218.27    259.86    270.15    250.51    255.99    273.03    272.13    314.02
    379.24    268.86    190.88    250.33    255.66    228.64    215.44    206.14    200.73    166.32    253.68    325.19    271.11
    243.31    216.28    137.13    158.52    243.58    231.05    199.21    212.90    190.52    183.15    151.34    113.18   9999.90
   9999.90    273.79    261.20    248.35    216.71    180.26    159.75    178.46    173.71    154.11    137.23    124.23    128.89
    153.01    175.86    214.09    224.11    218.88    231.11    259.14    304.93    264.94    225.20    203.96    256.44    289.79
    243.32    213.24    193.26    210.31    227.91    232.49    221.79    207.02    186.79    288.71    386.36    262.90    233.39
    211.71    179.09    169.81    191.78    220.09    220.65    238.45    221.33    196.16    178.03    159.29    148.17   9999.90
   9999.90    213.38    209.50    251.69    263.50    217.64    169.48    159.91    207.05    233.46    200.36    167.35    161.65
    179.60    193.82    185.07    231.36    246.27    238.95    254.71    278.87    280.89    248.77    238.14    267.53    273.70
    220.94    199.65    213.38    201.03    234.55    248.99    201.25    190.46    205.99    371.26    378.19    232.54    199.93
    161.60    151.93    155.96    170.73    237.93    250.67    221.43    227.23    239.62    243.95    224.38    216.59   9999.90
   9999.90    178.36    159.04    236.09    265.85    213.12    167.72    188.03    228.58    250.84    219.38    183.63    196.43
    216.27    200.28    181.73    229.00    241.26    248.39    239.94    193.24    215.35    254.60    213.63    111.16    118.66
    150.30    194.84    235.92    230.68    266.97    247.96    174.44    167.89    271.08    359.36    297.44    219.62    179.82
    171.86    158.19    154.44    206.16    259.88    255.67    224.07    222.87    246.31    255.91    256.44    266.33   9999.90
   9999.90    191.39    180.25    189.67    195.72    211.87    234.95    239.11    232.58    201.32    178.06    193.39    236.57
    235.10    209.59    233.75    240.19    206.83    180.46    234.39    220.52    152.36    185.57    191.54    116.02     79.86
    150.06    212.05    209.24    223.69    290.22    270.35    191.08    202.39    301.85    273.80    202.70    211.34    254.48
    237.74    207.68    207.02    201.79    202.35    244.94    268.65    243.76    245.85    237.47    232.65    220.24   9999.90
   9999.90    201.51    215.14    210.56    203.29    219.33    254.01    248.68    206.45    175.93    190.59    209.34    212.89
    214.92    199.82    206.89    216.49    215.07    204.91    166.23    194.97    188.61    209.62    179.22    147.17    162.26
    214.76    221.59    195.22    199.84    206.36    210.51    197.89    248.80    304.95    232.31    190.25    229.95    258.67
    236.37    258.74    275.96    258.67    234.95    224.15    254.02    297.41    316.46    298.48    255.58    215.87   9999.90
   9999.90    202.39    223.02    211.67    188.12    180.30    171.17    175.83    172.03    160.19    170.50    167.60    172.13
    187.45    178.81    209.01    232.57    182.06    147.51    117.63    128.40    162.35    203.73    159.28    167.51    195.12
    224.33    190.03    164.21    157.80    145.49    156.43    184.65    238.86    288.17    274.62    224.75    214.21    233.29
    224.82    231.21    259.80    257.44    269.52    282.84    296.85    294.18    284.12    274.30    281.61    312.73   9999.90
   9999.90    211.77    176.96    146.51    135.44    137.26    151.96    148.88    146.95    143.81    131.56    144.27    170.38
    178.29    184.26    164.32    133.99    163.52    114.74     90.53    113.59    146.72    160.13    187.36    181.34    164.38
    154.65    144.45    190.19    211.07    192.61    185.68    182.92    215.19    241.67    266.57    268.28    216.79    203.45
    232.69    220.54    202.71    225.45    248.48    266.86    261.34    260.11    267.73    304.67    335.09    319.87   9999.90
   9999.90    181.55    141.47    129.09    148.77    175.73    148.79    117.77    133.31    145.14    128.68    130.57    131.21
    119.88     95.87    106.01    121.01    134.33    118.37    109.90    143.42    167.71    168.78    178.97    135.10    116.33
    138.14    204.45    302.08    362.73    303.75    219.08    179.11    141.97    160.80    209.57    238.14    233.09    215.61
    244.73    250.68    258.13    272.25    276.49    259.13    226.47    205.14    240.32    267.93    292.25    305.74   9999.90
   9999.90    178.55    179.20    182.18    215.74    212.26    192.80    200.77    163.10    157.51    175.86    159.28    113.48
    106.17    107.74    127.20    137.44    105.09    113.90    143.01    178.91    181.26    167.05    139.24    131.12    140.01
    139.80    224.49    280.98    312.88    261.49    199.57    177.49    144.13    109.81    111.04    152.93    213.71    246.51
    220.13    239.07    314.34    279.07    228.36    181.52    153.12    209.60    235.77    252.77    255.71    229.43   9999.90
   9999.90    173.57    193.03    208.64    266.84    288.12    256.36    267.48    208.84    175.33    156.82    131.37    118.92
    105.92    118.97    137.31    130.77    105.36    105.06    166.81    189.25    162.43    183.37    157.97    161.04    168.06
    138.84    137.08    117.28     97.72    123.01    196.20    214.17    179.96    129.69    117.88    106.16    122.49    182.27
    216.30    210.78    232.14    236.23    200.39    172.31    206.07    278.66    260.61    243.61    206.56    165.84   9999.90
   9999.90    180.06    193.92    224.87    261.90    303.38    290.06    203.45    127.42    122.25     99.70    101.29    115.00
    108.77    134.71    144.71    115.87    100.33    109.68    181.16    193.95    154.96    181.77    181.93    158.79    188.62
    143.54     99.76    103.62    100.97    117.53    167.18    207.70    189.34    165.27    164.24    132.91    127.39    157.58
    194.85    187.59    202.88    207.82    204.11    213.72    264.83    219.56    186.77    168.05    159.11    143.71   9999.90
   9999.90    198.43    209.32    213.27    278.52    317.56    264.06    162.79    110.64     85.35     98.82    119.77    116.58
    123.85    143.23    130.31     98.86     76.81    103.72    195.45    212.76    189.42    184.49    203.41    172.16    149.19
    175.32    160.75    128.85    137.29    150.42    152.26    148.98    183.58    213.19    182.19    170.60    185.38    184.90
    183.16    194.86    208.44    209.30    221.39    230.08    165.47    107.52    123.15    122.99    116.66    131.28   9999.90
   9999.90    192.70    209.32    222.51    275.97    247.34    169.89    120.99    104.04     88.86    105.99    123.89    107.63
    112.20    119.39    110.08    104.40     73.17     72.92    186.60    233.34    253.89    277.63    227.51    121.68    109.44
    167.80    203.07    185.03    161.87    133.71    119.78    134.48    160.70    193.90    192.34    179.87    169.30    175.90
    171.04    166.34    169.40    175.82    132.28     99.30     65.40    102.80    105.82    112.54    115.32    117.04   9999.90
   9999.90    204.12    207.12    219.50    172.23     99.00     94.26     83.95     65.18     90.02    115.02    112.50     96.36
     96.23    109.41     91.18     72.97     91.22     90.12    112.99    219.19    254.68    215.99    155.63    145.81    109.79
    118.27    157.22    173.99    166.33    123.59    114.30    115.45    120.30    124.24    147.61    158.18    130.84    123.43
    128.38    132.73    117.66     85.83     86.63     90.54     82.70     81.40     87.90     99.47     87.42     83.54   9999.90
   9999.90    190.28    160.78    126.59     77.60     82.55     75.16     65.96     55.02    104.24    128.59     82.15     68.83
     89.78    113.09    107.11     67.43     66.39     92.69    104.97    119.02    131.87    119.95    114.57    110.87     94.05
     84.24    117.72    136.79    108.44    112.38    114.48     92.13     72.51     67.19     91.64    115.12    108.54    101.84
     84.60     67.45     68.07     83.97     93.76     78.34     80.31     82.39     88.85     82.37     68.37     76.20   9999.90
   9999.90    103.31     72.88     55.48     82.36     86.47     57.48     53.37     76.40    105.03    124.56    100.49     80.29
     92.97     96.33    111.85    111.21    100.74    101.44    104.80     89.23     74.17     63.44     44.70     38.59     73.24
     79.32     66.85     86.73     86.86    109.97     84.40     63.79     53.45     63.05     80.94     78.24     72.63     70.93
     74.21     75.11     80.17     71.98     68.91     83.93     89.19     79.46     73.91     78.26     80.90     71.82   9999.90
   9999.90     49.32     65.97     64.83     66.79     48.74     51.10     75.28     97.30    101.15    123.23    141.91    126.71
     97.19    101.16    104.72    119.76    131.47    117.61     73.31     57.77     52.58     43.63     40.87     54.56     73.29
     58.00     62.82     72.41     82.88     62.93     51.10     43.96     46.19     64.02     72.09     63.84     62.87     69.77
     73.84     80.30     74.12     59.44     67.31     77.93     86.46     86.90     79.76     72.97     79.66     93.49   9999.90
   9999.90     46.64     50.28     55.45     55.83     53.04     55.78     94.92    125.72    119.88    113.92    100.22     70.25
     64.53    103.28    125.38    134.06    135.98     76.63     54.06     80.51     89.13     83.17     79.84     86.43     61.20
     27.55     41.88     57.68     39.31     60.19     87.69     42.48     46.17     45.84     40.61     65.35     70.29     61.04
     59.29     74.19     76.08     64.63     64.99     78.69     81.86     78.66     84.95     94.37     96.24    110.50   9999.90
   9999.90     35.65     40.77     54.74     63.78     65.59     66.42     99.39    112.49     94.17     86.33     55.40     21.51
     28.69     68.90    109.26    104.02     86.03     60.40     76.85     78.09     84.83    106.31     85.58     44.50     31.67
     44.02     34.12     25.13     28.90     42.30     39.04     44.67     39.94     43.47     69.58     63.33     47.29     42.36
     56.66     87.60     81.25     42.32     44.28     63.57     73.72     94.69    102.19     87.93     82.62     80.44   9999.90
   9999.90     47.96     56.62     67.27     60.61     56.95     70.99     78.26     72.18     79.99     76.03     57.44     45.48
     38.38     28.19     33.17     33.50     31.67     42.42     64.77     53.80     66.81     69.66     49.75     41.31     44.46
     49.66     45.60     28.32     24.34     20.64     24.80     29.53     31.72     44.01     71.46     71.67     69.14     58.02
     92.39     97.16     76.89     62.96     68.47     81.92     77.24     77.77     74.87     69.51     76.44     89.51   9999.90
   9999.90   9999.90   9999.90   9999.90   9999.90   9999.90   9999.90   9999.90   9999.90   9999.90   9999.90   9999.90   9999.90
   9999.90   9999.90   9999.90   9999.90   9999.90   9999.90   9999.90   9999.90   9999.90   9999.90   9999.90   9999.90   9999.90
   9999.90   9999.90   9999.90   9999.90   9999.90   9999.90   9999.90   9999.90   9999.90   9999.90   9999.90   9999.90   9999.90
   9999.90   9999.90   9999.90   9999.90   9999.90   9999.90   9999.90   9999.90   9999.90   9999.90   9999.90   9999.90   9999.90
   9999.90   9999.90   9999.90   9999.90   9999.90   9999.90   9999.90   9999.90   9999.90   9999.90   9999.90   9999.90   9999.90
   9999.90   9999.90   9999.90   9999.90   9999.90   9999.90   9999.90   9999.90   9999.90   9999.90   9999.90   9999.90   9999.90
   9999.90   9999.90   9999.90   9999.90   9999.90   9999.90   9999.90   9999.90   9999.90   9999.90   9999.90   9999.90   9999.90
   9999.90   9999.90   9999.90   9999.90   9999.90   9999.90   9999.90   9999.90   9999.90   9999.90   9999.90   9999.90   9999.90
   9999.90    358.11    351.13    336.99    320.00    303.90    286.57    278.77    282.50    282.62    274.99    273.03    278.19
    290.70    298.97    309.97    332.05    351.02    362.33    367.82    354.98    334.20    317.99    309.93    311.96    308.14
    291.85    287.04    310.40    355.90    404.69    399.07    353.43    318.50    317.29    320.90    304.21    289.30    288.02
    304.64    322.34    324.87    309.30    286.16    270.55    253.63    248.37    245.48    231.02    220.40    211.83   9999.90
   9999.90    327.23    309.29    302.36    300.39    294.40    282.67    264.07    238.78    243.56    285.31    319.96    317.45
    297.71    280.94    267.91    265.18    272.20    289.30    312.84    327.03    317.16    287.85    261.38    248.88    255.83
    300.49    373.83    406.68    402.81    403.90    409.23    380.54    290.08    217.04    211.36    214.35    226.32    260.64
    298.47    309.40    276.41    261.76    254.72    232.77    213.05    215.13    242.24    255.23    233.27    214.91   9999.90
   9999.90    234.63    232.91    235.47    241.72    244.82    229.74    212.30    225.61    276.67    317.79    305.97    275.03
    261.09    259.75    251.34    233.39    210.73    198.02    213.59    242.54    255.68    253.29    245.32    264.24    342.62
    403.93    352.58    291.84    332.21    415.74    511.44    590.61    570.39    472.14    418.00    373.61    313.88    300.59
    313.36    347.88    300.36    251.13    269.09    261.65    248.52    253.40    240.79    209.44    182.60    182.61   9999.90
   9999.90    247.77    249.59    245.79    230.90    232.45    247.50    257.86    267.20    270.78    265.04    266.88    278.84
    293.85    302.21    298.13    285.97    264.51    244.41    248.66    266.30    281.03    307.42    356.74    388.68    366.38
    323.91    291.46    283.14    324.06    420.58    547.08    595.16    585.10    572.54    594.27    660.64    692.31    614.38
    484.49    421.67    360.42    285.58    290.99    306.55    296.31    269.29    230.34    222.11    248.65    265.74   9999.90
   9999.90    218.37    230.47    242.46    262.76    288.18    318.94    355.08    376.75    376.13    363.20    356.53    356.93
    359.13    360.76    353.92    349.10    346.83    351.88    335.58    311.97    296.43    299.84    322.22    358.67    375.03
    350.75    319.39    301.32    290.65    349.75    497.98    633.06    651.10    636.13    668.36    732.62    817.29    839.65
    649.32    461.20    450.70    358.39    272.52    252.80    245.52    249.47    231.80    226.05    248.54    265.50   9999.90
   9999.90    302.23    322.21    343.27    377.45    423.49    451.27    439.63    404.63    387.13    384.00    370.21    375.93
    388.16    370.84    353.21    370.13    385.39    359.88    341.54    340.28    348.05    336.54    292.68    245.91    225.35
    293.40    352.34    352.48    345.16    324.99    331.28    386.41    469.68    550.82    632.49    719.12    748.26    678.28
    480.89    417.61    381.81    233.93    233.05    265.45    227.13    199.45    231.67    253.80    231.61    198.07   9999.90
   9999.90    461.89    413.90    370.07    367.23    358.08    312.77    280.44    281.38    310.12    342.79    343.19    318.12
    297.66    311.36    344.39    344.08    273.58    213.97    260.76    306.24    307.49    330.67    372.72    378.74    276.82
    160.22    165.04    259.26    320.13    329.73    336.31    343.62    359.44    371.49    402.93    452.82    445.21    426.29
    380.63    277.94    200.16    242.00    284.64    261.53    212.11    181.73    201.72    239.33    237.94    211.51   9999.90
   9999.90    286.98    313.23    377.52    371.85    335.53    311.88    254.59    212.67    225.81    292.91    292.65    273.02
    262.54    299.23    315.80    290.38    277.66    228.95    176.06    195.16    252.91    347.63    449.38    481.11    479.10
    368.78    209.43    179.36    247.24    290.75    314.32    328.88    332.29    331.96    305.27    297.65    385.19    380.61
    283.92    224.34    174.33    178.85    226.35    254.36    249.99    226.42    209.66    218.42    229.35    206.86   9999.90
   9999.90    268.67    374.30    412.42    335.12    283.84    240.52    240.89    238.26    217.73    175.75    155.66    257.80
    297.75    337.13    363.09    323.78    257.95    279.86    360.67    342.20    326.41    327.40    305.01    322.01    357.03
    406.06    347.41    214.08    197.90    224.63    262.17    305.05    314.69    261.63    239.19    417.63    418.38    269.45
    242.06    182.93    149.35    204.65    258.41    262.94    239.55    202.77    190.65    184.03    174.34    173.98   9999.90
   9999.90    296.49    310.93    298.23    257.03    208.22    203.55    220.93    216.11    195.15    182.20    195.70    194.23
    210.10    237.54    260.32    235.40    255.60    324.19    371.68    405.98    345.60    257.54    251.94    332.04    349.67
    316.41    271.00    223.67    192.84    218.95    264.41    297.45    302.36    286.79    390.36    429.92    267.38    247.18
    224.08    160.40    163.96    260.95    269.07    220.42    198.39    200.24    200.38    196.22    177.47    156.77   9999.90
   9999.90    195.44    230.44    337.38    329.51    260.68    206.59    210.12    254.95    262.07    250.12    210.62    178.22
    194.92    192.99    173.95    207.68    252.53    288.39    338.60    302.30    259.22    245.42    271.99    346.55    314.76
    220.35    226.71    236.86    233.28    242.36    264.51    291.78    305.13    318.22    382.01    318.96    241.99    217.39
    196.87    167.06    178.72    277.09    302.65    257.63    237.80    252.61    256.92    254.96    240.87    202.56   9999.90
   9999.90    216.85    203.39    263.65    334.48    286.75    225.23    219.64    235.28    265.82    258.74    217.45    234.22
    245.12    246.11    263.22    290.22    270.87    261.04    263.02    220.78    204.18    228.68    275.57    215.21    173.90
    164.69    200.84    246.20    257.02    253.22    271.45    292.64    281.65    335.72    354.53    258.23    234.18    210.35
    168.44    177.02    221.11    319.14    338.44    272.71    232.51    248.24    289.06    295.65    319.37    290.30   9999.90
   9999.90    218.70    206.08    194.53    228.84    254.23    270.42    269.99    271.67    218.39    178.85    200.67    265.92
    283.41    268.13    281.67    301.80    272.22    214.60    179.01    184.22    218.66    275.06    211.35    134.10    118.92
    176.27    247.89    251.32    256.30    285.75    303.17    279.96    282.68    354.76    307.99    252.90    240.48    270.15
    234.85    178.62    271.28    276.74    273.40    262.62    265.94    264.90    270.53    269.70    258.12    250.12   9999.90
   9999.90    213.65    242.72    247.19    248.59    263.33    288.32    311.18    258.71    212.80    226.39    236.61    255.52
    262.61    240.19    275.33    325.63    266.50    177.08    124.25    146.43    227.03    205.23    167.02    139.41    167.60
    249.63    263.49    228.85    233.26    218.82    218.42    237.86    288.12    380.48    329.41    259.73    258.68    244.31
    269.95    272.37    300.47    301.23    282.19    277.69    309.57    353.34    380.96    362.91    316.73    288.64   9999.90
   9999.90    238.18    277.63    265.16    245.14    243.11    231.24    204.60    196.47    209.54    210.18    210.86    225.85
    261.42    285.86    259.62    208.83    179.09    115.53    129.04    136.69    101.47    139.29    169.33    177.91    235.81
    266.23    231.28    209.27    201.55    165.80    145.67    190.77    266.32    366.05    384.94    310.01    263.56    230.16
    228.15    288.67    314.74    306.06    312.68    332.66    361.59    362.27    390.06    389.39    358.73    352.31   9999.90
   9999.90    254.14    211.65    178.18    159.86    172.03    202.92    166.78    131.02    112.07    111.45    140.54    207.12
    235.87    218.09    148.14    107.24    140.11    166.06    145.79     85.46     99.50    161.78    205.59    241.16    236.15
    196.53    185.49    200.49    212.65    226.24    216.54    196.36    238.92    287.33    343.83    384.90    279.37    212.76
    233.81    267.08    267.00    282.72    301.78    310.14    317.49    321.26    316.63    338.77    353.18    342.20   9999.90
   9999.90    227.20    170.54    164.75    185.91    226.72    158.81    177.80    221.00    229.78    181.85    176.00    165.26
    119.83    103.71     92.95    106.76    183.73    202.11    115.83    107.54    170.67    234.15    259.11    234.97    198.06
    183.23    215.40    279.36    355.13    360.24    303.80    245.53    189.47    180.45    206.83    250.86    275.74    276.58
    264.14    275.36    296.23    336.37    349.60    322.45    290.89    252.74    274.63    324.04    300.27    311.31   9999.90
   9999.90    212.66    209.38    226.87    212.69    203.40    235.40    252.78    228.96    198.40    260.34    300.63    163.90
    107.68    118.11    105.18    142.55    174.16    120.91     96.06    162.88    312.12    310.08    236.11    218.73    178.51
    193.45    252.31    269.53    288.86    266.95    254.68    268.54    186.76    126.08    106.01    132.13    205.96    253.13
    261.03    277.92    396.43    502.32    332.21    316.08    217.53    218.11    302.54    318.80    275.91    258.98   9999.90
   9999.90    213.41    228.14    247.62    296.42    363.75    347.72    259.86    193.57    148.67    186.28    166.14     91.75
    107.35    126.92    173.69    189.73    104.92     60.39     95.71    214.14    394.58    311.11    239.03    218.90    205.09
    214.32    192.43    160.92    142.24    141.32    216.37    282.82    251.32    185.96    174.21    157.35    137.41    186.25
    225.65    257.92    363.37    431.68    366.01    283.00    276.88    336.48    301.80    248.39    239.31    191.01   9999.90
   9999.90    244.98    229.01    301.34    333.99    377.06    321.60    284.34    167.78     92.85     95.88     89.42     70.45
     76.89    122.81    188.87    170.95     70.77     60.00     98.78    289.58    340.14    279.08    246.96    218.85    223.85
    220.24    179.25    155.36    150.82    160.20    197.49    231.33    249.57    242.01    217.18    210.85    212.79    207.67
    210.71    234.06    275.83    287.45    310.88    307.67    311.16    281.35    220.95    149.39    150.12    146.37   9999.90
   9999.90    262.02    254.93    279.96    339.09    404.55    366.44    197.68     54.72     44.10     78.65     74.53     95.61
    111.46    150.55    177.71    166.85     81.90     27.68    163.09    388.56    275.80    293.94    304.17    205.80    162.84
    195.10    190.21    169.54    152.18    150.47    166.52    187.07    171.41    207.88    234.06    207.83    205.71    205.93
    207.27    198.43    197.95    205.75    207.01    200.12    170.01    126.47    124.97    109.74    101.32    127.51   9999.90
   9999.90    356.55    303.04    282.82    359.74    313.27    234.26     86.12     58.15     43.20     80.31    115.31    135.32
    126.69    140.91    151.61    160.78    125.80     33.93    196.38    396.01    351.96    368.15    282.81    163.03    131.03
    156.79    174.93    159.93    142.71    116.02    112.53    127.27    145.63    166.94    171.23    168.51    158.40    142.90
    138.21    136.57    125.76    124.37    120.27    118.51    104.74     93.12     85.20     71.98     84.80    110.07   9999.90
   9999.90    297.79    328.64    301.48    256.61    122.61     76.83     81.43     57.14     77.13    127.88    177.78    125.79
     81.94    110.07    127.45    124.74    129.61    114.65    130.14    259.83    336.50    229.07    158.06    142.56    146.49
    133.98    139.27    147.14    133.17     96.62     85.54    104.94    129.53    127.33    126.94    130.76    119.39     97.94
     89.62     94.53    106.33    118.29    104.71     83.10     68.06     85.07     94.69     97.00     89.97     91.71   9999.90
   9999.90    102.46    133.07    173.84    119.56     77.17     28.41     57.66     68.36    118.98    165.02    155.54     83.61
     75.32    113.06     99.57     76.63     81.08    113.50    128.59    125.44    146.66    126.97    123.30    119.55    110.32
    101.04     98.32    123.12    131.22    103.87     90.97     91.45     97.20     98.78    109.68    110.82     98.92     91.30
     93.24     96.78     91.19     81.14     78.79     73.99     83.15     83.60     71.20     59.51     56.68     62.89   9999.90
   9999.90     66.12     66.80     69.17     61.65     53.82     52.70     69.65     93.13    137.57    155.34    132.75     87.83
     78.52    111.06    115.86     99.87     93.08     94.68    117.90    122.02    111.64    108.99     79.25     40.34     45.67
     84.66    104.38    138.80    124.37     98.24     72.91     63.13     68.60     78.37     82.65     83.23     67.43     60.72
     64.85     71.87     79.02     70.71     71.75     79.36     81.97     70.18     65.73     57.28     49.18     52.52   9999.90
   9999.90     35.55     49.46     44.80     46.98     47.70     45.30     73.56    119.09    137.15    127.85    138.14    131.20
    114.31    104.43    113.30    117.61    116.14    124.98    119.27    105.96     92.02     88.28     73.74     78.29    126.42
    140.57     81.13     51.38     65.06     91.92     81.87     62.83     64.44     58.47     60.57     52.75     46.94     55.07
     74.21     92.34     78.64     64.30     72.53     73.19     71.50     78.01     86.33    103.42    102.09     96.02   9999.90
   9999.90     44.44     39.49     35.76     28.60     43.35     63.24     86.47    139.67    143.93    125.94    136.03    123.82
    119.26    120.73    111.60    113.27    147.62    148.69    111.60    102.30    110.42    125.82    126.61    149.75    105.87
     35.74     33.83     41.60     60.17     50.39     57.11     73.46     58.66     58.39     54.81     45.14     52.11     60.75
     78.08     79.83     75.10     68.37     64.16     68.18     73.12     77.01     87.42     96.50    103.39    105.26   9999.90
   9999.90     37.92     29.06     22.72     37.01     56.24     66.44     98.87    160.07    156.11    143.85    134.18     72.59
     54.83     63.53     92.55    116.22    120.79    109.36     95.69     97.87    112.42    135.78    129.44     56.65     37.48
     26.61     31.34     38.04     48.93     30.26     33.81     50.91     50.54     54.65     45.40     42.11     54.69     72.44
     81.15     72.05     67.41     59.90     52.82     55.61     60.21     54.13     48.94     52.37     61.68     62.06   9999.90
   9999.90     18.70     20.48     26.92     41.23     65.59     65.39     89.96    171.69    176.46    134.15    116.72     79.20
     55.14     41.91     49.11     88.49     94.11    115.14    119.69     79.44     67.15     59.65     47.13     20.49     22.80
     15.76     34.64     39.40     47.01     46.03     42.06     37.40     50.67     55.07     66.46     63.74     62.01     88.73
     97.13     78.54     78.45    104.40    111.62     74.09     52.14     48.18     44.68     42.38     48.84     48.90   9999.90
   9999.90   9999.90   9999.90   9999.90   9999.90   9999.90   9999.90   9999.90   9999.90   9999.90   9999.90   9999.90   9999.90
   9999.90   9999.90   9999.90   9999.90   9999.90   9999.90   9999.90   9999.90   9999.90   9999.90   9999.90   9999.90   9999.90
   9999.90   9999.90   9999.90   9999.90   9999.90   9999.90   9999.90   9999.90   9999.90   9999.90   9999.90   9999.90   9999.90
   9999.90   9999.90   9999.90   9999.90   9999.90   9999.90   9999.90   9999.90   9999.90   9999.90   9999.90   9999.90   9999.90
   9999.90   9999.90   9999.90   9999.90   9999.90   9999.90   9999.90   9999.90   9999.90   9999.90   9999.90   9999.90   9999.90
   9999.90   9999.90   9999.90   9999.90   9999.90   9999.90   9999.90   9999.90   9999.90   9999.90   9999.90   9999.90   9999.90
   9999.90   9999.90   9999.90   9999.90   9999.90   9999.90   9999.90   9999.90   9999.90   9999.90   9999.90   9999.90   9999.90
   9999.90   9999.90   9999.90   9999.90   9999.90   9999.90   9999.90   9999.90   9999.90   9999.90   9999.90   9999.90   9999.90
   9999.90    444.46    447.85    442.27    442.26    439.15    417.87    393.07    366.64    346.86    349.65    366.02    372.03
    361.18    350.85    356.70    390.75    426.04    441.54    443.20    437.41    432.47    424.36    414.34    407.80    395.79
    390.94    421.48    487.96    535.39    493.01    411.18    393.56    405.66    396.58    371.74    335.60    308.11    298.23
    310.09    314.54    309.08    316.95    314.99    318.52    318.55    300.35    288.96    284.50    280.61    278.78   9999.90
   9999.90    401.66    354.57    324.06    314.81    320.74    347.82    386.19    416.70    406.35    360.86    337.34    339.15
    335.54    311.82    284.96    301.23    356.68    419.46    456.55    451.23    440.01    432.10    387.48    333.18    342.31
    418.92    492.22    459.83    396.86    425.97    494.32    519.83    517.34    482.43    422.81    385.11    353.16    335.05
    318.10    289.62    286.73    302.34    303.75    283.21    267.78    276.83    305.38    323.04    329.77    339.85   9999.90
   9999.90    262.58    268.15    303.02    308.60    295.64    294.46    311.73    323.99    312.51    303.40    303.25    288.66
    275.23    290.64    313.97    324.01    327.03    336.80    359.64    398.91    428.49    392.23    371.67    422.05    433.51
    412.87    362.66    334.47    401.25    609.88    812.78    836.10    783.74    709.74    636.88    596.68    570.84    529.52
    463.82    394.51    326.99    260.04    274.75    328.82    341.39    329.94    315.90    296.38    284.83    312.47   9999.90
   9999.90    331.42    364.63    357.51    324.98    304.10    291.86    273.02    261.18    283.38    335.15    380.54    420.77
    462.49    493.24    505.02    490.82    455.50    423.08    424.96    452.02    451.89    446.40    485.65    529.87    471.26
    349.47    306.49    322.40    389.54    634.34    842.03    869.72    885.52    918.58    928.59    918.00    873.54    729.24
    563.69    578.71    620.15    453.94    343.18    354.04    321.73    282.76    283.02    276.52    253.54    238.77   9999.90
   9999.90    314.70    326.47    326.81    336.17    361.16    401.85    447.50    500.71    538.61    542.91    529.79    507.94
    486.91    467.19    443.76    437.65    441.16    431.01    417.96    413.76    419.10    432.11    442.52    453.96    509.29
    550.79    484.05    384.68    341.18    429.43    661.39    863.13    937.75    975.75   1043.29   1118.28   1122.39   1037.97
    737.78    607.17    705.91    492.82    279.55    240.21    249.47    283.47    303.51    297.11    260.89    226.12   9999.90
   9999.90    384.26    403.01    442.68    454.63    498.00    528.12    496.32    440.92    416.59    390.57    377.15    387.63
    367.41    316.19    326.90    382.38    409.55    412.03    413.92    405.01    402.50    397.22    357.21    291.14    286.39
    368.50    516.63    609.01    576.34    491.65    439.78    509.42    680.13    858.97    980.19    975.54    834.73    714.67
    657.50    626.82    432.45    265.63    289.17    275.56    243.55    226.61    229.77    228.71    214.46    180.73   9999.90
   9999.90    487.01    467.63    454.92    417.60    385.74    327.52    307.38    341.60    352.02    343.86    332.34    345.78
    352.03    335.68    406.97    514.18    415.23    324.11    303.68    335.82    333.45    305.63    351.62    437.15    391.68
    268.67    211.62    258.16    352.03    508.21    623.93    571.52    541.50    597.96    629.45    613.51    596.77    617.16
    476.80    311.05    245.67    259.71    292.84    280.27    250.38    203.94    195.52    220.93    222.23    215.34   9999.90
   9999.90    375.18    395.68    407.61    429.30    385.70    335.89    302.65    255.55    308.89    388.30    305.42    235.66
    262.46    379.56    602.56    643.83    428.30    319.48    287.70    259.74    256.03    266.36    352.55    477.34    494.52
    448.36    306.35    210.10    188.39    223.55    460.59    653.63    588.79    513.28    519.82    558.29    585.13    417.54
    282.88    254.26    209.17    235.91    289.05    305.82    292.68    260.87    250.94    251.38    244.38    236.69   9999.90
   9999.90    350.97    400.77    474.13    432.05    381.31    358.84    287.22    295.83    324.08    279.27    323.69    326.63
    330.68    494.56    619.76    576.45    369.12    298.60    436.76    335.50    358.53    479.36    481.72    358.79    326.12
    380.39    347.46    269.80    229.57    208.00    312.46    540.95    589.94    521.70    541.46    559.80    422.83    319.25
    244.80    131.12    136.51    286.57    372.55    268.64    189.38    188.95    180.78    187.43    217.47    224.40   9999.90
   9999.90    391.11    412.58    388.08    351.47    287.50    284.45    321.17    317.43    288.01    278.92    274.79    295.31
    334.04    359.65    317.03    284.72    313.94    387.52    392.74    435.14    440.54    338.42    268.30    305.87    372.07
    335.97    282.60    220.80    221.12    243.54    373.80    514.50    574.74    606.03    540.79    402.42    311.57    300.56
    235.64    153.43    168.83    319.71    357.89    241.10    179.21    213.46    227.65    219.22    213.91    203.89   9999.90
   9999.90    280.88    359.00    423.48    402.02    339.41    311.07    319.28    313.03    283.19    252.13    243.32    261.85
    259.36    225.44    221.72    281.33    292.90    276.61    399.65    457.61    345.26    238.23    227.11    319.73    408.77
    267.37    180.78    192.80    232.44    325.27    434.90    523.18    609.82    565.57    445.62    315.82    281.02    310.10
    226.02    134.30    167.74    376.27    386.76    277.71    305.41    296.97    310.48    330.04    308.26    283.37   9999.90
   9999.90    175.99    183.05    306.68    425.83    405.09    317.43    257.91    252.95    287.36    293.50    276.27    275.34
    257.21    299.91    352.83    307.65    273.71    355.82    448.54    276.11    143.67    168.15    328.56    369.36    230.58
    169.02    173.52    228.95    318.63    395.55    443.18    547.55    541.35    471.46    371.55    268.00    313.74    292.24
    179.14    129.42    152.54    379.82    437.79    296.26    298.09    317.00    299.45    356.58    392.36    333.74   9999.90
   9999.90    201.73    195.30    228.39    283.94    300.27    278.77    288.20    309.76    268.26    231.82    231.58    300.17
    335.71    369.24    405.30    409.53    398.99    355.21    217.28    125.74    175.89    270.67    301.80    223.29    142.61
    179.44    248.53    338.70    410.99    361.30    345.90    474.22    472.05    451.09    342.75    228.00    323.32    447.89
    332.09    177.17    194.97    254.76    311.48    300.01    292.79    322.43    315.95    318.58    325.36    311.68   9999.90
   9999.90    274.49    298.25    320.24    323.89    329.56    367.49    447.64    423.00    332.27    319.76    326.32    365.32
    426.64    476.45    522.05    498.28    334.17    178.19    111.83    117.97    290.66    272.25    144.65    138.07    160.93
    227.43    357.52    365.64    321.34    284.21    249.07    348.47    441.90    451.72    438.52    278.79    280.73    394.09
    470.18    369.13    337.48    362.29    362.66    372.04    382.35    431.42    497.15    455.99    380.53    373.91   9999.90
   9999.90    288.39    368.07    368.41    340.01    351.45    405.74    327.57    213.18    219.10    238.88    280.34    418.15
    492.04    433.38    298.01    199.75    155.01    124.41    133.88    263.32    209.43    101.93    109.72    145.81    252.35
    365.94    349.38    293.34    304.43    285.57    205.32    230.41    420.09    467.50    553.51    477.33    313.80    298.81
    338.53    430.60    486.66    481.38    404.44    400.61    438.78    447.30    456.74    432.20    380.81    361.34   9999.90
   9999.90    338.71    270.50    210.50    219.93    248.07    220.85    181.07    157.02    146.75    143.98    155.23    242.79
    327.76    262.86    157.07    104.05    131.49    119.22    201.63    216.23    101.95    117.66    194.89    297.74    373.22
    346.01    289.59    295.98    309.83    290.74    254.82    238.35    298.53    372.72    423.08    485.21    382.09    306.02
    321.76    316.28    386.49    382.05    348.13    348.58    361.78    389.89    387.15    387.56    415.47    385.75   9999.90
   9999.90    288.00    192.06    218.66    291.73    238.49    172.21    227.43    270.48    197.12    175.30    186.04    195.98
    168.10    182.92    180.71    157.38    158.46    143.36    161.80    114.82    142.99    203.34    364.89    418.69    356.42
    284.44    281.91    313.04    340.09    359.05    351.45    322.49    259.77    232.67    234.32    258.08    297.35    352.47
    340.36    344.88    393.94    425.24    449.95    384.61    354.75    340.95    344.82    400.36    416.72    411.28   9999.90
   9999.90    254.79    268.09    249.51    225.93    252.59    271.11    222.92    326.63    321.85    208.57    218.27    181.33
     95.51    142.08    154.92    112.34    158.32    156.34     61.69     74.23    231.44    476.83    468.30    350.89    294.44
    274.93    296.03    316.42    342.08    337.97    327.81    339.68    299.16    230.47    193.54    214.78    241.31    294.41
    362.37    400.59    489.88    833.65    741.66    549.15    429.06    341.98    418.54    447.80    322.01    216.98   9999.90
   9999.90    278.92    318.90    307.99    223.33    355.26    411.74    268.66    166.63    223.25    233.00    185.95    150.65
    135.98    138.38    121.40    154.11    151.01     92.05     41.70     93.84    480.00    669.12    373.54    309.42    274.68
    262.17    257.13    256.80    267.61    296.97    320.46    319.64    330.82    324.78    284.97    277.94    264.68    250.92
    288.43    372.78    471.58    635.95    618.36    466.97    395.37    464.46    417.46    267.71    218.57    167.20   9999.90
   9999.90    306.89    306.59    397.22    376.50    437.07    331.41    317.17    245.02    131.52    102.26     64.41    111.39
    137.04    145.68    158.21    175.49    130.17     41.22     67.79    268.96    623.21    406.79    314.75    310.97    254.53
    268.69    240.07    209.78    210.74    224.31    261.91    297.76    323.91    331.67    304.56    268.55    238.07    242.32
    259.05    284.27    324.57    362.06    360.15    321.85    319.91    285.21    192.36    148.11    169.08    184.49   9999.90
   9999.90    421.22    279.83    351.01    432.07    541.59    458.76    235.17    107.03     69.67     65.40    102.62    126.83
    141.21    192.66    219.44    190.62     98.42     23.37    138.98    497.50    469.36    424.08    419.60    270.72    239.81
    240.16    217.96    181.99    157.39    154.00    172.53    210.19    229.14    226.94    253.42    251.50    215.47    207.32
    219.21    219.35    210.07    200.33    195.91    188.08    165.86    139.72    165.13    169.26    141.30    147.27   9999.90
   9999.90    640.20    556.51    466.24    514.76    451.57    313.18    175.08     93.23     60.64     95.21    139.51    147.54
    147.79    171.92    183.48    203.15    156.58     63.87    177.96    541.42    585.28    566.88    342.46    197.66    180.19
    180.94    189.62    171.86    148.41    126.84    121.79    131.62    136.37    134.72    157.53    185.57    187.98    155.01
    138.26    153.76    157.07    147.02    142.21    139.68    146.12    152.59    125.91    111.57    111.66    129.33   9999.90
   9999.90    257.64    427.20    431.90    367.80    184.06    118.04    114.83     69.85     73.85    150.43    173.50    122.45
    116.26    126.53    128.23    127.47    160.95    141.13    129.14    337.20    467.47    320.02    218.20    166.97    151.46
    148.32    140.49    153.38    166.81    144.83    141.87    137.54    137.21    151.70    160.68    165.61    158.79    147.49
    135.45    128.04    128.82    130.46    125.58    128.68    109.02     92.47     98.87    110.11    104.85    107.03   9999.90
   9999.90     90.74     41.44    101.98    123.42     64.58     88.62     59.33     61.66    126.08    173.62    151.46     76.93
     88.64    126.42     81.25     61.26     83.17    139.61    168.09    166.03    151.28    184.96    186.44    154.39    134.27
    139.62    142.15    191.50    228.08    186.32    141.95    125.48    138.90    146.63    131.12    110.04    119.20    112.44
     88.13     88.07     95.33     95.86     91.87     80.83     89.68     82.03     79.99     93.36     98.35    100.42   9999.90
   9999.90     39.87     20.02     63.53     85.94     89.52     64.78     55.85     73.64    132.31    178.78    169.31     86.26
     78.67    123.05    107.59     99.53     82.69     95.62    134.07    141.90    136.59    129.01    135.01    133.47    153.47
    206.41    252.78    214.40    132.84    101.47     97.22     91.48     93.58    104.05     88.02     71.47     60.81     53.03
     42.26     48.37     58.76     70.63     90.75     99.67     79.46     66.03     74.90     85.69     97.35    128.69   9999.90
   9999.90     12.12     32.49     45.24     68.99     66.52     58.70     69.06     82.44    134.88    179.12    184.89    164.51
    116.97    110.21    116.67    112.87    121.82    115.54     99.82    105.56    157.29    190.83    181.44    161.03    174.25
    169.66    169.50    110.13     54.52     47.53     44.02     55.80     65.88     87.00     70.65     61.04     56.09     56.46
     69.71     82.33     91.32    111.54    120.43     94.44     65.65     75.49     90.26     94.20    119.48    146.16   9999.90
   9999.90     52.12     40.79     42.51     63.54     53.57     56.24     84.91     73.72    147.12    179.09    153.32    178.08
    179.23    150.89    120.50    113.06    116.16    138.45    160.45    199.53    198.94    173.13    171.19    156.94     88.82
     57.56     56.49     62.01     47.21     58.88     58.88     70.43     64.70     66.23     71.53     64.10     69.39     84.65
    106.86     94.32     87.66     85.37     85.58     77.78     62.74     58.02     71.09     82.84     91.72     91.66   9999.90
   9999.90     42.81     53.28     50.93     45.86     57.42     80.82     76.38     68.31    158.07    168.78    172.19    173.18
    163.40    155.62    124.91    128.05    154.95    179.52    213.76    183.67    151.11    119.14    106.68     79.44     13.13
      4.51      9.28     19.95     32.77     48.89     69.65     59.98     70.20     71.25     81.36     78.77     67.05     79.67
     79.66     54.12     50.40     65.76     71.25     78.31     73.60     60.56     52.32     53.49     56.68     62.99   9999.90
   9999.90     39.02     35.16     42.91     53.36     76.28     85.86     61.95    101.39    152.67    149.19    187.66    211.21
    197.31    135.26     79.19    124.75    202.55    222.41    159.26    163.17    103.93     60.45     41.05     11.08     17.27
     11.60      1.93     -2.32      7.28     36.96     47.14     42.04     67.35     70.98     60.71     64.05     62.80     77.34
     73.68     78.03    117.96    113.53    122.37    128.54    120.43    102.68     89.25     77.19     68.52     57.15   9999.90
   9999.90   9999.90   9999.90   9999.90   9999.90   9999.90   9999.90   9999.90   9999.90   9999.90   9999.90   9999.90   9999.90
   9999.90   9999.90   9999.90   9999.90   9999.90   9999.90   9999.90   9999.90   9999.90   9999.90   9999.90   9999.90   9999.90
   9999.90   9999.90   9999.90   9999.90   9999.90   9999.90   9999.90   9999.90   9999.90   9999.90   9999.90   9999.90   9999.90
   9999.90   9999.90   9999.90   9999.90   9999.90   9999.90   9999.90   9999.90   9999.90   9999.90   9999.90   9999.90   9999.90
   9999.90   9999.90   9999.90   9999.90   9999.90   9999.90   9999.90   9999.90   9999.90   9999.90   9999.90   9999.90   9999.90
   9999.90   9999.90   9999.90   9999.90   9999.90   9999.90   9999.90   9999.90   9999.90   9999.90   9999.90   9999.90   9999.90
   9999.90   9999.90   9999.90   9999.90   9999.90   9999.90   9999.90   9999.90   9999.90   9999.90   9999.90   9999.90   9999.90
   9999.90   9999.90   9999.90   9999.90   9999.90   9999.90   9999.90   9999.90   9999.90   9999.90   9999.90   9999.90   9999.90
   9999.90    604.49    606.83    610.59    604.66    599.68    584.17    559.56    542.41    520.92    503.59    513.12    554.89
    608.92    633.37    632.24    616.12    580.54    549.12    548.82    574.30    611.90    679.94    743.23    755.85    755.52
    736.87    641.14    568.58    589.78    635.67    651.40    623.53    594.67    607.51    659.19    669.04    624.05    580.29
    536.93    493.93    463.04    437.12    418.64    402.85    396.86    412.53    440.25    456.43    452.06    439.46   9999.90
   9999.90    606.61    589.10    562.91    524.76    498.40    491.11    512.34    551.50    579.56    567.91    524.25    481.50
    463.61    486.99    542.34    578.69    583.13    559.14    536.00    593.09    738.73    811.27    773.43    751.57    678.51
    527.51    495.22    597.08    670.54    738.21    809.92    814.39    744.31    689.48    687.41    684.49    689.60    747.11
    748.94    650.51    537.98    471.23    465.82    450.05    444.52    468.05    487.32    471.10    432.02    419.68   9999.90
   9999.90    578.44    525.03    482.67    449.16    407.67    353.51    318.13    373.78    486.87    541.96    516.26    467.01
    449.84    474.86    508.58    525.89    532.26    556.59    648.61    787.24    832.55    770.09    792.12    816.86    671.65
    514.41    530.03    655.54    855.65   1084.90   1101.30   1005.28    920.47    784.29    664.98    602.41    637.74    771.15
    969.20   1040.25    891.58    593.43    422.91    453.05    472.01    460.52    448.48    452.43    471.61    459.11   9999.90
   9999.90    494.31    493.02    440.12    377.05    331.67    337.06    407.16    492.80    545.77    585.61    632.74    691.85
    753.90    800.30    815.60    810.52    805.36    815.20    832.13    836.48    841.03    849.90    852.38    863.73    833.85
    723.59    596.41    581.43    726.67   1000.43   1215.21   1284.34   1359.53   1377.57   1355.79   1273.28   1132.42    984.72
    847.89    894.57   1069.24    953.71    604.82    424.09    373.62    356.77    352.10    340.53    313.41    293.47   9999.90
   9999.90    453.33    363.71    334.48    434.16    603.67    740.36    777.29    762.26    760.37    761.01    732.32    707.60
    687.24    655.50    622.54    598.71    574.54    545.39    526.01    519.61    523.52    543.07    582.26    636.48    705.62
    791.19    872.97    854.00    762.23    784.41    957.17   1164.36   1348.20   1461.54   1450.50   1355.20   1238.92   1184.91
   1168.77   1085.79    926.87    625.01    391.35    314.99    303.73    321.73    318.01    321.91    313.61    272.93   9999.90
   9999.90    409.87    522.56    763.50    859.26    768.21    646.91    556.06    536.94    527.03    535.25    528.77    441.00
    419.75    461.93    439.41    423.54    409.46    403.80    455.25    512.13    535.06    519.68    501.09    470.45    428.20
    388.06    429.96    627.58    825.23    913.09    910.04    915.98   1012.70   1158.54   1200.51   1176.00   1151.58   1234.31
   1139.97    691.98    383.82    299.01    314.60    326.23    303.26    278.62    259.19    248.56    249.33    265.04   9999.90
   9999.90    670.70    579.46    526.75    529.14    504.77    447.37    403.90    421.44    479.91    500.80    478.62    400.05
    383.27    464.76    647.43    820.47    807.55    778.63    710.37    627.10    615.37    613.34    503.41    419.77    418.51
    393.72    331.46    302.04    320.77    464.27    766.26    987.77   1048.77   1053.14   1066.37   1122.47   1115.29    840.44
    476.14    281.01    217.26    250.05    272.91    298.43    292.12    285.22    307.03    319.48    302.07    285.97   9999.90
   9999.90    435.68    511.29    486.67    452.80    479.96    461.83    380.95    318.09    355.83    340.51    332.42    312.95
    382.04    584.90    967.72   1238.40   1117.11    746.61    487.02    477.11    471.46    425.23    445.91    484.91    489.46
    463.78    416.72    303.94    241.68    199.70    358.49    796.96   1100.83   1083.59   1137.38   1090.29    742.71    418.28
    336.93    262.13    176.58    201.86    287.19    355.70    357.18    330.82    336.15    352.16    357.27    338.76   9999.90
   9999.90    504.12    533.79    498.82    494.08    511.41    458.70    393.15    459.11    516.05    529.37    511.60    586.26
    725.16    892.81   1042.19    945.39    687.26    628.47    757.03    577.18    447.54    508.92    502.79    317.52    210.69
    287.85    436.38    433.68    299.57    205.62    257.99    614.53   1074.16   1248.22   1134.91    731.58    375.75    344.40
    465.76    315.87    201.25    265.17    376.38    388.31    366.23    302.26    173.28    148.39    236.40    316.04   9999.90
   9999.90    595.36    672.33    681.88    671.96    541.50    532.34    737.75    713.66    541.00    500.78    472.55    566.25
    622.69    665.15    667.99    621.06    599.17    554.13    518.49    633.33    653.27    475.00    268.41    230.03    275.71
    271.87    230.05    270.29    263.80    208.40    285.41    751.82   1177.16   1219.81    898.95    455.61    281.74    459.11
    457.80    266.70    272.95    374.05    363.67    267.30    254.78    279.98    237.84    198.56    230.41    285.25   9999.90
   9999.90    422.17    646.43    830.91    867.31    762.84    643.85    671.30    576.30    400.44    349.34    331.12    353.75
    379.11    420.65    522.24    550.35    488.86    487.06    598.21    605.24    530.04    335.22    270.09    330.04    305.18
    235.84    145.81    170.88    213.07    246.82    503.08    968.99   1218.90   1057.63    633.39    301.51    320.82    473.68
    319.73    185.25    249.84    407.96    465.91    394.76    308.95    294.14    358.35    398.59    401.18    377.32   9999.90
   9999.90    141.28    182.85    406.01    715.10    804.49    581.05    401.23    430.77    512.07    569.05    560.72    437.30
    489.38    642.68    641.27    521.28    532.45    623.84    600.41    420.53    257.68    236.21    312.49    290.78    215.00
    179.77    154.65    157.32    179.08    423.59    819.66   1102.24   1110.83    778.82    433.61    266.26    465.90    502.03
    246.64    154.10    158.24    353.57    516.21    506.68    471.66    367.95    332.24    396.19    446.61    451.74   9999.90
   9999.90    202.47    184.52    316.34    552.10    603.54    524.91    504.68    479.38    507.34    542.52    579.77    647.75
    703.31    787.89    726.73    637.90    534.57    510.40    366.67    283.67    244.12    242.21    211.89    198.80    187.51
    174.40    176.89    191.24    387.86    618.62    743.32    892.59    974.39    715.77    423.22    249.33    439.20    722.73
    499.50    252.39    213.69    262.24    344.25    445.33    480.34    470.15    451.97    441.58    409.10    416.01   9999.90
   9999.90    402.55    555.17    675.11    648.94    612.20    760.93    809.30    723.42    629.32    651.85    723.65    825.64
    839.86    750.20    650.07    520.96    405.86    286.45    222.09    302.97    339.54    196.94    100.83    145.03    173.05
    184.41    209.47    400.03    620.55    632.46    522.87    681.99    889.85    860.51    655.20    374.98    291.16    591.85
    862.97    632.57    502.64    563.40    559.41    524.97    533.93    612.82    700.14    666.56    616.55    593.96   9999.90
   9999.90    593.43    764.53    665.06    607.15    682.19    610.30    493.84    394.85    308.06    298.43    436.08    690.17
    652.93    472.98    444.71    338.53    226.96    201.13    256.47    279.19    207.51     65.78    115.60    150.42    156.04
    188.92    426.71    642.69    659.30    547.01    414.44    430.54    741.71    975.95   1010.83    792.61    421.79    263.96
    556.06    835.44    835.44    800.79    640.37    533.66    507.19    532.85    648.08    715.15    572.96    480.28   9999.90
   9999.90    636.99    500.24    458.23    472.27    401.55    236.93    199.86    191.41    221.26    268.06    201.60    180.89
    213.24    275.33    266.79    216.31    172.78    189.04    255.06    163.04     30.92     61.17    108.27    155.59    315.49
    548.97    675.47    654.12    619.63    519.82    401.10    355.89    461.59    617.56    703.02    751.33    645.58    398.40
    344.08    561.14    604.14    465.82    442.51    480.19    489.49    548.74    725.30    760.14    587.56    433.40   9999.90
   9999.90    519.43    429.93    494.30    272.36    174.55    276.01    295.76    222.35    316.35    264.76     57.74     37.66
     71.39    111.55    172.83    185.01    151.98    166.61    141.60     43.96     30.12    111.40    230.65    536.04    744.48
    737.60    651.80    571.82    534.86    523.56    460.49    415.87    403.67    379.47    351.60    363.18    442.43    544.50
    561.95    508.32    590.67    733.57    793.22    652.79    550.00    605.00    687.71    716.34    673.00    461.51   9999.90
   9999.90    560.38    515.09    461.58    224.33    201.23    373.23    291.93    209.07    167.19    166.67    144.17    164.29
     65.60     24.08    149.50    182.57    112.07    187.75    150.22     45.84    130.73    466.61    852.73    845.77    641.73
    526.48    505.11    468.55    509.38    563.99    566.25    611.62    552.33    393.76    349.28    387.65    358.12    356.35
    628.94    798.31    889.88   1188.33   1267.54    917.97    769.29    763.83    720.40    588.24    356.81    195.24   9999.90
   9999.90    660.28    574.20    367.36    323.97    343.37    414.08    236.56    279.99    197.85    219.65    273.32    252.06
    147.87     85.47    100.93    118.71    221.61    172.60    107.54    158.94    562.34   1095.66    814.88    562.97    461.18
    397.93    391.48    453.05    481.59    487.04    512.43    526.12    509.86    521.58    512.16    421.97    404.91    405.00
    443.18    654.12    835.79    986.71    997.64    910.85    774.85    720.05    601.19    295.56    122.58    170.68   9999.90
   9999.90    804.14    619.23    623.03    524.08    394.03    311.09    374.12    276.24    139.80    183.49    174.71    155.16
    173.81    169.71    148.83    131.65    204.96    136.57    169.25    367.12    942.43    944.42    642.97    569.03    365.77
    322.00    344.17    355.16    340.91    351.09    377.59    405.94    480.00    536.29    492.67    387.64    339.45    354.91
    346.68    374.12    432.92    508.53    525.58    478.09    397.45    297.29    177.03    188.13    249.33    244.46   9999.90
   9999.90   1141.95    818.84    748.50    704.89    728.71    440.95    313.47    251.28    119.73    108.41    121.67    121.72
    146.23    194.25    186.34    176.98    168.65    155.68    231.87    678.77   1031.66    909.63    832.92    389.60    211.85
    255.11    277.58    213.31    157.02    153.31    185.69    200.82    219.34    235.49    258.35    308.39    316.04    276.21
    253.09    259.25    256.80    247.67    233.57    202.20    209.63    210.69    222.83    251.00    268.22    259.14   9999.90
   9999.90    898.61   1157.67   1023.33    957.34    852.14    439.89    219.18    178.72    174.33    134.38    107.80    110.53
    165.65    211.45    206.46    190.90    164.28    181.34    241.79    725.03   1198.61    986.47    495.12    214.14    219.71
    197.63    168.79    132.51    148.68    153.65    156.64    166.84    185.94    201.56    210.43    214.02    236.50    251.35
    231.81    224.51    232.21    205.23    153.43    140.46    141.32    161.65    174.87    219.77    252.07    219.61   9999.90
   9999.90    229.57    509.42    705.62    600.73    333.14    268.66    212.87    163.76    196.25    151.07    110.30    133.13
    140.74    169.50    193.71    192.60    181.06    164.43    215.84    488.30    699.20    460.28    264.64    212.11    186.97
    142.70    201.24    277.10    250.39    248.85    254.77    248.68    230.91    206.10    200.66    199.41    218.09    198.50
    181.15    163.24    144.94    114.43     84.85     83.09     74.34     59.00     83.70    133.10    162.73    173.23   9999.90
   9999.90    138.19    108.12     84.12    164.40    193.97    195.53    132.99    170.07    195.80    131.48    150.52    184.25
    165.52    126.36    107.70    126.33    175.54    183.67    167.04    155.36    229.84    263.78    230.55    175.48    195.49
    285.53    347.12    328.85    279.16    246.00    200.45    179.68    148.61    120.66    114.34    118.10    105.11    118.36
    140.63    136.67    128.07    118.67    104.32     80.45     80.54     98.09    100.26    112.85    130.53    140.90   9999.90
   9999.90    121.62    100.35     75.13     31.52     94.76    124.20    131.99    172.18    168.91    124.47    220.98    252.80
    183.44    135.05    135.02    151.85    175.25    123.27    106.52    107.46    158.03    213.98    211.58    277.69    310.35
    311.76    229.16    191.82    227.29    182.46    105.38     83.21     83.99     86.01     60.17     69.30    100.56    135.84
    137.74    139.85    115.96     89.30     77.17     81.40    106.25    138.10    142.11    125.45    125.68    124.44   9999.90
   9999.90    102.86     64.30     37.68     39.48     70.26     64.67    137.53    170.46    131.55    171.13    280.20    277.88
    184.41    135.29    153.81    152.05    172.01    142.18    123.70    172.19    226.24    221.95    239.11    285.37    184.28
     96.84    142.57    180.02    108.68     27.77     14.45     26.43     35.35     52.79     68.56     97.22    138.53    138.18
    143.87    104.49     65.52     51.02     54.21     73.83     95.51    106.35    104.53    113.17    120.82    112.67   9999.90
   9999.90     26.46     39.77     67.60     79.11     78.18     95.99    168.19    173.35    100.43    194.00    299.47    258.40
    262.42    272.66    234.52    156.57    143.92    194.46    204.66    212.37    209.64    154.81    138.42     95.22    113.77
    103.79     81.97     61.26     38.62     35.34     12.42     32.68     74.98     90.12    112.37    141.54    119.73    102.81
     84.80     76.25     71.75     44.09     44.12     45.54     64.91     91.92     96.48    103.76    119.86    103.66   9999.90
   9999.90     66.67     48.64     56.59     63.20     55.82    115.77    191.24    158.54     88.30    203.20    297.85    324.74
    321.35    296.49    223.02    169.55    153.45    180.47    202.71    234.83    160.85    138.98    114.28     65.01     62.65
     61.46     54.35     49.27     40.82     22.95     42.13     75.94     14.46    -10.91     60.51     91.11     50.24     59.80
     95.13    109.46     89.18     85.55     74.50     64.87     51.02     52.52     70.99     75.34     83.60     75.98   9999.90
   9999.90     -3.58     12.87     36.03     61.52    126.22    182.32    195.94    150.28    102.96    168.08    309.95    421.87
    346.54    135.28     28.06    131.59    220.06    201.71    141.66    157.05    178.70    148.01    106.58     53.94     37.84
     57.88     51.44     62.45     49.05     43.92     67.07     -0.47    -83.32    -88.82    -51.92    -28.11     31.19    100.40
     90.52     86.35    115.19    114.92     99.59     89.44     69.68     51.49     55.91     73.15     76.16     81.28   9999.90
   9999.90   9999.90   9999.90   9999.90   9999.90   9999.90   9999.90   9999.90   9999.90   9999.90   9999.90   9999.90   9999.90
   9999.90   9999.90   9999.90   9999.90   9999.90   9999.90   9999.90   9999.90   9999.90   9999.90   9999.90   9999.90   9999.90
   9999.90   9999.90   9999.90   9999.90   9999.90   9999.90   9999.90   9999.90   9999.90   9999.90   9999.90   9999.90   9999.90
   9999.90   9999.90   9999.90   9999.90   9999.90   9999.90   9999.90   9999.90   9999.90   9999.90   9999.90   9999.90   9999.90
   9999.90   9999.90   9999.90   9999.90   9999.90   9999.90   9999.90   9999.90   9999.90   9999.90   9999.90   9999.90   9999.90
   9999.90   9999.90   9999.90   9999.90   9999.90   9999.90   9999.90   9999.90   9999.90   9999.90   9999.90   9999.90   9999.90
   9999.90   9999.90   9999.90   9999.90   9999.90   9999.90   9999.90   9999.90   9999.90   9999.90   9999.90   9999.90   9999.90
   9999.90   9999.90   9999.90   9999.90   9999.90   9999.90   9999.90   9999.90   9999.90   9999.90   9999.90   9999.90   9999.90
   9999.90    966.34    934.29    894.48    870.87    848.46    823.17    815.69    799.23    797.19    834.03    879.34    946.08
   1034.60   1111.05   1170.85   1233.52   1233.47   1109.42    981.20    931.88    956.02   1021.80   1061.67   1077.02   1117.89
   1159.90   1099.29    997.62    937.70    914.75    946.09   1011.37   1091.09   1124.51   1091.23   1054.39   1045.05   1062.92
   1041.73    998.60    955.69    899.54    868.35    838.52    811.89    813.70    826.86    848.46    863.44    868.04   9999.90
   9999.90   1053.26   1019.37   1001.46    979.17    946.41    906.89    871.96    849.71    849.14    838.53    795.45    737.83
    751.96    855.32    996.96   1143.79   1292.88   1356.75   1241.13   1100.17   1092.31   1166.77   1192.74   1218.57   1259.87
   1134.60    917.35    896.94   1077.05   1260.85   1311.69   1259.05   1162.91   1102.89   1083.71   1019.96   1055.18   1201.26
   1294.02   1298.83   1237.52   1121.25   1014.53    990.68   1020.65   1031.02    963.41    841.89    770.92    778.30   9999.90
   9999.90    978.34    892.10    791.54    704.84    655.15    641.76    668.96    739.55    824.43    909.07    952.99    927.29
    908.03    980.80   1125.84   1247.44   1333.68   1383.24   1355.30   1323.13   1341.61   1374.58   1360.61   1320.86   1322.37
   1286.49   1142.80   1173.60   1459.30   1590.15   1419.42   1341.30   1299.09   1172.34   1130.18   1156.09   1224.74   1266.54
   1303.64   1330.52   1335.67   1405.80   1342.78   1142.31   1018.26    921.95    808.21    728.18    689.39    676.73   9999.90
   9999.90    694.37    670.62    643.77    608.38    541.63    478.22    563.77    817.41   1102.49   1293.78   1345.35   1329.73
   1326.83   1351.58   1360.78   1353.20   1346.08   1335.43   1332.53   1356.44   1390.15   1411.45   1421.58   1410.50   1391.19
   1408.67   1424.47   1440.39   1523.76   1622.58   1667.57   1686.38   1767.95   1806.32   1754.63   1716.44   1667.22   1605.12
   1579.40   1599.49   1622.79   1576.87   1282.03    865.94    583.21    457.64    400.52    364.67    352.00    343.26   9999.90
   9999.90    742.51    706.79    672.36    725.20    844.10   1049.70   1258.52   1354.25   1324.23   1232.75   1144.57   1031.74
    904.15    806.20    767.50    758.37    745.22    729.34    742.61    785.21    830.53    866.37    907.12    963.53   1013.64
   1060.90   1176.99   1404.82   1621.96   1724.41   1753.65   1738.18   1747.19   1801.64   1842.59   1795.62   1679.78   1696.57
   1815.40   1774.60   1392.34    839.47    448.08    313.73    295.79    313.67    334.50    340.24    315.94    293.26   9999.90
   9999.90    789.37    840.36    994.15   1160.72   1120.42    960.88    817.77    697.03    580.54    549.67    550.30    573.26
    661.34    831.53    867.76    802.56    744.53    787.46    908.88   1002.41   1009.33    940.15    840.24    732.24    637.74
    574.87    551.13    592.78    847.10   1362.57   1721.75   1812.32   1767.46   1716.28   1771.91   1751.98   1722.68   1706.30
   1689.30   1048.68    426.92    308.40    288.85    254.67    236.51    250.77    307.85    397.63    418.27    359.38   9999.90
   9999.90    760.91    728.26    647.28    555.04    483.22    422.89    440.49    493.39    697.48    891.94    939.41    917.29
    862.61   1021.83   1328.26   1378.97   1344.30   1320.93   1233.87   1242.09   1205.64   1073.57    928.21    892.23    804.80
    575.94    388.12    368.66    540.05    565.11    660.95   1415.56   2012.02   1943.61   1775.14   1745.07   1786.44   1371.51
    621.14    390.97    476.55    354.02    261.17    230.09    198.13    152.07    227.92    486.32    606.56    508.69   9999.90
   9999.90    420.87    463.40    545.85    587.60    638.29    690.04    741.70    786.71    738.88    793.16    912.58    807.13
    818.69   1129.86   1412.74   1453.11   1271.19   1209.26   1082.70    999.71    888.56    814.51    775.78    686.09    692.41
    709.30    558.72    310.65    143.18    394.51    503.08    593.41   1652.36   2175.04   1858.82   1809.59   1300.22    512.80
    518.90    702.05    343.96    167.48    217.14    251.48    238.08    187.18    296.89    539.37    669.57    680.08   9999.90
   9999.90    616.05    722.97    765.48    707.86    633.22    861.34   1007.31    840.95    799.40    916.78   1057.15   1048.46
   1093.83   1412.27   1612.33   1305.11   1110.12   1001.90    919.31    947.75    862.47    821.58    774.86    508.78    373.45
    480.28    589.32    486.83    262.30    160.98    370.80    466.49   1369.87   2231.15   1861.12   1414.88    572.99    438.79
   1066.68    730.52    195.18    276.29    355.99    389.59    375.41    311.47    279.89    350.30    461.11    577.92   9999.90
   9999.90    969.39   1142.98   1207.09   1170.48   1190.16   1255.33   1256.49   1227.86   1193.28   1084.84   1016.94   1080.49
   1185.02   1330.46   1315.70   1288.29   1285.59   1077.81    978.67    825.49    828.76    747.05    481.69    338.85    251.41
    207.10    352.43    427.94    252.69    138.93    321.13    744.03   1644.34   2039.63   1681.14    873.06    230.95    676.61
   1190.96    665.46    350.89    468.66    426.91    354.54    331.10    279.86    271.42    271.30    343.39    434.98   9999.90
   9999.90   1036.24   1319.73   1511.94   1524.10   1498.36   1322.74   1172.17   1129.97   1029.71    931.39    894.03    966.40
   1052.55   1119.49   1219.32   1215.97   1084.61   1084.81    940.53    743.68    675.58    429.03    191.94    198.53    162.90
     50.49    238.31    344.88    128.36    131.08    427.37   1260.71   2032.76   1840.45   1318.31    474.97    197.59    699.56
   1070.03    628.94    279.68    537.11    808.65    588.07    289.50    240.85    295.79    411.08    597.14    561.38   9999.90
   9999.90    668.43    700.26    893.91   1180.77   1312.84   1164.83    959.55    883.73    976.28   1123.98   1191.62   1216.05
   1255.78   1355.49   1357.92   1209.47   1119.73    973.29    791.47    701.55    333.62     77.07    164.90    129.13    118.04
    136.14    200.54    182.51     66.45    228.72   1005.42   1900.21   1891.47   1523.79    934.90    289.38    303.42    745.90
    995.95    757.04    382.18    444.14    808.22    970.55    800.19    574.64    516.24    573.97    674.90    886.84   9999.90
   9999.90    658.17    685.91    864.96   1036.31   1075.15   1087.75   1115.87   1205.47   1281.55   1339.40   1493.66   1624.01
   1661.27   1603.09   1393.59   1085.85    883.78    892.93    765.47    482.67    164.26     78.69     47.86     80.32     74.99
    133.47    130.15    130.52    211.57    709.42   1587.15   1816.93   1644.85   1419.03    925.24    317.20    257.00    906.26
   1139.61    924.20    743.68    677.93    731.86    877.27   1114.73   1140.91    993.31    867.59    830.52    858.12   9999.90
   9999.90    953.28   1100.74   1175.38   1175.64   1413.18   1531.58   1430.18   1231.36   1086.84   1321.65   1440.69   1279.71
   1123.47    975.84    921.31    959.72    903.85    856.04    684.92    334.08    156.27     94.05     65.94     78.37    102.43
    122.31    156.24    267.15    717.97   1331.57   1564.68   1479.04   1527.63   1557.37   1256.91    695.61    235.83    641.64
   1215.54   1144.58   1122.39   1148.66   1060.34   1000.74   1058.13   1224.56   1330.23   1167.74   1036.33   1113.55   9999.90
   9999.90   1192.72   1149.91   1147.49   1477.09   1409.32    812.31    495.08    563.76    834.83    763.04    573.38    377.75
    261.57    170.04    177.67    328.60    517.43    886.51    774.64    227.56     85.22     81.88     93.22    132.22    127.34
    155.91    372.38    934.36   1441.95   1356.89   1208.04   1215.66   1375.39   1591.92   1507.66   1239.86    716.47    388.39
    795.50   1209.87   1326.22   1259.22   1031.13    906.11    943.87   1115.05   1254.30   1294.40   1159.11   1165.82   9999.90
   9999.90   1103.79   1124.07   1467.21   1072.71    283.86    163.73    325.02    432.18    402.55    132.35    -22.87    -73.73
    -98.96   -175.43   -125.55    -16.99     53.92    540.10    666.63    220.62     42.82     97.41    124.54    158.28    292.58
    741.80   1255.56   1467.86   1321.51   1152.33    976.29    868.47    949.22   1141.10   1232.56   1188.41   1073.21    746.81
    610.49    953.86   1018.84    939.40   1001.09    986.23    910.33   1000.36   1276.42   1401.22   1246.24    785.34   9999.90
   9999.90   1152.25   1363.84   1169.25    299.35    207.77    422.13    327.62    142.24     24.01    124.82     76.83     27.37
    -16.13    -73.83    -90.33    -26.53     58.15    310.69    443.15    145.36     87.68    184.16    323.59    693.54   1192.02
   1518.23   1406.48   1249.81   1168.76   1049.14    952.31    901.43    891.26    925.85    879.87    824.03    887.17    952.29
    890.46    977.73   1186.67   1397.36   1397.11   1196.45   1081.64   1136.87   1193.75   1364.36   1100.71    555.12   9999.90
   9999.90   1298.90   1582.29    954.55    159.19    360.92    379.58    178.62    191.80     96.49    149.47    183.74    146.93
    118.69    -20.31   -120.76     16.53     86.32    302.86    292.54    167.20    283.68    669.48   1244.36   1567.68   1558.59
   1402.35   1268.04   1196.44   1216.68   1280.91   1266.54   1255.10   1098.17    850.52    795.85    837.97    836.36    838.60
   1108.83   1416.46   1581.05   1594.57   1603.85   1473.43   1338.57   1384.46   1383.04   1073.36    478.39    199.69   9999.90
   9999.90   1500.30   1583.88   1110.25    270.68    363.25    274.80    162.66    260.84    185.58    249.39    247.48    217.88
    151.69    -18.55    -69.37     65.92    119.82    299.84    191.75    253.16    888.70   1641.51   1672.94   1486.30   1146.01
    812.20    684.04    682.41    734.85    852.69    999.85   1112.32   1119.97   1091.50   1065.04    952.77    903.09    971.22
   1087.65   1181.97   1373.38   1468.47   1425.95   1343.95   1222.05   1006.32    789.32    376.43    200.19    255.21   9999.90
   9999.90   1665.78   1719.81   1561.26    852.67    451.42    169.27    318.08    462.79    230.18    134.29    207.91    246.06
    139.71     52.29     88.14     53.47    128.74    206.86    183.27    532.95   1477.88   1807.58   1656.76   1181.49    528.11
    332.71    310.06    279.65    276.86    296.80    369.99    472.22    615.31    764.35    766.62    709.58    682.07    610.99
    625.27    646.42    682.50    777.95    769.09    662.99    551.48    464.51    393.98    373.38    404.71    447.81   9999.90
   9999.90   2026.95   1798.52   1742.12   1682.65   1084.67    438.64    278.91    417.23    351.67     98.63    136.89    170.57
    133.66    151.90    205.93     98.39    134.08    104.18    148.93   1000.18   1981.56   1778.39   1476.63    649.11    310.44
    266.65    195.29    175.26    166.40    177.85    236.19    287.80    336.70    394.48    406.67    429.85    497.59    505.81
    446.46    359.71    322.35    293.46    278.72    275.08    226.23    225.00    303.87    353.25    393.47    454.80   9999.90
   9999.90   1380.15   1813.27   1790.94   1676.54   1168.10    616.25    272.84    246.98    218.43    132.19    165.65    118.47
    149.11    220.77    210.52    124.46    151.11    115.24    178.20   1134.26   2011.14   1501.83    846.84    409.97    250.84
    171.55    157.57    257.51    316.30    331.90    338.09    378.63    413.74    371.63    341.97    341.96    345.83    373.52
    374.43    385.69    295.89    218.67    171.97    149.91    147.92    158.90    169.67    206.19    203.79    215.71   9999.90
   9999.90    613.58    989.00   1055.06    834.51    585.19    427.45    224.89    229.96    191.14    141.33    167.74    157.54
    189.78    133.12     99.37    148.34    196.46    141.14    167.41    836.99   1306.87    834.45    468.54    256.47    214.11
    261.42    520.30    457.81    414.09    339.71    263.63    236.24    203.10    155.58     93.28     42.61     28.92    194.15
    398.41    339.25    262.02    219.74    204.06    193.01    180.57    185.33    196.94    204.48    189.61    170.79   9999.90
   9999.90    232.08    370.28    364.47    349.52    407.66    263.23     76.03    181.16    190.03    158.59    191.44    353.48
    392.08    233.87    169.29    220.81    288.41    263.85    176.54    348.67    584.83    442.91    318.23    306.39    405.89
    536.97    501.72    212.66    173.98    189.08    148.07     69.99     29.85     -4.16    -10.71      6.46    101.79    262.51
    332.53    182.16    108.16    109.87     95.18     88.26    119.98    150.82    182.40    197.11    203.73    201.86   9999.90
   9999.90    130.40    185.58    319.40    379.32    299.32    165.55     81.55    212.74    159.00    160.66    293.91    530.24
    535.41    395.48    334.47    425.08    457.59    440.37    375.26    370.38    350.79    340.51    361.73    440.48    416.11
    308.90     92.55    179.48    127.17     82.07     25.34     -9.63     -6.37     18.31    137.68    180.00    197.11    209.66
    142.23     74.97      0.16    -55.00    -63.73    -28.06     -3.75     43.13    100.30    148.39    204.96    221.87   9999.90
   9999.90    107.87    184.44    303.29    346.89    201.19     72.47    150.01    218.49    119.57    147.07    407.15    570.21
    452.78    368.20    429.69    388.64    320.77    269.33    277.84    289.63    246.91    297.49    320.34    295.33    183.04
    130.92    148.51     91.14     34.03     75.55     57.38      2.46     96.73    209.54    179.20    153.40    145.34     93.93
     24.49    -14.48    -15.51    -27.52    -10.11     17.56     11.35     26.53    108.02    160.50    184.50    156.84   9999.90
   9999.90    249.71    321.03    248.84    178.24    102.43    107.75    209.60    182.08    114.14    137.06    498.25    575.32
    402.84    498.15    401.15    151.89     86.53     73.97    107.25    109.37    134.43     96.03     71.14     72.03     48.94
     46.77    130.06     97.67     52.67     16.45     39.27    199.75    240.78    159.90     69.66     60.24     56.56     41.56
     -3.12      6.77     47.54     43.20     25.92     24.64     22.01     16.78    115.48    183.76    157.29     78.70   9999.90
   9999.90    176.01    154.48    112.10     74.60    106.82    192.77    249.01    213.09    115.47    122.35    422.41    816.62
    622.74    459.78    252.87     57.59     41.72     63.25     80.78    146.94    175.41     70.80     23.33    -47.37    -16.07
     61.74     98.43     36.59     54.89     46.59    149.73    223.29    175.58     40.68     28.65     99.07     82.76     36.13
     52.58     63.52     20.62      9.73      4.51      5.08      3.87     55.56    124.08    161.79    146.53     97.62   9999.90
   9999.90     48.79     49.93     60.11     69.98    142.94    191.04    251.78    317.56    235.86    150.01    284.40    727.50
    899.51    380.81     94.30     70.65     99.20    168.07    111.97    159.37    118.61     69.91     14.17    -20.78     10.15
     74.46     64.75     31.78     26.61     72.82    220.83    249.96     91.72      5.54     87.68     96.76     29.44     49.31
     59.42     53.55     56.35     40.00      8.39    -15.47    -26.04     55.30    145.82    143.39    109.48     93.58   9999.90
   9999.90   9999.90   9999.90   9999.90   9999.90   9999.90   9999.90   9999.90   9999.90   9999.90   9999.90   9999.90   9999.90
   9999.90   9999.90   9999.90   9999.90   9999.90   9999.90   9999.90   9999.90   9999.90   9999.90   9999.90   9999.90   9999.90
   9999.90   9999.90   9999.90   9999.90   9999.90   9999.90   9999.90   9999.90   9999.90   9999.90   9999.90   9999.90   9999.90
   9999.90   9999.90   9999.90   9999.90   9999.90   9999.90   9999.90   9999.90   9999.90   9999.90   9999.90   9999.90   9999.90
   9999.90   9999.90   9999.90   9999.90   9999.90   9999.90   9999.90   9999.90   9999.90   9999.90   9999.90   9999.90   9999.90
   9999.90   9999.90   9999.90   9999.90   9999.90   9999.90   9999.90   9999.90   9999.90   9999.90   9999.90   9999.90   9999.90
   9999.90   9999.90   9999.90   9999.90   9999.90   9999.90   9999.90   9999.90   9999.90   9999.90   9999.90   9999.90   9999.90
   9999.90   9999.90   9999.90   9999.90   9999.90   9999.90   9999.90   9999.90   9999.90   9999.90   9999.90   9999.90   9999.90
   9999.90   1527.96   1531.55   1533.22   1522.04   1512.08   1532.16   1544.39   1533.59   1519.82   1514.45   1509.71   1538.58
   1645.40   1751.98   1843.89   1889.72   1864.76   1867.27   1865.41   1801.69   1666.88   1588.38   1582.88   1621.43   1742.00
   1836.53   1879.32   1905.01   1910.26   1847.87   1798.69   1781.77   1717.88   1684.84   1683.84   1691.24   1710.80   1667.68
   1637.95   1624.94   1604.36   1578.26   1535.88   1505.41   1486.83   1507.15   1536.59   1525.48   1508.02   1450.95   9999.90
   9999.90   1626.18   1629.09   1642.47   1636.49   1608.49   1566.82   1529.36   1513.94   1540.30   1603.67   1650.95   1684.06
   1695.15   1700.58   1748.90   1810.89   1865.31   1939.65   1978.64   1925.82   1843.55   1793.25   1792.14   1818.46   1863.71
   1914.83   1907.66   1902.98   1943.89   1859.41   1760.06   1817.93   1880.09   1833.09   1721.74   1722.27   1836.15   1774.05
   1686.03   1801.75   1832.81   1811.91   1860.04   1807.36   1705.99   1587.19   1429.06   1342.86   1456.78   1664.10   9999.90
   9999.90   1670.00   1582.89   1471.95   1380.86   1325.19   1323.19   1365.94   1415.45   1474.21   1604.80   1823.05   1987.54
   1985.63   1878.52   1804.36   1795.52   1815.65   1854.62   1928.00   1999.36   2003.48   1996.01   2008.12   2003.64   1931.53
   1896.79   1965.75   2045.16   2100.40   2028.48   1988.63   2055.06   2010.89   2004.12   2124.76   2128.08   2028.40   1992.01
   1971.16   1911.79   1791.51   1845.12   1974.03   1928.44   1806.58   1741.69   1705.80   1673.71   1642.27   1525.97   9999.90
   9999.90   1224.17   1135.26   1089.21   1058.83   1055.22   1140.58   1324.94   1516.35   1689.14   1877.91   2009.19   2026.40
   1961.43   1892.58   1854.31   1831.92   1827.98   1830.46   1838.82   1841.62   1852.28   1876.80   1926.18   1986.59   2040.15
   2071.22   2124.52   2208.33   2207.39   2171.79   2167.91   2185.42   2171.61   2149.43   2163.90   2188.54   2208.99   2261.10
   2225.01   2168.93   2229.82   2258.26   2097.27   1751.79   1379.03   1064.40    834.48    694.83    633.76    644.17   9999.90
   9999.90   1142.40   1215.99   1276.84   1312.64   1341.54   1428.57   1622.13   1842.78   1940.07   1879.75   1769.83   1650.58
   1562.35   1537.88   1524.38   1506.53   1507.23   1521.66   1544.40   1548.37   1524.39   1492.32   1458.25   1408.45   1399.23
   1505.51   1723.44   1977.31   2157.83   2337.85   2407.05   2272.06   2173.55   2207.47   2288.36   2369.52   2389.93   2336.51
   2239.48   2346.38   2314.94   1660.32    942.91    559.45    390.95    350.74    352.61    355.04    343.93    320.84   9999.90
   9999.90   1554.12   1536.06   1527.83   1592.69   1664.34   1610.44   1449.02   1288.57   1196.84   1203.67   1239.96   1241.71
   1279.58   1449.62   1749.19   1955.03   1981.80   1876.81   1759.32   1635.13   1545.58   1479.93   1350.67   1207.01   1141.34
   1155.01   1161.46   1287.50   1695.15   2017.73   2149.44   2243.03   2276.49   2255.20   2342.03   2347.34   2242.93   2097.77
   2404.23   1977.50    920.30    611.11    582.62    482.56    441.96    333.13    257.74    342.29    411.71    308.17   9999.90
   9999.90   1402.86   1272.87   1057.85    965.35   1023.49   1031.05   1012.78   1039.28   1139.01   1369.86   1517.92   1537.00
   1696.40   1949.28   2184.01   2137.65   1971.37   1836.50   1704.36   1634.08   1625.34   1609.38   1537.66   1397.23   1237.31
   1115.44   1071.79   1112.68   1112.80   1262.02   1677.72   2036.02   2142.91   2268.37   2361.02   2220.05   2182.87   2175.85
   1585.93   1139.64   1056.48    699.10    328.61    272.66    330.98    295.64    230.13    428.51    605.97    507.54   9999.90
   9999.90    806.27    767.98    848.18    895.18   1003.41   1294.35   1664.53   1928.25   2050.23   1878.35   1628.65   1656.14
   1835.34   1999.81   2099.46   1949.56   1408.06   1453.09   1611.61   1733.35   1627.71   1363.09   1166.96   1151.21   1072.43
    984.30    908.21    835.80    917.37    996.17   1199.66   1659.35   2077.84   2326.32   2227.42   2173.15   2110.68   1502.84
   1414.75   1556.13    778.24    163.75    160.85    200.27    159.93    135.89    212.45    573.62    959.70   1005.02   9999.90
   9999.90   1042.61   1159.95   1438.46   1686.76   1850.19   1951.43   1913.76   1869.47   1872.18   1710.10   1591.69   1764.25
   1931.89   1955.51   2017.04   1806.98   1553.92   1687.71   1572.88   1533.44   1362.02   1144.34    969.70    977.61   1113.60
    918.23    737.96    713.96    617.40    721.55   1134.36   1591.99   2125.04   2303.19   2213.82   2115.82   1490.97   1137.88
   1900.94   1511.25    476.26    303.64    303.95    283.55    199.42     74.58    130.50    496.03    939.41   1165.29   9999.90
   9999.90   1701.45   1773.30   1805.25   1861.60   1901.34   1859.19   1771.42   1735.52   1691.34   1695.71   1891.60   1982.09
   1981.09   1866.21   1813.49   1906.97   2002.09   1720.15   1680.49   1327.17    984.29    839.51    785.27    675.08    471.49
    479.89    699.74    731.71    388.97    534.18   1229.99   1861.33   2206.67   2280.39   2137.22   1694.27    981.34   1215.58
   1902.42   1632.36    999.56    804.56    747.00    539.17    357.00    243.20    272.22    454.07    627.59    772.45   9999.90
   9999.90   1851.16   1910.09   1942.36   1986.58   1971.69   1848.94   1752.38   1771.16   1758.29   1791.74   1883.77   1951.95
   1915.06   1844.73   1832.93   1871.74   1884.33   1806.73   1542.55   1162.29   1112.51    852.56    419.72    220.12    152.17
     76.92    353.33    528.55    256.62    660.07   1540.38   2076.88   2210.09   2098.66   1932.94   1312.51    823.45   1343.01
   1650.69   1441.98   1294.20   1329.22   1540.83   1311.69    939.33    689.00    655.07    733.60    969.72    977.30   9999.90
   9999.90   1843.25   1852.21   1933.90   1995.82   1862.89   1756.82   1780.95   1758.16   1742.41   1874.94   2034.77   2122.01
   2034.07   1877.48   1680.31   1653.60   1759.12   1495.17   1222.35   1116.05    980.13    347.77    163.99     87.63     58.84
    150.69    256.73    127.66    396.20   1172.47   1877.57   2151.39   2105.25   1993.49   1755.34   1035.11    803.70   1399.63
   1654.14   1445.46   1313.72   1385.99   1698.77   1818.04   1554.76   1284.98   1152.53   1376.72   1730.97   2017.39   9999.90
   9999.90   1845.76   1849.17   1861.61   1874.35   1770.92   1660.80   1745.41   1859.62   2046.14   2226.57   2286.53   2249.43
   2334.08   2307.85   1950.54   1530.88   1490.21   1436.17   1219.26   1036.14    431.84     54.70     80.20     52.60     57.71
     99.85    147.97    359.50    893.10   1610.95   2060.86   2084.15   2113.37   1988.57   1755.46   1120.62    810.67   1415.10
   1892.59   1688.35   1590.79   1649.59   1741.17   1808.16   1883.47   1967.84   1895.45   1818.51   1772.21   2001.66   9999.90
   9999.90   1868.16   1887.76   1802.21   1729.44   1800.76   2043.20   2039.86   2008.94   2149.72   1871.77   1610.56   1581.03
   1639.24   1609.50   1543.36   1620.50   1507.54   1484.81   1235.33    816.75    239.40    100.18     64.93    136.38    119.34
    131.09    440.02    914.48   1490.77   1902.89   1973.37   2046.27   2055.58   2054.89   1891.57   1492.11   1116.62   1231.13
   1764.08   1856.54   1848.61   1874.32   1878.32   1822.27   1830.54   1926.03   2001.67   1922.62   1884.90   1894.56   9999.90
   9999.90   1812.50   1691.80   1755.77   1930.25   1824.33   1571.33   1613.14   1868.02   1425.77    745.44    383.89    315.29
    259.41    318.60    471.24    645.70    908.72   1270.26   1270.98    589.27    112.73     80.86    129.40    147.84    197.24
    635.43   1191.03   1670.71   1969.62   1862.45   1809.04   1842.05   1986.25   2102.41   1980.16   1804.05   1561.52   1174.02
   1409.72   1967.52   2064.40   1815.64   1657.49   1734.93   1833.53   1952.83   2095.23   2076.19   1962.73   1655.91   9999.90
   9999.90   1721.19   1708.45   1964.21   1792.23   1200.25   1046.13   1424.29    995.94    125.94    -71.73    -49.02    -81.37
   -119.66   -168.56   -109.54    -77.45    179.51    915.25    949.23    408.26     70.01    112.58    208.14    450.72   1024.42
   1635.36   1819.21   1867.57   1788.21   1760.25   1763.86   1774.83   1795.04   1824.52   1773.97   1743.39   1668.83   1582.63
   1556.95   1717.09   1836.33   1810.36   1842.85   1882.89   1895.38   1948.89   2026.38   2036.49   2032.63   1778.99   9999.90
   9999.90   1795.47   1901.16   1850.79   1141.45    511.30    716.41    718.70    109.70    -21.71     68.27     64.98    -37.06
      5.25     31.87     -8.85    -84.88    -62.95    476.87    710.47    319.07    233.61    472.96    859.26   1604.60   2036.40
   2024.41   1823.02   1807.01   1840.73   1862.67   1834.39   1755.57   1686.62   1610.94   1566.75   1658.76   1563.61   1460.46
   1512.22   1880.58   2031.56   2108.70   2136.30   1926.79   1782.61   1796.59   1837.93   1950.37   1820.58   1148.80   9999.90
   9999.90   1888.94   1996.39   1773.19   1021.06    549.05    517.38    279.05    176.18    112.06     34.51    211.99    189.68
     69.18     34.70    -94.78    -41.00    -19.09    343.55    595.71    311.34    625.62   1497.40   2097.54   2117.76   1959.59
   1977.35   2000.98   1985.50   1972.07   1986.38   1895.99   1747.96   1646.73   1596.43   1600.91   1556.20   1533.00   1591.13
   1628.47   1801.55   1995.14   2117.41   2022.38   1923.24   1867.70   1883.65   1832.87   1518.75    837.45    383.59   9999.90
   9999.90   2008.53   2164.47   2063.39   1232.96    493.45    306.16    239.42    387.24    359.05    299.82    245.55    210.57
    193.49     63.52   -103.50    -63.31    135.31    431.52    390.16    439.13   1534.67   2438.31   2234.92   1987.57   1852.35
   1588.26   1391.78   1373.91   1396.09   1500.95   1634.20   1778.20   1850.66   1852.75   1863.02   1861.88   1844.50   1710.39
   1641.87   1670.73   1808.71   1835.70   1872.93   1838.21   1776.49   1579.94   1294.02    784.06    489.84    563.93   9999.90
   9999.90   2197.46   2160.90   2218.43   1574.58    872.79    481.54    315.92    452.63    392.45    390.51    277.60    195.95
    201.70     59.97     -8.23    115.52    215.07    329.28    324.29    874.75   2323.51   2375.86   2212.42   2058.61   1463.49
    911.48    641.66    533.33    579.88    729.38    925.55   1137.21   1298.05   1399.98   1429.26   1418.76   1331.78   1251.15
   1318.47   1289.41   1185.28   1306.56   1349.95   1231.78   1115.81    981.01    848.44    681.44    664.25    851.18   9999.90
   9999.90   2416.09   2232.76   2325.98   2348.34   1529.81    660.04    350.75    319.39    325.19    300.43    197.09    208.73
    135.15     45.26    355.28    279.69    142.85     94.98    400.03   1445.59   2421.46   2324.51   2143.87   1590.64    883.39
    389.14    205.16    239.54    398.19    662.16    762.65    720.54    718.00    783.79    781.04    744.68    712.41    790.41
    870.40    831.82    832.61    778.06    659.62    565.93    472.63    440.84    500.57    585.65    627.50    662.43   9999.90
   9999.90   2020.08   2168.68   2113.12   2246.00   1572.92    899.33    333.95    113.17     77.96    106.60    166.86    234.45
    113.21    322.37    455.45    179.89     98.96    102.34    523.87   1666.69   2314.12   2217.66   1817.61    807.52    247.15
    193.77    342.58    606.27    745.29    561.38    487.44    490.98    415.26    342.19    310.67    339.16    411.89    420.51
    402.07    544.06    627.44    418.32    232.55    181.01    211.83    243.84    289.57    339.48    391.73    411.94   9999.90
   9999.90   1078.53   1632.54   1425.17   1176.49   1096.69    696.05    188.22     21.02     44.05     83.76    144.05    172.64
    230.06    371.93    226.70    171.06    106.36    179.67    285.50   1298.21   2179.37   1869.87    856.20    331.50    424.10
    611.10    806.41    809.07    482.75    187.62    208.18    271.67    181.38    123.26    200.04    238.83    199.88     83.22
    252.70    409.53    243.14    131.26    123.87     45.78     36.06     95.88    160.79    254.57    293.70    320.86   9999.90
   9999.90    456.98    786.59    994.72    841.90    747.23    331.79    147.26     75.87     83.83    121.76     93.78    139.16
    435.42    491.55    458.93    509.10    615.91    611.98    596.36   1017.16   1368.57   1002.63    630.47    622.81    776.25
    682.07    618.68    427.31    227.14    144.13     74.03    118.53    186.54    199.16    313.44    325.27    187.10    207.71
    223.65    134.64     75.95     68.93     66.84    -13.92    -71.48    -53.18    -36.41     36.83    163.92    246.00   9999.90
   9999.90    320.12    662.77    847.66    791.95    371.77    230.20    207.95    158.18    138.37    144.25    119.00    323.79
    788.40    877.60    959.89   1006.55    871.38    760.22    745.50    610.60    554.30    409.50    423.42    438.40    385.76
    458.18    348.51    174.40    132.86     57.35     85.30    178.52    237.53    257.95    294.91    248.31    139.81    108.40
     35.06     51.04     57.58     61.11     36.62     -6.75    -68.79    -83.91    -61.41    -29.51     31.01    147.72   9999.90
   9999.90    450.53    675.68    625.85    407.35    204.21    263.91    266.17    201.31    151.03    134.04    228.87    638.98
    987.83   1042.61    812.14    612.51    403.51    244.97    220.60    203.41    146.18    168.30     97.13     67.98     83.55
    141.35    121.06     85.57     42.01    151.61    125.35    214.97    328.00    278.50    169.47     53.33     25.65     98.92
     96.50     32.04      3.05     -9.45      0.72     17.16      0.76    -54.52    -69.82    -31.37      3.91     79.57   9999.90
   9999.90    529.96    452.18    295.98    139.87    152.36    207.87    338.18    264.76    127.37     99.89    345.42   1008.22
   1044.12    952.01    628.64    165.17    109.93      7.31    -23.48      7.95     22.08     96.68    149.57     33.83     52.93
     52.49    107.89    139.27     47.16    197.73    263.07    373.83    315.57     68.60     -6.23     28.07    137.07    108.52
     59.70     46.65     10.22     18.70     61.81     50.94      7.20    -98.77   -141.34    -10.45     63.98     88.98   9999.90
   9999.90    249.67    139.49     98.45     86.92     99.94    137.00    302.45    353.94    208.88     92.74    339.85   1156.39
   1334.45    896.73    417.42     48.33     38.07     18.61     65.34    108.39     53.67    -47.92     61.80     65.54    -41.93
      9.63    105.08    118.61    146.74    281.58    385.61    303.32    111.84    -13.21    -22.10     64.97     98.22     88.58
     70.38     31.07     42.30     47.95     19.12     21.76      3.64    -84.90    -92.35     40.71     77.92     85.91   9999.90
   9999.90    104.67     79.51     80.60     72.89     65.05     77.63    155.98    327.89    331.64    202.06    195.76    726.90
   1456.62   1051.13    425.79    113.76     32.10    146.46    123.39    153.71    106.93    -26.33    -52.92    -41.58    -30.79
     35.43    125.91    117.80    150.81    404.59    332.34     94.53     73.43    -77.44    -38.49     80.05     53.31     57.97
     99.26     62.55      4.26      5.55      0.86      5.42     25.53     -2.86     33.17     55.06     63.56    230.60   9999.90
   9999.90   9999.90   9999.90   9999.90   9999.90   9999.90   9999.90   9999.90   9999.90   9999.90   9999.90   9999.90   9999.90
   9999.90   9999.90   9999.90   9999.90   9999.90   9999.90   9999.90   9999.90   9999.90   9999.90   9999.90   9999.90   9999.90
   9999.90   9999.90   9999.90   9999.90   9999.90   9999.90   9999.90   9999.90   9999.90   9999.90   9999.90   9999.90   9999.90
   9999.90   9999.90   9999.90   9999.90   9999.90   9999.90   9999.90   9999.90   9999.90   9999.90   9999.90   9999.90   9999.90
