   10.5000000      -169.500000       85.5000000      -42.0000000       2.50000000       2.50000000       52.0000000       31.0000000    
     98.10     98.90    100.10    101.40    102.50    103.60    105.10    106.40    107.60    108.80    109.90    110.80    111.70
    112.40    112.90    113.20    113.00    112.80    112.40    111.70    110.90    110.20    109.10    107.90    106.90    105.70
    104.70    104.00    103.40    103.40    103.80    104.30    104.80    105.20    105.30    105.60    105.90    105.90    106.00
    106.10    106.20    106.20    106.30    106.10    105.80    105.80    105.90    105.80    105.90    106.20    106.30    106.60
     71.50     75.60     80.40     85.90     91.50     97.10    102.50    107.50    111.70    115.40    118.70    121.30    123.50
    125.20    126.50    127.30    127.70    127.30    126.30    124.50    122.40    119.90    117.30    114.70    111.80    109.00
    106.10    103.50    101.50    100.20     99.30     98.30     97.10     96.00     95.20     92.40     82.40     78.50     78.20
     73.30     77.50     81.30     90.10     96.40     96.20     95.40     95.90     95.40     94.20     91.30     86.20     88.50
     71.30     75.00     80.20     87.10     95.30    103.70    111.60    118.60    124.40    129.00    132.70    135.90    139.00
    141.20    143.00    144.00    143.80    142.90    141.20    138.60    135.20    131.00    126.20    120.70    115.30    109.30
    103.10     96.80     90.30     83.80     79.70     75.20     71.90     73.00     66.50     59.10     58.30     59.00     48.80
     49.90     53.00     58.70     59.00     54.20     48.90     54.50     60.60     66.70     71.50     82.30     90.40     99.20
     98.60    100.60    104.10    110.00    117.30    124.70    131.70    137.60    142.20    145.30    147.10    148.70    150.40
    152.30    153.50    154.00    153.30    150.90    147.50    143.70    139.30    134.10    128.00    121.60    114.00    106.80
     99.60     92.30     85.20     79.10     74.20     66.40     60.20     55.90     50.00     35.40     26.60     29.30     29.30
     18.40     16.10     18.60     24.50     32.40     41.20     52.50     65.40     78.50     92.80    105.30    115.00    125.80
    130.20    130.60    132.80    137.20    140.90    143.90    146.30    147.80    148.40    148.10    146.50    144.90    143.20
    141.50    139.70    137.80    136.20    135.30    134.90    134.70    134.00    132.10    129.40    127.20    122.50    116.10
    110.50    105.00    100.30     96.40     91.70     90.00     83.70     75.20     64.40     42.70     44.80     45.40     44.20
     42.00     39.40     35.80     35.50     37.90     45.10     59.20     79.00     98.10    114.00    126.10    139.30    154.40
    155.80    153.40    151.60    149.30    146.20    143.50    140.60    137.20    133.30    128.80    123.30    116.90    109.90
    103.20     97.50     93.70     92.30     92.80     92.70    101.50    107.90    112.70    116.70    118.80    121.30    121.50
    120.00    118.20    117.00    116.70    112.50    109.90    111.90    112.30    118.40    111.30    101.10     92.10     89.60
     88.20     81.20     73.30     66.20     62.30     68.10     81.40     97.30    117.60    142.60    158.00    172.20    187.00
    155.10    143.70    134.10    125.70    120.00    115.00    109.30    103.10     97.60     93.40     89.00     81.30     68.50
     51.30     36.40     29.20     29.50     32.70     36.20     47.70     54.40     61.30     76.40     84.90     99.20    108.90
    117.70    122.70    130.20    138.20    136.20    137.00    140.10    146.40    147.90    154.30    158.90    157.70    145.90
    126.60    107.10    108.90    103.20    100.60    107.20    112.40    120.00    131.80    144.30    181.30    199.20    203.70
     96.80     66.90     40.40     24.20     37.20     29.20     39.00     46.30     21.90     13.90      4.80     22.70     33.30
     17.60     27.60     21.30     13.30      6.70      5.50      3.90      8.80      8.00      5.10     15.30     38.90     63.30
     87.00    106.60    125.20    143.50    160.50    169.10    173.60    178.60    180.90    181.70    180.50    179.30    176.90
    171.40    156.60    130.90    116.10    114.00    114.30    123.60    133.30    136.70    129.30    147.30    163.80    193.20
     28.40     -7.90    -23.00    -29.50    -30.70    -34.20    -29.90    -22.30     -9.00     -8.40    -13.50    -29.40    -44.20
    -27.00     14.10     14.60     13.40     -4.80     -1.20     -7.90    -16.80    -16.00    -16.30     -5.70     14.20     42.70
     71.40    101.00    128.20    155.00    176.60    192.90    199.70    200.90    203.80    203.10    197.70    190.90    184.30
    175.40    158.60    137.00    126.00    122.70    130.90    136.70    130.20    119.00    120.00    137.00    157.90    194.10
    -15.90    -35.60    -43.10    -45.20    -37.60    -36.90    -27.90    -18.00      6.70     12.00     12.90    -10.30     -6.00
     -1.10      0.10     -2.50     -3.00    -26.70    -59.40    -42.20    -43.10    -38.40    -24.70     -9.10      3.60     23.70
     59.20     96.70    129.60    160.40    187.60    205.30    218.50    222.60    221.20    211.90    203.80    190.40    173.20
    144.90    117.20    116.30    117.90    125.50    132.40    133.80    127.20    119.90    111.10    112.10    142.20    165.70
    -34.40    -46.50    -50.70    -49.30    -46.40    -34.20    -15.10      1.60     27.80     46.90     68.10     77.60     71.70
     64.10     51.20     50.30     45.50     37.30      3.70    -12.50    -17.50    -16.80    -12.80     12.20     41.50     64.30
     88.50    113.50    147.30    177.50    201.20    220.70    236.40    240.80    231.80    216.80    196.70    173.80    150.70
    128.20    100.50     84.30     92.00    100.70    104.60    104.10    102.50    103.10    107.80    109.30    121.90    141.10
    -55.20    -57.00    -59.70    -67.70    -59.20    -36.00     -5.30     11.90     30.90     47.30     64.90     82.40     97.10
    100.40    103.10     86.60     93.30     85.80     65.60     29.70     29.50     35.50     44.00     45.50     60.60     86.10
    117.70    148.10    177.70    204.10    222.70    241.60    255.10    254.70    239.00    216.80    182.70    157.40    133.50
    107.80     80.60     63.60     61.10     62.90     53.30     45.50     42.50     42.80     46.50     54.30     66.00     78.20
    -65.10    -63.30    -64.10    -60.20    -48.30    -24.20     -1.90     14.90     21.30     27.90     54.80     81.30    102.10
    115.60    118.80    117.60    125.20    125.70    129.20    126.20     93.50     99.50     96.10    120.70    118.20    131.60
    152.60    179.70    205.10    226.40    246.50    263.20    270.10    264.70    244.70    213.60    169.50    141.70    114.40
     75.20     47.50     26.70     16.00      4.00    -15.00    -34.50    -43.10    -44.00    -38.80    -30.30    -17.80     -1.60
    -40.00    -41.60    -44.10    -37.80    -24.20     -9.50      5.40     22.00     40.30     61.00     80.80     98.20    111.70
    120.50    128.60    137.90    147.20    160.50    168.10    192.80    200.70    155.80    138.20    151.30    174.30    188.70
    205.50    221.40    231.30    251.90    268.90    276.90    281.00    273.20    251.10    217.00    166.80    125.20     88.00
     46.60     10.20    -24.10    -44.70    -61.80    -83.30   -101.50   -121.90   -125.70   -121.20   -107.40    -93.00    -75.20
    -22.50    -29.40    -33.60    -30.80    -20.10     -7.00      2.60     25.40     54.70     84.40    107.90    125.90    138.90
    147.40    152.20    160.30    172.10    204.90    230.90    235.40    273.20    287.00    214.70    196.40    215.80    227.80
    243.10    261.20    266.70    276.10    280.50    281.90    281.20    272.50    252.90    225.60    193.10    145.90     89.10
     39.70    -16.00    -67.00    -99.40   -119.70   -134.40   -145.20   -153.50   -153.10   -140.60   -127.20   -120.60   -111.70
    -21.80    -34.50    -38.20    -24.30     -4.90     13.70     31.90     53.80     76.70    101.70    126.90    150.10    167.90
    177.20    182.10    190.30    197.00    211.10    233.00    244.80    311.00    308.20    308.40    239.60    250.30    265.10
    275.80    288.70    298.10    296.00    289.50    278.30    267.70    252.20    240.90    224.50    195.00    156.70    101.40
     45.00    -11.10    -62.40   -103.50   -126.40   -144.60   -157.40   -164.30   -164.00   -152.50   -135.90   -123.00   -110.20
    -33.30    -33.60    -23.00     -7.60     12.80     32.60     47.30     65.10     89.20    115.70    142.20    165.50    182.00
    194.10    200.40    206.30    216.70    226.10    239.80    272.40    298.40    308.30    317.50    311.70    281.40    288.10
    300.10    314.90    313.60    302.70    282.90    270.80    259.00    243.90    229.20    208.50    185.00    148.60    105.30
     60.00      1.70    -44.00    -80.60   -109.10   -132.20   -146.10   -151.80   -153.50   -152.20   -158.20   -153.40   -124.30
    -28.70    -25.30    -20.60    -12.90     -2.70     10.60     24.90     51.60     82.30    113.20    143.90    169.60    184.60
    199.70    210.30    224.70    231.60    234.90    233.00    275.00    310.70    303.90    302.00    301.50    293.80    303.20
    301.40    318.20    321.90    301.40    280.70    265.40    255.40    243.10    225.40    211.40    186.70    154.30    113.80
     62.30     11.60    -31.50    -61.30    -87.60   -110.40   -128.60   -143.00   -150.80   -169.20   -220.80   -206.20   -145.90
    -20.80    -30.40    -42.50    -48.30    -43.50    -29.60    -11.30     20.40     59.00    100.10    131.50    158.10    184.60
    205.40    225.30    241.30    245.00    238.00    214.10    234.60    269.20    272.40    270.70    260.60    276.00    281.90
    302.70    307.50    312.40    300.50    275.80    264.10    255.90    248.10    235.40    226.70    205.10    158.70    120.70
     74.30     33.40     -2.90    -36.60    -71.30    -93.20   -128.20   -149.30   -165.30   -181.20   -172.00   -134.70    -85.40
    -14.60    -36.60    -55.90    -73.30    -78.90    -82.50    -53.00     -8.20     41.30     94.70    136.60    168.40    198.20
    220.10    236.60    242.60    241.00    228.50    207.20    187.10    206.00    227.60    215.10    200.50    189.00    225.60
    298.00    309.40    310.00    300.10    284.60    271.70    262.00    251.60    245.30    238.30    199.70    170.00    139.50
     98.80     58.50     22.30     -9.30    -40.20    -67.80    -96.70   -128.60   -140.20   -125.60    -91.60    -51.90    -10.10
     -3.10    -29.40    -53.80    -73.80    -92.90    -95.90    -60.70    -11.10     47.40    105.60    147.80    179.50    207.20
    226.50    237.30    237.90    234.80    220.90    193.20    158.60    151.20    150.40    121.10    134.90    125.80    208.40
    265.00    285.00    293.90    284.10    274.00    269.50    259.50    248.60    232.00    213.60    192.30    176.50    152.40
    119.10     85.90     55.30     26.70      2.30    -21.70    -42.50    -58.50    -57.90    -39.80     -8.80     22.10     47.80
     19.90    -11.50    -37.20    -56.40    -71.80    -84.90    -51.70     22.80     73.50    120.90    158.80    186.50    208.80
    221.40    232.30    235.00    226.20    206.60    182.10    150.80    121.80     98.60     86.40     72.70    109.80    172.80
    252.70    265.90    273.40    266.90    261.60    259.00    249.10    233.30    214.50    202.10    193.80    174.90    155.10
    133.20    110.30     85.80     59.80     40.80     24.20     12.10      8.00     18.10     38.60     58.10     77.90     95.40
     44.60     17.50     -5.60    -22.50    -25.80    -25.50     -2.00     56.40     98.90    135.90    164.40    185.70    203.70
    215.60    222.00    223.30    215.00    197.70    175.70    148.20    120.30    100.20     88.40     81.60     86.40    134.20
    197.20    232.20    242.60    247.90    242.70    239.20    232.70    221.20    209.70    199.60    181.80    169.50    157.20
    142.50    123.90    104.40     87.00     73.40     64.50     62.70     72.30     84.10     94.20    106.50    118.00    128.10
     73.70     51.60     34.50     24.00     22.70     26.80     48.40     91.90    117.70    145.50    165.60    182.30    197.30
    205.00    207.80    207.60    200.00    187.40    169.70    152.00    129.90    109.50    104.00     91.30     92.90     99.60
    123.00    218.90    229.50    233.60    228.90    221.70    215.10    206.50    198.50    186.30    164.40    157.40    150.40
    141.70    130.00    117.70    106.20    100.80    103.20    111.00    119.70    125.40    130.80    138.30    144.00    149.50
     96.80     80.50     67.30     56.70     56.70     73.50     84.20    112.10    130.60    149.50    164.20    176.10    186.70
    191.00    190.40    187.30    179.30    169.90    160.30    147.80    132.60    116.70    110.80    104.10    103.50    126.30
    104.00    145.30    207.50    210.00    202.80    199.10    196.40    190.90    183.40    175.50    166.20    153.80    145.50
    138.10    130.10    126.70    128.70    132.20    138.40    142.50    146.90    149.40    153.10    156.70    161.20    162.70
    111.30     99.60     91.20     87.10     94.40    100.60    110.40    122.10    138.10    147.60    157.10    166.70    174.30
    176.10    174.80    173.20    169.80    163.30    156.40    148.10    138.80    131.20    123.60    117.20    111.00    115.60
    140.40    152.70    194.70    195.40    186.10    186.50    186.90    178.80    171.60    166.50    161.70    151.30    146.10
    140.80    138.80    139.90    144.60    149.40    152.60    154.80    155.70    158.10    160.50    163.10    165.40    165.00
    120.90    113.00    108.10    110.00    113.50    113.60    116.70    129.40    138.50    140.70    148.50    155.20    159.20
    158.90    158.40    157.20    157.30    155.10    152.00    146.40    139.70    132.30    125.00    121.10    117.00    115.80
    132.30    161.60    167.50    183.70    172.40    170.80    169.80    166.20    155.80    150.30    146.40    144.50    142.90
    144.20    140.40    143.50    148.10    152.00    153.20    153.50    155.40    157.00    159.10    160.50    162.00    162.50
    122.10    118.10    117.60    116.60    116.30    119.80    126.40    131.00    131.30    134.00    135.30    142.40    144.00
    143.20    143.50    144.50    146.60    144.00    139.40    139.40    135.90    130.60    125.10    121.00    120.40    109.70
    104.90    105.70    109.50    171.80    158.30    150.70    150.60    147.80    142.10    140.50    135.80    135.10    133.20
    132.90    135.10    139.20    139.90    144.60    146.20    145.80    147.70    149.80    151.60    155.00    156.00    156.90
    120.40    117.60    116.50    115.80    116.50    120.80    125.60    123.20    122.30    123.50    128.00    130.20    131.60
    131.90    133.70    132.80    132.40    130.30    128.70    128.90    125.30    124.10    120.90    116.50    114.70    109.80
    106.30    103.60    104.90    116.20    111.00    143.80    151.30    146.40    134.20    126.60    121.40    119.10    120.30
    122.90    126.60    128.70    131.40    135.40    136.30    137.00    139.20    142.40    146.40    149.30    149.70    152.30
    113.90    110.80    109.90    110.80    114.00    117.20    117.10    112.70    111.30    114.50    118.10    119.30    116.80
    118.00    120.10    122.00    121.90    118.40    120.10    121.40    116.80    116.00    114.50    111.10    108.90    107.90
    106.40    101.90    104.20    102.60     99.30     97.40     96.00    108.00    118.80    114.00    107.30    104.40    104.20
    108.30    113.70    116.90    121.40    125.80    128.70    130.50    133.70    137.10    138.90    140.10    142.70    144.00
    103.90    101.30    101.60    102.60    107.60    106.10    104.00     99.70     98.70    104.70    108.50    110.40    109.50
    108.30    108.90    112.70    110.40    108.30    108.80    113.00    110.60    103.80    104.60    101.80    102.10    106.40
    104.60    102.70     99.70     96.20     93.90     96.60     97.10     91.20    107.00    108.30     97.40     88.40     94.70
     93.70    107.90    111.30    109.10    118.80    121.90    123.30    125.20    127.30    128.90    130.60    131.30    131.60
    667.30    668.00    668.90    670.00    670.70    671.40    672.40    673.10    673.60    674.20    674.60    674.80    675.00
    675.00    675.10    675.10    674.80    674.40    674.10    673.20    672.20    671.40    670.20    669.00    668.00    666.90
    665.80    665.20    664.50    663.90    663.60    663.40    663.20    663.20    663.10    663.20    663.50    663.60    663.90
    664.30    664.50    664.80    665.10    665.40    665.60    666.00    666.60    666.90    667.30    668.10    668.60    669.20
    640.20    615.52    594.53    576.94    562.01    548.79    536.46    524.69    513.52    503.01    493.18    484.09    475.67
    467.81    460.29    452.88    445.43    437.82    430.04    422.18    414.35    406.49    398.80    391.71    385.75    381.05
    377.62    375.46    374.44    374.27    374.70    375.75    377.72    380.95    385.43    391.19    398.45    406.93    416.54
    427.39    439.50    452.82    467.23    482.69    499.86    518.64    539.02    561.08    585.24    611.90    640.21    670.00
    642.40    597.66    558.61    526.53    501.21    479.85    459.62    439.54    419.81    400.96    383.74    368.75    355.96
    345.01    335.56    327.21    319.51    311.83    303.50    293.78    282.43    270.00    257.16    244.38    232.23    221.70
    213.39    206.64    200.77    196.83    196.74    200.20    205.39    210.94    217.21    225.31    235.42    247.12    260.51
    276.50    293.98    313.26    335.81    362.67    393.03    427.31    465.65    506.88    551.02    598.47    648.60    700.60
    670.60    608.42    556.35    514.83    479.80    446.42    414.17    384.37    356.96    331.26    307.50    286.84    270.28
    257.27    246.24    236.34    227.09    218.11    208.92    198.61    186.68    173.39    159.42    145.76    133.26    122.01
    111.35    101.70     94.78     92.31     92.73     93.77     95.44     97.77    101.82    108.13    117.11    126.58    135.82
    149.95    170.59    197.64    233.73    276.70    323.91    374.95    428.56    484.07    541.60    602.03    665.75    732.20
    700.10    629.61    569.55    515.44    464.91    419.15    378.44    341.33    306.46    273.67    243.68    217.30    195.52
    178.20    163.91    151.71    141.29    132.31    124.21    116.47    108.58    100.56     92.00     82.53     72.57     63.61
     55.62     48.12     42.87     40.70     39.71     39.40     39.09     40.17     42.94     46.31     51.49     58.51     68.93
     84.68    105.84    131.47    162.69    203.89    257.74    322.02    388.37    454.67    525.37    600.86    680.65    763.80
    735.30    647.14    566.82    495.23    432.67    377.19    327.08    281.62    240.36    203.20    170.12    141.07    115.77
     93.92     75.46     60.71     49.96     42.76     38.21     36.05     35.43     35.63     35.50     34.60     32.77     29.97
     26.85     23.36     19.94     18.38     17.73     17.07     17.79     20.75     26.67     34.74     43.65     51.95     61.41
     74.20     88.58    106.80    129.72    164.60    218.88    291.37    365.88    436.13    515.54    604.21    698.38    797.50
    734.40    617.58    515.03    425.19    347.89    282.35    226.73    179.53    140.35    108.48     81.79     57.28     31.65
      5.47    -17.97    -35.43    -46.41    -52.26    -53.75    -52.20    -49.66    -45.29    -38.40    -29.21    -18.58     -8.72
     -0.40      6.29     11.97     17.03     20.77     22.60     24.57     28.95     35.09     41.76     48.41     56.51     66.91
     78.20     91.74    111.24    135.84    171.61    217.20    274.43    344.54    415.38    496.36    593.82    700.46    816.30
    675.20    523.85    400.04    304.75    228.56    167.55    122.90     86.21     53.85     30.34      8.51     -9.56    -27.16
    -43.77    -57.67    -72.81    -84.97    -95.08   -101.44   -103.86   -108.92   -113.98   -112.61   -101.98    -83.13    -61.01
    -38.56    -17.62      0.35     15.24     27.04     35.15     40.78     45.77     50.27     53.63     57.33     61.90     68.17
     77.53     90.03    107.73    132.82    164.18    204.74    260.01    322.75    385.99    463.27    565.19    683.02    810.80
    611.00    438.81    313.92    220.13    151.42    102.95     70.96     49.86     27.86      5.32    -17.78    -36.06    -50.26
    -56.99    -62.34    -70.42    -80.24    -91.47   -105.23   -120.68   -132.88   -137.25   -135.94   -128.13   -115.02    -93.94
    -66.57    -38.23    -11.76     12.27     32.63     47.59     56.73     62.38     65.39     65.71     65.11     65.32     67.41
     71.65     79.13     93.25    117.47    153.34    200.66    252.96    301.75    356.15    439.44    548.01    675.03    812.10
    575.70    411.25    287.95    195.34    132.01     90.89     67.60     43.63     22.30      5.22     -8.19    -22.21    -35.31
    -44.58    -53.21    -62.10    -72.37    -85.48   -100.57   -116.70   -128.11   -135.17   -133.10   -120.93   -109.14    -91.36
    -65.63    -39.79    -12.99     14.81     39.94     58.90     71.01     76.66     76.76     72.01     65.03     58.50     52.08
     45.83     47.40     63.36     94.04    134.03    179.90    228.01    275.53    337.17    421.40    524.65    648.65    786.50
    563.10    397.95    273.15    184.03    121.23     84.36     57.87     33.68     20.12     10.96      6.00     -1.21    -11.39
    -20.64    -28.78    -35.78    -43.29    -52.81    -67.95    -83.42    -92.35    -97.71    -97.73    -92.57    -80.29    -64.73
    -43.43    -19.40      4.54     28.29     52.15     71.03     83.71     86.93     81.01     68.88     54.04     39.43     27.55
     19.55     16.35     25.40     52.10     86.66    127.62    172.66    223.26    292.92    386.03    497.35    622.30    763.70
    557.30    395.19    269.29    168.29    101.05     69.42     46.56     25.70     12.46      3.94      3.65      6.25      5.46
      1.42     -3.28     -9.83    -12.41    -16.43    -24.11    -35.83    -41.45    -41.89    -40.62    -41.14    -36.60    -28.41
    -13.41      8.66     30.09     49.81     68.81     84.22     93.77     92.29     79.26     60.14     37.67     16.01     -0.78
    -13.37    -20.34    -15.91     -1.15     19.04     45.74     82.73    134.71    205.83    297.65    410.75    546.79    706.40
    554.40    397.34    271.58    172.67    105.80     68.54     44.38     24.34      3.91     -7.46      0.31     11.03     17.77
     18.53     15.92     11.30     11.87     15.95     17.93     19.51     16.19     14.24     12.30     13.25     14.44     18.82
     27.23     39.23     54.95     71.53     86.02     96.97    101.28     94.25     75.14     49.68     21.61     -5.87    -32.99
    -55.16    -66.81    -69.75    -66.41    -61.95    -52.64    -29.30     14.92     82.94    175.03    292.96    442.07    631.60
    579.80    415.55    283.28    186.55    119.61     73.01     40.59     22.57     14.87     13.68     17.43     24.12     28.97
     30.21     31.53     32.45     37.64     50.00     58.88     65.51     67.26     58.16     49.51     52.87     60.79     67.04
     72.75     79.14     84.61     94.80    102.82    106.49    104.83     93.01     69.46     39.75      4.97    -33.18    -67.11
    -93.67   -114.40   -129.96   -135.97   -136.14   -132.88   -120.54    -88.61    -24.21     69.50    195.17    354.70    563.30
    598.90    422.12    282.59    184.69    118.85     72.06     40.94     29.39     33.04     39.86     45.30     50.10     53.31
     54.87     55.92     57.23     61.65     76.02     92.26    101.78    109.52    107.05     93.11     88.43     95.87    101.94
    106.15    108.80    110.19    112.93    113.47    110.25    102.81     87.91     64.29     35.62      1.92    -39.51    -80.61
   -116.82   -149.67   -177.21   -192.53   -197.76   -193.87   -178.84   -146.25    -81.57     20.71    157.47    325.07    530.80
    604.60    412.35    275.99    188.89    131.37     93.47     69.22     57.17     57.24     63.95     71.71     78.35     83.38
     84.67     84.94     85.29     88.02     96.33    111.44    123.27    137.33    137.64    133.46    123.36    123.29    127.54
    131.14    131.96    130.94    126.93    119.20    108.56     95.88     79.62     58.96     33.28      1.11    -37.44    -80.42
   -122.87   -159.93   -189.68   -214.12   -228.06   -226.00   -207.40   -171.03   -106.09     -3.03    136.02    310.41    525.50
    598.20    414.42    291.52    206.71    147.15    106.92     83.53     73.79     74.21     81.74     90.94     98.78    104.20
    106.06    106.31    107.89    115.16    123.66    129.20    138.46    146.44    147.65    146.59    144.87    141.12    144.25
    148.73    149.47    144.04    134.29    120.30    106.01     91.79     76.30     56.09     29.66     -0.65    -37.72    -77.53
   -116.58   -155.29   -189.76   -215.02   -228.67   -228.74   -210.03   -170.43   -108.20    -20.86     96.84    268.62    519.80
    605.50    423.67    289.33    194.23    128.15     87.20     67.22     63.23     70.05     82.37     95.70    106.61    113.77
    119.47    124.46    132.06    138.75    139.34    136.21    143.13    149.37    146.47    143.59    142.39    142.87    148.22
    153.93    157.64    150.72    135.11    117.82    102.55     89.52     76.19     59.81     37.64      8.33    -25.34    -62.10
   -103.95   -148.07   -186.11   -209.77   -219.52   -217.82   -201.78   -167.24   -118.49    -57.99     31.75    217.85    509.60
    613.70    411.94    256.35    148.06     78.06     36.15     20.96     27.50     46.33     70.16     90.90    109.59    125.31
    137.40    146.18    152.38    151.49    141.45    127.94    127.23    129.34    128.12    126.15    126.27    131.32    138.54
    150.64    158.22    154.89    139.14    118.82    103.96     91.58     82.08     70.39     52.76     27.35     -6.44    -45.63
    -88.97   -128.98   -163.78   -186.94   -199.92   -201.63   -194.63   -171.07   -131.71    -62.53     72.91    290.38    575.90
    620.50    399.77    230.39    109.24     22.56    -25.45    -27.17     -5.58     29.10     65.55     96.83    124.34    144.26
    155.95    162.28    161.39    152.73    138.34    122.42    106.60    102.92    103.09     98.50     97.55    102.23    120.31
    143.84    157.31    156.64    142.96    126.88    112.85     99.65     88.97     77.50     61.95     38.98      8.56    -26.26
    -62.41   -101.17   -132.74   -153.75   -166.23   -168.88   -164.83   -147.13    -90.27     20.88    183.56    395.50    652.90
    636.00    405.02    228.95     96.91     -2.03    -53.52    -51.44     -7.99     43.38     86.14    118.75    143.03    159.68
    168.30    169.59    163.92    153.05    137.49    114.22     89.04     79.94     71.87     62.52     66.18     76.50    104.10
    131.89    150.31    154.52    145.73    133.62    120.39    106.14     91.95     77.27     64.67     47.00     24.14     -2.82
    -33.18    -64.29    -89.85   -107.92   -116.05   -114.71    -99.16    -62.61     12.02    133.18    291.91    482.30    711.30
    660.70    419.29    244.31    117.06     21.73    -33.68    -21.25     34.02     81.36    117.87    143.68    162.49    173.78
    176.67    175.61    169.89    156.72    137.62    109.95     82.12     61.38     47.73     38.84     37.54     61.59     93.79
    124.80    144.72    151.38    147.88    139.46    128.61    113.69     97.42     81.86     71.76     59.36     41.60     21.28
     -1.23    -23.20    -42.00    -55.61    -57.54    -45.86    -17.69     36.78    124.61    239.44    381.87    553.90    760.10
    692.00    455.50    285.01    166.12     88.07     48.93     59.67     95.74    129.35    154.06    171.07    182.66    186.97
    187.24    187.10    181.13    166.27    144.99    116.53     86.46     58.99     43.08     35.86     39.66     60.62     89.09
    117.42    140.12    152.75    155.23    150.13    141.33    128.51    113.89    100.95     90.61     78.13     63.83     48.87
     33.74     19.18      7.70      3.93     10.69     31.99     74.32    139.47    223.11    326.33    453.16    607.69    793.90
    727.50    511.83    355.83    247.31    178.62    146.46    148.50    166.13    180.73    193.83    202.85    206.59    207.02
    205.13    201.91    195.97    182.39    162.07    136.07    108.35     84.50     67.87     64.50     67.65     82.22     98.16
    117.26    148.34    166.57    175.21    173.24    165.11    154.43    141.83    128.27    116.56    106.15     94.22     83.39
     75.00     68.32     65.93     71.09     87.96    120.54    166.32    225.46    300.00    392.25    505.74    645.55    816.80
    758.80    569.91    432.13    335.42    272.84    245.22    235.39    232.54    232.44    236.77    239.82    239.16    234.98
    229.85    222.50    214.83    204.01    186.67    167.33    147.55    129.94    119.65    118.31    121.20    130.14    141.28
    146.17    167.85    191.21    203.95    207.59    203.65    195.36    185.91    173.35    160.13    150.45    141.12    134.62
    130.96    130.42    137.56    151.51    173.61    204.56    245.05    296.67    362.30    443.45    545.50    673.34    832.70
    781.40    620.78    503.48    420.54    366.54    332.78    310.69    297.21    288.97    285.66    285.05    282.62    275.02
    266.66    257.19    247.20    237.46    227.32    216.27    204.95    195.65    191.28    191.32    194.27    198.91    202.85
    207.00    215.51    238.47    250.87    256.96    258.81    255.50    249.09    239.24    227.70    218.23    211.21    206.08
    203.86    208.43    219.87    234.42    254.06    280.39    313.69    357.34    414.64    487.45    578.71    692.46    836.80
    796.20    663.86    565.80    496.14    445.88    407.68    382.90    367.15    354.98    348.09    345.82    341.46    333.27
    321.75    311.62    302.12    293.39    286.55    281.89    278.46    274.74    273.80    276.59    280.94    283.25    284.65
    287.36    291.82    303.51    316.27    322.86    325.80    327.65    324.70    316.37    307.20    298.07    292.22    291.83
    291.41    295.56    304.37    317.08    332.85    353.00    380.59    417.35    464.78    527.68    607.44    707.97    835.20
    799.30    697.11    619.58    560.14    514.86    482.83    461.93    445.48    434.27    429.18    425.95    421.08    412.92
    400.95    390.00    383.63    379.78    375.87    372.85    373.60    374.15    373.78    375.31    381.40    386.29    383.82
    377.31    381.32    392.43    405.51    406.85    407.25    411.28    410.59    406.07    397.25    387.93    385.38    387.35
    389.33    392.42    397.56    408.02    421.00    435.83    457.29    485.56    523.69    575.65    642.60    727.16    832.30
    797.10    723.64    668.26    624.87    590.38    565.64    549.70    537.60    530.15    527.70    525.75    521.00    513.75
    506.47    498.83    492.80    490.26    488.66    487.63    491.18    494.59    493.39    493.72    498.78    503.96    498.94
    492.55    498.09    508.92    514.87    510.19    513.25    518.96    520.15    515.97    504.30    495.08    493.03    494.42
    497.14    498.28    503.30    511.96    525.33    538.70    552.12    571.45    600.81    639.47    687.60    748.92    827.80
    792.10    750.94    721.58    699.39    680.69    666.11    656.99    649.25    644.90    644.09    643.96    641.64    637.48
    634.43    631.17    627.74    626.11    624.50    624.10    629.28    632.58    632.22    631.45    632.88    635.79    633.88
    631.45    634.66    640.32    637.81    637.51    645.00    648.10    649.41    644.65    631.71    622.63    616.68    614.56
    618.57    622.88    629.51    637.60    650.08    661.29    669.73    679.70    695.68    716.81    742.21    774.62    819.50
    784.80    782.30    782.40    783.70    787.40    786.00    783.10    779.00    778.10    783.10    786.20    787.80    786.60
    786.20    786.60    789.70    788.00    785.90    785.60    789.60    788.10    781.80    784.20    782.80    783.90    788.20
    786.40    785.70    781.40    778.90    779.80    783.10    783.30    780.50    788.80    792.20    783.50    775.70    778.20
    781.70    783.00    790.50    793.50    800.20    803.80    804.80    806.20    808.00    809.60    810.80    810.30    809.80
   1286.30   1286.90   1287.60   1288.40   1288.90   1289.40   1290.10   1290.40   1290.50   1290.70   1290.80   1290.60   1290.50
   1290.30   1290.10   1289.80   1289.30   1288.70   1288.10   1287.20   1286.10   1285.10   1283.80   1282.60   1281.50   1280.40
   1279.50   1278.90   1278.20   1277.80   1277.60   1277.40   1277.30   1277.20   1277.10   1277.20   1277.30   1277.60   1278.00
   1278.50   1279.10   1279.70   1280.40   1281.00   1281.60   1282.30   1283.10   1283.70   1284.50   1285.40   1286.20   1287.00
   1261.10   1238.15   1218.57   1202.26   1188.31   1175.38   1162.69   1150.24   1138.31   1127.12   1116.73   1107.16   1098.39
   1090.29   1082.62   1075.20   1067.76   1060.14   1052.25   1044.18   1036.06   1028.00   1020.40   1013.73   1008.27   1004.22
   1001.55    999.97    998.96    998.36    998.53    999.90   1002.72   1007.00   1012.42   1018.83   1026.17   1034.50   1043.82
   1054.18   1065.84   1079.13   1094.10   1110.98   1129.57   1149.55   1170.85   1193.64   1218.04   1244.49   1272.54   1301.30
   1266.40   1224.10   1186.22   1154.74   1130.47   1110.16   1089.96   1069.05   1048.39   1028.93   1011.52    996.57    984.05
    973.70    965.07    957.52    950.32    942.94    934.89    925.63    914.86    902.50    888.95    875.23    862.47    851.63
    843.13    836.39    830.99    827.94    828.43    832.08    837.59    844.44    852.61    862.15    873.18    885.67    899.62
    915.81    934.30    955.62    980.80   1010.58   1043.28   1077.38   1115.36   1156.90   1200.35   1246.05   1293.82   1343.00
   1299.30   1241.27   1190.13   1148.27   1113.19   1079.72   1046.24   1014.51    985.75    959.92    936.86    917.11    901.31
    888.96    879.06    870.49    862.29    854.19    845.85    836.38    825.09    811.80    797.02    781.88    767.64    754.67
    742.77    732.86    726.78    724.44    724.04    724.46    725.90    729.13    734.62    742.53    752.09    763.38    777.99
    797.29    821.68    851.47    888.26    931.27    978.96   1030.24   1083.65   1138.21   1194.17   1252.71   1314.72   1379.90
   1332.40   1263.48   1204.05   1150.47   1099.27   1051.49   1009.65    972.51    938.16    906.43    877.46    851.78    830.39
    813.31    799.56    788.15    778.35    769.68    761.65    753.77    745.29    735.88    725.62    714.51    703.05    692.21
    682.89    675.91    671.22    667.97    665.42    662.56    659.88    659.17    660.57    663.80    670.01    679.75    693.76
    713.90    741.30    774.78    813.94    860.67    915.90    982.05   1049.93   1114.26   1182.28   1255.47   1333.15   1414.60
   1369.30   1282.24   1201.74   1129.40   1066.93   1012.95    964.34    920.16    880.06    843.99    811.90    783.50    758.44
    736.63    718.28    703.80    693.19    685.88    681.09    677.82    675.55    673.55    671.50    668.68    665.09    661.10
    656.98    653.00    649.24    645.27    640.95    637.38    634.95    634.16    636.06    641.06    649.71    659.89    671.05
    687.26    709.64    739.50    774.60    820.78    879.55    951.93   1028.96   1098.91   1174.60   1260.62   1352.46   1449.60
   1367.80   1250.28   1148.42   1059.77    984.03    919.46    863.99    815.98    775.74    743.37    716.71    692.14    667.80
    644.09    623.02    607.62    597.79    592.63    592.35    593.48    595.59    600.72    607.91    616.08    624.76    632.86
    639.45    644.48    648.00    649.72    649.29    648.64    648.43    649.12    651.60    654.44    657.98    664.58    676.60
    694.31    716.07    744.66    782.00    829.43    880.01    937.91   1007.35   1078.10   1159.18   1253.62   1356.74   1470.60
   1308.60   1159.97   1038.25    943.57    867.64    809.03    762.60    723.76    696.92    674.24    652.00    632.12    615.40
    602.16    589.57    577.03    567.53    560.70    554.98    550.02    543.81    539.54    542.10    551.55    568.23    590.08
    611.64    630.21    645.38    657.30    665.78    671.06    673.90    675.76    677.62    680.11    682.88    687.19    695.33
    708.63    729.82    759.62    793.70    830.51    874.82    930.53    992.27   1056.91   1134.34   1232.73   1347.51   1470.40
   1244.00   1086.77    965.33    871.84    804.52    760.28    732.35    714.26    695.32    675.89    656.96    642.18    631.14
    618.44    608.29    601.16    593.49    583.94    570.56    556.64    544.76    536.26    532.05    534.29    542.83    562.46
    590.05    616.53    640.03    660.83    677.44    689.44    697.50    702.55    704.74    704.71    704.39    705.24    709.08
    718.62    735.29    758.99    789.77    828.45    874.48    925.19    976.87   1034.42   1116.62   1223.05   1343.88   1471.80
   1213.80   1063.80    941.99    853.14    798.11    764.76    746.51    727.98    708.70    695.26    683.92    671.66    661.26
    651.52    640.54    630.90    620.62    610.82    597.43    581.60    567.18    559.90    559.05    562.48    570.36    584.03
    604.44    626.79    648.13    670.23    690.49    705.58    715.91    721.59    722.06    718.12    711.16    704.33    703.28
    708.18    719.53    742.10    773.94    809.58    853.91    902.16    952.19   1017.28   1103.59   1206.69   1325.71   1453.10
   1208.90   1054.98    938.26    856.20    800.96    767.66    744.85    723.65    711.07    702.68    697.84    692.33    683.83
    675.55    668.21    660.83    651.98    642.99    633.35    619.96    609.85    605.55    607.08    609.07    609.82    617.67
    635.19    654.82    672.07    688.68    706.01    721.39    731.17    733.41    727.67    714.79    699.79    690.97    688.41
    690.54    697.47    713.10    736.94    765.50    803.73    848.91    900.53    969.11   1059.01   1168.23   1291.06   1426.30
   1215.80   1062.80    943.26    849.03    785.02    754.44    734.01    717.34    704.05    696.04    697.33    701.31    700.14
    696.68    693.28    688.96    684.72    681.39    676.77    670.86    665.24    664.32    665.25    665.58    665.07    665.37
    672.77    686.68    698.19    710.10    723.34    735.59    741.72    738.83    725.12    704.38    685.95    673.17    667.29
    663.91    664.54    672.86    685.23    702.37    725.86    761.81    812.73    882.07    972.10   1083.42   1217.35   1374.50
   1211.10   1067.87    951.82    854.78    790.45    755.85    733.50    715.27    698.15    691.94    700.26    709.75    715.54
    716.17    716.01    713.20    711.30    715.11    717.24    723.35    728.04    728.01    726.89    724.68    724.47    724.65
    723.48    724.87    726.19    732.75    741.20    747.72    748.60    739.50    718.18    694.10    675.84    655.13    636.20
    622.85    617.92    618.51    621.13    624.51    633.06    656.76    701.72    768.83    858.68    974.09   1121.50   1305.90
   1236.80   1081.00    960.42    869.85    805.30    761.26    731.61    716.19    710.98    712.76    720.10    727.29    732.15
    734.04    736.86    739.38    743.57    753.59    762.32    770.59    775.45    770.64    765.19    764.26    768.58    769.59
    767.12    763.10    760.78    760.41    758.77    757.15    751.71    736.25    711.43    686.83    663.77    633.37    602.04
    582.75    568.40    556.21    551.75    551.31    554.06    566.86    602.59    668.30    761.53    884.75   1043.07   1246.30
   1258.20   1091.46    961.54    870.18    808.04    764.31    736.11    728.09    734.36    743.42    750.33    756.28    760.94
    764.48    767.69    771.72    776.94    786.60    798.86    805.31    807.98    805.58    798.31    795.45    799.06    798.99
    793.02    786.85    783.97    778.79    771.08    763.50    751.69    731.87    706.22    680.54    652.60    618.53    583.42
    554.23    528.85    505.29    492.56    488.69    492.99    507.93    540.37    603.66    704.11    840.31   1009.55   1217.60
   1272.30   1090.20    959.66    877.01    823.64    788.66    767.43    758.84    762.57    772.09    781.76    789.22    794.67
    799.52    803.03    806.39    809.32    817.40    830.05    836.61    835.23    834.25    831.22    827.77    824.84    820.61
    813.70    807.09    800.28    790.64    779.50    767.05    752.73    733.01    707.31    679.35    650.99    619.15    580.60
    544.27    514.80    490.42    469.26    457.10    459.38    477.78    513.93    577.11    677.35    813.07    986.28   1203.40
   1271.40   1095.00    977.29    896.67    840.85    804.70    785.74    780.31    784.65    795.09    806.84    816.21    822.37
    826.57    829.96    833.80    841.20    850.54    854.90    853.71    852.37    850.81    847.03    844.48    841.84    838.27
    832.35    821.39    808.06    796.87    785.29    771.16    756.14    739.15    715.09    686.17    656.66    624.08    586.40
    548.51    516.01    488.52    466.99    454.25    455.35    474.35    512.85    574.07    659.98    778.76    952.74   1203.90
   1279.50   1104.85    977.91    887.54    825.82    789.45    775.08    776.01    786.39    801.92    817.75    830.38    839.62
    846.49    853.08    861.02    868.98    871.66    865.87    858.82    854.70    850.50    846.82    843.61    843.08    843.75
    842.19    831.23    812.68    796.38    784.36    772.77    760.26    746.67    728.60    703.64    673.37    640.81    605.23
    562.61    522.15    489.08    467.21    460.35    465.68    485.32    521.86    571.61    637.41    737.67    925.74   1209.40
   1288.10   1094.39    947.42    845.83    779.36    742.34    733.99    744.63    766.49    795.22    818.85    838.29    855.72
    867.55    876.13    882.40    884.51    875.87    861.38    849.05    840.81    836.94    832.70    830.96    832.99    836.37
    842.72    840.17    824.34    803.54    788.94    777.80    765.67    756.19    745.12    725.03    698.10    666.23    628.83
    586.54    545.90    513.45    492.80    486.40    491.22    505.07    531.87    577.05    654.47    790.41   1003.10   1281.90
   1296.20   1085.12    924.39    809.53    728.53    687.02    690.01    716.40    755.91    795.77    828.14    854.45    873.29
    884.50    890.71    892.63    887.85    872.28    852.72    830.25    819.49    815.25    808.23    807.57    812.33    823.77
    838.56    844.17    837.09    821.93    805.11    789.99    776.13    766.52    756.98    741.55    720.08    691.21    656.82
    620.99    585.31    554.95    535.97    529.54    532.48    542.30    567.58    630.02    740.52    900.47   1107.71   1360.10
   1315.10   1092.80    924.10    798.64    708.53    665.01    671.86    721.11    775.50    816.84    849.36    872.46    887.83
    896.06    897.94    896.14    887.65    870.54    844.09    815.50    800.90    791.33    780.80    782.26    793.74    810.88
    832.24    843.69    842.82    832.91    818.69    802.41    787.99    775.90    764.80    754.36    737.86    714.77    687.26
    658.78    631.19    608.12    593.22    588.42    594.46    614.34    655.94    732.91    853.17   1008.29   1194.45   1419.30
   1342.20   1108.63    940.46    819.77    731.72    687.17    707.98    764.83    813.10    849.17    872.92    890.07    900.70
    903.78    904.57    901.95    892.03    871.93    840.95    808.36    785.07    771.30    761.53    761.99    782.74    806.73
    826.37    840.05    843.58    838.99    830.33    817.50    803.39    788.28    775.86    767.25    754.35    737.30    717.79
    697.56    678.03    661.78    652.22    654.26    670.65    704.32    761.27    847.45    959.85   1098.63   1265.77   1467.20
   1378.70   1147.73    983.60    872.10    800.27    771.45    790.41    827.02    860.91    885.79    900.23    910.19    914.72
    915.09    916.19    913.35    902.41    880.28    849.02    812.14    780.56    760.69    753.41    762.30    790.31    812.58
    827.99    841.24    851.01    853.57    849.24    839.44    826.82    812.50    799.75    789.98    780.41    767.08    753.60
    740.28    728.48    720.17    721.31    733.59    759.12    803.36    865.74    945.69   1045.20   1169.06   1319.58   1501.50
   1421.00   1212.23   1060.97    959.20    899.39    875.24    881.27    899.00    912.88    925.88    932.56    934.78    935.10
    932.77    931.06    926.97    917.86    898.83    871.17    837.86    806.85    786.05    783.67    795.25    815.83    835.22
    844.94    855.51    870.10    881.35    879.23    870.89    861.96    850.83    836.93    826.52    819.11    808.35    798.68
    793.11    790.02    791.51    801.42    819.37    849.33    892.28    949.03   1020.98   1110.28   1220.81   1357.75   1526.30
   1461.90   1279.10   1148.87   1058.88   1003.51    978.05    967.50    964.61    964.79    968.31    970.09    966.90    962.45
    957.86    950.94    943.80    936.84    924.69    905.82    883.84    863.69    850.84    848.07    853.92    867.33    881.18
    886.18    892.68    906.29    920.54    923.29    920.77    913.93    905.88    894.02    880.52    872.20    866.58    862.71
    862.32    864.58    871.79    884.15    902.56    930.16    968.04   1017.88   1082.55   1162.69   1262.62   1388.24   1545.50
   1492.20   1339.55   1228.12   1149.58   1098.15   1064.43   1041.90   1027.01   1018.30   1015.43   1014.01   1008.82   1001.00
    993.37    984.76    974.42    964.88    957.02    947.74    937.15    928.60    925.66    927.84    932.63    939.67    944.74
    948.99    954.59    964.97    974.63    980.31    983.14    981.12    976.37    968.10    957.48    949.84    945.31    940.41
    938.74    943.89    953.51    964.93    981.35   1004.31   1035.34   1078.69   1136.16   1208.44   1298.65   1411.62   1553.30
   1512.70   1386.82   1294.30   1225.49   1173.37   1136.46   1111.41   1093.89   1081.75   1075.61   1072.10   1067.15   1057.76
   1046.26   1036.31   1027.19   1017.96   1011.43   1008.46   1005.92   1004.39   1006.26   1012.17   1019.73   1024.97   1026.72
   1030.66   1034.20   1038.37   1045.75   1052.58   1056.29   1058.98   1057.62   1050.73   1042.12   1032.89   1027.55   1027.45
   1028.05   1030.92   1037.50   1048.15   1060.56   1078.41   1104.15   1140.42   1188.71   1251.01   1329.12   1428.68   1553.60
   1522.40   1423.30   1344.68   1285.43   1239.20   1206.52   1185.00   1168.22   1158.41   1154.62   1152.28   1148.48   1140.13
   1126.17   1112.34   1103.94   1099.60   1097.16   1097.24   1099.87   1100.99   1100.35   1104.90   1115.34   1123.45   1125.90
   1122.49   1126.14   1136.72   1141.52   1141.86   1143.95   1147.79   1146.20   1141.42   1131.66   1122.85   1121.49   1124.61
   1125.29   1124.57   1129.43   1140.38   1150.00   1161.06   1182.04   1212.00   1249.78   1299.12   1362.76   1445.13   1549.50
   1520.50   1448.78   1395.05   1350.88   1313.71   1287.28   1270.56   1258.42   1252.05   1252.39   1254.75   1250.85   1242.73
   1232.92   1221.37   1214.00   1211.36   1210.25   1211.13   1217.11   1220.29   1219.53   1221.30   1228.62   1237.96   1239.57
   1235.10   1240.99   1251.04   1252.63   1252.17   1254.52   1255.97   1254.64   1249.09   1238.12   1230.92   1229.03   1229.07
   1228.54   1228.35   1234.52   1244.27   1255.83   1266.79   1278.94   1296.95   1324.96   1360.77   1407.23   1467.18   1545.00
   1516.60   1478.59   1450.96   1428.75   1406.28   1388.62   1380.01   1373.75   1367.78   1367.79   1370.50   1368.18   1363.03
   1360.62   1357.87   1353.03   1351.25   1350.12   1351.33   1354.92   1358.21   1357.92   1359.51   1361.07   1365.15   1368.35
   1369.05   1372.22   1374.67   1373.92   1379.69   1384.26   1384.96   1382.06   1374.84   1364.33   1356.49   1351.44   1350.16
   1352.33   1355.15   1361.52   1368.94   1379.57   1389.96   1396.74   1403.94   1419.10   1438.84   1462.69   1492.62   1537.70
   1512.80   1510.90   1510.60   1511.40   1512.30   1511.50   1509.00   1506.10   1504.40   1508.70   1510.30   1510.30   1509.90
   1510.10   1511.50   1513.70   1513.50   1512.60   1511.20   1513.00   1511.90   1508.20   1509.90   1508.90   1511.00   1514.80
   1513.90   1514.00   1510.90   1512.00   1511.80   1515.30   1516.20   1515.50   1519.70   1522.60   1515.40   1510.70   1511.50
   1515.90   1517.20   1523.20   1524.90   1527.50   1530.40   1531.50   1530.90   1532.00   1532.00   1531.80   1530.60   1530.90
   2688.10   2688.20   2688.50   2688.90   2689.10   2689.50   2690.10   2690.50   2690.80   2691.20   2691.50   2691.60   2691.60
   2691.50   2691.20   2690.80   2690.20   2689.50   2688.80   2688.00   2687.20   2686.40   2685.50   2684.70   2683.90   2683.20
   2682.50   2681.90   2681.50   2681.20   2681.00   2681.10   2681.10   2681.20   2681.30   2681.40   2681.60   2681.90   2682.30
   2682.80   2683.30   2683.90   2684.60   2685.30   2686.10   2687.00   2688.00   2688.90   2689.90   2691.00   2691.90   2692.70
   2681.20   2657.90   2637.28   2619.13   2603.15   2588.89   2575.93   2563.94   2552.64   2541.96   2531.92   2522.51   2513.79
   2505.77   2498.28   2491.16   2484.22   2477.37   2470.57   2463.93   2457.63   2451.89   2446.92   2442.80   2439.59   2437.16
   2435.23   2433.52   2432.01   2431.08   2431.15   2432.58   2435.62   2440.17   2445.96   2452.86   2460.83   2469.92   2480.33
   2491.92   2505.00   2519.79   2536.23   2554.17   2573.30   2593.44   2614.64   2637.00   2660.51   2685.18   2711.07   2738.10
   2689.00   2652.19   2619.73   2591.26   2566.25   2544.00   2523.67   2504.32   2485.60   2467.85   2451.67   2437.48   2425.30
   2414.95   2405.99   2397.89   2390.21   2382.56   2374.54   2365.81   2356.22   2345.98   2335.71   2326.12   2317.45   2309.30
   2301.12   2293.19   2286.77   2283.29   2283.30   2286.31   2292.09   2300.65   2311.01   2322.54   2335.57   2350.11   2366.25
   2384.33   2405.14   2429.03   2455.48   2484.43   2515.70   2549.42   2585.33   2622.52   2660.74   2700.17   2740.93   2782.80
   2730.00   2680.39   2636.63   2597.41   2562.21   2530.17   2499.82   2470.60   2443.46   2419.67   2399.23   2381.82   2367.23
   2354.89   2344.24   2334.85   2326.26   2317.98   2309.51   2300.35   2290.19   2279.04   2266.98   2254.05   2240.23   2225.78
   2212.11   2200.88   2192.24   2185.38   2179.98   2176.47   2176.60   2181.67   2189.80   2199.76   2212.50   2228.56   2248.59
   2273.21   2302.65   2337.28   2375.64   2416.54   2462.22   2512.22   2563.33   2614.24   2665.16   2717.68   2771.93   2826.30
   2772.80   2708.95   2651.65   2599.61   2551.66   2507.89   2468.88   2434.50   2404.17   2377.22   2353.15   2331.78   2313.18
   2297.25   2283.69   2272.21   2262.52   2254.06   2246.25   2238.23   2229.55   2219.93   2209.19   2197.41   2185.11   2173.58
   2163.31   2153.24   2143.00   2132.84   2122.40   2111.96   2103.15   2098.00   2097.20   2100.28   2106.75   2118.96   2140.38
   2173.26   2214.75   2260.21   2307.96   2357.55   2411.21   2471.59   2535.88   2598.11   2660.96   2728.31   2797.88   2869.40
   2804.30   2722.98   2647.23   2578.48   2518.54   2467.28   2422.66   2383.41   2349.15   2319.43   2293.58   2271.04   2251.40
   2234.47   2220.33   2209.01   2200.28   2193.96   2189.39   2185.57   2182.37   2179.29   2175.34   2170.17   2163.98   2157.24
   2150.42   2143.28   2134.53   2123.37   2109.76   2094.63   2081.38   2072.47   2067.88   2066.87   2069.92   2078.69   2096.51
   2127.53   2170.44   2219.74   2273.99   2332.08   2393.16   2456.54   2523.14   2590.15   2660.19   2738.48   2822.01   2907.90
   2801.70   2690.71   2594.41   2513.74   2446.40   2389.42   2341.38   2301.50   2268.97   2243.14   2222.66   2205.17   2189.12
   2174.88   2163.60   2155.16   2149.67   2147.04   2145.14   2143.19   2143.59   2146.25   2150.18   2154.58   2158.14   2160.00
   2159.96   2157.39   2152.63   2146.68   2139.21   2129.54   2119.33   2109.99   2102.96   2098.17   2097.22   2104.63   2123.29
   2154.02   2193.78   2240.10   2292.60   2347.95   2403.34   2461.47   2525.10   2592.49   2664.42   2742.68   2831.39   2931.20
   2754.30   2621.26   2513.09   2430.28   2366.28   2317.86   2282.14   2256.16   2233.83   2213.03   2196.36   2183.05   2173.20
   2165.19   2158.52   2154.10   2151.96   2152.33   2152.16   2146.38   2137.46   2131.01   2128.48   2131.14   2142.77   2159.21
   2171.84   2178.50   2180.86   2181.01   2179.29   2175.78   2171.25   2167.00   2164.04   2162.48   2163.18   2169.95   2186.32
   2211.73   2245.87   2286.18   2327.83   2369.46   2415.27   2469.98   2530.83   2594.24   2663.70   2744.56   2840.19   2946.30
   2717.80   2583.37   2474.20   2388.62   2331.55   2298.42   2279.69   2269.49   2258.98   2247.99   2237.23   2226.15   2215.15
   2203.43   2195.34   2192.03   2189.31   2185.44   2181.67   2175.97   2167.71   2159.19   2151.46   2145.88   2147.01   2159.77
   2180.23   2197.99   2207.83   2212.17   2214.50   2215.44   2215.17   2214.36   2213.56   2213.71   2215.58   2220.24   2231.37
   2252.58   2281.76   2315.61   2351.07   2385.36   2423.63   2471.49   2526.31   2586.99   2657.69   2743.80   2845.19   2954.80
   2700.70   2564.53   2453.55   2376.65   2336.42   2315.43   2304.55   2294.61   2287.59   2284.54   2280.95   2276.03   2266.94
   2253.01   2239.81   2230.23   2224.98   2223.58   2218.20   2210.38   2205.07   2203.60   2203.07   2203.25   2205.46   2209.27
   2216.71   2231.84   2243.62   2246.79   2248.09   2248.73   2247.97   2246.14   2243.33   2239.94   2234.77   2235.17   2247.29
   2266.59   2291.14   2319.69   2346.31   2373.58   2409.82   2454.81   2507.71   2572.62   2650.13   2741.86   2845.81   2956.60
   2697.10   2562.01   2461.28   2391.88   2350.09   2327.69   2315.12   2306.06   2302.21   2302.59   2304.62   2305.41   2302.53
   2295.93   2288.00   2279.90   2273.83   2269.03   2263.20   2256.54   2252.27   2255.77   2261.53   2264.67   2263.85   2265.39
   2272.80   2280.29   2283.77   2281.98   2277.71   2272.98   2267.88   2261.49   2252.33   2238.16   2229.49   2236.95   2249.23
   2264.77   2282.85   2300.82   2318.42   2339.78   2369.65   2408.57   2459.43   2524.23   2604.30   2700.68   2812.70   2939.70
   2700.20   2571.87   2470.61   2391.45   2342.33   2321.82   2314.30   2308.80   2303.27   2303.43   2311.32   2320.21   2324.72
   2325.19   2324.24   2322.83   2318.83   2316.49   2315.55   2314.62   2314.88   2318.20   2322.73   2324.82   2323.56   2323.31
   2325.88   2324.62   2317.98   2309.13   2298.09   2288.22   2280.25   2268.82   2251.99   2231.16   2224.04   2231.44   2240.44
   2250.19   2258.72   2265.93   2272.66   2281.95   2302.11   2335.39   2380.03   2439.10   2517.00   2617.55   2741.23   2889.50
   2690.80   2579.48   2485.33   2404.39   2351.03   2327.97   2318.98   2312.81   2309.56   2313.11   2325.10   2337.57   2344.22
   2348.24   2353.16   2357.13   2358.57   2363.20   2368.87   2375.98   2383.95   2387.58   2388.10   2390.42   2393.53   2389.69
   2379.47   2363.75   2345.57   2328.84   2312.00   2299.24   2288.70   2271.73   2246.92   2226.42   2219.99   2219.36   2218.85
   2217.96   2216.87   2214.32   2210.05   2210.26   2223.05   2249.82   2289.22   2343.94   2420.61   2523.85   2658.26   2830.00
   2716.50   2592.70   2496.40   2423.59   2373.03   2341.30   2324.49   2321.28   2328.08   2341.56   2355.54   2364.62   2368.89
   2374.83   2383.14   2389.39   2398.18   2411.64   2424.24   2431.89   2438.32   2443.09   2442.29   2440.73   2439.39   2430.66
   2412.47   2390.48   2370.15   2348.84   2325.68   2308.25   2293.26   2270.18   2242.15   2224.71   2214.09   2200.10   2183.79
   2173.04   2164.49   2154.68   2148.48   2147.08   2151.06   2166.90   2201.80   2257.25   2339.44   2451.98   2599.37   2784.90
   2747.20   2604.20   2498.45   2427.87   2383.29   2355.18   2340.80   2343.31   2359.15   2377.52   2391.04   2400.57   2408.07
   2415.58   2425.04   2433.71   2444.04   2458.24   2472.09   2481.31   2482.66   2480.66   2476.32   2472.06   2463.93   2448.29
   2426.77   2406.73   2389.07   2369.15   2347.66   2325.53   2301.25   2270.11   2239.30   2220.65   2204.48   2182.81   2159.62
   2139.76   2118.53   2099.27   2088.95   2086.94   2091.45   2102.95   2128.87   2180.62   2267.56   2391.90   2553.54   2755.60
   2767.90   2612.10   2504.11   2439.77   2404.38   2386.17   2381.42   2387.25   2401.45   2418.95   2434.29   2446.74   2455.79
   2463.51   2473.02   2482.06   2492.77   2507.73   2520.04   2524.96   2519.82   2510.47   2499.28   2490.37   2475.95   2457.64
   2437.61   2421.04   2403.73   2384.40   2364.33   2341.46   2313.82   2280.08   2245.69   2219.80   2200.65   2179.43   2153.67
   2127.20   2100.04   2074.72   2057.52   2048.77   2050.38   2064.48   2095.97   2150.57   2235.21   2354.43   2515.25   2733.20
   2775.80   2620.44   2523.96   2465.11   2430.30   2413.19   2410.46   2419.66   2435.83   2455.07   2473.85   2488.43   2499.00
   2508.92   2519.55   2531.80   2543.06   2550.10   2554.94   2551.37   2539.59   2524.02   2508.03   2492.93   2479.83   2466.08
   2449.88   2430.34   2405.65   2382.87   2365.20   2348.10   2327.68   2300.55   2269.50   2238.70   2212.08   2189.99   2162.54
   2129.87   2100.16   2074.16   2052.89   2042.04   2045.07   2064.04   2098.22   2149.97   2224.70   2337.00   2507.49   2747.20
   2781.10   2628.30   2529.98   2465.19   2424.75   2407.13   2411.86   2428.68   2450.02   2473.95   2498.18   2518.91   2536.22
   2551.00   2563.53   2572.04   2576.17   2575.62   2570.59   2556.45   2535.95   2516.00   2499.05   2486.11   2478.60   2469.35
   2453.92   2428.95   2397.73   2371.00   2358.74   2352.55   2343.00   2328.81   2305.85   2276.36   2245.41   2214.92   2182.14
   2144.62   2108.03   2074.50   2051.36   2045.85   2057.93   2084.54   2122.06   2170.42   2241.99   2354.90   2531.82   2785.10
   2789.50   2624.45   2510.42   2435.25   2389.75   2374.81   2385.64   2411.23   2447.11   2481.83   2510.73   2537.39   2561.91
   2578.69   2588.74   2592.58   2591.77   2586.44   2571.87   2546.80   2517.67   2493.60   2478.38   2472.05   2468.80   2465.02
   2457.58   2438.48   2414.21   2391.82   2380.08   2371.97   2362.07   2352.93   2339.89   2318.34   2288.80   2253.35   2215.52
   2178.13   2136.78   2094.67   2072.30   2076.70   2096.58   2125.40   2158.19   2210.16   2294.20   2426.06   2615.00   2860.20
   2804.60   2624.36   2494.62   2407.02   2351.37   2333.80   2355.07   2396.33   2448.87   2494.89   2531.39   2561.36   2583.63
   2597.55   2603.14   2602.79   2598.65   2588.28   2565.93   2529.74   2492.73   2466.89   2451.16   2449.60   2453.09   2457.51
   2461.55   2458.33   2449.47   2436.50   2420.15   2400.09   2383.26   2373.52   2365.28   2350.78   2329.99   2301.04   2264.73
   2226.26   2189.96   2154.85   2133.56   2135.80   2153.27   2176.59   2211.11   2280.13   2384.84   2529.17   2715.57   2942.80
   2830.80   2634.04   2495.18   2398.89   2339.99   2322.60   2352.59   2413.49   2476.27   2523.72   2559.38   2584.47   2600.78
   2609.99   2611.08   2607.98   2602.18   2587.82   2558.59   2513.05   2470.13   2444.20   2429.39   2430.53   2443.04   2452.85
   2464.54   2471.25   2470.80   2464.14   2450.75   2431.48   2412.61   2399.56   2388.59   2376.27   2362.56   2341.70   2313.57
   2282.61   2254.95   2229.98   2215.15   2215.56   2230.49   2258.51   2312.55   2392.80   2500.78   2637.10   2806.03   3011.10
   2864.10   2655.78   2515.47   2423.41   2364.04   2350.23   2391.37   2458.68   2516.88   2558.15   2584.65   2601.79   2613.26
   2618.49   2617.31   2613.60   2606.34   2589.70   2555.61   2502.01   2452.84   2425.83   2414.59   2420.02   2443.25   2462.22
   2471.57   2479.54   2485.49   2484.55   2477.76   2465.76   2450.88   2434.10   2418.19   2407.28   2395.67   2379.48   2360.66
   2341.09   2322.59   2308.02   2302.46   2308.59   2330.21   2373.06   2434.17   2510.44   2608.72   2731.50   2881.61   3068.60
   2911.80   2703.77   2566.09   2481.18   2433.88   2436.08   2476.79   2526.74   2566.83   2593.72   2608.75   2618.31   2626.48
   2629.11   2627.10   2622.30   2613.06   2596.27   2563.82   2508.92   2453.97   2420.73   2410.90   2430.39   2464.79   2485.90
   2492.45   2497.05   2504.25   2509.84   2511.22   2505.90   2494.19   2478.83   2462.84   2450.58   2440.17   2429.51   2417.76
   2406.95   2398.25   2394.00   2397.89   2414.72   2443.75   2485.92   2538.10   2606.77   2694.29   2804.50   2941.63   3113.10
   2971.20   2781.54   2654.24   2578.79   2550.04   2555.73   2576.03   2600.40   2619.55   2628.93   2633.03   2637.62   2643.00
   2643.58   2639.74   2634.67   2626.12   2609.34   2583.43   2543.95   2495.30   2463.94   2462.34   2480.87   2503.52   2523.34
   2531.29   2532.37   2537.96   2546.03   2551.64   2550.83   2544.72   2534.75   2522.77   2510.22   2499.60   2492.80   2486.74
   2481.84   2479.79   2483.33   2493.85   2510.65   2536.39   2573.13   2621.12   2682.89   2761.89   2863.63   2989.74   3144.80
   3044.40   2878.59   2769.09   2703.43   2672.79   2660.75   2661.19   2665.27   2666.45   2662.02   2659.10   2662.23   2664.99
   2662.38   2655.96   2649.58   2643.48   2631.55   2612.89   2589.84   2564.89   2546.71   2543.06   2550.80   2563.87   2576.80
   2584.49   2585.64   2588.87   2596.95   2601.68   2603.99   2603.66   2599.66   2591.98   2580.89   2570.79   2565.14   2561.94
   2561.28   2563.49   2568.16   2576.39   2590.39   2613.14   2644.56   2687.10   2742.92   2815.78   2908.40   3022.04   3162.20
   3109.40   2970.64   2875.68   2811.80   2769.40   2744.90   2732.16   2721.13   2708.40   2697.41   2690.73   2690.30   2691.59
   2688.50   2681.70   2672.69   2664.64   2657.01   2648.08   2637.72   2628.64   2623.49   2624.23   2630.61   2638.24   2643.08
   2648.17   2652.73   2654.41   2659.28   2663.08   2668.57   2671.36   2669.56   2663.16   2654.61   2647.77   2643.24   2639.87
   2638.00   2639.01   2643.27   2651.81   2664.08   2681.10   2706.91   2744.45   2794.08   2857.57   2938.71   3042.11   3170.50
   3144.80   3033.72   2948.96   2888.52   2845.78   2817.03   2794.19   2772.07   2752.99   2740.89   2732.93   2729.50   2730.29
   2729.38   2721.54   2712.01   2702.73   2696.15   2694.66   2695.73   2694.89   2695.02   2698.25   2703.87   2709.45   2714.76
   2722.50   2727.79   2730.85   2734.46   2739.40   2743.84   2746.52   2744.66   2738.74   2732.04   2726.39   2721.67   2717.68
   2714.97   2714.49   2718.71   2727.13   2736.55   2749.62   2769.81   2799.67   2840.81   2894.60   2963.50   3053.14   3172.70
   3156.80   3070.60   3002.52   2950.40   2911.14   2880.97   2854.81   2828.75   2808.48   2798.65   2795.13   2796.40   2799.85
   2796.95   2784.25   2771.94   2763.73   2760.41   2766.33   2769.52   2767.20   2766.25   2769.87   2777.92   2787.50   2799.84
   2811.40   2817.19   2821.37   2825.33   2825.32   2824.90   2829.17   2827.87   2823.65   2817.69   2810.09   2805.21   2802.55
   2799.54   2797.20   2800.00   2808.02   2816.22   2825.47   2840.76   2863.35   2893.85   2935.06   2990.86   3065.43   3170.40
   3160.70   3097.58   3047.46   3007.09   2975.05   2949.31   2926.88   2904.39   2888.32   2882.51   2882.57   2888.28   2894.35
   2891.43   2879.31   2866.30   2860.58   2860.37   2863.83   2862.98   2862.74   2862.25   2864.13   2875.28   2890.84   2902.37
   2909.41   2916.68   2922.99   2925.92   2926.00   2926.40   2925.80   2923.70   2918.37   2909.83   2904.95   2902.82   2900.10
   2894.84   2890.54   2894.24   2904.25   2911.23   2917.01   2926.43   2939.67   2960.69   2991.51   3032.39   3087.93   3165.50
   3158.00   3120.26   3091.45   3068.57   3050.90   3036.03   3021.16   3007.82   2998.45   2993.50   2994.16   2998.66   3002.47
   3003.23   3001.45   2996.90   2993.62   2991.83   2989.76   2986.28   2987.56   2987.60   2991.11   3000.34   3009.74   3015.61
   3019.80   3024.73   3031.00   3035.17   3037.37   3038.07   3037.13   3034.51   3028.98   3021.39   3016.66   3014.40   3012.59
   3007.09   3005.38   3009.88   3015.97   3020.00   3023.99   3030.73   3038.40   3049.76   3065.47   3086.06   3115.65   3163.40
   3153.80   3152.00   3149.10   3147.80   3146.00   3145.60   3142.20   3138.40   3137.00   3137.70   3138.30   3138.70   3136.90
   3135.70   3136.80   3137.70   3138.40   3136.80   3137.70   3136.40   3136.30   3136.90   3139.40   3143.10   3145.90   3145.70
   3146.80   3148.00   3150.50   3154.70   3155.90   3158.60   3159.50   3159.40   3159.40   3161.90   3157.70   3157.50   3156.30
   3159.50   3157.40   3158.30   3158.90   3159.00   3160.20   3161.70   3161.10   3160.10   3157.90   3157.40   3159.10   3160.90
   3779.10   3779.00   3779.10   3779.20   3779.00   3778.80   3778.80   3778.50   3778.00   3777.80   3777.70   3777.40   3777.20
   3777.00   3776.70   3776.30   3775.70   3775.00   3774.20   3773.40   3772.50   3771.70   3770.90   3770.10   3769.30   3768.60
   3768.00   3767.50   3767.10   3766.70   3766.60   3766.60   3766.80   3767.20   3767.70   3768.30   3768.90   3769.60   3770.30
   3770.90   3771.60   3772.30   3773.00   3773.80   3774.60   3775.50   3776.50   3777.30   3778.20   3779.10   3779.80   3780.20
   3774.00   3752.91   3734.30   3717.99   3703.66   3690.95   3679.52   3669.03   3659.25   3650.15   3641.62   3633.53   3625.75
   3618.25   3611.05   3604.11   3597.42   3591.15   3585.43   3580.38   3576.07   3572.44   3569.30   3566.54   3564.12   3562.11
   3560.50   3559.17   3558.15   3557.78   3558.61   3561.17   3565.44   3570.99   3577.48   3584.93   3593.45   3602.91   3613.21
   3624.36   3636.60   3650.14   3665.06   3681.26   3698.54   3716.83   3736.07   3756.33   3777.73   3800.20   3823.69   3848.20
   3789.90   3758.47   3730.71   3705.92   3683.72   3663.92   3646.19   3630.13   3615.25   3600.96   3587.29   3574.89   3564.18
   3554.86   3546.41   3538.40   3530.48   3522.49   3514.42   3506.41   3498.78   3491.73   3485.21   3478.85   3472.28   3465.30
   3458.02   3451.23   3446.22   3443.58   3443.34   3445.73   3451.18   3459.65   3470.15   3481.85   3494.79   3509.03   3524.67
   3542.16   3562.04   3584.43   3608.71   3634.69   3662.36   3691.37   3721.38   3752.48   3785.42   3820.68   3857.88   3896.80
   3836.90   3795.43   3757.87   3723.88   3693.26   3665.78   3641.11   3618.49   3597.23   3577.42   3559.97   3545.47   3533.32
   3522.64   3513.00   3504.30   3496.25   3488.40   3480.14   3471.08   3461.30   3451.18   3440.78   3429.84   3417.96   3405.32
   3393.46   3383.67   3374.44   3364.01   3353.28   3344.43   3340.02   3342.15   3350.45   3363.06   3379.65   3400.12   3423.69
   3450.21   3479.90   3513.55   3549.63   3586.77   3625.78   3666.51   3708.62   3752.48   3798.19   3845.35   3893.51   3943.00
   3883.90   3826.76   3776.06   3731.29   3691.71   3656.21   3624.38   3596.16   3571.31   3549.54   3530.51   3513.71   3498.83
   3485.84   3474.85   3465.83   3458.41   3451.98   3445.61   3438.33   3429.91   3420.42   3409.73   3398.09   3386.76   3376.75
   3367.17   3356.30   3342.71   3325.60   3305.84   3286.50   3271.77   3263.08   3260.01   3262.07   3270.15   3287.39   3316.21
   3354.74   3398.30   3445.35   3494.83   3544.07   3593.81   3645.45   3698.95   3753.60   3808.77   3865.00   3924.02   3987.10
   3915.20   3841.68   3775.68   3717.33   3666.24   3621.92   3583.77   3551.35   3524.51   3502.78   3485.22   3470.63   3458.29
   3447.95   3439.54   3432.97   3427.78   3423.66   3420.27   3417.54   3414.77   3411.12   3405.91   3398.95   3390.56   3381.70
   3372.83   3362.83   3350.11   3333.47   3311.70   3286.31   3262.79   3246.11   3236.04   3231.32   3233.27   3244.93   3270.69
   3313.25   3365.07   3418.71   3477.04   3536.79   3594.71   3651.62   3708.65   3767.17   3827.74   3891.39   3959.88   4034.60
   3916.70   3818.00   3735.19   3666.88   3610.89   3565.57   3530.34   3504.30   3485.22   3470.23   3458.04   3448.14   3439.39
   3431.98   3426.68   3422.69   3419.35   3417.55   3417.46   3417.39   3416.93   3416.52   3416.83   3417.71   3417.71   3414.92
   3407.56   3397.23   3385.86   3373.23   3359.02   3342.39   3323.84   3305.59   3290.57   3281.27   3280.72   3293.11   3320.48
   3361.38   3408.30   3459.90   3515.94   3569.33   3621.62   3676.30   3732.50   3789.51   3850.57   3918.81   3994.70   4077.10
   3882.30   3766.04   3680.76   3618.19   3572.07   3539.86   3518.89   3503.98   3491.01   3478.63   3467.96   3460.34   3455.00
   3450.08   3444.55   3439.91   3439.31   3443.72   3447.94   3447.16   3443.93   3441.16   3438.43   3436.88   3439.54   3446.94
   3453.12   3452.30   3444.06   3432.28   3419.59   3406.77   3394.86   3384.64   3377.29   3373.98   3376.80   3388.89   3410.89
   3442.71   3482.43   3524.91   3565.83   3606.75   3651.54   3701.04   3753.56   3808.12   3867.35   3935.97   4015.85   4106.10
   3862.10   3751.97   3663.56   3597.44   3556.30   3534.58   3524.60   3521.80   3519.89   3515.20   3508.06   3502.48   3496.82
   3489.48   3480.70   3474.95   3475.04   3479.22   3485.28   3489.16   3488.63   3484.34   3477.21   3470.09   3468.16   3473.31
   3485.21   3496.71   3498.81   3491.51   3479.97   3467.16   3455.71   3447.50   3442.93   3442.80   3446.82   3455.62   3474.57
   3503.44   3536.55   3570.60   3602.87   3634.53   3669.41   3710.47   3758.16   3811.86   3872.25   3942.50   4025.51   4119.90
   3854.60   3738.49   3645.74   3585.52   3557.22   3546.13   3543.93   3544.59   3547.16   3550.98   3553.84   3552.80   3544.57
   3534.19   3523.18   3516.27   3517.82   3523.91   3526.07   3524.68   3527.37   3531.27   3533.75   3535.81   3536.96   3538.10
   3540.14   3545.89   3549.97   3544.69   3532.61   3517.19   3501.99   3490.70   3484.31   3480.11   3477.35   3487.29   3509.82
   3535.67   3563.40   3589.20   3611.15   3634.60   3665.18   3703.86   3750.35   3804.41   3867.53   3941.55   4027.32   4125.60
   3844.30   3730.25   3647.75   3596.02   3570.59   3562.34   3561.20   3563.25   3569.08   3577.55   3585.67   3590.72   3592.13
   3589.97   3586.16   3583.33   3583.63   3583.11   3580.38   3578.85   3581.40   3590.98   3601.45   3605.77   3604.29   3603.56
   3604.79   3605.04   3600.22   3588.26   3569.74   3547.88   3527.19   3510.61   3498.10   3487.97   3489.33   3505.75   3524.29
   3544.07   3564.29   3579.95   3591.57   3609.12   3635.94   3669.87   3711.18   3762.45   3826.47   3905.79   4001.28   4112.50
   3841.60   3742.45   3660.28   3597.44   3566.82   3562.11   3568.02   3574.42   3580.68   3591.09   3604.73   3618.52   3628.53
   3634.07   3638.36   3641.97   3643.50   3644.69   3646.35   3648.58   3656.34   3666.71   3673.77   3674.29   3669.98   3667.78
   3666.16   3656.61   3639.53   3617.16   3590.93   3563.60   3538.80   3518.30   3502.39   3492.74   3497.15   3509.43   3522.04
   3534.06   3543.99   3548.47   3548.89   3555.84   3574.67   3601.68   3636.31   3682.68   3745.13   3828.49   3936.51   4068.60
   3844.80   3753.56   3681.05   3621.38   3583.24   3574.22   3580.58   3590.16   3601.04   3613.77   3629.97   3646.17   3656.31
   3664.35   3672.20   3679.47   3687.75   3699.39   3710.61   3721.24   3733.82   3741.66   3742.76   3739.85   3737.57   3731.36
   3717.90   3695.35   3666.30   3635.13   3603.29   3572.32   3545.11   3522.66   3502.94   3493.17   3495.82   3499.88   3503.73
   3507.04   3506.34   3499.84   3490.48   3489.80   3503.66   3526.09   3555.39   3596.21   3656.04   3739.46   3856.47   4009.50
   3866.10   3767.91   3697.33   3647.95   3615.17   3599.74   3598.78   3608.97   3626.68   3649.86   3670.59   3683.65   3689.92
   3697.79   3708.82   3719.87   3733.97   3753.76   3774.43   3790.52   3800.02   3802.42   3798.54   3795.14   3788.28   3772.84
   3747.46   3715.67   3683.23   3649.40   3614.81   3582.14   3553.07   3525.41   3500.44   3489.18   3484.94   3478.41   3468.87
   3463.29   3457.72   3444.77   3435.73   3432.66   3437.56   3450.82   3476.17   3518.15   3583.14   3676.20   3802.17   3966.70
   3895.70   3780.00   3700.52   3653.88   3630.12   3620.91   3623.06   3636.86   3663.48   3691.79   3712.56   3726.93   3736.35
   3746.12   3759.47   3772.45   3788.70   3813.11   3836.34   3850.62   3853.70   3847.86   3841.58   3831.99   3815.06   3789.57
   3757.49   3726.05   3697.21   3667.23   3637.03   3604.68   3569.20   3531.29   3497.30   3480.18   3471.59   3459.78   3444.50
   3425.84   3407.67   3389.46   3377.94   3374.34   3376.34   3383.33   3400.83   3438.62   3508.23   3612.65   3752.45   3937.70
   3920.00   3789.25   3707.47   3668.73   3655.85   3657.10   3669.86   3692.22   3718.96   3745.03   3767.35   3783.79   3794.59
   3804.43   3818.85   3838.54   3860.27   3880.22   3894.46   3898.12   3893.78   3883.84   3867.31   3846.24   3820.42   3790.20
   3759.85   3733.35   3707.21   3680.52   3654.63   3625.93   3590.12   3547.74   3506.35   3478.61   3465.76   3454.90   3438.57
   3414.41   3384.23   3358.00   3341.96   3335.15   3335.99   3345.23   3368.17   3408.00   3475.76   3578.98   3721.58   3917.30
   3928.00   3799.64   3733.21   3702.60   3692.95   3696.88   3712.12   3738.05   3768.03   3797.50   3823.17   3842.85   3856.58
   3869.90   3886.89   3906.52   3922.48   3930.67   3931.79   3926.42   3914.36   3893.36   3866.36   3837.90   3811.00   3786.77
   3763.82   3738.33   3709.64   3681.51   3656.87   3635.15   3611.09   3579.02   3543.05   3509.48   3483.68   3469.67   3450.19
   3420.45   3387.51   3358.39   3337.02   3327.94   3332.35   3348.57   3376.35   3418.77   3482.25   3581.58   3732.38   3945.20
   3928.50   3808.35   3744.98   3711.25   3698.44   3704.08   3727.73   3756.80   3788.69   3822.54   3855.21   3882.83   3906.47
   3926.64   3942.89   3954.75   3959.42   3955.93   3948.46   3935.63   3910.50   3875.70   3841.67   3815.37   3797.41   3782.58
   3764.24   3738.11   3705.93   3674.37   3653.66   3641.34   3629.79   3615.84   3594.17   3566.25   3536.19   3506.67   3475.09
   3439.92   3400.89   3362.75   3334.82   3329.22   3344.65   3373.27   3409.89   3453.73   3517.55   3622.98   3779.57   4000.70
   3935.30   3809.44   3733.97   3693.51   3681.27   3690.81   3717.24   3756.46   3800.87   3842.91   3876.73   3907.13   3939.65
   3962.42   3974.86   3979.93   3976.86   3968.46   3955.07   3929.22   3885.42   3835.34   3802.73   3790.29   3783.71   3779.00
   3768.26   3748.95   3726.36   3703.12   3686.06   3671.05   3656.69   3649.00   3638.21   3619.51   3592.87   3558.75   3520.39
   3479.53   3433.47   3381.30   3343.70   3353.52   3379.71   3419.32   3459.06   3506.51   3583.73   3704.62   3868.54   4080.10
   3958.90   3814.29   3724.33   3673.84   3653.03   3659.28   3697.88   3756.74   3817.96   3869.76   3908.65   3942.64   3971.13
   3987.05   3992.45   3990.03   3983.38   3974.48   3953.23   3911.60   3850.37   3791.13   3766.55   3766.55   3771.98   3776.90
   3776.86   3773.36   3765.20   3752.31   3735.23   3712.38   3691.09   3679.34   3671.17   3658.22   3640.15   3615.16   3580.68
   3540.71   3497.39   3450.97   3418.96   3422.93   3450.13   3483.90   3523.55   3590.74   3687.57   3811.80   3971.92   4168.80
   3991.40   3826.16   3728.41   3667.03   3643.20   3653.87   3705.28   3775.25   3848.18   3905.19   3944.50   3973.77   3993.57
   4002.71   4001.91   3994.96   3986.80   3975.26   3946.39   3891.59   3818.03   3765.71   3748.93   3753.51   3769.33   3781.66
   3789.26   3795.53   3796.68   3791.12   3778.56   3759.13   3738.38   3721.75   3708.71   3696.90   3683.37   3665.32   3641.49
   3612.75   3581.62   3551.20   3532.10   3531.47   3550.52   3584.15   3636.85   3712.20   3809.48   3925.07   4067.77   4245.20
   4030.40   3852.70   3752.53   3694.59   3668.14   3680.47   3740.02   3822.59   3894.91   3943.34   3973.49   3993.86   4005.66
   4009.88   4006.08   3997.93   3988.04   3974.05   3942.44   3875.91   3793.35   3753.59   3738.17   3748.27   3779.55   3801.74
   3811.61   3819.37   3825.60   3826.96   3821.76   3809.49   3793.46   3777.96   3761.37   3747.31   3736.11   3722.79   3706.93
   3688.82   3671.06   3656.21   3649.18   3654.76   3675.74   3713.22   3766.62   3833.72   3918.51   4021.87   4147.23   4307.80
   4093.20   3903.47   3804.12   3755.44   3737.32   3766.52   3826.88   3896.08   3946.56   3977.99   3994.76   4004.64   4012.18
   4015.61   4011.57   4003.13   3991.59   3975.47   3946.12   3881.18   3797.89   3754.07   3743.92   3770.93   3808.99   3833.66
   3844.97   3851.70   3858.71   3864.22   3866.37   3861.58   3850.75   3837.09   3822.74   3810.40   3799.89   3790.51   3781.27
   3771.39   3762.53   3757.69   3759.26   3770.31   3792.27   3826.35   3872.33   3931.39   4006.11   4097.38   4210.82   4358.30
   4197.00   4016.69   3911.14   3864.84   3862.16   3893.52   3933.03   3969.04   3993.87   4005.21   4008.61   4012.12   4020.57
   4024.55   4019.94   4011.70   4000.51   3983.42   3957.78   3914.95   3854.74   3812.71   3812.87   3833.05   3856.47   3874.94
   3886.69   3893.05   3898.46   3904.93   3911.32   3912.00   3905.97   3896.34   3886.43   3876.68   3867.82   3861.32   3856.20
   3851.17   3846.94   3845.77   3850.17   3862.93   3884.44   3914.46   3952.82   4003.26   4068.99   4153.48   4259.70   4394.80
   4296.30   4154.80   4061.39   4011.65   3999.19   4005.10   4018.69   4027.98   4030.78   4026.19   4021.91   4024.77   4032.45
   4034.22   4028.80   4022.37   4013.77   3999.61   3979.02   3953.43   3925.17   3902.32   3895.74   3901.73   3913.71   3925.94
   3935.47   3941.45   3944.60   3950.18   3957.96   3962.09   3961.25   3956.44   3949.83   3942.05   3935.16   3930.39   3926.45
   3922.85   3920.95   3922.52   3928.64   3939.66   3956.97   3981.27   4015.36   4061.73   4122.29   4199.32   4295.91   4416.60
   4365.60   4254.17   4176.23   4127.44   4101.00   4088.01   4080.60   4071.78   4059.93   4047.13   4040.00   4040.67   4045.60
   4046.57   4041.41   4034.49   4026.92   4017.12   4004.79   3989.86   3975.51   3965.32   3962.12   3967.04   3976.19   3983.50
   3988.05   3992.55   3996.32   4004.02   4012.20   4018.41   4020.53   4018.40   4013.68   4008.12   4003.09   3999.48   3995.77
   3991.92   3989.58   3990.41   3995.52   4004.14   4017.52   4038.04   4067.86   4107.54   4160.18   4229.11   4317.36   4429.00
   4406.40   4317.89   4250.59   4204.15   4172.22   4149.39   4130.37   4109.88   4088.87   4073.38   4065.53   4062.68   4064.79
   4066.25   4063.05   4056.29   4048.20   4040.02   4033.01   4027.36   4021.76   4018.10   4018.18   4023.21   4029.98   4036.04
   4044.88   4057.16   4066.84   4072.60   4076.30   4080.18   4082.36   4081.37   4078.71   4074.80   4071.11   4066.88   4061.11
   4054.94   4051.21   4052.88   4058.08   4065.04   4076.26   4092.94   4115.67   4146.26   4187.51   4245.49   4325.65   4435.60
   4422.00   4352.82   4300.10   4260.32   4229.17   4201.50   4176.04   4150.64   4125.98   4110.26   4103.97   4102.11   4105.05
   4106.00   4102.07   4095.68   4087.50   4078.87   4075.54   4075.47   4073.71   4072.31   4073.91   4081.25   4091.86   4108.44
   4126.02   4137.05   4143.66   4146.94   4150.03   4150.87   4149.95   4149.29   4147.00   4144.03   4140.55   4134.85   4128.11
   4121.78   4119.16   4120.58   4125.09   4131.76   4140.71   4153.51   4171.29   4194.74   4227.21   4273.61   4340.85   4439.00
   4429.60   4378.33   4340.13   4309.34   4280.96   4254.82   4231.31   4206.44   4181.58   4167.46   4162.78   4163.76   4171.52
   4175.06   4171.93   4163.39   4153.93   4147.91   4146.10   4146.42   4147.42   4148.91   4152.98   4164.82   4184.68   4201.18
   4214.15   4221.89   4226.53   4228.97   4231.93   4231.93   4229.48   4227.28   4224.36   4221.74   4218.26   4212.46   4205.20
   4199.86   4198.62   4199.74   4203.39   4209.33   4217.36   4227.83   4242.19   4260.82   4284.82   4318.06   4367.57   4439.40
   4428.20   4401.04   4378.64   4359.04   4340.03   4322.10   4307.13   4289.34   4267.27   4255.27   4253.27   4253.72   4259.51
   4264.86   4266.67   4262.89   4253.99   4248.87   4245.96   4245.59   4250.81   4257.76   4266.34   4278.86   4292.76   4301.94
   4309.44   4312.68   4316.25   4318.39   4319.95   4320.68   4320.07   4317.47   4315.12   4312.04   4309.49   4306.38   4299.83
   4295.85   4295.57   4294.75   4294.13   4298.04   4308.10   4318.46   4327.56   4338.30   4351.30   4368.39   4395.39   4436.50
   4426.20   4423.80   4420.20   4417.80   4413.90   4412.30   4410.00   4406.10   4398.80   4391.60   4387.20   4381.60   4379.90
   4380.90   4382.80   4383.80   4380.50   4381.00   4387.80   4385.80   4383.10   4389.70   4395.60   4404.70   4408.10   4408.00
   4410.30   4412.00   4417.60   4420.90   4422.40   4423.60   4423.60   4424.20   4426.20   4427.70   4426.70   4427.60   4425.80
   4426.20   4424.40   4421.20   4421.50   4426.70   4430.80   4433.30   4432.80   4433.40   4431.90   4429.70   4430.20   4429.70
   5026.90   5027.20   5027.60   5027.90   5027.80   5027.80   5027.90   5027.70   5027.30   5027.10   5026.80   5026.40   5026.00
   5025.60   5024.90   5024.20   5023.20   5022.20   5021.10   5019.90   5018.60   5017.40   5016.30   5015.20   5014.40   5013.70
   5013.30   5013.10   5013.10   5013.20   5013.60   5014.10   5014.80   5015.70   5016.80   5018.00   5019.30   5020.70   5022.20
   5023.70   5025.30   5026.80   5028.30   5029.70   5031.10   5032.40   5033.60   5034.50   5035.40   5036.20   5036.60   5036.70
   5029.60   5012.10   4997.18   4984.59   4973.98   4965.12   4957.83   4951.68   4946.34   4941.45   4936.72   4932.10   4927.69
   4923.47   4919.27   4914.91   4910.35   4905.86   4901.72   4898.03   4894.81   4892.02   4889.66   4887.68   4886.03   4884.67
   4883.53   4882.60   4882.19   4882.87   4885.09   4888.62   4892.96   4898.10   4904.20   4911.24   4919.09   4927.54   4936.39
   4945.61   4955.32   4965.57   4976.37   4987.84   5000.00   5012.99   5026.92   5041.76   5057.58   5074.47   5092.53   5111.90
   5050.00   5028.15   5010.17   4994.77   4981.13   4968.76   4957.43   4947.27   4938.55   4931.45   4925.62   4920.30   4915.14
   4910.10   4905.07   4899.69   4893.52   4886.64   4879.56   4872.86   4866.90   4861.57   4856.82   4852.58   4848.36   4843.56
   4838.33   4833.61   4830.39   4828.34   4826.83   4826.43   4828.24   4832.74   4839.98   4849.65   4861.25   4874.52   4889.17
   4905.06   4922.00   4939.55   4957.61   4976.38   4996.01   5016.26   5037.00   5058.52   5081.54   5106.68   5134.41   5165.40
   5098.80   5071.93   5047.81   5026.45   5008.35   4993.01   4979.57   4967.53   4956.87   4947.58   4939.29   4931.74   4924.83
   4918.18   4911.45   4904.65   4897.84   4890.85   4883.43   4875.48   4867.16   4858.94   4851.18   4843.11   4834.26   4825.49
   4816.87   4807.81   4797.04   4783.57   4768.33   4755.35   4748.62   4748.57   4754.32   4764.85   4779.38   4797.71   4819.75
   4845.15   4873.22   4903.13   4933.56   4962.79   4991.08   5019.80   5049.41   5080.04   5111.92   5145.10   5179.90   5218.00
   5154.20   5111.50   5075.94   5047.46   5024.61   5005.54   4989.15   4974.83   4961.89   4949.70   4938.14   4927.57   4918.06
   4909.66   4902.62   4897.08   4892.90   4889.44   4885.62   4880.49   4873.97   4866.71   4858.55   4849.15   4839.58   4831.28
   4822.79   4810.85   4793.97   4771.67   4744.62   4718.87   4699.57   4686.87   4681.02   4683.03   4693.81   4714.26   4744.36
   4780.73   4818.58   4859.00   4904.39   4949.62   4991.60   5032.28   5072.03   5110.91   5150.34   5191.28   5233.91   5278.50
   5190.30   5135.36   5089.71   5052.18   5021.07   4995.10   4973.54   4956.04   4942.17   4931.83   4924.87   4920.45   4917.74
   4916.08   4915.07   4914.39   4913.58   4912.66   4911.70   4910.21   4907.56   4903.39   4897.49   4889.82   4880.13   4868.08
   4854.80   4841.37   4825.70   4804.91   4777.39   4745.08   4714.36   4690.61   4674.95   4667.78   4671.05   4687.49   4718.44
   4763.25   4811.93   4860.82   4916.59   4972.39   5022.02   5066.50   5107.87   5148.85   5191.68   5237.77   5287.11   5339.50
   5202.40   5129.11   5072.13   5028.53   4996.99   4974.62   4960.50   4953.64   4951.09   4950.10   4950.07   4950.27   4950.35
   4950.97   4951.82   4951.44   4950.50   4950.76   4952.00   4953.18   4953.90   4953.80   4952.85   4950.99   4947.09   4939.04
   4925.51   4906.93   4886.32   4866.14   4845.42   4822.57   4797.29   4771.98   4751.27   4740.50   4743.92   4762.56   4793.00
   4832.24   4878.35   4930.48   4982.27   5028.54   5072.09   5114.35   5155.59   5196.66   5239.58   5286.23   5337.47   5392.20
   5182.90   5102.52   5048.84   5014.72   4995.57   4986.73   4984.77   4985.23   4985.65   4986.47   4987.77   4989.03   4988.89
   4987.19   4984.00   4979.25   4977.94   4985.61   4995.73   5003.25   5007.62   5010.65   5012.20   5010.66   5007.74   5006.73
   5004.78   4997.08   4981.82   4960.04   4933.61   4907.10   4885.42   4868.33   4856.03   4851.56   4856.89   4872.36   4897.73
   4933.74   4975.05   5015.79   5053.07   5087.56   5122.14   5157.85   5194.96   5232.78   5272.52   5317.62   5369.97   5430.60
   5178.30   5101.24   5047.22   5013.94   4998.09   4996.62   5003.25   5012.90   5022.04   5027.12   5029.95   5034.07   5035.04
   5029.52   5017.90   5005.67   5006.29   5022.79   5041.27   5055.98   5067.05   5073.61   5075.76   5073.42   5069.29   5068.31
   5069.65   5070.35   5064.01   5048.29   5024.00   4993.09   4963.98   4944.62   4934.28   4931.57   4937.41   4953.55   4981.50
   5014.41   5047.05   5077.70   5104.15   5128.13   5153.34   5181.70   5213.53   5248.08   5286.57   5331.80   5386.43   5452.90
   5172.30   5090.83   5035.55   5004.79   4998.06   5005.20   5018.65   5035.28   5049.89   5062.04   5072.55   5077.32   5077.50
   5072.50   5060.87   5054.10   5062.06   5081.72   5098.05   5106.98   5121.08   5131.23   5136.33   5142.33   5149.33   5151.36
   5148.26   5143.55   5134.81   5118.00   5092.31   5058.85   5023.88   4997.25   4983.04   4979.32   4987.14   5008.11   5035.24
   5063.59   5090.56   5111.74   5126.47   5142.26   5165.51   5192.98   5222.25   5255.06   5292.50   5336.68   5392.21   5462.90
   5153.30   5075.60   5027.48   5006.73   5007.05   5020.65   5037.61   5054.96   5074.65   5095.04   5112.25   5124.59   5131.45
   5134.40   5136.59   5142.17   5150.69   5159.31   5166.74   5176.00   5186.71   5201.21   5217.87   5228.91   5231.15   5227.38
   5222.44   5213.69   5197.57   5171.47   5136.32   5093.88   5052.49   5021.32   5004.41   5004.59   5019.06   5039.75   5060.64
   5082.43   5102.00   5113.98   5119.42   5129.59   5148.20   5170.15   5193.78   5222.88   5260.56   5309.25   5372.38   5453.10
   5153.10   5089.26   5041.07   5013.02   5010.89   5028.17   5052.50   5076.82   5101.64   5127.11   5150.53   5169.56   5183.68
   5195.29   5206.02   5215.85   5225.05   5235.70   5246.39   5254.09   5267.00   5286.82   5302.98   5307.85   5303.10   5294.51
   5286.79   5270.54   5242.03   5203.11   5155.96   5105.36   5060.30   5028.21   5015.60   5020.48   5035.10   5049.93   5063.22
   5078.31   5090.02   5091.61   5084.42   5085.31   5096.86   5110.58   5129.23   5153.91   5188.56   5240.14   5313.42   5413.20
   5161.50   5116.03   5080.51   5052.23   5040.00   5052.03   5079.93   5110.60   5138.56   5163.22   5186.51   5207.50   5224.04
   5238.15   5249.71   5262.90   5282.17   5301.85   5316.90   5332.26   5356.43   5374.74   5379.89   5373.54   5365.19   5355.72
   5337.58   5307.09   5265.05   5214.93   5160.63   5107.68   5061.74   5033.37   5023.40   5027.06   5036.36   5041.40   5047.20
   5055.10   5058.25   5051.82   5035.34   5027.35   5034.77   5044.70   5059.11   5081.75   5113.03   5162.65   5242.89   5357.10
   5176.20   5130.09   5101.85   5086.75   5083.75   5094.66   5117.09   5144.81   5175.68   5208.27   5236.14   5255.97   5267.68
   5279.28   5293.27   5311.40   5335.73   5363.89   5392.17   5419.62   5438.49   5443.90   5438.80   5429.43   5417.13   5396.79
   5364.29   5321.21   5271.41   5218.86   5169.70   5121.34   5073.32   5040.40   5023.77   5022.04   5024.75   5018.04   5007.09
   5006.75   5008.18   5000.15   4987.89   4978.14   4975.97   4979.65   4989.44   5011.26   5048.51   5105.87   5191.18   5314.40
   5201.90   5135.40   5101.97   5094.55   5104.53   5123.90   5148.26   5178.09   5218.14   5259.76   5290.27   5310.36   5322.48
   5334.57   5352.27   5375.09   5405.56   5443.22   5475.50   5495.39   5500.54   5492.45   5483.38   5469.97   5446.30   5412.34
   5369.15   5320.48   5273.42   5229.39   5187.75   5144.86   5095.59   5050.24   5020.27   5007.16   5007.69   5000.88   4982.16
   4961.79   4950.51   4937.17   4924.07   4917.27   4914.69   4915.20   4919.60   4935.95   4978.88   5048.85   5144.78   5287.00
   5232.00   5147.23   5111.69   5115.34   5138.68   5169.06   5204.42   5249.36   5296.63   5336.43   5367.36   5387.66   5398.25
   5413.40   5439.29   5471.27   5503.40   5530.84   5547.31   5550.55   5541.60   5529.32   5511.84   5484.28   5447.48   5403.71
   5357.26   5314.25   5274.56   5236.26   5201.63   5167.97   5125.02   5072.19   5029.58   5001.27   4995.35   4996.72   4983.14
   4956.37   4923.33   4895.27   4880.15   4878.89   4880.78   4884.45   4894.67   4915.76   4958.91   5031.03   5132.91   5275.30
   5238.80   5160.32   5146.75   5163.24   5192.38   5229.19   5272.37   5319.30   5365.29   5407.44   5443.14   5470.79   5490.56
   5508.91   5532.95   5558.32   5578.89   5590.63   5591.91   5581.89   5565.58   5542.60   5508.39   5466.60   5422.91   5381.13
   5343.97   5309.26   5273.68   5239.78   5211.24   5185.71   5156.62   5119.39   5080.27   5047.70   5025.32   5016.52   5000.77
   4971.57   4937.08   4903.42   4883.00   4877.47   4882.51   4893.85   4909.90   4935.42   4977.99   5048.37   5160.18   5323.40
   5236.70   5175.03   5169.70   5185.78   5215.87   5259.37   5308.72   5356.93   5404.11   5452.08   5494.76   5529.32   5557.72
   5581.33   5600.44   5614.71   5623.00   5622.53   5613.03   5594.30   5565.79   5522.98   5471.89   5424.13   5387.26   5361.11
   5338.13   5310.75   5279.13   5247.76   5221.48   5201.12   5183.31   5165.91   5144.67   5120.33   5094.81   5068.23   5036.11
   4999.37   4957.39   4914.36   4882.27   4874.80   4892.87   4919.79   4948.61   4981.09   5026.69   5103.09   5221.38   5396.10
   5242.20   5182.40   5169.26   5187.23   5222.65   5266.96   5319.35   5377.93   5430.36   5482.32   5531.27   5569.70   5602.18
   5627.34   5641.60   5648.24   5647.63   5636.80   5617.96   5588.17   5539.10   5471.07   5407.27   5374.90   5363.69   5356.84
   5346.12   5328.24   5305.65   5280.51   5257.89   5237.88   5219.59   5207.49   5196.54   5181.15   5159.00   5130.95   5093.93
   5046.86   4994.70   4937.48   4881.45   4882.60   4919.65   4963.51   5004.73   5044.96   5105.95   5202.33   5329.26   5484.30
   5271.00   5192.07   5167.42   5179.68   5214.66   5256.63   5316.26   5391.75   5462.22   5519.00   5566.28   5605.49   5635.61
   5655.03   5663.69   5664.17   5655.57   5639.43   5612.99   5567.32   5493.89   5402.50   5345.27   5347.41   5356.31   5364.14
   5365.92   5361.59   5350.89   5334.50   5314.07   5291.75   5271.43   5255.28   5242.96   5232.11   5217.47   5197.05   5167.32
   5126.06   5075.90   5023.43   4980.36   4978.43   5010.56   5050.04   5088.38   5145.86   5226.38   5320.62   5435.45   5574.20
   5310.20   5210.91   5178.54   5176.12   5205.18   5254.58   5331.88   5414.13   5492.60   5556.58   5603.27   5637.51   5659.35
   5670.91   5672.97   5667.61   5655.44   5636.65   5603.92   5542.02   5447.59   5357.80   5333.71   5341.60   5361.31   5381.49
   5391.86   5398.07   5398.39   5391.17   5377.48   5358.31   5337.61   5318.73   5303.72   5292.98   5282.83   5268.86   5247.38
   5218.80   5185.51   5152.48   5129.02   5126.60   5145.91   5177.78   5222.01   5281.50   5351.51   5430.23   5527.24   5656.30
   5359.20   5241.54   5210.85   5205.99   5225.89   5274.12   5361.14   5457.86   5537.25   5593.97   5631.83   5656.12   5670.91
   5677.02   5673.96   5665.19   5652.47   5633.49   5596.96   5523.35   5412.63   5344.94   5325.23   5340.98   5381.02   5409.10
   5425.42   5436.55   5443.60   5444.63   5438.88   5426.89   5410.91   5394.89   5380.59   5366.82   5355.30   5344.65   5330.78
   5313.07   5294.31   5278.32   5269.38   5271.41   5286.42   5313.10   5350.08   5395.77   5451.77   5520.92   5607.24   5723.50
   5479.20   5312.50   5263.63   5266.11   5291.73   5354.70   5441.27   5523.76   5585.38   5625.83   5649.64   5664.26   5674.27
   5678.24   5674.46   5665.31   5650.76   5630.66   5596.81   5527.35   5417.59   5348.09   5337.66   5376.52   5419.14   5447.15
   5464.65   5476.02   5484.61   5489.79   5490.69   5486.19   5477.25   5466.24   5454.76   5442.72   5431.14   5421.17   5412.04
   5401.86   5391.04   5382.93   5380.20   5384.57   5396.98   5417.40   5446.60   5485.55   5534.13   5594.60   5672.98   5782.40
   5623.10   5481.89   5409.21   5398.12   5428.19   5486.40   5543.66   5591.85   5627.76   5648.25   5657.65   5665.50   5674.12
   5677.51   5674.54   5666.60   5653.10   5632.18   5602.72   5555.68   5483.39   5426.62   5423.74   5444.92   5469.59   5489.44
   5503.85   5514.15   5520.96   5526.58   5531.56   5532.36   5528.79   5522.15   5514.02   5505.48   5497.08   5489.59   5482.93
   5476.55   5470.32   5465.74   5464.83   5469.41   5479.87   5497.54   5522.05   5553.59   5594.43   5649.40   5723.92   5828.10
   5737.40   5639.04   5586.51   5566.66   5574.93   5598.28   5621.95   5642.88   5656.14   5659.29   5659.66   5664.16   5671.36
   5673.70   5670.67   5665.15   5654.45   5637.01   5612.60   5582.60   5548.00   5518.85   5505.11   5507.09   5517.22   5529.04
   5538.79   5546.90   5552.30   5558.82   5567.77   5573.54   5574.45   5571.15   5566.26   5561.47   5556.39   5550.70   5545.47
   5540.82   5535.78   5532.10   5531.52   5535.23   5543.80   5557.07   5576.76   5603.35   5638.74   5688.16   5757.76   5857.00
   5808.10   5739.15   5695.55   5670.90   5664.01   5665.87   5670.92   5673.76   5671.64   5664.02   5658.08   5658.38   5663.77
   5666.14   5663.26   5658.17   5649.77   5637.69   5621.34   5601.56   5581.31   5564.57   5554.69   5552.88   5557.38   5563.95
   5569.74   5576.84   5587.93   5601.23   5611.50   5617.66   5619.81   5618.37   5615.10   5612.03   5608.60   5604.56   5599.78
   5594.53   5589.03   5584.81   5582.89   5584.08   5590.06   5601.96   5618.54   5640.08   5670.25   5713.47   5775.88   5871.30
   5852.20   5799.21   5758.98   5733.04   5717.60   5708.86   5701.77   5692.71   5681.47   5667.01   5656.42   5652.72   5654.65
   5657.76   5657.00   5652.52   5645.00   5634.70   5623.61   5612.39   5600.46   5589.16   5583.19   5584.68   5591.96   5601.67
   5612.77   5624.17   5638.31   5651.20   5659.48   5664.03   5664.66   5662.70   5659.16   5656.15   5652.52   5647.67   5641.46
   5634.29   5628.30   5624.32   5622.27   5623.86   5630.82   5641.88   5654.42   5671.07   5696.19   5732.88   5790.00   5881.60
   5875.90   5827.57   5794.69   5771.16   5753.00   5739.25   5725.43   5709.94   5694.67   5674.85   5662.06   5656.68   5655.20
   5656.05   5656.99   5655.40   5648.89   5639.44   5629.36   5620.97   5614.34   5612.51   5616.22   5623.88   5637.02   5655.81
   5672.28   5684.47   5694.08   5701.83   5705.49   5706.98   5706.25   5704.81   5702.02   5698.07   5693.99   5688.14   5680.70
   5673.52   5670.15   5668.39   5668.08   5670.00   5675.40   5684.40   5695.61   5709.41   5729.95   5762.06   5813.08   5890.50
   5882.50   5845.66   5819.18   5800.08   5784.22   5768.50   5752.29   5737.51   5720.42   5697.24   5683.07   5674.50   5672.00
   5673.44   5675.83   5676.41   5669.28   5659.11   5651.77   5647.83   5649.52   5657.20   5669.07   5683.28   5701.63   5722.50
   5737.50   5747.48   5753.40   5755.99   5755.65   5754.18   5753.71   5751.70   5749.28   5745.65   5742.00   5737.91   5731.47
   5726.73   5725.27   5723.11   5721.47   5722.43   5726.02   5733.15   5743.49   5756.38   5773.46   5798.71   5837.72   5897.70
   5883.20   5860.76   5845.52   5832.67   5820.38   5807.95   5796.46   5786.23   5767.81   5747.42   5733.47   5719.60   5712.13
   5714.46   5722.95   5728.31   5719.66   5708.86   5706.43   5712.20   5715.61   5729.18   5745.57   5761.94   5778.01   5789.74
   5799.54   5807.61   5813.35   5815.28   5813.15   5811.86   5811.98   5809.69   5808.73   5808.14   5805.95   5802.97   5797.58
   5794.29   5790.88   5784.79   5784.04   5785.53   5789.50   5795.26   5802.55   5811.02   5821.80   5836.88   5860.43   5896.00
   5879.00   5878.10   5876.70   5874.90   5871.80   5872.30   5870.30   5864.80   5853.20   5840.80   5830.50   5816.60   5804.90
   5803.30   5807.80   5814.20   5808.70   5810.60   5818.20   5823.40   5820.10   5829.70   5838.70   5849.70   5855.60   5859.10
   5861.70   5864.40   5871.90   5876.40   5879.10   5880.60   5882.40   5884.50   5887.70   5888.70   5888.40   5888.70   5887.40
   5886.90   5885.80   5882.80   5884.60   5888.90   5894.10   5894.90   5893.70   5893.20   5892.50   5891.00   5891.80   5891.20
   6498.40   6498.50   6498.70   6498.80   6498.60   6498.50   6498.60   6498.40   6498.00   6497.80   6497.50   6497.00   6496.40
   6495.80   6494.90   6494.00   6492.80   6491.50   6490.10   6488.60   6487.00   6485.60   6484.30   6483.10   6482.30   6481.70
   6481.40   6481.60   6482.00   6482.70   6483.80   6485.10   6486.50   6488.20   6490.10   6492.10   6494.20   6496.40   6498.70
   6501.00   6503.10   6505.20   6507.20   6509.10   6510.80   6512.40   6513.90   6515.10   6516.20   6517.30   6517.80   6518.10
   6508.70   6501.83   6497.69   6495.78   6495.66   6496.88   6499.06   6501.81   6504.78   6507.67   6510.23   6512.23   6513.63
   6514.58   6515.31   6515.91   6516.35   6516.56   6516.39   6515.68   6514.46   6512.87   6511.14   6509.60   6508.57   6508.12
   6508.27   6508.96   6509.81   6510.57   6511.40   6512.58   6514.20   6516.23   6518.52   6521.16   6524.35   6528.12   6532.33
   6536.79   6541.32   6545.72   6549.87   6553.72   6557.30   6560.68   6563.98   6567.53   6571.79   6577.16   6583.93   6592.40
   6530.10   6527.21   6528.45   6532.64   6538.67   6545.46   6552.26   6558.63   6564.51   6570.05   6575.35   6580.19   6584.17
   6586.94   6588.35   6588.53   6587.84   6586.53   6584.62   6581.94   6578.29   6574.10   6570.34   6567.47   6565.20   6563.50
   6561.94   6559.53   6556.07   6552.28   6548.80   6546.29   6545.46   6546.37   6548.68   6552.00   6556.25   6561.38   6567.37
   6574.53   6582.90   6591.67   6599.85   6606.80   6612.55   6617.23   6621.08   6624.82   6629.30   6635.08   6642.39   6651.90
   6581.20   6579.17   6583.28   6591.04   6600.69   6610.99   6620.88   6629.46   6636.17   6641.43   6646.00   6650.11   6653.43
   6655.45   6656.03   6655.28   6653.42   6650.47   6646.29   6640.72   6634.35   6628.35   6623.09   6617.77   6612.65   6608.14
   6602.56   6593.93   6582.14   6568.50   6555.43   6546.15   6541.38   6540.53   6543.37   6548.86   6556.09   6564.28   6573.29
   6583.78   6597.31   6614.49   6633.63   6651.07   6664.41   6674.44   6682.09   6687.97   6692.79   6697.73   6704.61   6714.90
   6646.90   6640.21   6641.29   6647.79   6656.78   6666.02   6674.21   6680.98   6686.51   6691.13   6694.84   6697.60   6699.44
   6700.60   6701.48   6702.36   6703.05   6703.03   6701.78   6699.19   6695.39   6690.47   6684.46   6677.49   6669.61   6661.19
   6651.68   6639.15   6621.65   6598.97   6573.19   6548.65   6528.79   6514.41   6507.12   6507.90   6517.09   6533.77   6555.68
   6580.18   6604.54   6629.40   6658.27   6689.11   6715.39   6735.21   6749.71   6760.51   6769.35   6777.75   6786.71   6797.20
   6696.90   6685.68   6684.07   6686.43   6689.99   6694.59   6700.90   6709.39   6719.21   6729.17   6738.99   6748.74   6757.90
   6766.17   6773.58   6780.03   6785.34   6789.46   6792.23   6793.27   6792.33   6789.21   6783.74   6775.63   6764.59   6750.44
   6733.17   6713.15   6691.30   6666.91   6638.47   6607.17   6576.86   6551.55   6534.72   6528.92   6534.60   6550.39   6574.07
   6604.50   6640.49   6679.74   6720.35   6756.61   6784.96   6805.83   6820.79   6831.97   6840.95   6849.66   6859.87   6872.10
   6726.10   6705.83   6696.43   6694.96   6703.59   6720.94   6741.95   6762.70   6781.14   6797.39   6811.66   6824.44   6836.04
   6845.18   6852.17   6858.34   6863.89   6869.24   6874.12   6877.66   6879.82   6881.01   6881.26   6879.64   6875.13   6866.60
   6852.87   6832.41   6804.83   6773.01   6740.35   6708.78   6679.06   6652.64   6632.44   6622.62   6624.72   6638.04   6660.89
   6695.01   6739.08   6781.64   6817.17   6845.11   6866.64   6883.08   6895.21   6904.07   6910.93   6917.43   6925.60   6938.30
   6721.50   6702.39   6707.35   6723.84   6745.76   6770.77   6796.59   6820.60   6841.09   6857.95   6872.48   6885.01   6894.96
   6899.97   6899.36   6895.78   6895.37   6903.40   6916.49   6931.05   6944.23   6954.52   6962.83   6969.98   6973.38   6971.41
   6964.41   6951.50   6931.28   6903.59   6868.94   6829.46   6791.00   6759.56   6738.92   6730.21   6733.74   6750.90   6781.49
   6818.65   6854.61   6885.73   6910.18   6928.55   6941.78   6951.00   6956.75   6959.56   6961.19   6964.09   6970.58   6983.60
   6731.10   6718.49   6724.32   6744.67   6772.39   6802.65   6833.88   6864.14   6890.59   6911.67   6928.46   6940.57   6947.15
   6945.77   6936.81   6925.31   6924.76   6943.74   6973.99   7002.83   7025.28   7043.07   7056.74   7065.40   7069.46   7069.28
   7064.64   7054.75   7038.83   7014.51   6981.49   6940.14   6894.05   6852.34   6825.44   6815.51   6823.74   6849.27   6881.54
   6911.91   6939.12   6961.56   6977.45   6987.24   6992.87   6996.29   6997.89   6997.16   6994.93   6993.75   6997.87   7013.00
   6718.90   6706.22   6717.81   6745.28   6780.11   6817.32   6854.51   6888.91   6918.27   6943.23   6963.80   6978.33   6984.23
   6983.04   6978.95   6980.09   6996.41   7024.20   7051.53   7074.32   7101.53   7126.08   7144.08   7159.26   7172.32   7175.72
   7167.51   7150.71   7129.45   7102.46   7065.60   7018.72   6965.61   6915.21   6881.84   6876.09   6894.05   6921.17   6945.63
   6966.38   6987.96   7004.60   7013.26   7017.00   7019.83   7021.92   7023.14   7023.22   7020.29   7015.05   7013.54   7026.20
   6694.20   6685.18   6701.00   6733.24   6774.75   6821.36   6863.90   6899.32   6937.23   6975.74   7006.14   7028.68   7042.08
   7051.50   7060.21   7072.60   7090.69   7113.06   7138.11   7162.90   7185.22   7209.50   7236.66   7258.57   7268.48   7266.51
   7255.51   7235.87   7206.64   7168.44   7119.80   7060.48   6996.02   6940.75   6912.45   6916.46   6939.28   6961.30   6975.84
   6991.18   7008.48   7017.75   7019.64   7020.70   7022.01   7020.99   7017.64   7013.42   7008.65   7004.38   7005.54   7022.40
   6692.60   6700.10   6715.71   6742.19   6781.94   6832.48   6885.93   6933.60   6980.08   7024.06   7059.89   7088.49   7110.50
   7127.95   7143.18   7158.86   7178.32   7202.52   7227.34   7250.93   7277.21   7306.17   7333.32   7348.17   7349.44   7341.75
   7325.34   7297.91   7257.52   7205.07   7140.51   7066.47   6994.02   6942.26   6926.96   6940.87   6962.82   6976.60   6984.53
   6996.43   7006.26   7006.22   6997.41   6988.94   6985.23   6982.42   6977.08   6968.09   6958.65   6953.81   6960.50   6990.50
   6703.30   6738.30   6771.99   6802.42   6833.90   6876.96   6933.50   6988.58   7034.29   7071.56   7103.08   7131.76   7158.70
   7179.02   7196.77   7221.45   7253.02   7283.23   7311.25   7342.03   7376.45   7405.61   7422.04   7425.14   7418.65   7402.78
   7374.95   7334.32   7280.74   7213.90   7134.41   7049.86   6977.74   6939.38   6936.80   6951.70   6966.14   6968.78   6970.03
   6976.97   6980.48   6975.04   6958.54   6940.17   6929.48   6923.32   6919.96   6913.67   6903.43   6895.36   6899.59   6933.00
   6712.40   6753.68   6800.38   6845.50   6888.46   6935.43   6987.97   7040.53   7089.84   7131.54   7164.60   7190.44   7211.35
   7232.51   7257.05   7291.65   7332.48   7373.06   7408.66   7443.59   7471.20   7487.88   7493.13   7487.25   7470.13   7440.96
   7399.31   7345.54   7280.19   7204.38   7124.57   7046.91   6980.79   6941.37   6934.60   6944.28   6953.75   6947.70   6931.01
   6928.88   6931.16   6925.63   6912.49   6896.28   6880.41   6867.76   6858.61   6851.88   6847.26   6846.16   6853.10   6888.70
   6728.20   6754.30   6799.93   6857.59   6920.48   6981.31   7036.34   7093.25   7153.53   7207.46   7245.95   7272.38   7293.26
   7319.52   7354.49   7394.40   7437.26   7477.99   7511.51   7535.69   7547.43   7549.33   7544.77   7527.56   7496.14   7452.39
   7397.96   7333.75   7261.62   7188.08   7121.56   7061.13   6999.03   6947.55   6922.61   6922.27   6934.21   6935.00   6911.10
   6880.62   6869.46   6858.87   6844.71   6835.80   6828.84   6818.84   6804.82   6792.76   6792.21   6799.39   6813.54   6860.30
   6756.70   6763.76   6816.87   6895.24   6975.16   7049.61   7124.09   7194.97   7259.88   7316.37   7361.71   7393.03   7413.99
   7444.07   7481.86   7517.90   7553.24   7582.37   7599.26   7605.55   7603.42   7593.49   7573.70   7538.69   7491.86   7435.95
   7372.69   7303.23   7234.03   7174.80   7128.36   7086.05   7035.64   6976.28   6929.74   6909.52   6916.26   6931.02   6923.11
   6886.49   6843.38   6816.02   6803.03   6804.77   6808.17   6806.26   6798.24   6787.48   6786.63   6803.48   6827.95   6871.00
   6763.80   6787.37   6866.61   6957.99   7050.03   7138.35   7220.22   7293.38   7359.21   7416.90   7466.34   7507.53   7539.58
   7568.42   7595.70   7621.82   7643.95   7657.67   7658.89   7650.56   7635.36   7609.17   7568.26   7515.39   7455.38   7391.55
   7327.01   7267.51   7216.98   7174.90   7142.81   7115.02   7082.37   7040.94   6999.50   6970.35   6955.57   6952.19   6944.61
   6915.52   6872.15   6838.49   6821.76   6815.59   6817.27   6821.01   6819.10   6812.28   6817.31   6842.46   6881.70   6944.20
   6768.90   6813.21   6903.67   7004.10   7107.55   7200.77   7282.66   7358.29   7428.23   7487.75   7541.88   7589.25   7626.16
   7654.64   7676.29   7691.67   7700.49   7700.48   7689.07   7667.73   7634.65   7585.22   7521.30   7453.58   7389.36   7335.21
   7294.19   7259.65   7227.35   7196.06   7168.21   7145.48   7123.32   7100.99   7079.31   7059.10   7039.24   7016.49   6986.89
   6947.78   6903.78   6858.58   6821.93   6810.77   6827.59   6848.88   6861.39   6870.26   6885.20   6912.97   6960.94   7031.90
   6779.70   6828.41   6922.29   7030.43   7137.71   7233.76   7319.13   7402.65   7477.57   7543.60   7599.04   7644.74   7680.25
   7707.53   7724.59   7731.05   7729.14   7717.19   7691.69   7654.12   7598.47   7519.60   7431.63   7363.17   7332.51   7320.98
   7308.17   7289.57   7267.66   7240.18   7211.77   7187.31   7164.83   7150.93   7143.13   7131.42   7114.17   7092.83   7059.62
   7004.50   6945.36   6888.77   6837.22   6827.03   6862.15   6899.19   6926.61   6954.14   6989.57   7032.47   7079.27   7133.10
   6812.00   6847.71   6938.14   7045.62   7149.19   7247.47   7340.50   7434.19   7514.56   7584.42   7638.83   7681.02   7714.09
   7738.13   7750.25   7750.32   7739.53   7715.22   7678.75   7623.19   7538.87   7426.73   7332.97   7318.32   7329.07   7342.15
   7348.19   7343.78   7330.07   7311.04   7288.65   7264.64   7242.30   7224.43   7209.67   7198.88   7190.55   7174.39   7147.30
   7106.07   7051.62   6997.40   6956.36   6948.78   6972.14   7007.32   7040.60   7078.62   7122.71   7158.83   7187.81   7228.20
   6862.70   6877.95   6957.94   7048.54   7149.23   7256.25   7364.15   7461.24   7547.39   7619.21   7671.59   7710.52   7738.46
   7754.93   7760.24   7755.16   7739.01   7708.34   7662.94   7589.32   7478.87   7356.42   7303.96   7312.76   7342.51   7377.03
   7395.72   7402.20   7400.81   7393.00   7378.72   7359.48   7338.40   7316.74   7298.57   7288.42   7282.06   7270.07   7250.14
   7223.87   7191.62   7158.62   7133.42   7126.98   7139.95   7164.06   7192.59   7221.72   7245.17   7259.68   7275.47   7312.80
   6944.60   6928.07   6996.96   7075.17   7163.76   7267.60   7392.84   7500.02   7584.01   7649.96   7695.94   7728.10   7749.24
   7759.30   7759.04   7750.65   7732.84   7701.68   7651.40   7567.27   7436.55   7325.49   7296.71   7319.32   7376.97   7419.74
   7442.89   7456.27   7464.22   7465.46   7459.72   7448.33   7433.76   7417.69   7402.62   7389.47   7377.17   7364.52   7350.80
   7334.63   7316.32   7299.21   7286.98   7282.91   7287.95   7299.13   7313.19   7325.98   7334.33   7339.24   7349.52   7384.40
   7129.70   7059.68   7080.45   7145.17   7227.77   7333.45   7456.49   7552.92   7623.31   7674.47   7709.69   7733.76   7747.97
   7753.06   7750.30   7740.93   7723.60   7695.43   7649.04   7570.69   7443.05   7335.12   7325.96   7375.87   7427.49   7461.99
   7485.26   7500.67   7510.89   7515.78   7515.79   7511.30   7503.13   7492.67   7481.45   7470.21   7458.99   7447.35   7435.58
   7423.77   7411.95   7401.22   7393.59   7390.21   7390.68   7393.77   7397.95   7401.59   7402.64   7403.69   7414.74   7452.80
   7294.90   7260.46   7266.66   7306.39   7377.59   7463.20   7542.86   7606.70   7654.58   7688.17   7711.89   7727.21   7735.29
   7738.28   7735.46   7726.50   7710.89   7687.05   7651.85   7595.79   7510.15   7436.85   7430.09   7452.87   7478.77   7500.51
   7517.57   7528.80   7537.68   7545.76   7550.27   7550.92   7548.12   7543.10   7536.70   7528.53   7519.44   7509.88   7500.36
   7490.76   7481.93   7473.35   7465.96   7460.74   7457.53   7456.02   7455.48   7454.56   7453.33   7454.83   7466.86   7506.10
   7423.00   7410.48   7430.37   7465.74   7511.73   7561.77   7605.93   7641.64   7668.33   7687.39   7700.83   7707.56   7710.46
   7712.14   7710.79   7703.94   7691.02   7671.85   7646.35   7612.04   7568.04   7527.51   7507.75   7506.81   7515.07   7525.17
   7534.70   7543.64   7554.85   7565.28   7573.68   7578.92   7580.18   7578.96   7575.19   7569.21   7561.73   7553.87   7545.10
   7535.54   7525.76   7516.33   7508.10   7501.44   7496.02   7490.80   7486.09   7483.21   7482.65   7486.77   7502.22   7542.30
   7502.00   7498.75   7518.48   7546.83   7578.01   7608.06   7632.20   7649.96   7662.46   7671.02   7675.51   7674.30   7674.15
   7676.81   7675.96   7670.08   7659.38   7644.10   7625.33   7602.69   7577.07   7552.96   7535.64   7528.73   7529.16   7535.23
   7545.00   7557.74   7570.07   7580.44   7590.30   7597.72   7600.89   7600.33   7596.90   7591.56   7584.30   7575.93   7566.88
   7557.75   7548.66   7540.53   7533.27   7526.03   7518.20   7509.66   7502.06   7497.87   7498.46   7505.37   7525.02   7567.90
   7557.40   7552.31   7566.22   7584.71   7602.71   7618.67   7630.52   7637.27   7640.83   7642.12   7638.57   7632.11   7632.21
   7635.03   7633.56   7627.45   7617.11   7602.89   7587.65   7572.36   7556.20   7541.74   7532.44   7529.19   7531.73   7542.71
   7555.87   7567.56   7578.88   7590.93   7601.46   7608.18   7610.57   7609.18   7604.66   7597.92   7589.78   7581.58   7573.50
   7565.41   7558.74   7552.79   7546.65   7539.79   7531.76   7523.21   7515.68   7511.30   7511.55   7519.77   7542.95   7590.10
   7589.80   7583.60   7588.03   7595.50   7603.24   7609.44   7612.19   7611.65   7610.12   7607.05   7596.53   7585.92   7585.93
   7585.73   7583.40   7578.08   7569.22   7556.65   7542.85   7532.03   7523.91   7519.83   7521.64   7526.98   7536.01   7546.58
   7558.81   7571.58   7583.60   7593.92   7601.97   7607.59   7609.18   7607.12   7602.24   7594.76   7587.11   7581.28   7574.77
   7568.19   7561.92   7556.43   7552.29   7547.61   7542.42   7536.06   7529.42   7525.48   7526.19   7534.82   7558.94   7604.90
   7603.20   7593.45   7593.88   7595.18   7595.67   7594.08   7588.65   7583.01   7579.83   7573.78   7556.60   7539.30   7533.55
   7534.34   7534.22   7531.89   7523.91   7513.19   7504.48   7499.22   7496.19   7501.37   7509.94   7521.74   7535.82   7547.99
   7559.03   7570.05   7580.06   7588.86   7596.16   7600.18   7602.62   7605.09   7603.03   7596.36   7589.89   7585.59   7577.72
   7569.18   7562.54   7558.15   7554.94   7553.38   7552.38   7551.28   7548.87   7546.18   7547.40   7555.40   7575.85   7614.00
   7611.00   7603.99   7600.18   7596.04   7590.33   7580.97   7571.21   7565.00   7561.56   7553.34   7531.89   7504.59   7486.70
   7489.80   7500.07   7505.85   7495.98   7484.73   7484.22   7490.19   7491.79   7497.60   7509.37   7523.94   7539.36   7550.88
   7558.49   7567.13   7574.82   7582.16   7588.38   7592.61   7600.16   7601.78   7602.63   7602.59   7600.87   7594.52   7583.85
   7579.33   7575.61   7570.11   7568.47   7569.71   7571.71   7573.65   7575.05   7574.67   7575.22   7580.40   7592.97   7620.30
   7609.30   7607.20   7606.20   7604.00   7600.80   7597.00   7590.90   7584.70   7577.30   7561.90   7540.50   7516.30   7494.80
   7487.50   7489.90   7498.00   7497.40   7499.60   7506.50   7516.90   7518.30   7529.20   7538.30   7546.20   7554.90   7561.50
   7565.50   7571.60   7579.50   7583.30   7588.80   7593.30   7597.80   7602.10   7606.50   7608.50   7610.90   7610.10   7608.50
   7610.70   7610.80   7609.10   7611.10   7612.80   7615.90   7615.30   7616.10   7616.90   7618.90   7619.90   7620.50   7619.80
   8309.70   8309.90   8310.00   8310.10   8309.70   8309.40   8309.20   8308.60   8307.80   8307.10   8306.30   8305.40   8304.40
   8303.50   8302.50   8301.50   8300.50   8299.40   8298.30   8297.40   8296.50   8295.80   8295.20   8294.70   8294.40   8294.30
   8294.40   8294.70   8295.20   8295.80   8296.60   8297.70   8298.90   8300.40   8302.30   8304.40   8306.60   8309.10   8311.70
   8314.20   8316.60   8319.00   8321.20   8323.30   8325.20   8327.00   8328.60   8330.00   8331.30   8332.50   8333.30   8333.90
   8330.40   8359.54   8390.38   8421.38   8451.52   8480.15   8506.88   8531.50   8553.87   8574.01   8591.95   8607.75   8621.57
   8633.54   8643.88   8652.75   8660.33   8666.81   8672.33   8676.89   8680.52   8683.24   8685.20   8686.55   8687.40   8687.80
   8687.86   8687.60   8686.99   8685.92   8684.33   8682.25   8679.65   8676.55   8672.87   8668.58   8663.49   8657.54   8650.50
   8642.25   8632.58   8621.19   8607.88   8592.45   8574.74   8554.69   8532.35   8507.82   8481.50   8454.01   8426.37   8400.00
   8361.90   8415.50   8471.27   8525.86   8577.47   8625.08   8668.31   8706.97   8741.19   8771.17   8797.25   8819.71   8838.82
   8854.71   8867.61   8877.91   8885.97   8892.31   8897.43   8901.66   8904.82   8906.69   8907.45   8907.43   8906.82   8905.75
   8904.43   8902.54   8899.60   8895.64   8891.25   8887.01   8882.98   8878.92   8874.58   8869.71   8864.11   8857.46   8849.56
   8840.39   8829.64   8816.74   8801.04   8781.73   8758.04   8729.44   8695.76   8657.11   8613.90   8566.71   8516.73   8466.70
   8419.70   8491.65   8565.38   8635.87   8700.70   8758.96   8810.50   8855.45   8894.06   8926.76   8954.23   8977.32   8996.64
   9012.45   9024.83   9034.09   9040.83   9045.64   9048.91   9050.96   9051.73   9051.13   9049.45   9046.99   9043.78   9039.56
   9034.33   9027.89   9019.47   9009.60   9000.60   8993.53   8987.54   8982.55   8978.58   8974.97   8971.52   8968.19   8964.70
   8960.51   8955.12   8947.96   8938.00   8924.22   8904.83   8877.85   8842.33   8798.00   8744.90   8683.71   8616.34   8546.80
   8497.70   8581.29   8665.37   8744.61   8816.43   8879.87   8934.77   8981.44   9020.21   9052.04   9078.48   9101.04   9120.52
   9137.03   9150.67   9161.75   9170.52   9177.08   9181.48   9183.76   9183.90   9182.12   9178.63   9173.52   9166.68   9157.92
   9146.84   9133.41   9117.67   9100.05   9082.00   9065.02   9049.92   9037.19   9028.02   9023.08   9021.90   9023.88   9027.96
   9032.92   9037.50   9040.29   9039.97   9035.16   9022.60   8999.17   8964.18   8918.35   8862.72   8798.64   8728.18   8654.50
   8563.70   8657.62   8752.57   8840.44   8918.17   8984.96   9041.00   9087.78   9127.68   9162.58   9193.42   9220.59   9244.50
   9265.17   9282.62   9297.04   9308.71   9317.91   9324.72   9329.10   9331.12   9330.83   9328.13   9322.66   9313.97   9301.70
   9285.34   9264.25   9238.82   9211.28   9184.00   9158.40   9135.66   9116.39   9101.57   9092.49   9090.01   9093.43   9100.64
   9110.86   9124.31   9138.87   9148.93   9148.64   9135.99   9111.20   9074.74   9026.99   8968.69   8901.17   8826.79   8749.20
   8604.10   8713.49   8821.52   8918.44   9002.25   9075.15   9138.58   9193.11   9239.48   9278.43   9310.56   9336.90   9358.36
   9375.40   9388.76   9400.34   9411.34   9421.64   9430.68   9438.26   9444.78   9450.60   9455.38   9458.00   9457.09   9451.45
   9439.99   9421.66   9395.51   9361.19   9321.52   9283.52   9250.87   9224.33   9204.47   9191.68   9187.34   9191.31   9202.48
   9219.87   9243.42   9261.62   9268.68   9264.85   9249.68   9222.73   9183.94   9133.20   9070.60   8997.00   8915.35   8831.50
   8628.40   8752.65   8875.18   8984.61   9078.37   9157.38   9223.41   9278.00   9322.35   9357.58   9385.41   9408.17   9426.99
   9441.78   9451.75   9459.55   9470.79   9485.89   9502.98   9520.67   9536.59   9551.20   9564.54   9574.92   9580.11   9580.52
   9575.97   9563.91   9542.34   9511.30   9474.18   9431.39   9382.85   9339.21   9310.03   9294.40   9290.79   9298.91   9319.24
   9344.64   9364.06   9375.33   9377.77   9370.05   9351.53   9321.68   9279.98   9226.23   9159.51   9078.10   8984.19   8887.50
   8653.50   8784.10   8912.53   9027.53   9125.57   9207.23   9274.67   9329.89   9375.42   9413.42   9443.81   9468.00   9488.50
   9503.86   9513.49   9523.21   9539.93   9564.04   9590.55   9617.58   9642.23   9664.74   9683.65   9697.58   9706.09   9707.07
   9700.85   9688.90   9670.00   9641.41   9601.61   9554.85   9502.55   9445.90   9402.88   9382.74   9381.03   9397.31   9421.51
   9439.88   9452.52   9460.87   9460.33   9449.90   9429.24   9397.54   9354.15   9298.26   9227.78   9139.13   9031.42   8916.70
   8629.00   8778.96   8923.54   9048.88   9152.61   9237.66   9306.88   9364.74   9415.60   9457.99   9491.70   9518.53   9540.80
   9557.71   9570.93   9588.14   9616.89   9650.28   9683.04   9715.41   9745.18   9773.33   9797.54   9816.90   9831.05   9834.18
   9824.29   9804.30   9778.50   9745.16   9700.75   9645.53   9583.82   9518.88   9467.47   9448.06   9453.05   9472.73   9487.05
   9492.33   9504.17   9513.02   9511.08   9499.03   9477.26   9445.12   9401.29   9343.67   9269.83   9175.77   9058.26   8927.00
   8589.50   8763.32   8923.32   9056.10   9165.09   9254.76   9329.17   9392.44   9448.11   9497.20   9539.16   9573.59   9600.68
   9623.94   9645.75   9670.84   9699.68   9732.58   9771.00   9809.19   9846.54   9879.36   9908.71   9933.06   9946.29   9946.04
   9931.76   9903.71   9866.33   9821.83   9765.46   9696.30   9620.06   9548.30   9502.52   9490.46   9502.85   9518.34   9519.15
   9516.06   9526.15   9533.09   9528.35   9515.83   9495.49   9464.89   9421.69   9363.67   9287.90   9190.62   9068.05   8929.30
   8569.10   8767.64   8940.83   9078.22   9189.86   9284.53   9368.54   9441.10   9502.93   9556.53   9601.82   9639.87   9671.88
   9700.76   9728.88   9757.98   9790.56   9827.65   9866.73   9909.22   9950.91   9987.04  10018.82  10039.75  10044.61  10035.16
  10011.46   9972.66   9922.96   9864.42   9791.37   9704.95   9614.80   9544.66   9514.21   9514.39   9530.45   9538.74   9530.50
   9521.90   9525.10   9525.81   9513.04   9493.13   9475.09   9450.63   9413.00   9358.96   9284.50   9184.84   9055.97   8910.70
   8572.70   8793.76   8985.18   9135.71   9251.55   9346.86   9432.88   9509.18   9573.33   9625.04   9666.97   9704.31   9738.99
   9771.73   9804.71   9841.95   9883.44   9925.83   9970.04  10014.52  10055.70  10093.61  10119.59  10128.18  10121.12  10098.72
  10061.24  10010.00   9947.19   9871.45   9779.94   9676.09   9583.71   9532.18   9516.35   9523.70   9537.59   9537.53   9520.21
   9504.90   9499.92   9495.35   9479.35   9453.15   9428.02   9405.63   9375.89   9329.15   9258.23   9155.24   9014.25   8850.20
   8582.00   8821.40   9028.21   9191.38   9317.28   9419.15   9507.01   9584.05   9650.49   9706.09   9751.67   9789.48   9824.58
   9860.21   9900.13   9947.58   9998.01  10043.47  10082.71  10121.27  10158.23  10188.19  10200.29  10194.41  10171.95  10134.16
  10082.28  10017.85   9940.63   9849.70   9746.28   9641.47   9564.23   9520.69   9506.32   9514.09   9528.18   9525.90   9496.75
   9470.97   9459.06   9448.72   9433.69   9413.37   9388.52   9359.39   9327.30   9286.52   9223.97   9124.85   8977.52   8793.10
   8597.10   8850.64   9069.81   9242.88   9380.49   9490.82   9585.82   9673.69   9753.86   9822.32   9875.23   9921.15   9966.59
  10011.41  10056.72  10099.81  10137.34  10170.69  10198.08  10225.26  10250.58  10263.94  10258.20  10233.73  10193.31  10139.16
  10073.13   9995.64   9906.88   9809.29   9712.36   9629.94   9565.43   9518.09   9492.93   9494.29   9510.26   9517.67   9492.02
   9450.92   9425.09   9405.20   9388.80   9376.85   9362.41   9339.48   9306.64   9264.61   9209.00   9117.99   8968.79   8769.90
   8622.60   8888.15   9121.96   9310.87   9460.60   9588.74   9708.08   9807.58   9890.55   9961.30  10026.65  10082.46  10129.06
  10170.63  10209.91  10246.17  10276.40  10296.29  10303.76  10312.13  10321.90  10313.93  10285.68  10239.92  10180.78  10111.65
  10033.45   9946.64   9853.45   9767.49   9702.66   9646.73   9593.27   9543.74   9506.44   9494.32   9501.64   9514.20   9506.94
   9468.63   9423.73   9393.35   9378.66   9374.08   9367.34   9351.45   9323.45   9284.47   9232.06   9151.08   9010.92   8815.50
   8648.80   8934.46   9185.78   9387.20   9555.00   9700.10   9823.90   9928.43  10017.49  10092.94  10158.47  10211.19  10252.83
  10285.81  10312.40  10340.62  10366.66  10381.70  10382.22  10374.31  10361.49  10328.12  10274.23  10206.69  10131.13  10050.38
   9965.32   9883.78   9814.97   9761.21   9717.76   9680.21   9643.45   9605.70   9572.31   9551.06   9542.15   9538.46   9531.13
   9504.61   9462.13   9429.15   9409.38   9397.87   9393.57   9387.91   9369.74   9336.10   9290.04   9219.69   9094.93   8908.60
   8673.40   8979.94   9246.12   9460.83   9636.80   9788.27   9914.13  10022.73  10114.38  10191.98  10258.17  10310.54  10349.75
  10377.10  10395.46  10410.67  10423.55  10426.47  10415.69  10393.71  10357.73  10296.45  10215.41  10128.41  10044.47   9968.87
   9908.37   9864.27   9823.83   9785.45   9752.21   9723.51   9697.29   9673.00   9651.25   9634.63   9620.75   9605.23   9583.16
   9551.72   9509.20   9467.81   9437.29   9426.84   9435.21   9442.82   9437.04   9418.07   9380.86   9316.37   9198.31   9023.70
   8703.90   9022.19   9293.19   9513.43   9694.19   9851.43   9979.32  10090.21  10185.16  10263.92  10328.81  10379.84  10417.36
  10441.97  10453.55  10456.84  10457.67  10444.03  10415.06  10373.29  10311.42  10218.00  10109.01  10017.90   9964.05   9937.77
   9918.43   9897.16   9871.54   9840.84   9808.85   9780.99   9757.28   9742.35   9732.86   9721.03   9707.52   9691.43   9666.71
   9626.30   9577.60   9533.81   9505.30   9497.04   9509.26   9523.78   9528.10   9522.41   9499.63   9435.49   9307.51   9137.50
   8754.40   9071.88   9336.04   9549.31   9732.85   9893.02  10026.66  10141.85  10236.93  10316.38  10379.00  10427.05  10461.03
  10481.99  10488.91  10484.90  10473.63  10445.49  10399.01  10335.79  10241.75  10112.32   9998.09   9954.43   9953.35   9968.66
   9980.53   9979.09   9965.79   9943.86   9916.20   9886.77   9859.59   9839.44   9825.04   9814.11   9806.05   9793.19   9772.06
   9740.71   9702.48   9663.60   9637.61   9630.72   9639.61   9654.75   9667.03   9666.43   9637.42   9556.43   9417.88   9234.00
   8830.40   9138.95   9382.55   9574.98   9752.54   9918.42  10064.25  10182.80  10276.19  10354.93  10415.21  10458.62  10487.42
  10503.80  10507.38  10498.12  10477.36  10439.70  10382.00  10299.50  10176.43  10034.24   9954.71   9945.29   9978.20  10023.39
  10051.08  10062.58  10062.97  10054.70  10039.20  10018.38   9995.04   9971.84   9951.53   9938.53   9929.39   9918.10   9903.49
   9882.87   9859.29   9835.75   9816.76   9808.75   9811.18   9816.44   9816.78   9802.22   9757.57   9667.26   9519.83   9324.10
   8958.80   9237.49   9455.86   9621.53   9772.06   9940.10  10102.75  10224.68  10313.25  10384.12  10438.01  10474.42  10496.77
  10507.19  10505.93  10493.24  10470.34  10430.54  10369.62  10276.89  10132.68   9995.51   9952.94   9970.26  10028.52  10078.74
  10111.20  10129.84  10138.85  10140.36  10135.16  10124.07  10109.46  10093.54  10077.93  10064.73  10052.49  10038.94  10024.77
  10009.93   9995.62   9980.97   9967.00   9955.84   9947.67   9938.67   9923.66   9894.43   9838.84   9744.25   9597.06   9402.70
   9149.90   9397.23   9576.62   9719.74   9856.66  10009.74  10157.38  10267.07  10345.21  10404.87  10447.71  10474.82  10489.37
  10493.71  10488.93  10475.68  10453.77  10418.31  10364.40  10278.31  10136.88  10014.56   9997.69  10036.59  10089.14  10130.54
  10158.78  10177.08  10189.10  10195.67  10197.78  10194.59  10187.08  10177.43  10167.59  10157.32  10145.63  10132.35  10119.30
  10106.01  10092.02  10077.20  10061.61  10045.55  10028.90  10009.63   9983.66   9944.58   9883.37   9788.38   9652.46   9483.60
   9339.60   9571.37   9750.37   9882.55  10002.23  10117.27  10220.04  10302.21  10363.37  10408.72  10440.20  10458.01  10465.15
  10464.45  10457.97  10445.70  10426.52  10398.63  10359.13  10297.67  10193.88  10102.57  10088.61  10112.59  10143.06  10168.25
  10187.59  10200.41  10214.99  10226.12  10232.57  10234.06  10231.24  10225.20  10217.85  10208.94  10198.60  10187.68  10177.29
  10163.97  10147.62  10128.99  10108.93  10087.75  10064.43  10038.16  10006.10   9963.29   9902.46   9814.34   9692.96   9548.00
   9477.90   9695.00   9879.85  10009.82  10105.57  10187.29  10255.94  10311.23  10355.79  10389.18  10411.18  10420.98  10420.98
  10416.34  10410.34  10400.24  10384.63  10363.52  10335.98  10297.36  10240.50  10181.82  10157.72  10158.05  10168.85  10181.77
  10195.34  10207.26  10222.22  10232.75  10239.12  10240.92  10238.63  10234.37  10228.46  10221.35  10213.66  10205.46  10196.00
  10180.82  10160.30  10136.87  10113.09  10088.28  10061.26  10031.03   9995.80   9952.33   9896.15   9820.39   9717.98   9597.70
   9570.20   9765.89   9936.20  10059.12  10141.91  10201.99  10249.37  10287.29  10319.95  10343.24  10358.63  10362.79  10358.83
  10352.60  10346.64  10338.10  10324.35  10306.23  10283.40  10255.10  10220.07  10185.24  10163.34  10155.70  10158.32  10166.86
  10178.93  10188.74  10200.57  10207.98  10213.36  10214.84  10212.50  10210.82  10208.51  10204.89  10197.05  10187.14  10174.36
  10155.87  10133.05  10107.48  10081.80  10057.04  10031.56  10002.20   9967.55   9925.50   9874.17   9810.01   9729.20   9638.30
   9635.90   9805.35   9952.42  10056.66  10122.34  10165.93  10199.05  10230.38  10254.75  10269.65  10280.62  10283.92  10281.16
  10275.46  10267.37  10256.19  10239.63  10217.98  10194.67  10171.43  10148.00  10126.69  10111.64  10104.93  10105.93  10113.71
  10125.25  10137.02  10145.02  10150.54  10158.79  10163.41  10163.74  10165.35  10161.70  10151.94  10141.17  10131.03  10117.76
  10098.70  10077.07  10055.35  10032.91  10010.86   9987.84   9960.33   9928.01   9890.01   9846.94   9796.42   9736.21   9672.00
   9677.60   9819.03   9932.62  10005.08  10051.92  10084.66  10113.40  10141.36  10158.44  10167.08  10174.16  10179.96  10180.10
  10174.23  10162.03  10141.46  10113.29  10088.21  10067.69  10051.55  10038.46  10027.35  10019.89  10016.96  10017.83  10024.81
  10036.46  10051.39  10060.58  10066.54  10073.72  10084.06  10093.81  10089.73  10075.62  10062.86  10054.81  10047.68  10035.90
  10019.39  10003.50   9987.08   9969.69   9951.71   9931.93   9908.63   9881.38   9849.89   9817.95   9783.83   9742.78   9701.10
   9702.20   9794.28   9867.88   9915.81   9947.34   9972.64   9996.63  10017.93  10030.60  10033.51  10034.45  10038.49  10041.74
  10036.13  10018.79   9986.17   9952.78   9930.96   9917.91   9910.35   9905.21   9899.59   9896.60   9898.38   9900.98   9909.40
   9921.94   9936.27   9945.96   9956.05   9966.32   9980.46   9983.87   9974.41   9961.03   9952.04   9948.13   9944.30   9936.42
   9926.62   9915.42   9904.02   9892.91   9881.27   9867.79   9851.05   9829.69   9807.04   9787.48   9767.30   9742.36   9718.50
   9721.00   9759.40   9792.52   9814.50   9829.07   9840.03   9849.74   9859.84   9868.49   9868.02   9860.00   9850.14   9844.11
   9836.02   9817.08   9788.03   9766.96   9755.07   9752.67   9754.61   9755.90   9756.43   9758.42   9764.98   9771.09   9780.24
   9790.57   9802.36   9811.29   9820.01   9830.12   9840.39   9838.77   9834.84   9831.90   9827.29   9827.53   9828.37   9826.29
   9822.28   9817.49   9812.20   9808.12   9804.63   9799.26   9791.16   9778.42   9764.37   9755.81   9747.94   9737.33   9724.80
   9727.80   9723.30   9719.00   9712.00   9708.00   9705.90   9701.30   9694.30   9686.30   9675.90   9661.20   9639.00   9595.60
   9548.40   9548.60   9560.80   9567.00   9574.30   9586.50   9597.00   9603.60   9612.30   9620.50   9627.70   9634.40   9644.30
   9657.00   9664.00   9667.50   9671.40   9672.40   9678.70   9686.20   9692.00   9700.10   9703.90   9707.10   9711.00   9715.50
   9716.90   9720.80   9723.60   9725.70   9727.20   9730.80   9733.60   9734.00   9733.20   9734.10   9734.50   9731.70   9726.00
   9431.40   9431.60   9431.70   9431.80   9431.60   9431.20   9431.00   9430.40   9429.60   9428.90   9428.00   9427.00   9426.10
   9425.30   9424.50   9423.80   9423.20   9422.70   9422.30   9421.90   9421.50   9421.10   9420.80   9420.50   9420.30   9420.10
   9420.00   9420.00   9420.20   9420.60   9421.20   9422.10   9423.20   9424.50   9425.90   9427.40   9429.10   9430.80   9432.70
   9434.60   9436.60   9438.50   9440.30   9442.10   9443.80   9445.50   9447.00   9448.40   9449.80   9451.10   9452.10   9452.90
   9458.40   9568.52   9661.71   9741.14   9808.90   9867.06   9917.13   9960.29   9997.66  10030.03  10058.20  10082.79  10104.25
  10122.92  10139.07  10152.82  10164.40  10174.07  10182.02  10188.53  10193.72  10197.71  10200.88  10203.26  10204.96  10206.05
  10206.33  10205.78  10204.44  10202.18  10199.08  10195.17  10190.36  10184.56  10177.74  10169.78  10160.38  10149.39  10136.42
  10121.11  10103.06  10081.92  10057.00  10027.75   9993.54   9953.49   9906.52   9851.38   9786.25   9709.45   9618.51   9511.30
   9495.10   9664.50   9803.12   9917.73  10013.37  10093.79  10161.86  10219.83  10269.44  10311.95  10348.32  10379.43  10405.99
  10428.64  10447.96  10464.18  10477.63  10488.68  10497.58  10504.67  10510.24  10514.36  10517.03  10518.41  10518.57  10517.67
  10515.82  10513.21  10509.96  10506.10  10501.67  10496.46  10490.44  10483.74  10476.25  10467.72  10457.83  10446.34  10432.79
  10416.63  10397.12  10373.53  10344.87  10310.00  10267.44  10215.70  10152.99  10077.28   9986.36   9876.99   9743.36   9576.90
   9556.70   9768.18   9933.86  10066.90  10176.08  10267.20  10343.93  10408.74  10463.47  10509.64  10548.51  10581.01  10608.27
  10631.35  10650.93  10667.24  10680.33  10690.54  10698.07  10703.30  10706.51  10708.07  10707.96  10706.27  10703.09  10698.71
  10693.05  10686.15  10678.44  10670.39  10662.44  10654.42  10646.45  10638.84  10631.08  10623.14  10615.21  10606.76  10597.26
  10585.99  10572.13  10554.42  10531.15  10500.58  10460.88  10410.14  10345.84  10264.72  10162.65  10033.69   9869.62   9659.50
   9639.90   9874.61  10058.00  10205.05  10324.87  10423.56  10505.71  10574.08  10630.66  10677.34  10715.89  10748.14  10775.64
  10799.13  10818.99  10835.38  10848.56  10858.75  10866.26  10871.22  10873.80  10873.94  10871.62  10866.86  10859.85  10850.74
  10839.68  10826.88  10812.87  10798.55  10784.45  10770.78  10757.90  10746.34  10736.13  10727.13  10719.29  10712.35  10705.84
  10699.14  10690.85  10679.27  10662.23  10637.15  10601.16  10551.03  10483.72  10396.55  10287.12  10152.09   9986.22   9779.50
   9712.80   9980.97  10185.96  10345.23  10471.24  10572.46  10654.57  10721.31  10775.79  10821.12  10859.67  10892.84  10921.20
  10945.29  10965.42  10982.06  10995.83  11007.01  11015.87  11022.41  11026.75  11028.82  11028.33  11025.00  11018.47  11008.25
  10993.83  10975.17  10953.21  10929.53  10905.60  10883.46  10864.04  10846.84  10831.47  10818.58  10808.88  10802.57  10798.97
  10796.74  10793.43  10787.19  10775.61  10753.42  10716.94  10665.04  10596.48  10509.01  10399.17  10262.08  10092.94   9886.70
   9761.60  10073.97  10295.59  10461.39  10589.83  10691.22  10772.64  10838.91  10893.51  10938.99  10977.10  11009.29  11036.48
  11059.18  11077.64  11092.86  11106.75  11120.79  11134.32  11146.22  11155.96  11163.11  11167.37  11168.47  11165.68  11158.11
  11145.27  11127.10  11103.54  11074.72  11043.21  11011.93  10982.91  10956.82  10935.02  10918.12  10907.38  10902.18  10901.10
  10901.11  10902.13  10902.62  10894.12  10874.35  10841.24  10792.77  10726.25  10639.83  10531.71  10392.85  10210.42   9982.00
   9786.40  10126.11  10360.43  10532.58  10666.44  10773.25  10858.81  10928.11  10984.83  11030.76  11067.75  11098.56  11124.56
  11145.93  11164.57  11182.86  11202.24  11222.17  11241.37  11258.93  11274.08  11286.17  11294.88  11299.98  11300.82  11296.84
  11287.21  11271.01  11248.04  11219.01  11184.41  11145.64  11106.45  11070.70  11040.42  11018.56  11006.06  11001.24  11002.92
  11008.86  11013.10  11012.17  11003.89  10984.67  10952.62  10906.51  10843.60  10761.23  10657.49  10517.19  10316.60  10042.10
   9811.80  10146.77  10394.00  10581.95  10725.41  10836.15  10922.27  10989.21  11042.96  11088.29  11128.84  11164.59  11194.24
  11219.82  11243.69  11267.81  11293.02  11319.84  11343.79  11364.44  11383.98  11402.78  11418.95  11429.65  11433.36  11430.62
  11421.51  11405.50  11381.39  11348.61  11308.61  11263.49  11215.76  11169.84  11130.59  11104.42  11090.28  11086.49  11090.67
  11095.66  11099.05  11099.46  11090.40  11070.47  11038.12  10991.40  10929.53  10851.90  10753.73  10615.17  10401.51  10066.60
   9788.20  10169.45  10437.22  10631.45  10775.15  10884.31  10970.23  11040.33  11098.54  11148.04  11190.90  11228.50  11261.48
  11291.13  11319.09  11347.37  11376.18  11404.68  11433.48  11462.96  11490.38  11515.92  11536.94  11551.19  11556.58  11552.71
  11541.70  11522.53  11492.52  11454.40  11406.67  11350.65  11292.42  11237.24  11192.46  11165.04  11153.14  11152.15  11153.50
  11151.86  11155.07  11156.22  11147.93  11128.74  11096.91  11049.84  10985.83  10905.81  10804.90  10661.23  10437.21  10068.20
   9754.40  10200.32  10485.72  10681.67  10824.11  10932.81  11020.04  11093.16  11154.77  11207.76  11253.64  11292.42  11328.21
  11361.75  11396.35  11429.85  11461.72  11493.33  11526.40  11560.28  11595.19  11626.17  11650.05  11665.15  11670.75  11666.53
  11649.54  11619.40  11579.41  11531.92  11471.87  11401.59  11331.97  11272.07  11228.59  11204.93  11197.00  11195.22  11188.01
  11178.98  11176.68  11175.05  11166.21  11148.45  11120.83  11079.71  11020.93  10941.70  10834.79  10680.87  10447.13  10073.90
   9741.10  10221.80  10522.67  10725.47  10871.22  10983.09  11074.19  11150.97  11216.28  11272.84  11321.74  11364.27  11403.12
  11440.73  11478.70  11516.25  11552.93  11587.79  11622.57  11659.37  11696.97  11728.82  11753.29  11768.92  11770.74  11758.06
  11731.11  11689.93  11637.39  11575.15  11498.99  11415.96  11341.22  11282.45  11245.48  11226.73  11220.43  11214.35  11199.62
  11185.07  11176.15  11165.59  11150.56  11130.11  11106.30  11073.90  11025.31  10953.72  10850.76  10699.98  10460.86  10056.90
   9743.50  10245.26  10557.91  10771.35  10926.06  11045.05  11141.64  11222.32  11291.38  11351.05  11401.21  11444.08  11484.64
  11526.16  11568.99  11613.35  11655.07  11692.12  11729.06  11765.68  11797.00  11827.04  11850.15  11857.67  11848.39  11822.87
  11782.05  11727.56  11660.70  11580.43  11489.58  11401.03  11327.06  11275.44  11245.43  11231.31  11226.09  11215.62  11194.53
  11173.22  11158.82  11144.61  11125.84  11101.81  11076.26  11048.86  11008.37  10945.06  10848.04  10700.14  10458.21   9998.10
   9758.80  10288.16  10611.89  10832.29  10993.64  11118.99  11221.72  11308.33  11382.81  11446.14  11500.66  11548.49  11592.18
  11632.75  11674.84  11721.93  11766.81  11804.80  11836.10  11866.21  11896.87  11921.50  11932.65  11924.76  11899.30  11857.83
  11801.97  11732.68  11650.80  11558.67  11463.64  11377.00  11309.24  11262.38  11235.11  11223.37  11219.53  11209.46  11185.23
  11156.26  11136.38  11119.35  11100.29  11078.06  11053.53  11024.46  10986.76  10931.72  10843.12  10694.44  10438.15   9944.30
   9782.10  10343.95  10679.92  10906.70  11073.26  11203.86  11311.53  11407.29  11493.32  11568.14  11637.49  11697.88  11747.81
  11791.38  11832.10  11869.19  11900.23  11927.59  11949.62  11966.70  11987.29  11999.49  11991.87  11964.12  11919.46  11860.89
  11789.49  11707.02  11617.06  11525.47  11439.38  11364.77  11304.42  11259.70  11230.68  11217.29  11213.58  11206.33  11186.49
  11154.10  11126.13  11104.25  11086.77  11070.02  11051.90  11028.33  10995.05  10945.07  10863.61  10720.29  10458.99   9937.10
   9814.40  10403.89  10748.99  10983.78  11159.85  11304.28  11426.02  11530.87  11622.73  11707.56  11786.18  11851.55  11904.02
  11947.77  11984.92  12016.07  12040.61  12055.26  12058.65  12059.05  12062.13  12052.36  12020.03  11969.08  11904.45  11829.40
  11745.81  11658.83  11574.50  11495.42  11430.04  11372.66  11322.39  11280.14  11249.08  11232.87  11225.34  11219.12  11204.63
  11175.72  11139.41  11113.15  11098.82  11086.67  11072.45  11053.84  11025.73  10981.28  10908.87  10776.02  10519.01   9993.20
   9847.80  10460.81  10819.52  11066.32  11254.39  11409.84  11543.67  11659.39  11759.23  11842.90  11913.11  11973.70  12021.78
  12059.79  12089.36  12113.48  12130.82  12141.92  12139.04  12125.27  12106.27  12067.82  12006.79  11931.83  11849.97  11766.20
  11685.88  11614.54  11550.03  11493.76  11443.95  11399.85  11360.95  11327.83  11301.21  11283.35  11270.92  11259.06  11242.54
  11216.58  11182.92  11153.71  11135.08  11123.39  11115.03  11104.97  11085.81  11050.26  10984.91  10860.21  10612.10  10084.10
   9879.40  10523.36  10893.33  11147.75  11339.51  11502.11  11646.21  11767.39  11865.91  11947.27  12017.93  12074.89  12117.13
  12150.44  12172.46  12184.41  12187.28  12184.13  12172.98  12143.36  12101.33  12033.83  11944.42  11852.43  11769.10  11699.89
  11646.00  11602.37  11559.70  11517.54  11478.87  11446.16  11418.76  11394.82  11374.65  11357.87  11343.03  11327.92  11309.31
  11283.87  11248.30  11216.12  11195.68  11186.41  11186.87  11186.04  11174.59  11146.10  11085.41  10963.02  10712.83  10216.40
   9919.50  10588.45  10958.55  11211.15  11404.61  11575.25  11722.08  11843.66  11945.05  12027.96  12095.78  12148.94  12188.03
  12213.82  12226.10  12226.02  12218.62  12200.42  12169.09  12120.39  12054.34  11955.58  11845.55  11760.93  11710.65  11681.44
  11656.82  11632.05  11604.38  11574.31  11544.00  11518.68  11498.17  11480.03  11463.65  11448.80  11435.51  11419.45  11400.50
  11379.38  11346.14  11315.60  11297.57  11290.58  11291.67  11293.35  11286.50  11260.71  11203.13  11065.19  10790.46  10332.60
   9978.60  10660.32  11016.89  11261.07  11454.32  11629.93  11779.62  11903.29  12005.26  12087.89  12153.39  12202.49  12236.87
  12256.40  12261.11  12250.82  12232.19  12201.52  12150.81  12083.38  11989.47  11866.75  11763.64  11715.85  11703.55  11706.21
  11710.40  11706.40  11692.54  11672.98  11648.39  11621.93  11597.73  11578.66  11565.07  11553.63  11541.77  11530.32  11516.72
  11497.71  11471.58  11449.02  11434.33  11426.40  11427.39  11428.97  11423.05  11396.01  11326.71  11178.37  10914.41  10431.80
  10060.90  10751.99  11086.61  11309.13  11496.89  11670.93  11827.54  11956.09  12056.50  12136.71  12196.68  12240.57  12268.23
  12281.07  12279.66  12263.14  12236.75  12195.97  12134.47  12050.03  11933.50  11807.10  11734.21  11712.09  11725.28  11752.66
  11776.39  11788.43  11789.04  11780.31  11764.70  11745.02  11724.93  11707.00  11691.98  11681.20  11670.93  11661.20  11649.94
  11634.34  11617.56  11603.01  11589.34  11580.44  11577.33  11572.77  11558.73  11523.23  11446.67  11301.20  11042.15  10525.90
  10192.90  10873.92  11181.81  11377.31  11540.58  11711.31  11876.76  12004.14  12099.61  12171.50  12225.30  12262.42  12282.42
  12288.43  12279.50  12257.83  12228.73  12185.70  12122.38  12029.51  11903.11  11787.58  11738.31  11736.55  11768.19  11807.10
  11839.54  11859.59  11869.13  11870.33  11864.04  11853.66  11842.39  11830.32  11818.85  11810.37  11802.95  11794.88  11784.11
  11770.90  11756.45  11741.45  11727.19  11714.36  11701.78  11686.14  11660.78  11615.61  11533.72  11386.49  11123.47  10617.30
  10378.20  11024.26  11308.94  11486.96  11634.21  11789.92  11934.38  12049.76  12130.26  12189.91  12234.23  12263.44  12277.26
  12276.50  12261.32  12238.28  12209.82  12170.39  12114.46  12027.05  11901.99  11804.85  11771.00  11782.29  11823.49  11863.14
  11891.64  11911.18  11924.37  11934.15  11939.66  11937.70  11932.64  11926.44  11920.72  11916.16  11910.29  11901.14  11889.05
  11875.24  11860.18  11842.68  11822.43  11798.83  11772.99  11745.46  11711.11  11659.46  11573.94  11426.90  11170.61  10705.40
  10570.50  11157.88  11447.55  11621.50  11759.63  11886.31  11996.39  12081.17  12142.44  12188.49  12222.73  12244.29  12251.94
  12245.82  12228.43  12205.15  12177.87  12146.34  12104.22  12039.23  11938.86  11852.67  11826.22  11845.61  11877.18  11903.78
  11924.82  11943.40  11959.67  11973.41  11979.86  11981.91  11982.41  11980.69  11978.18  11975.89  11969.40  11956.85  11941.61
  11928.58  11911.45  11885.71  11855.13  11821.17  11779.54  11738.33  11697.10  11645.02  11568.96  11438.39  11205.65  10778.40
  10711.60  11240.67  11547.56  11719.99  11846.52  11942.26  12023.62  12085.44  12130.09  12164.29  12190.28  12204.69  12206.78
  12196.36  12177.29  12153.88  12131.00  12107.76  12079.12  12036.78  11971.62  11909.46  11885.46  11891.29  11906.95  11923.49
  11940.63  11958.09  11970.43  11979.33  11984.86  11988.18  11992.21  11994.39  11990.88  11986.21  11978.24  11963.50  11947.90
  11929.60  11903.50  11871.37  11835.96  11794.12  11739.87  11686.86  11633.91  11574.37  11502.87  11399.83  11209.23  10837.80
  10806.30  11301.46  11604.90  11771.80  11873.61  11946.54  12007.18  12053.66  12086.08  12111.81  12132.37  12143.33  12142.17
  12125.55  12104.10  12083.78  12066.55  12049.20  12025.81  11993.98  11955.74  11918.75  11897.42  11891.63  11894.69  11904.07
  11918.87  11930.75  11939.98  11947.19  11953.06  11960.13  11967.52  11967.26  11960.81  11952.06  11937.80  11919.35  11901.11
  11875.07  11846.04  11812.23  11774.51  11729.30  11674.42  11617.63  11559.61  11498.31  11426.76  11333.04  11184.16  10884.60
  10876.60  11354.65  11619.22  11758.88  11836.40  11890.97  11942.69  11981.41  12005.92  12024.09  12041.90  12056.22  12054.21
  12033.06  12008.83  11990.60  11968.09  11941.78  11912.39  11885.04  11859.44  11834.01  11817.86  11806.92  11803.22  11813.21
  11832.30  11849.40  11861.02  11870.50  11887.93  11898.94  11904.76  11900.22  11880.56  11856.44  11836.53  11823.66  11812.41
  11787.64  11751.41  11712.21  11673.20  11634.97  11590.72  11535.56  11476.95  11420.55  11360.01  11281.44  11159.78  10921.00
  10926.40  11363.74  11568.53  11666.81  11720.99  11770.27  11818.62  11862.11  11883.62  11892.19  11906.58  11930.90  11933.72
  11910.63  11884.45  11850.78  11800.20  11760.13  11724.10  11702.31  11689.69  11673.50  11665.17  11663.44  11653.57  11662.50
  11685.83  11716.45  11737.58  11752.60  11783.65  11800.31  11799.70  11774.16  11725.00  11693.91  11691.07  11697.38  11685.59
  11658.46  11624.55  11586.53  11554.95  11526.94  11487.79  11435.12  11382.45  11339.12  11301.39  11255.81  11155.28  10953.90
  10958.40  11280.25  11422.32  11495.04  11539.43  11579.32  11624.07  11675.58  11704.75  11706.34  11708.17  11740.47  11762.62
  11741.95  11705.06  11646.21  11565.35  11519.02  11498.83  11495.37  11492.78  11469.50  11442.54  11448.19  11448.07  11447.14
  11480.08  11526.65  11556.27  11587.77  11630.09  11643.99  11615.96  11563.98  11509.61  11490.72  11506.85  11515.72  11509.54
  11491.55  11460.71  11431.56  11406.51  11377.26  11348.72  11311.62  11274.29  11251.16  11241.79  11218.28  11146.52  10974.90
  10983.50  11155.36  11233.57  11274.29  11297.43  11317.08  11344.43  11384.31  11423.72  11428.63  11413.20  11423.72  11466.95
  11465.86  11422.25  11345.54  11260.83  11217.13  11230.20  11232.58  11236.54  11216.60  11178.48  11172.77  11176.36  11189.03
  11227.80  11274.74  11298.88  11332.73  11387.22  11380.81  11326.10  11290.42  11251.99  11245.78  11271.82  11275.19  11277.70
  11278.69  11256.44  11226.24  11210.16  11195.81  11183.69  11170.49  11149.25  11147.76  11149.82  11145.44  11136.51  10986.20
  10995.30  10990.20  10986.00  10980.60  10977.80  10975.60  10972.20  10964.90  10956.00  10944.30  10929.50  10906.60  10870.00
  10817.90  10792.00  10800.50  10810.10  10820.10  10835.70  10847.80  10858.30  10869.10  10877.90  10885.30  10892.70  10900.80
  10912.80  10919.90  10923.30  10928.50  10933.20  10936.40  10939.50  10952.10  10961.60  10966.00  10971.50  10974.80  10981.50
  10983.30  10987.30  10989.60  10991.70  10994.10  10997.40  10997.40  10997.00  10996.50  10998.10  10999.10  10996.50  10989.80
  10799.70  10800.10  10800.50  10801.00  10801.10  10801.20  10801.40  10801.30  10800.90  10800.60  10800.20  10799.50  10798.90
  10798.40  10797.70  10797.10  10796.50  10795.80  10795.20  10794.60  10794.10  10793.50  10793.10  10792.70  10792.50  10792.40
  10792.50  10792.80  10793.30  10793.90  10794.60  10795.40  10796.20  10797.10  10798.00  10799.00  10800.00  10801.20  10802.30
  10803.50  10804.70  10805.90  10807.10  10808.30  10809.40  10810.50  10811.60  10812.60  10813.60  10814.60  10815.30  10815.90
  10834.10  10835.40  10836.40  10837.30  10837.90  10838.40  10838.60  10838.60  10838.30  10837.40  10836.40  10835.00  10833.40
  10831.70  10829.80  10828.00  10826.40  10824.90  10823.30  10821.70  10820.20  10818.90  10817.80  10817.00  10816.30  10815.60
  10814.80  10814.10  10813.40  10813.10  10813.10  10813.70  10814.50  10815.70  10816.90  10818.40  10819.70  10822.10  10824.80
  10827.50  10830.60  10833.50  10837.10  10841.00  10844.80  10848.90  10852.30  10855.60  10858.40  10860.80  10862.90  10865.60
  10879.90  10883.00  10885.60  10887.60  10888.90  10889.60  10890.00  10889.80  10889.50  10889.00  10888.20  10886.90  10885.30
  10883.10  10880.70  10878.10  10875.10  10871.90  10868.60  10865.20  10861.90  10858.70  10855.80  10852.80  10849.70  10846.20
  10842.90  10839.90  10837.80  10836.10  10834.70  10833.70  10832.50  10832.70  10833.30  10834.90  10837.50  10841.60  10846.00
  10851.50  10856.90  10863.70  10870.20  10877.80  10884.60  10891.90  10899.00  10906.20  10912.50  10916.60  10919.70  10922.90
  10944.80  10949.70  10953.60  10956.40  10958.80  10960.80  10962.00  10962.40  10962.50  10962.10  10960.90  10959.00  10956.90
  10955.60  10954.20  10952.00  10948.50  10944.30  10939.90  10934.90  10929.30  10923.70  10918.00  10911.40  10903.70  10895.40
  10887.80  10881.50  10874.70  10868.60  10863.10  10858.60  10856.00  10855.00  10854.60  10856.40  10859.70  10864.30  10872.10
  10880.40  10890.20  10901.50  10913.20  10925.10  10936.20  10947.20  10958.20  10968.50  10977.80  10986.60  10995.50  11004.10
  11029.10  11034.50  11039.00  11042.90  11045.60  11046.90  11047.90  11048.60  11048.20  11047.60  11047.30  11047.20  11047.70
  11048.20  11048.20  11047.30  11045.20  11042.00  11038.10  11033.70  11028.70  11022.70  11015.50  11005.70  10994.90  10982.60
  10968.60  10955.20  10942.00  10929.00  10917.60  10908.60  10900.60  10894.90  10892.00  10891.60  10893.90  10899.20  10907.50
  10918.60  10933.10  10950.30  10969.70  10989.60  11008.20  11026.60  11047.40  11065.70  11081.40  11095.20  11105.90  11110.50
  11104.70  11109.00  11112.80  11115.80  11118.20  11120.10  11121.70  11123.80  11125.90  11128.10  11130.40  11132.70  11135.30
  11137.80  11139.20  11140.30  11140.80  11140.80  11140.10  11138.10  11135.60  11131.90  11125.70  11117.10  11105.60  11091.60
  11076.70  11060.30  11041.80  11023.20  11004.70  10988.80  10974.60  10962.90  10955.90  10951.00  10950.20  10956.20  10964.80
  10978.80  10999.30  11022.90  11049.30  11080.40  11109.80  11135.40  11159.40  11180.70  11194.60  11205.00  11213.40  11220.30
  11158.20  11161.20  11165.60  11170.20  11174.70  11178.60  11182.70  11187.20  11191.40  11195.00  11198.30  11202.50  11207.00
  11212.50  11218.30  11223.00  11227.80  11232.90  11237.80  11242.20  11245.00  11245.60  11243.10  11236.60  11227.20  11213.00
  11197.50  11180.70  11160.10  11137.00  11115.60  11091.60  11073.60  11054.40  11037.10  11027.40  11025.90  11029.20  11043.30
  11064.50  11075.80  11106.00  11146.00  11184.50  11219.20  11249.30  11271.60  11292.20  11308.90  11317.00  11320.40  11321.70
  11192.00  11196.70  11201.50  11206.20  11211.80  11217.70  11224.70  11232.10  11239.00  11244.90  11250.30  11258.70  11267.80
  11276.00  11284.40  11295.00  11306.10  11317.50  11331.00  11341.90  11349.70  11352.10  11351.60  11348.30  11342.80  11332.60
  11318.70  11300.70  11280.10  11256.70  11229.50  11200.00  11173.40  11151.60  11130.50  11116.80  11109.50  11114.60  11126.00
  11145.90  11175.60  11207.30  11236.60  11274.50  11303.30  11329.80  11353.80  11370.60  11380.80  11387.30  11389.90  11388.60
  11208.70  11213.90  11220.60  11227.20  11233.40  11242.20  11252.60  11261.70  11271.10  11281.40  11293.90  11308.90  11324.40
  11338.80  11353.60  11372.20  11385.60  11399.10  11419.40  11429.30  11441.20  11449.60  11457.00  11459.90  11457.60  11448.30
  11432.80  11412.80  11389.80  11362.40  11329.50  11294.10  11261.80  11235.20  11212.40  11195.60  11188.10  11189.00  11200.20
  11220.10  11246.60  11275.90  11307.70  11335.70  11361.40  11384.20  11400.50  11410.30  11414.40  11415.00  11415.20  11416.80
  11209.20  11215.90  11222.40  11228.20  11238.70  11252.60  11265.80  11281.70  11299.50  11312.60  11330.50  11349.00  11370.50
  11392.90  11412.10  11438.30  11459.00  11468.60  11476.50  11505.00  11523.20  11542.30  11552.80  11558.40  11557.20  11547.00
  11531.80  11513.50  11485.00  11448.20  11408.30  11366.10  11329.30  11296.30  11266.90  11249.00  11241.60  11244.30  11254.80
  11267.70  11282.90  11304.70  11332.90  11358.50  11380.40  11398.60  11413.80  11423.50  11425.90  11423.10  11419.10  11421.80
  11203.00  11212.80  11221.80  11231.80  11245.10  11260.60  11279.60  11302.50  11326.80  11351.70  11375.60  11398.30  11426.40
  11450.20  11482.00  11507.70  11536.60  11564.30  11575.80  11589.40  11610.90  11630.90  11647.20  11656.00  11650.40  11635.50
  11615.20  11591.50  11557.60  11512.30  11462.60  11416.50  11371.50  11330.20  11299.50  11281.90  11275.60  11273.80  11276.60
  11280.90  11287.10  11298.20  11315.90  11334.70  11354.30  11374.80  11393.60  11407.30  11415.50  11418.40  11419.80  11421.20
  11201.80  11214.50  11227.90  11242.30  11257.30  11276.50  11300.30  11328.20  11358.90  11391.30  11423.60  11456.40  11489.50
  11518.40  11547.20  11576.40  11608.90  11637.70  11661.40  11677.20  11704.70  11726.60  11741.20  11747.90  11744.00  11720.20
  11687.60  11651.80  11605.80  11547.90  11492.70  11439.60  11391.40  11347.50  11317.60  11300.60  11287.30  11282.00  11278.10
  11275.00  11274.10  11276.50  11285.40  11295.20  11303.50  11317.70  11336.30  11350.90  11362.40  11374.70  11389.70  11406.40
  11209.20  11224.20  11241.40  11260.30  11281.90  11308.00  11340.30  11375.40  11413.70  11451.70  11488.90  11520.50  11555.50
  11592.80  11626.10  11660.00  11700.50  11734.30  11755.30  11784.20  11791.40  11802.80  11823.50  11826.70  11811.80  11780.20
  11739.10  11688.90  11626.40  11558.60  11498.50  11443.00  11392.80  11350.70  11323.70  11304.30  11288.00  11279.80  11268.10
  11259.20  11252.40  11250.50  11251.90  11254.30  11260.10  11268.50  11281.00  11292.90  11304.50  11320.00  11341.30  11365.50
  11228.30  11243.80  11264.60  11289.70  11319.90  11356.90  11397.90  11443.20  11488.40  11532.00  11571.60  11610.50  11648.80
  11687.70  11727.70  11766.30  11791.00  11825.80  11859.20  11858.20  11885.50  11885.20  11893.10  11880.90  11853.90  11814.20
  11760.10  11698.10  11624.00  11557.40  11495.50  11439.90  11391.30  11352.10  11323.00  11302.00  11284.60  11275.10  11260.30
  11246.00  11235.30  11228.60  11224.60  11224.40  11227.40  11234.80  11246.20  11261.80  11278.30  11298.00  11321.90  11348.80
  11253.30  11269.00  11292.10  11323.00  11364.40  11412.10  11463.60  11516.10  11570.80  11625.70  11676.00  11723.20  11767.80
  11813.50  11852.90  11887.70  11907.10  11920.80  11955.50  11955.30  11952.70  11958.10  11945.80  11916.60  11872.90  11818.40
  11754.40  11683.50  11616.70  11553.60  11495.30  11444.10  11399.00  11360.10  11329.00  11306.40  11290.40  11278.60  11265.00
  11247.10  11230.30  11219.30  11212.50  11211.10  11214.60  11223.20  11236.40  11253.80  11276.50  11303.90  11333.70  11362.80
  11285.40  11299.30  11324.80  11363.50  11415.60  11473.20  11533.10  11599.30  11668.40  11733.80  11791.20  11845.70  11900.40
  11945.30  11986.80  12016.40  12033.80  12034.50  12051.80  12036.50  12016.70  12003.10  11973.90  11922.50  11864.30  11802.90
  11735.70  11673.60  11612.30  11555.40  11505.10  11459.40  11417.70  11380.40  11352.00  11330.20  11314.30  11302.60  11288.00
  11268.30  11246.50  11232.90  11226.30  11225.30  11230.00  11240.90  11257.60  11280.70  11309.60  11345.20  11383.90  11420.00
  11319.10  11332.50  11362.00  11410.00  11470.70  11540.20  11627.20  11705.00  11779.30  11850.90  11920.30  11976.60  12022.30
  12062.50  12096.20  12115.10  12120.80  12119.60  12116.90  12085.90  12054.40  12019.60  11958.60  11893.10  11830.70  11774.70
  11720.30  11669.00  11619.00  11570.00  11525.30  11488.50  11455.70  11426.80  11401.60  11384.40  11369.80  11355.00  11336.80
  11317.20  11292.70  11275.40  11266.50  11266.00  11272.30  11288.60  11309.50  11337.60  11375.10  11420.40  11463.70  11499.70
  11355.10  11369.80  11405.50  11462.70  11529.20  11610.30  11709.00  11792.90  11879.00  11947.60  12022.60  12074.20  12117.40
  12155.40  12180.60  12183.40  12180.60  12168.60  12153.60  12102.90  12056.50  11992.50  11920.20  11854.00  11800.20  11755.80
  11716.30  11678.10  11641.00  11603.90  11569.00  11539.90  11515.70  11493.90  11474.60  11460.00  11451.40  11433.70  11410.10
  11389.60  11368.30  11345.70  11334.30  11337.20  11349.00  11369.70  11397.70  11434.10  11477.40  11525.40  11577.40  11607.70
  11400.00  11410.70  11447.20  11513.30  11584.40  11671.50  11772.00  11867.40  11957.70  12021.90  12094.90  12143.50  12187.00
  12222.50  12236.70  12234.60  12215.30  12190.00  12152.30  12090.10  12028.70  11938.30  11868.00  11813.10  11777.50  11750.30
  11727.00  11703.70  11680.10  11655.10  11629.00  11609.10  11592.60  11578.10  11564.50  11555.00  11548.20  11531.80  11509.40
  11504.40  11476.90  11452.30  11448.00  11451.10  11465.10  11488.40  11523.90  11560.60  11614.00  11652.90  11699.80  11729.60
  11459.90  11456.50  11484.60  11549.70  11633.60  11736.10  11856.80  11941.00  12038.30  12106.80  12164.30  12206.50  12242.60
  12267.90  12271.30  12261.20  12234.30  12196.40  12134.30  12065.70  11985.80  11901.70  11836.20  11795.20  11776.60  11768.30
  11761.50  11754.30  11745.00  11733.20  11718.80  11701.60  11688.10  11679.10  11670.80  11665.40  11657.70  11652.10  11641.50
  11635.70  11614.00  11602.40  11605.60  11607.10  11624.50  11647.90  11678.80  11722.10  11759.90  11788.50  11816.60  11844.50
  11540.50  11519.10  11534.00  11589.40  11675.90  11786.00  11909.10  12019.20  12116.00  12184.60  12228.10  12261.10  12289.70
  12304.30  12294.90  12271.90  12238.40  12188.10  12124.40  12038.80  11957.20  11873.50  11822.40  11799.30  11798.20  11802.60
  11813.60  11823.00  11825.80  11820.20  11814.40  11808.20  11801.10  11796.90  11791.80  11790.90  11787.10  11783.40  11780.00
  11776.90  11772.50  11770.40  11774.90  11786.70  11803.20  11824.10  11852.40  11879.80  11896.70  11917.10  11933.10  11944.00
  11663.20  11614.20  11611.00  11650.80  11728.50  11842.20  11986.90  12089.50  12177.70  12242.00  12280.90  12307.70  12325.50
  12326.40  12308.70  12274.70  12233.20  12180.70  12116.30  12038.40  11936.90  11870.30  11835.40  11823.60  11831.80  11854.30
  11875.40  11890.30  11905.70  11918.00  11925.00  11926.20  11926.30  11926.30  11927.50  11931.40  11933.50  11935.40  11937.10
  11941.30  11944.40  11944.30  11950.40  11969.00  11987.10  12007.80  12019.80  12034.00  12045.70  12049.10  12048.40  12045.60
  11831.90  11760.30  11735.50  11755.60  11826.20  11942.30  12077.60  12173.40  12243.40  12293.00  12321.00  12339.60  12346.50
  12335.10  12308.20  12271.80  12231.60  12183.90  12126.80  12055.40  11952.10  11891.80  11865.70  11867.90  11888.60  11918.60
  11941.60  11970.50  11988.30  12007.60  12019.90  12029.80  12041.60  12054.40  12067.70  12074.50  12079.50  12084.90  12091.90
  12099.80  12102.50  12107.70  12117.10  12129.30  12140.10  12152.50  12162.20  12171.00  12170.30  12165.70  12158.90  12145.40
  12017.70  11951.10  11919.10  11928.40  11986.60  12080.70  12178.60  12249.50  12299.60  12330.00  12348.70  12360.60  12355.90
  12335.40  12302.10  12264.40  12233.90  12198.80  12158.10  12097.60  12011.80  11953.80  11935.30  11942.40  11969.00  11996.40
  12022.50  12056.40  12075.80  12094.50  12108.10  12127.60  12148.60  12172.40  12185.60  12192.00  12200.70  12211.20  12219.90
  12224.80  12233.00  12240.90  12248.10  12255.40  12261.00  12265.70  12271.60  12274.70  12273.10  12266.40  12250.50  12229.30
  12153.60  12115.30  12091.00  12088.00  12150.00  12198.40  12268.80  12313.00  12341.80  12355.70  12369.40  12372.60  12355.50
  12328.80  12297.50  12265.10  12245.50  12224.70  12199.80  12164.60  12114.30  12061.50  12043.60  12047.90  12066.40  12091.40
  12109.10  12144.80  12158.60  12176.80  12194.90  12225.80  12242.70  12265.20  12269.90  12278.30  12293.70  12302.60  12310.00
  12316.70  12325.30  12332.70  12336.70  12341.90  12345.10  12348.20  12350.50  12348.90  12346.00  12338.20  12321.80  12297.80
  12248.10  12225.60  12213.20  12225.40  12251.30  12292.30  12330.50  12354.90  12367.60  12374.90  12382.10  12372.30  12340.60
  12303.00  12271.40  12247.80  12233.00  12224.40  12215.80  12199.80  12181.10  12163.60  12157.80  12164.10  12168.80  12182.30
  12209.00  12214.30  12236.20  12251.90  12278.40  12301.40  12314.30  12325.60  12335.40  12344.30  12356.20  12363.60  12372.90
  12380.40  12388.00  12393.90  12397.60  12400.70  12402.20  12402.90  12400.50  12396.90  12391.70  12382.30  12366.90  12347.70
  12329.50  12311.40  12304.90  12313.20  12333.20  12356.90  12373.50  12383.60  12386.70  12388.60  12387.30  12367.10  12320.50
  12266.60  12233.90  12224.40  12227.10  12236.40  12243.70  12243.10  12240.70  12238.40  12239.00  12241.20  12245.40  12249.90
  12259.50  12275.70  12291.30  12308.50  12334.10  12345.20  12356.80  12369.40  12379.30  12386.30  12394.50  12404.40  12412.80
  12422.10  12429.10  12431.90  12432.90  12431.10  12432.60  12433.20  12430.80  12426.10  12420.40  12412.10  12399.70  12384.30
  12386.90  12378.00  12377.70  12382.40  12388.90  12396.50  12401.60  12403.70  12400.70  12397.00  12389.60  12361.60  12298.10
  12235.10  12215.90  12219.00  12230.50  12251.70  12267.20  12272.70  12278.20  12280.90  12280.10  12285.50  12294.30  12297.30
  12307.00  12321.30  12331.80  12348.10  12362.50  12376.90  12384.10  12395.00  12400.20  12408.10  12417.20  12429.10  12439.80
  12445.80  12446.50  12447.30  12446.00  12448.40  12449.40  12452.10  12448.90  12444.80  12441.30  12435.50  12425.70  12415.40
  12429.50  12424.50  12421.80  12421.30  12420.60  12421.70  12422.30  12418.50  12412.20  12401.50  12392.50  12361.60  12293.40
  12227.40  12212.00  12221.40  12243.40  12266.10  12278.40  12287.70  12295.00  12303.70  12311.30  12319.00  12324.00  12328.60
  12339.50  12349.80  12360.50  12370.90  12381.00  12392.80  12401.50  12406.00  12412.70  12422.50  12434.10  12444.40  12448.60
  12453.20  12457.50  12456.90  12456.60  12459.50  12460.70  12460.80  12458.80  12455.50  12454.30  12451.20  12445.30  12437.20
  12455.60  12449.70  12445.10  12442.50  12441.20  12440.30  12438.10  12432.10  12422.30  12410.10  12396.50  12372.60  12316.00
  12249.40  12227.00  12234.80  12249.50  12269.20  12286.60  12296.70  12304.80  12315.50  12325.20  12334.80  12341.90  12344.50
  12357.60  12365.50  12375.20  12384.90  12395.30  12407.10  12410.90  12416.70  12429.10  12435.40  12444.50  12449.10  12454.30
  12458.20  12459.70  12462.00  12463.30  12465.80  12467.60  12468.30  12468.40  12465.10  12461.50  12460.90  12459.00  12451.70
  12471.00  12466.50  12462.90  12458.80  12456.20  12454.70  12452.70  12444.80  12435.50  12424.60  12407.60  12382.80  12351.30
  12303.20  12266.50  12256.70  12256.30  12270.60  12291.30  12302.70  12317.70  12329.10  12339.70  12346.70  12352.00  12359.50
  12371.90  12379.00  12385.90  12394.80  12406.80  12414.00  12421.10  12428.20  12437.00  12440.30  12445.90  12449.20  12455.30
  12456.10  12460.50  12464.70  12468.70  12470.50  12473.10  12473.30  12474.50  12472.10  12470.30  12469.20  12465.90  12460.20
     66.19     66.49     66.89     67.38     67.95     68.57     69.21     69.84     70.47     71.06     71.62     72.14     72.57
     72.92     73.21     73.39     73.46     73.44     73.31     73.07     72.69     72.16     71.51     70.78     70.03     69.30
     68.65     68.12     67.81     67.76     67.90     68.14     68.35     68.50     68.61     68.67     68.71     68.75     68.75
     68.70     68.61     68.51     68.39     68.23     68.03     67.85     67.72     67.63     67.57     67.55     67.56     67.60
     53.22     55.50     58.15     61.10     64.22     67.40     70.54     73.56     76.43     79.08     81.40     83.37     84.95
     86.14     86.95     87.36     87.39     87.07     86.39     85.35     83.97     82.28     80.35     78.20     75.87     73.50
     71.19     69.12     67.47     66.25     65.17     63.96     62.67     61.53     60.95     60.75     60.75     60.93     61.12
     61.34     61.54     61.67     61.78     61.74     61.43     61.12     61.15     61.46     61.84     62.09     62.57     63.21
     52.05     55.07     58.92     63.54     68.70     73.97     79.07     83.78     87.89     91.37     94.35     97.00     99.36
    101.33    102.73    103.41    103.38    102.69    101.34     99.36     96.81     93.85     90.52     86.79     82.77     78.59
     74.33     70.08     65.72     61.49     58.87     57.81     56.96     56.30     55.88     55.36     54.68     53.97     53.57
     53.47     53.12     52.11     51.46     51.91     52.92     54.84     57.49     60.10     62.66     65.19     67.47     69.10
     65.61     68.00     71.36     76.16     82.06     88.17     93.77     98.43    101.94    104.33    106.13    108.04    110.18
    112.24    113.78    114.49    114.24    112.91    110.44    107.22    103.68     99.83     95.66     91.17     86.24     81.15
     76.25     71.73     67.69     64.24     61.41     59.10     57.20     55.93     54.95     53.71     52.01     49.72     45.22
     41.20     39.90     40.60     43.95     49.04     54.84     60.90     66.57     71.38     75.27     78.65     81.63     83.87
     83.33     85.54     89.18     93.72     97.83    101.27    104.40    107.05    108.86    109.54    109.52    109.43    109.37
    109.36    109.39    109.26    108.79    107.84    106.45    104.66    102.57    100.40     98.22     95.69     91.78     86.61
     81.52     76.95     73.15     69.99     67.28     65.53     64.18     62.94     61.30     58.44     55.59     53.67     51.87
     49.66     47.59     45.83     45.07     46.93     52.50     60.19     67.96     74.96     81.42     87.53     93.07     97.67
    100.22    100.54    100.92    100.66    100.20    100.16    100.44    100.60    100.34     99.67     98.51     97.11     95.70
     94.51     93.54     92.88     92.62     92.94     94.49     96.14     96.70     96.38     96.00     95.39     93.33     90.35
     87.08     83.74     80.86     78.63     76.62     74.00     71.59     70.79     71.18     71.38     71.07     70.13     68.18
     66.04     62.42     57.53     53.02     51.57     55.79     64.42     72.34     77.85     85.39     93.57    100.44    106.06
    103.78     97.21     91.40     87.48     84.71     82.61     81.14     80.20     80.10     81.16     82.38     82.10     79.94
     76.92     74.33     72.90     72.92     74.37     76.33     78.26     80.43     81.74     82.54     84.04     84.89     85.62
     86.64     87.12     87.52     88.49     88.50     86.62     83.94     82.51     81.87     80.29     78.42     76.68     75.43
     74.12     72.14     68.15     62.83     61.58     65.12     70.50     75.47     78.40     83.22     90.67     97.47    102.92
     90.81     78.06     69.84     67.30     66.75     67.01     68.66     70.71     72.90     75.23     76.71     76.60     75.67
     74.18     72.38     71.36     70.56     69.87     70.04     70.78     69.62     68.20     68.92     71.78     75.96     80.25
     84.34     88.43     92.86     97.15     99.96    100.24     98.68     96.88     95.19     91.83     88.11     84.38     79.35
     73.35     68.36     67.03     67.50     65.87     66.43     71.58     75.35     76.08     77.50     82.64     88.59     90.75
     78.67     65.53     61.71     61.91     63.68     66.91     70.35     74.26     77.47     79.66     81.02     82.77     84.50
     85.72     85.48     84.96     84.57     83.46     81.41     78.12     74.72     73.10     72.71     73.62     76.26     80.56
     85.92     91.17     96.19    101.60    106.66    109.67    109.21    106.78    104.63    101.67     96.71     90.23     82.23
     74.02     67.85     63.86     62.79     65.97     73.13     78.67     76.08     71.31     72.94     79.48     85.67     85.11
     73.48     64.78     62.04     63.09     66.52     70.68     75.29     79.46     83.61     87.52     91.74     94.73     96.21
     97.19     97.70     97.79     97.66     96.89     94.94     91.84     87.67     84.67     83.82     84.30     84.57     86.50
     90.73     94.95     98.47    102.47    108.70    115.38    118.64    117.55    113.01    106.47     98.32     88.74     77.47
     64.28     55.61     54.54     56.63     63.67     71.77     75.47     72.50     68.71     70.58     76.87     83.45     87.80
     68.71     62.50     61.57     63.57     66.79     72.99     78.71     83.50     89.14     96.26    104.16    107.42    108.32
    109.37    111.25    112.33    112.59    111.51    108.79    105.66    103.02    100.73     99.74     99.10     98.57     98.62
     99.36    100.90    103.40    106.80    113.45    122.07    126.32    123.88    116.13    104.78     90.73     76.00     63.50
     54.59     43.94     38.06     41.04     46.72     51.91     53.70     53.06     54.80     60.11     66.90     73.31     78.55
     59.90     58.50     58.93     59.84     64.94     74.43     81.55     88.20     96.43    103.52    110.40    117.26    123.46
    126.18    126.61    127.18    127.37    127.13    125.63    123.40    121.28    119.79    117.67    114.83    112.99    112.08
    112.17    113.15    114.47    116.32    121.36    128.81    131.40    125.36    112.77     96.57     78.61     61.90     49.33
     40.55     32.15     25.53     22.91     21.30     19.77     18.30     18.51     21.04     25.84     32.58     39.45     45.41
     62.35     63.94     64.97     66.50     71.96     82.08     92.04     99.17    101.94    106.63    117.21    128.88    138.54
    143.06    142.22    141.77    143.18    144.09    143.25    142.47    140.48    137.21    134.08    130.80    128.05    126.28
    125.17    124.70    124.44    125.76    129.64    134.51    135.24    127.23    110.64     89.33     67.30     51.39     38.73
     26.71     17.30      9.48      2.03     -5.04    -13.34    -21.12    -24.41    -23.81    -20.26    -15.41     -9.01      0.05
     80.91     80.85     78.81     80.33     86.98     94.12    100.97    108.79    116.88    125.73    135.19    144.42    151.27
    155.24    157.12    157.48    161.33    165.94    164.52    162.26    158.37    153.09    147.33    143.81    142.38    140.49
    138.32    135.93    133.89    133.95    135.01    135.19    132.94    124.89    109.83     89.43     63.91     44.06     30.90
     18.03      4.74     -9.26    -21.08    -31.04    -41.14    -50.78    -58.76    -62.07    -60.35    -56.45    -50.99    -42.54
     96.41     92.09     88.38     90.61     97.27    104.76    112.68    123.73    138.41    152.69    164.30    172.56    177.74
    179.64    179.81    178.79    179.10    182.98    184.65    180.61    175.12    169.01    162.58    157.84    155.69    152.74
    149.44    146.18    143.09    140.83    138.27    134.22    128.05    118.65    104.41     86.29     66.45     46.46     29.00
     11.57     -5.59    -22.24    -38.26    -51.86    -63.86    -74.90    -84.10    -87.80    -84.46    -77.49    -70.88    -67.90
    100.11     93.40     94.07    102.38    113.73    125.16    136.26    148.11    163.27    179.78    193.89    204.10    211.20
    214.54    212.34    205.30    198.84    200.62    205.38    199.77    191.38    184.46    178.31    173.33    167.26    161.81
    158.93    155.77    151.92    147.25    141.44    135.06    127.06    112.23     95.92     80.66     64.39     45.53     26.13
      6.62    -12.22    -29.64    -47.20    -66.06    -82.84    -94.07   -100.89   -102.27    -96.70    -88.61    -80.52    -73.82
     99.77    100.40    109.17    120.59    132.23    144.31    156.87    170.48    185.81    203.20    220.07    233.65    241.95
    243.49    237.83    229.53    226.62    226.07    222.71    214.69    204.82    196.56    189.29    184.14    177.63    172.51
    169.04    164.97    159.44    151.93    143.49    135.31    126.91    112.22     96.32     79.24     60.56     43.25     24.25
      3.72    -17.27    -38.85    -57.55    -74.66    -91.24   -102.92   -108.37   -109.92   -109.19   -107.00    -99.89    -81.13
    107.64    111.69    117.11    126.46    137.38    148.65    161.49    177.24    196.20    216.82    235.91    251.31    260.31
    262.72    260.28    260.29    258.95    248.53    235.66    224.70    214.96    205.28    196.69    189.83    184.86    181.41
    178.20    172.81    165.46    155.91    146.03    136.67    127.99    115.44    101.30     87.47     69.44     49.74     28.28
      6.14    -17.10    -43.27    -65.27    -80.70    -94.50   -106.28   -112.93   -118.95   -129.02   -134.65   -122.85    -95.66
    120.92    116.58    112.45    115.79    126.71    139.09    154.99    174.20    196.38    220.13    241.61    260.70    276.29
    287.23    293.63    295.22    286.23    265.88    243.94    228.03    217.35    208.10    199.31    193.39    188.88    184.38
    183.53    179.65    171.43    160.79    150.16    140.71    131.13    120.63    109.38     97.45     82.94     64.49     41.94
     16.47    -11.30    -37.06    -58.15    -77.17    -93.84   -109.22   -123.15   -136.15   -141.69   -132.88   -114.62    -93.80
    134.89    122.75    112.46    109.72    112.83    125.83    148.66    171.63    197.41    227.01    256.25    283.20    305.66
    319.35    324.93    321.75    306.65    281.97    252.80    228.72    216.05    207.35    196.50    190.78    186.51    186.02
    187.51    184.95    177.43    167.66    158.32    149.34    138.83    127.19    116.26    106.17     95.34     80.41     60.11
     33.88      2.78    -25.34    -48.26    -67.67    -85.28   -103.52   -120.57   -125.63   -116.29   -101.34    -85.94    -71.38
    154.98    138.82    125.37    116.69    113.99    125.11    149.59    181.17    216.00    251.86    284.91    311.64    332.18
    344.06    346.78    339.41    321.40    295.58    262.08    230.75    212.20    202.11    190.93    185.42    183.08    184.33
    189.31    189.28    183.00    174.41    166.28    156.63    142.79    129.97    119.61    111.93    104.70     94.35     76.00
     48.58     19.59     -7.55    -30.87    -50.24    -67.12    -80.27    -89.04    -88.63    -79.90    -68.01    -56.73    -44.66
    181.73    161.02    146.62    137.46    134.57    142.58    169.44    208.40    245.55    280.54    310.88    334.72    351.16
    359.54    359.81    349.48    330.28    304.07    270.59    236.40    208.38    193.42    183.92    176.47    179.85    184.99
    188.36    188.71    185.79    179.84    171.15    160.01    146.06    132.27    123.22    117.70    110.99     99.51     81.15
     58.04     34.46     10.94    -10.85    -28.94    -43.11    -51.59    -53.40    -49.37    -42.97    -35.25    -26.99    -19.47
    217.79    192.89    176.76    169.46    170.32    182.12    207.25    241.08    276.23    306.49    331.43    350.19    362.76
    368.02    365.61    354.03    334.71    308.63    276.91    243.31    211.87    189.91    178.59    174.41    178.76    181.76
    184.24    185.63    187.12    182.76    173.38    161.16    148.95    136.84    126.69    118.87    109.78     96.91     80.88
     62.74     43.72     25.07      8.40     -6.96    -16.57    -18.78    -15.48    -10.51     -5.50     -1.07      2.26      3.22
    260.51    235.20    219.98    212.95    214.03    225.24    248.85    276.63    304.30    328.04    347.32    361.10    369.23
    370.55    364.65    352.68    334.63    310.13    280.59    249.73    219.69    195.52    182.98    179.47    180.56    180.20
    179.59    181.79    183.58    179.45    171.23    159.78    147.83    135.99    124.75    114.95    104.41     91.63     78.17
     63.47     48.23     35.30     23.91     17.52     16.81     18.12     20.41     24.00     26.98     28.53     26.49     21.19
    301.01    279.03    264.74    258.20    259.37    270.71    288.93    309.23    326.80    343.62    357.25    366.58    369.97
    367.24    357.73    344.37    327.79    306.35    280.96    254.42    229.16    208.54    194.56    185.70    184.20    183.52
    178.00    177.18    177.65    171.60    163.87    155.33    144.35    133.84    122.90    111.10     98.65     87.02     75.29
     61.96     51.97     47.51     45.45     45.87     45.89     46.73     48.59     50.05     49.03     45.31     39.06     30.97
    336.10    315.93    303.80    299.51    301.86    309.43    319.58    332.41    342.39    352.35    360.85    366.41    365.91
    359.49    347.82    332.56    316.03    297.93    277.96    257.25    237.78    221.25    207.56    197.04    190.01    184.44
    176.40    172.64    174.05    165.92    155.57    148.40    139.51    130.66    121.15    109.33     96.37     86.14     75.79
     64.98     61.51     62.26     63.01     62.30     62.25     61.53     60.64     59.05     54.88     47.80     40.51     32.55
    361.74    344.93    335.03    332.14    333.48    335.54    340.98    347.15    351.13    356.27    360.65    361.18    357.73
    349.10    336.52    321.54    305.56    289.89    274.53    259.12    244.25    230.44    217.88    207.36    197.49    186.09
    175.61    168.72    165.84    160.90    147.10    135.86    129.78    124.36    115.53    104.68     93.03     84.58     76.48
     67.05     65.44     65.49     64.74     62.61     60.82     59.56     57.10     52.83     49.07     43.18     36.14     28.30
    375.57    362.87    357.02    353.00    350.40    349.83    351.01    352.68    353.74    356.15    356.53    352.92    346.30
    336.14    323.22    309.64    296.32    282.42    268.86    257.08    245.59    233.06    221.49    211.05    199.41    184.59
    169.07    162.37    160.67    156.08    137.82    123.16    120.10    115.31    105.81     96.93     85.02     76.03     68.34
     63.33     60.18     55.45     52.49     51.03     49.50     48.18     44.66     40.93     38.18     34.20     28.16     18.49
    376.63    369.01    363.18    358.59    354.59    351.50    350.21    350.41    350.40    350.18    347.42    341.45    332.47
    321.64    308.92    295.59    284.06    271.99    259.71    249.35    239.70    228.64    217.49    206.71    193.22    179.04
    165.44    158.14    155.68    151.55    131.65    115.07    112.21    107.57     99.49     87.56     73.14     62.89     54.79
     48.95     42.09     37.10     33.74     33.86     33.92     32.42     28.98     26.82     24.97     20.61     12.75      1.74
    367.83    362.52    358.34    354.31    349.86    346.21    343.82    342.47    341.45    338.99    334.00    326.96    317.92
    306.78    294.93    281.91    270.38    258.21    246.24    238.77    230.35    219.64    208.63    197.60    185.13    170.83
    158.77    152.26    148.62    139.43    121.56    109.19    107.44    102.92     91.66     76.21     59.88     45.73     32.80
     24.69     18.85     15.16     12.95     12.83     15.19     15.26     12.92     10.49      7.40      1.22     -8.36    -20.57
    352.22    349.30    348.15    344.82    339.85    334.48    331.56    330.55    328.86    324.98    319.19    311.90    302.42
    293.22    283.61    272.63    259.20    245.76    235.06    226.81    218.56    207.45    196.47    183.99    169.87    157.80
    148.05    141.86    134.43    120.17    107.42    101.50     97.21     85.41     75.94     68.65     51.80     32.21     19.33
     10.94      4.74      1.96     -5.06     -8.80     -5.57     -4.12     -5.95     -9.14    -13.84    -22.77    -34.84    -47.18
    450.22    450.96    451.75    452.56    453.39    454.20    454.98    455.70    456.34    456.87    457.31    457.64    457.87
    458.02    458.09    458.07    457.98    457.81    457.52    457.11    456.58    455.95    455.28    454.60    453.89    453.20
    452.54    451.99    451.57    451.25    451.00    450.79    450.59    450.43    450.31    450.25    450.25    450.31    450.40
    450.50    450.59    450.65    450.70    450.75    450.81    450.88    450.94    451.01    451.13    451.27    451.47    451.72
    443.11    445.01    447.53    450.65    454.18    457.78    461.14    464.14    466.79    469.15    471.21    473.01    474.52
    475.71    476.49    476.79    476.56    475.77    474.42    472.57    470.31    467.64    464.70    461.71    458.91    456.39
    454.17    452.27    450.63    449.11    447.59    446.03    444.56    443.36    442.44    441.81    441.64    441.79    441.99
    442.24    442.47    442.63    442.68    442.71    443.01    443.50    444.12    444.86    445.84    447.12    448.34    449.38
    446.70    448.37    450.85    454.69    459.93    465.59    470.61    474.61    477.71    480.15    482.28    484.44    486.68
    488.88    490.92    492.68    493.98    494.52    493.95    491.87    488.18    483.24    477.51    471.32    465.05    459.33
    454.48    450.07    445.67    441.75    439.15    437.77    436.76    435.46    434.05    433.08    432.55    432.15    431.93
    431.98    431.74    431.35    431.52    432.79    434.80    437.56    440.99    444.48    447.95    451.42    454.63    457.18
    463.48    463.92    466.24    470.78    476.07    480.20    483.09    485.43    487.25    488.27    488.75    489.43    491.00
    493.28    495.51    497.30    498.50    498.90    498.22    495.96    491.87    486.24    479.65    472.74    466.07    459.62
    453.07    446.66    441.26    437.71    435.22    432.66    430.03    427.40    425.09    423.27    421.89    419.76    416.54
    414.62    414.48    416.19    420.83    427.31    434.51    442.06    449.15    455.30    460.45    465.04    469.20    472.62
    482.62    483.75    486.38    488.78    490.07    491.04    491.97    492.28    491.46    489.58    487.26    485.27    484.40
    484.74    485.54    486.29    486.86    487.10    486.75    485.53    483.36    480.42    476.52    471.41    465.44    459.61
    453.90    447.98    442.90    439.05    435.34    431.65    427.90    424.92    422.95    421.04    418.96    416.25    413.86
    412.75    412.90    413.67    415.57    420.72    429.91    441.56    451.96    460.06    467.63    474.79    481.32    486.95
    499.68    497.53    494.89    492.51    490.83    489.11    486.77    483.81    480.32    476.58    472.95    469.74    466.97
    464.61    462.69    461.49    461.40    462.20    463.45    464.80    466.29    467.65    467.84    466.79    464.68    461.56
    457.87    453.42    448.57    444.59    441.08    437.22    433.68    431.37    430.82    431.46    431.67    430.79    429.20
    427.64    425.00    422.43    420.29    422.06    431.04    445.46    457.89    465.02    473.17    481.90    489.42    495.73
    497.71    487.44    478.78    470.99    464.32    459.01    454.65    451.17    449.02    448.05    447.53    445.98    442.09
    436.50    431.06    427.53    426.30    426.81    428.62    430.90    433.89    437.43    441.14    445.87    450.85    454.70
    457.11    458.13    458.28    458.14    457.51    455.20    452.18    450.11    448.72    446.91    444.43    442.25    441.14
    440.09    439.04    437.87    436.21    438.51    443.20    450.64    460.57    466.27    471.85    479.71    487.00    492.97
    464.91    447.88    435.61    428.76    424.08    422.53    424.47    427.10    429.66    432.61    433.97    432.65    430.07
    427.57    423.69    418.61    414.87    412.31    411.71    412.10    410.36    408.67    410.75    417.52    427.94    439.24
    450.11    459.81    467.22    472.47    475.75    476.45    475.20    473.53    471.42    467.64    463.26    458.47    453.43
    449.18    445.67    445.17    446.46    447.62    450.41    456.36    461.69    462.73    465.06    471.60    478.35    481.33
    427.94    408.96    401.08    399.58    402.37    408.80    417.91    427.30    432.85    435.13    435.29    436.12    437.64
    438.58    437.69    435.67    432.81    429.14    423.85    416.64    410.28    407.56    408.63    412.81    419.67    430.76
    444.90    458.64    471.07    481.81    490.44    495.71    496.90    495.61    491.94    485.52    478.11    470.24    462.15
    454.12    446.86    442.83    443.82    449.82    458.54    464.94    463.10    458.61    461.03    468.58    475.74    476.49
    403.89    391.65    388.13    389.85    397.33    409.57    424.69    433.96    438.34    442.36    446.34    448.91    449.67
    450.20    450.33    449.90    448.73    446.35    441.95    435.41    429.24    423.88    422.69    427.13    432.73    441.29
    454.00    466.38    477.95    490.68    502.47    510.45    513.51    511.86    505.78    495.69    482.92    469.54    455.72
    442.14    432.57    429.41    435.75    445.89    454.91    459.04    455.42    453.61    457.75    464.69    471.47    475.27
    388.59    381.80    381.23    387.02    396.27    411.51    424.74    432.30    440.81    448.37    456.20    460.23    461.60
    463.22    465.57    467.21    467.59    466.07    462.19    459.10    457.52    455.46    454.53    453.64    455.85    461.50
    471.04    482.51    492.58    502.77    513.47    521.39    524.71    520.65    509.76    493.83    475.17    456.42    438.90
    423.98    410.95    405.91    410.95    418.98    426.35    429.22    427.44    430.42    439.86    450.25    456.82    460.71
    377.32    376.95    379.37    382.95    392.32    410.33    424.27    433.44    442.52    450.50    460.89    471.10    478.02
    482.29    485.09    486.44    487.96    489.30    489.13    489.58    490.42    492.24    492.88    489.74    486.96    486.35
    491.16    500.62    510.09    518.51    526.05    530.96    531.75    523.80    506.95    485.10    461.89    438.09    416.97
    399.54    385.24    377.94    375.39    374.78    375.13    375.43    377.04    381.98    389.83    399.01    408.99    419.90
    380.07    383.96    387.83    392.56    402.39    417.93    432.98    443.67    448.68    455.52    470.57    486.73    498.66
    504.69    506.78    506.94    509.22    514.19    516.94    520.15    521.55    523.73    524.46    522.33    520.68    519.67
    519.78    522.57    527.19    534.04    539.23    541.15    538.21    525.67    503.00    475.70    448.36    420.63    392.90
    370.29    354.88    344.66    336.57    325.91    315.60    308.29    305.93    308.83    315.69    324.98    336.67    353.26
    400.32    402.28    403.50    409.20    419.68    431.02    441.71    454.09    467.54    481.48    495.61    509.12    518.79
    524.36    528.15    529.48    533.59    541.55    545.53    547.83    548.58    547.93    545.02    545.13    548.88    551.02
    550.90    551.10    550.36    551.07    551.43    548.95    541.79    525.68    498.78    466.91    432.47    398.07    368.79
    346.39    329.15    313.89    300.48    286.45    270.26    254.73    244.71    244.15    249.74    259.23    270.41    285.78
    417.10    414.04    412.87    419.16    430.67    442.71    455.45    472.98    495.13    515.81    531.78    544.06    552.83
    557.92    559.83    559.20    558.72    563.82    571.96    573.63    572.36    570.47    568.25    568.12    572.34    574.61
    575.08    574.08    570.67    565.85    559.56    551.43    539.82    520.90    493.64    462.44    430.14    395.57    363.42
    337.32    314.15    292.37    272.82    254.38    236.39    219.76    208.24    206.63    214.64    227.03    237.91    245.11
    420.41    415.63    419.56    433.42    451.29    470.15    488.35    507.05    528.50    550.38    569.14    582.97    592.17
    597.61    599.20    596.57    592.44    591.38    596.47    598.24    594.23    592.39    590.87    590.00    589.25    589.27
    591.73    591.95    587.65    577.94    565.45    551.74    536.35    516.69    492.58    465.80    436.21    404.07    370.65
    339.24    311.81    286.43    258.42    231.79    212.10    198.47    189.57    188.52    197.37    210.46    223.25    234.02
    418.86    422.71    436.28    454.61    473.70    492.45    512.62    534.21    556.76    580.31    601.21    617.33    628.49
    633.16    632.61    629.89    629.16    628.35    623.87    618.44    613.03    608.46    604.90    603.70    602.05    602.91
    605.38    604.65    597.49    584.83    569.33    553.41    537.28    518.99    496.83    471.00    442.22    412.10    379.52
    347.80    318.18    285.36    253.55    226.51    204.40    190.55    184.00    182.38    183.34    186.10    197.76    225.58
    426.89    433.60    442.26    456.30    473.02    492.25    515.52    540.82    567.97    595.87    620.62    639.74    652.25
    659.76    663.42    665.81    666.25    659.09    645.21    633.70    626.36    618.98    613.39    610.30    609.76    611.21
    613.10    612.23    603.76    587.69    570.18    554.10    539.63    523.85    504.96    482.24    455.50    427.61    396.98
    363.23    327.38    288.65    255.06    229.66    208.57    191.80    181.50    171.90    158.41    151.11    169.77    211.43
    441.04    436.50    433.33    438.42    452.84    471.44    497.53    529.20    564.17    600.42    631.11    657.41    678.08
    692.36    699.90    702.34    696.85    679.83    658.03    641.42    630.69    622.79    616.35    613.54    612.93    612.78
    616.73    617.80    609.47    591.52    572.58    558.08    545.89    534.16    519.08    499.71    478.31    450.31    417.09
    382.29    344.52    306.23    272.63    243.07    217.45    194.58    174.24    155.70    146.39    158.57    188.62    222.43
    456.01    441.77    430.09    426.50    429.62    445.11    478.88    519.59    565.23    611.30    652.75    688.89    713.78
    727.54    732.77    728.36    715.17    695.21    673.28    647.36    629.98    621.53    612.55    609.50    608.73    612.54
    618.96    622.08    615.37    597.72    581.18    568.83    557.43    545.88    532.30    516.82    499.03    473.41    442.53
    407.57    368.28    330.40    296.94    267.00    239.45    211.97    186.88    178.02    190.10    214.28    241.23    262.87
    480.02    459.57    442.53    430.49    424.93    437.75    474.46    531.20    592.10    645.40    689.14    721.54    742.30
    752.11    752.18    744.21    729.08    708.72    679.60    647.57    628.64    615.96    604.92    601.23    602.46    608.13
    617.93    623.01    617.65    603.18    589.32    576.84    564.32    550.35    535.60    524.29    511.09    490.97    463.76
    429.85    394.60    360.53    328.99    300.82    274.50    252.75    238.46    239.69    256.33    278.21    296.16    309.56
    513.32    485.76    466.67    453.90    447.87    457.88    501.58    568.80    629.40    679.30    718.02    745.35    760.84
    764.81    761.93    753.12    736.94    713.10    678.78    645.36    620.17    604.15    592.86    586.93    595.38    605.59
    613.61    618.79    615.54    604.38    591.39    578.32    564.50    549.94    536.80    528.30    517.45    499.16    474.16
    445.35    416.52    387.92    360.20    335.70    315.56    301.44    299.39    309.53    322.51    335.55    346.39    353.06
    555.38    524.85    503.98    493.32    493.49    511.07    555.75    613.31    665.63    707.07    737.98    758.25    768.14
    769.64    766.80    757.30    739.44    713.51    678.43    641.61    610.70    591.97    582.42    581.23    591.84    599.82
    605.83    609.88    610.82    603.48    591.97    578.75    564.24    550.33    538.61    529.37    516.13    498.45    477.38
    454.53    431.14    408.27    387.21    368.76    356.85    355.06    361.94    370.55    378.28    383.67    387.19    387.25
    602.44    575.04    557.81    548.90    552.17    573.45    613.17    657.97    695.29    727.07    750.29    763.65    770.16
    770.50    764.59    753.19    736.21    711.47    679.40    644.09    613.19    593.62    585.62    585.22    590.91    597.60
    598.94    601.45    603.05    600.30    590.44    577.28    563.59    549.56    535.48    523.82    511.60    494.80    477.24
    459.32    441.71    425.96    412.31    404.25    403.65    406.52    410.50    415.07    418.13    418.47    415.89    409.49
    646.17    624.83    611.61    607.15    612.95    634.55    663.71    692.14    716.17    738.52    754.81    764.09    766.49
    763.88    754.62    741.12    724.34    702.34    676.84    650.50    625.79    608.16    598.79    595.35    597.55    600.71
    597.35    596.26    595.92    592.32    584.42    574.74    562.40    549.31    534.77    519.30    506.31    491.97    478.32
    464.90    454.20    447.27    442.37    440.55    440.33    441.49    442.77    443.67    442.18    438.34    431.31    421.46
    683.51    666.27    657.81    657.87    666.28    680.18    696.66    714.35    728.76    742.05    753.41    759.32    758.03
    752.46    741.13    725.91    708.87    690.68    672.19    652.97    635.10    621.68    613.61    609.55    607.11    603.69
    597.64    592.28    592.87    585.49    576.94    570.50    560.99    548.94    535.16    520.49    506.87    495.49    483.93
    472.81    466.86    465.09    462.45    460.26    459.53    458.22    456.60    454.62    451.43    445.39    436.10    425.79
    710.43    697.88    692.28    694.47    700.51    706.40    715.82    726.08    733.78    741.64    748.93    750.78    747.64
    739.46    727.27    712.52    696.73    681.57    667.33    653.35    639.37    629.94    623.47    619.47    613.77    606.85
    598.45    590.54    586.76    580.23    569.87    561.78    555.52    545.20    532.20    519.85    506.18    494.25    486.08
    476.92    472.22    469.33    466.57    462.89    459.96    457.89    455.09    451.16    447.40    441.90    433.69    424.15
    724.43    716.29    713.44    713.08    714.52    717.70    722.51    727.86    732.52    737.71    740.91    739.42    733.88
    723.72    711.04    698.39    686.04    673.62    662.26    651.52    642.62    633.86    625.54    621.73    617.05    605.81
    589.62    583.01    582.79    577.10    562.80    550.22    544.55    536.13    525.44    511.39    495.45    485.13    479.00
    472.76    467.35    460.45    456.17    452.88    449.85    447.75    443.82    440.05    437.51    433.64    426.47    415.28
    725.24    721.04    718.72    717.25    716.24    716.21    718.61    722.00    725.30    727.80    727.02    722.73    715.52
    706.52    695.12    683.11    673.15    663.27    653.34    646.06    640.88    632.10    623.30    618.42    612.54    597.46
    581.43    576.35    575.83    570.65    554.07    543.61    538.16    530.20    517.30    498.07    480.47    469.87    462.82
    456.56    447.82    440.87    436.16    435.80    435.26    432.42    429.27    427.39    425.10    419.84    410.97    398.50
    715.91    714.20    713.41    712.28    709.88    708.22    708.98    710.27    711.88    711.71    709.23    704.16    696.61
    687.81    678.34    668.29    659.57    650.13    640.64    636.41    632.58    625.89    616.40    608.28    599.32    585.63
    573.89    568.92    564.78    553.09    542.63    540.58    534.25    523.52    504.87    481.75    462.99    448.25    436.80
    429.33    421.72    415.91    412.68    414.12    416.10    415.36    412.83    410.31    406.72    399.53    388.99    375.61
    698.80    699.19    701.76    701.19    697.75    694.45    692.93    693.31    694.11    692.99    690.24    685.43    677.22
    668.73    663.24    658.03    648.99    637.77    628.05    622.84    617.90    611.32    603.37    591.33    579.15    569.43
    561.76    557.37    545.19    530.69    527.39    524.77    516.15    497.82    482.64    470.19    450.09    432.59    422.59
    412.33    401.24    395.35    390.54    389.43    392.41    393.61    391.82    388.51    383.44    373.86    361.13    348.13
    867.85    868.32    868.84    869.37    869.89    870.40    870.87    871.27    871.61    871.87    872.04    872.13    872.17
    872.13    872.05    871.92    871.71    871.43    871.04    870.57    870.06    869.50    868.91    868.33    867.77    867.27
    866.86    866.54    866.36    866.34    866.44    866.63    866.89    867.17    867.49    867.84    868.23    868.69    869.21
    869.75    870.32    870.91    871.47    872.01    872.55    873.06    873.57    874.09    874.62    875.19    875.78    876.40
    861.62    863.78    866.63    870.11    873.88    877.43    880.44    882.91    884.95    886.66    888.09    889.29    890.28
    891.04    891.50    891.59    891.21    890.31    888.87    886.94    884.62    881.98    879.24    876.65    874.36    872.49
    871.04    869.87    868.75    867.58    866.53    865.78    865.43    865.43    865.60    865.82    866.01    866.15    866.34
    866.59    867.04    867.83    868.93    870.33    871.95    873.62    875.29    877.04    878.88    880.96    883.11    884.99
    863.73    866.46    869.49    873.59    879.24    885.28    890.19    893.62    896.00    897.81    899.53    901.45    903.65
    906.08    908.57    910.83    912.50    913.29    912.95    911.15    907.76    902.76    896.50    889.68    883.02    877.04
    872.00    867.61    863.64    860.54    858.81    858.19    858.01    858.00    858.10    858.23    858.42    858.62    858.77
    859.36    860.33    861.93    864.53    868.28    872.29    875.88    880.14    884.79    889.02    892.87    896.21    898.72
    880.28    882.59    885.37    889.77    895.11    899.29    901.61    902.94    903.99    904.89    905.76    906.99    909.08
    911.92    915.02    917.80    919.72    920.67    920.50    918.69    914.81    908.84    901.24    892.90    884.74    877.08
    869.80    863.33    858.55    855.31    852.66    849.97    847.31    845.00    843.39    842.47    841.67    841.06    841.40
    843.02    845.89    850.11    856.36    864.16    872.56    881.22    889.39    896.35    902.01    906.81    911.06    914.53
    900.30    902.14    905.33    908.52    910.03    910.45    911.21    911.87    911.57    910.42    908.70    906.91    905.91
    905.93    906.64    907.55    908.22    908.38    907.79    906.22    903.27    898.88    893.42    887.07    880.25    873.53
    867.45    862.47    858.39    854.70    851.10    846.93    842.38    838.31    834.65    831.33    829.08    828.27    828.74
    830.92    835.26    841.27    848.78    858.07    869.14    882.93    895.36    903.82    911.21    918.14    924.43    929.79
    918.37    916.28    913.86    911.98    911.70    912.37    912.16    910.78    908.33    905.13    901.54    897.71    893.80
    890.08    886.97    884.94    884.06    884.09    884.58    885.30    885.64    885.19    884.08    882.00    879.18    876.00
    872.62    869.17    865.57    861.43    856.64    851.98    847.65    843.78    840.80    838.91    838.69    838.28    837.30
    837.59    839.80    844.45    850.41    859.85    872.32    888.36    903.58    912.04    919.28    927.30    934.08    939.63
    914.37    903.54    896.07    890.01    885.48    881.89    878.58    875.22    872.38    870.50    868.98    866.54    862.73
    857.97    853.30    850.10    848.54    848.39    850.34    853.10    855.46    858.88    863.24    867.28    871.19    874.55
    876.94    878.47    879.07    878.14    875.26    872.05    869.14    866.14    863.63    860.87    858.05    856.14    855.83
    856.74    858.95    863.28    870.69    880.72    888.69    896.68    906.35    912.77    919.49    927.34    933.12    937.80
    878.42    861.96    851.11    845.68    842.52    840.98    840.21    839.79    841.62    843.50    844.10    845.09    845.96
    846.47    846.81    845.98    845.00    843.79    841.85    839.92    838.21    837.41    839.14    843.58    851.01    861.38
    872.26    881.92    889.54    894.99    898.11    898.93    897.91    895.67    892.69    889.52    885.84    882.08    879.64
    878.70    880.89    886.51    892.45    896.67    901.32    907.55    911.86    913.05    915.28    920.43    925.59    926.94
    839.13    825.45    818.38    815.52    817.19    823.77    833.87    845.74    854.22    859.19    861.92    865.17    869.25
    872.28    875.54    878.49    879.21    876.93    870.47    862.42    855.59    850.17    846.18    845.38    848.46    857.11
    870.34    884.03    896.83    908.35    916.92    922.31    924.82    924.68    921.66    916.35    909.85    903.12    897.37
    894.29    894.57    897.13    901.67    908.15    914.45    917.72    915.77    911.98    914.59    920.85    924.76    922.34
    815.55    809.97    807.00    809.94    821.37    837.12    855.87    869.12    876.97    885.33    892.54    897.19    901.70
    905.72    907.08    908.16    907.63    906.19    901.40    891.79    882.11    876.40    873.66    873.31    875.80    881.79
    891.39    901.60    911.75    923.54    934.86    942.51    946.72    947.13    942.95    934.50    922.69    910.27    901.15
    895.33    892.55    895.91    901.93    906.66    912.51    914.57    910.86    910.00    913.79    918.63    922.45    921.21
    805.29    803.56    807.39    817.02    831.31    848.89    865.43    876.90    888.66    899.03    909.11    917.03    921.44
    925.92    930.09    933.28    935.13    936.28    935.82    929.90    923.55    919.44    917.08    914.36    911.71    913.37
    920.82    928.95    935.50    942.69    952.35    961.10    965.28    963.51    954.82    939.56    921.44    907.05    896.92
    889.01    884.12    883.68    885.22    885.52    888.19    889.53    887.26    887.95    893.34    900.79    905.87    907.29
    801.56    808.22    815.04    821.07    831.58    850.32    868.31    882.39    893.16    903.22    916.13    929.24    937.52
    943.84    949.96    955.25    960.86    966.92    971.64    974.25    974.79    975.26    973.89    969.71    963.37    958.02
    957.18    960.24    961.99    964.99    971.53    978.09    979.67    974.39    960.12    939.40    917.76    899.51    886.68
    875.22    866.34    861.45    856.50    849.85    843.18    839.54    838.50    840.92    846.59    853.89    862.27    871.72
    808.11    817.67    826.79    832.47    843.63    861.38    878.46    891.40    899.66    911.04    928.43    944.32    956.71
    964.90    971.54    975.47    981.47    992.37   1002.90   1019.35   1033.18   1035.74   1032.79   1027.44   1020.96   1013.47
   1005.04    998.41    992.53    990.76    992.53    993.68    990.87    980.63    960.66    937.86    917.17    892.58    869.17
    850.55    837.86    828.05    817.13    802.68    787.44    777.20    774.04    776.08    781.14    788.48    799.30    813.50
    825.91    830.77    839.09    849.54    861.51    874.82    888.12    903.16    919.54    937.04    954.56    969.37    981.22
    989.45    997.27   1004.44   1012.30   1025.57   1039.70   1056.27   1069.13   1069.39   1065.91   1063.62   1062.40   1056.49
   1047.20   1036.74   1027.52   1020.12   1013.54   1008.09    999.74    983.50    960.37    936.91    914.16    884.05    850.67
    826.11    805.58    785.74    769.95    754.30    737.39    722.27    714.88    716.63    722.63    731.45    742.96    758.20
    841.77    843.68    848.82    859.51    873.38    887.40    902.82    923.83    949.19    972.81    991.20   1006.05   1017.84
   1027.26   1035.25   1042.48   1048.80   1057.78   1069.25   1078.75   1086.94   1089.83   1089.42   1088.67   1089.27   1084.59
   1073.01   1061.65   1053.21   1042.86   1031.39   1020.64   1006.70    986.39    961.71    936.95    910.18    877.93    841.36
    808.61    779.13    750.91    728.66    710.59    695.69    683.54    675.20    675.83    685.16    699.13    712.19    723.87
    847.34    848.46    856.55    873.45    893.56    913.88    934.45    957.05    983.42   1009.59   1031.72   1048.65   1061.86
   1071.94   1079.05   1084.68   1087.68   1093.52   1101.98   1106.96   1108.28   1110.65   1113.64   1113.69   1112.11   1106.12
   1094.65   1083.19   1071.35   1058.30   1044.96   1030.63   1014.26    993.60    967.95    939.88    912.35    881.81    842.27
    802.84    770.60    740.84    712.93    690.12    673.71    663.20    657.46    658.12    667.58    681.78    696.33    711.77
    847.50    856.34    874.00    894.31    914.33    935.03    958.66    985.53   1014.42   1043.31   1068.92   1088.49   1101.31
   1109.79   1116.52   1121.77   1128.50   1135.45   1135.10   1132.23   1130.52   1129.14   1127.26   1128.30   1127.32   1122.96
   1114.34   1099.55   1082.82   1070.33   1057.45   1040.99   1023.36   1004.50    979.37    949.62    920.24    887.74    848.80
    809.62    774.56    742.50    713.99    689.60    672.11    661.46    656.70    656.98    659.55    665.30    678.94    708.14
    855.72    867.63    881.80    897.55    914.45    935.87    963.47    995.43   1028.96   1061.86   1090.99   1113.09   1128.70
   1140.63   1150.34   1160.86   1169.86   1169.98   1158.07   1146.94   1142.12   1136.76   1132.69   1129.82   1129.59   1130.64
   1127.99   1114.04   1092.98   1074.59   1061.17   1047.32   1031.65   1015.22    995.52    970.57    940.32    907.15    871.02
    826.99    782.52    745.34    716.59    696.47    681.50    671.40    665.57    659.32    651.06    649.21    670.26    711.03
    870.74    871.01    873.54    882.21    895.88    916.35    946.81    983.60   1023.74   1067.14   1103.04   1132.16   1157.05
   1175.16   1188.40   1198.34   1201.29   1189.56   1169.98   1154.38   1143.14   1136.34   1130.75   1128.41   1129.37   1130.40
   1133.58   1127.48   1107.77   1084.01   1067.74   1055.31   1040.67   1028.99   1016.33    995.67    969.49    938.39    899.78
    852.68    806.54    768.60    738.82    719.13    703.63    689.72    677.44    668.43    667.89    682.00    713.67    750.04
    887.29    877.89    871.27    870.46    875.04    892.74    929.00    974.70   1027.33   1079.30   1124.14   1161.26   1188.64
   1206.20   1217.11   1223.03   1219.05   1200.93   1176.67   1152.58   1138.43   1131.26   1123.02   1121.13   1122.52   1128.24
   1136.37   1137.04   1124.46   1104.92   1086.10   1069.09   1052.96   1042.07   1033.05   1018.22    996.31    965.47    926.69
    884.74    844.06    807.81    779.65    759.34    741.67    723.63    710.40    710.96    726.92    754.37    786.04    815.29
    912.59    896.34    883.40    874.64    872.86    889.23    928.17    991.03   1057.84   1111.77   1155.40   1189.05   1213.49
   1228.58   1234.91   1235.94   1228.09   1209.78   1180.87   1150.74   1133.70   1120.99   1108.43   1107.97   1114.50   1122.69
   1134.20   1138.75   1131.76   1116.66   1098.72   1080.22   1064.07   1051.42   1040.29   1029.21   1011.28    984.89    951.69
    917.20    884.47    854.75    829.47    809.20    792.48    779.66    774.56    783.30    806.03    833.09    856.18    876.94
    947.75    921.66    905.78    897.22    894.91    911.57    961.76   1032.28   1096.94   1146.27   1180.60   1208.79   1229.32
   1239.88   1245.44   1245.31   1235.30   1214.44   1182.43   1147.37   1120.40   1104.76   1092.38   1090.93   1105.72   1120.29
   1129.42   1131.70   1126.28   1115.65   1103.32   1089.02   1073.61   1057.72   1044.25   1033.87   1018.84    997.52    971.99
    945.34    919.81    895.51    874.39    858.87    849.32    844.69    849.23    864.45    883.87    901.91    915.82    926.36
    992.64    962.63    945.01    938.98    944.29    967.96   1019.39   1078.77   1132.89   1173.88   1200.16   1220.67   1235.47
   1244.00   1250.94   1250.78   1239.88   1216.46   1183.71   1144.53   1109.30   1087.05   1075.84   1080.08   1099.81   1113.99
   1120.07   1122.03   1121.62   1117.74   1108.88   1096.13   1080.92   1064.23   1049.56   1037.58   1024.95   1006.43    985.99
    965.85    946.65    928.32    916.48    909.54    907.28    912.11    922.69    934.52    945.46    955.34    961.49    963.84
   1045.02   1019.76   1004.41   1001.65   1012.05   1037.25   1079.87   1125.60   1162.75   1195.10   1214.99   1226.53   1237.06
   1242.12   1245.82   1245.14   1235.65   1214.58   1183.96   1147.59   1114.27   1090.51   1082.59   1086.92   1100.51   1112.14
   1113.68   1115.57   1121.63   1126.86   1118.58   1103.75   1089.06   1073.86   1056.64   1042.30   1029.36   1012.66    996.75
    985.76    975.46    966.77    962.89    960.72    962.06    967.46    975.19    982.78    988.34    991.85    993.88    993.95
   1095.04   1076.34   1068.84   1070.52   1081.05   1102.58   1130.17   1158.10   1183.20   1207.09   1222.81   1227.53   1231.56
   1233.64   1230.85   1226.26   1219.30   1204.29   1180.97   1154.73   1132.03   1116.52   1108.92   1108.27   1114.27   1120.55
   1117.43   1115.33   1123.39   1131.85   1128.47   1118.68   1104.55   1090.73   1074.79   1056.77   1041.75   1030.78   1021.54
   1015.11   1009.43   1006.29   1003.87   1001.25   1001.28   1004.27   1008.93   1014.60   1017.81   1018.93   1020.21   1021.57
   1135.06   1123.10   1119.87   1122.92   1132.17   1145.77   1161.55   1177.42   1193.12   1209.52   1221.00   1223.11   1221.32
   1218.78   1213.71   1205.04   1195.77   1185.94   1172.53   1157.69   1145.54   1138.59   1135.68   1134.21   1134.19   1131.43
   1126.74   1122.64   1128.52   1133.69   1133.74   1130.16   1121.39   1110.49   1097.01   1080.12   1065.92   1055.36   1044.67
   1036.95   1034.25   1033.08   1029.34   1026.01   1024.12   1023.92   1027.20   1032.30   1035.97   1037.24   1037.35   1037.94
   1161.75   1154.07   1153.84   1155.61   1158.08   1164.89   1175.35   1186.21   1196.64   1207.40   1214.53   1215.85   1210.12
   1201.43   1193.97   1186.21   1176.99   1168.93   1162.81   1156.69   1151.65   1148.75   1149.70   1151.24   1149.46   1142.82
   1138.77   1135.10   1133.59   1136.03   1136.39   1133.84   1129.86   1121.19   1107.15   1090.74   1073.92   1062.76   1057.70
   1052.46   1047.46   1044.09   1041.59   1037.06   1033.81   1032.99   1035.15   1038.51   1040.92   1040.76   1039.52   1037.22
   1174.55   1170.93   1167.65   1166.39   1164.71   1167.45   1175.72   1184.14   1193.65   1202.97   1208.30   1208.44   1201.87
   1189.61   1177.41   1169.93   1165.32   1161.18   1158.24   1157.66   1155.39   1151.30   1151.31   1155.06   1155.79   1150.56
   1140.93   1138.57   1142.48   1142.26   1137.04   1132.55   1127.60   1116.61   1103.08   1084.94   1069.07   1060.88   1058.35
   1053.39   1045.93   1043.05   1042.96   1038.86   1033.60   1033.30   1035.35   1036.13   1035.59   1033.15   1029.11   1022.34
   1170.55   1170.39   1171.28   1169.32   1164.56   1163.79   1169.29   1176.42   1184.30   1193.20   1199.83   1198.08   1190.23
   1180.12   1169.08   1162.56   1159.20   1156.18   1154.33   1156.36   1155.57   1151.77   1149.65   1150.69   1153.16   1148.77
   1139.87   1140.10   1144.01   1140.77   1135.90   1131.35   1122.62   1109.82   1093.36   1073.30   1057.80   1048.44   1042.41
   1036.62   1031.73   1030.84   1031.84   1032.84   1031.95   1029.09   1026.58   1025.86   1023.20   1018.70   1011.39    999.68
   1157.37   1161.72   1165.24   1166.00   1161.82   1159.21   1164.06   1169.67   1172.60   1176.72   1180.45   1177.91   1170.96
   1166.12   1162.84   1158.83   1156.60   1153.47   1150.86   1149.07   1147.58   1144.45   1142.07   1139.53   1138.73   1136.79
   1134.27   1133.90   1131.70   1126.81   1128.18   1126.36   1114.29   1097.88   1077.31   1056.14   1038.94   1025.88   1017.82
   1014.02   1012.73   1013.39   1015.33   1019.71   1022.51   1019.44   1013.76   1010.47   1005.94    998.27    986.98    974.80
   1139.34   1141.27   1145.94   1148.69   1149.53   1151.05   1154.22   1157.93   1159.31   1159.33   1158.81   1155.96   1151.07
   1147.81   1150.43   1154.27   1155.25   1151.45   1144.10   1136.74   1129.94   1126.13   1122.88   1120.17   1118.55   1116.25
   1116.96   1117.25   1110.03   1105.41   1105.57   1100.54   1089.09   1071.49   1054.99   1040.81   1023.08   1009.31   1001.41
    997.20    997.63    999.56   1001.49   1004.93   1007.00   1002.65    996.12    990.13    982.78    972.28    960.15    951.02
   1813.62   1813.51   1813.46   1813.45   1813.48   1813.53   1813.60   1813.69   1813.77   1813.84   1813.86   1813.82   1813.69
   1813.47   1813.18   1812.79   1812.33   1811.78   1811.19   1810.57   1809.93   1809.27   1808.61   1807.97   1807.37   1806.82
   1806.34   1805.94   1805.62   1805.40   1805.25   1805.18   1805.14   1805.14   1805.17   1805.22   1805.31   1805.43   1805.58
   1805.77   1806.01   1806.31   1806.69   1807.15   1807.67   1808.26   1808.90   1809.58   1810.28   1810.99   1811.69   1812.39
   1811.26   1812.66   1814.24   1815.97   1817.79   1819.60   1821.29   1822.78   1823.97   1824.85   1825.45   1825.79   1825.93
   1825.88   1825.61   1825.06   1824.17   1822.93   1821.34   1819.48   1817.47   1815.43   1813.48   1811.67   1810.04   1808.55
   1807.08   1805.51   1803.85   1802.28   1800.98   1800.12   1799.80   1799.97   1800.50   1801.30   1802.34   1803.62   1805.18
   1806.96   1809.06   1811.56   1814.39   1817.42   1820.47   1823.41   1826.21   1828.84   1831.23   1833.32   1835.08   1836.42
   1820.01   1822.83   1825.90   1829.13   1832.33   1835.28   1837.79   1839.59   1840.60   1841.05   1841.27   1841.54   1841.92
   1842.37   1842.78   1842.94   1842.68   1841.79   1840.07   1837.35   1833.59   1828.96   1823.92   1818.90   1814.07   1809.20
   1803.99   1798.60   1793.70   1790.06   1787.93   1787.08   1787.40   1788.90   1790.97   1793.16   1795.69   1798.49   1801.55
   1805.06   1809.45   1814.88   1820.94   1827.48   1834.31   1841.44   1848.51   1854.97   1860.58   1865.33   1869.17   1871.97
   1844.46   1847.28   1850.30   1853.05   1855.38   1857.08   1857.62   1856.87   1855.48   1854.28   1853.38   1852.69   1852.29
   1852.03   1851.76   1851.38   1850.72   1849.54   1847.62   1844.68   1840.58   1835.37   1829.16   1821.97   1813.78   1804.82
   1796.01   1788.29   1781.70   1775.91   1770.77   1766.50   1764.02   1763.78   1764.62   1765.85   1768.04   1771.44   1776.37
   1783.15   1791.96   1802.81   1814.81   1827.20   1840.77   1855.10   1868.46   1880.01   1889.66   1898.05   1905.18   1910.31
   1871.12   1871.81   1872.23   1872.05   1870.93   1869.15   1867.17   1865.11   1862.93   1860.49   1857.74   1854.79   1851.88
   1849.18   1846.67   1844.36   1842.24   1840.16   1837.83   1834.81   1830.94   1826.12   1820.32   1813.62   1806.34   1799.17
   1792.36   1785.35   1778.10   1770.80   1763.34   1755.92   1749.31   1744.46   1741.62   1740.32   1740.37   1742.85   1749.37
   1760.97   1776.09   1792.22   1808.38   1824.31   1840.85   1858.94   1877.16   1892.42   1905.66   1918.36   1929.21   1937.95
   1891.40   1887.60   1882.51   1876.90   1871.95   1867.87   1863.89   1859.63   1855.24   1850.85   1846.40   1841.92   1837.49
   1833.31   1829.66   1826.71   1824.42   1822.85   1821.73   1820.62   1819.63   1818.47   1816.62   1813.90   1810.34   1806.10
   1801.46   1796.35   1790.07   1782.30   1773.17   1763.38   1754.70   1748.16   1743.63   1740.74   1739.67   1741.12   1746.62
   1758.14   1774.70   1793.36   1812.99   1832.75   1851.86   1869.70   1886.60   1901.28   1914.50   1928.05   1940.01   1948.64
   1891.26   1878.51   1867.42   1858.65   1851.53   1845.08   1839.12   1833.96   1829.86   1826.92   1824.73   1822.49   1819.69
   1816.79   1814.59   1813.11   1812.33   1812.27   1812.00   1811.52   1812.27   1814.20   1816.78   1819.29   1820.82   1821.10
   1820.29   1817.85   1813.94   1809.19   1803.46   1796.21   1788.18   1780.64   1774.43   1769.48   1766.48   1767.55   1773.80
   1785.43   1800.93   1818.86   1838.39   1857.03   1873.05   1887.53   1901.46   1913.67   1923.85   1932.52   1941.26   1950.03
   1867.51   1850.65   1837.17   1828.49   1823.63   1821.69   1822.40   1824.49   1825.65   1825.63   1825.38   1825.62   1825.93
   1825.85   1825.88   1826.48   1827.50   1829.12   1829.94   1827.04   1822.08   1818.54   1817.23   1818.82   1825.27   1834.43
   1840.51   1842.26   1841.62   1840.17   1837.65   1833.78   1828.81   1823.47   1818.52   1813.97   1809.91   1809.37   1814.77
   1825.45   1840.23   1856.60   1870.59   1881.66   1892.37   1905.08   1917.16   1925.46   1931.37   1937.51   1944.54   1950.58
   1844.18   1833.11   1824.15   1818.05   1818.93   1825.99   1836.31   1847.91   1856.66   1862.82   1866.50   1866.78   1864.20
   1860.10   1858.11   1858.65   1859.15   1858.21   1856.63   1854.10   1849.86   1845.87   1842.52   1840.17   1840.45   1846.38
   1856.33   1864.89   1868.21   1868.11   1867.16   1865.40   1862.54   1858.78   1854.58   1850.50   1846.78   1844.53   1847.05
   1856.21   1869.26   1883.16   1894.89   1901.37   1907.00   1915.57   1923.79   1929.70   1934.88   1941.02   1947.82   1951.42
   1830.71   1825.42   1820.89   1822.42   1833.56   1849.58   1866.79   1880.22   1892.77   1905.21   1914.57   1919.77   1918.32
   1910.58   1902.10   1896.36   1893.46   1893.06   1890.47   1886.99   1885.73   1886.19   1886.48   1886.09   1885.65   1885.29
   1887.05   1894.10   1899.17   1897.77   1894.96   1891.94   1888.01   1883.20   1877.54   1871.17   1862.80   1858.97   1863.07
   1870.84   1881.06   1892.07   1897.84   1899.93   1904.99   1911.83   1918.36   1926.19   1934.20   1941.80   1947.56   1947.25
   1827.79   1827.27   1830.44   1838.19   1851.45   1868.65   1886.02   1901.08   1915.98   1930.84   1943.90   1953.24   1956.68
   1954.68   1949.48   1943.57   1940.00   1938.12   1934.83   1930.26   1927.73   1930.14   1934.06   1936.19   1934.20   1932.15
   1933.19   1934.67   1933.74   1928.51   1920.64   1912.29   1904.74   1896.36   1885.75   1871.66   1862.50   1864.69   1869.45
   1875.05   1880.54   1883.99   1883.95   1882.99   1884.07   1886.89   1892.57   1900.48   1909.14   1917.44   1923.85   1927.11
   1829.32   1835.57   1841.52   1846.68   1857.23   1875.50   1895.94   1912.81   1925.67   1939.33   1955.49   1970.14   1979.63
   1983.79   1985.32   1985.41   1983.71   1982.91   1982.71   1980.26   1979.14   1980.72   1983.55   1984.48   1982.46   1978.75
   1975.82   1970.56   1962.04   1951.79   1938.53   1926.30   1916.71   1904.31   1887.81   1869.01   1861.03   1863.85   1866.88
   1869.16   1869.11   1865.59   1858.53   1849.59   1845.26   1846.08   1848.43   1852.37   1858.58   1867.16   1876.01   1884.20
   1830.43   1846.26   1856.58   1861.03   1869.47   1886.59   1905.89   1921.75   1935.67   1951.15   1969.49   1986.59   1997.95
   2005.87   2013.78   2019.99   2022.94   2027.08   2032.15   2036.45   2040.07   2039.23   2036.54   2037.53   2040.82   2034.99
   2021.55   2003.75   1985.40   1968.58   1951.00   1937.08   1926.11   1910.03   1887.48   1868.35   1859.79   1856.57   1853.12
   1848.15   1842.00   1832.51   1818.64   1805.09   1797.41   1795.37   1795.05   1796.71   1801.86   1810.49   1821.55   1834.89
   1841.96   1856.96   1868.34   1877.79   1888.33   1900.72   1915.20   1932.95   1953.89   1976.71   1997.30   2012.12   2022.35
   2033.01   2044.38   2053.35   2063.07   2075.83   2087.12   2092.11   2096.86   2097.88   2090.70   2085.79   2084.31   2075.07
   2053.94   2030.06   2008.71   1987.55   1965.89   1948.03   1933.06   1912.50   1887.85   1870.86   1859.14   1844.68   1828.32
   1814.85   1802.20   1788.75   1775.82   1763.30   1751.24   1743.30   1741.22   1743.50   1751.46   1763.87   1778.80   1794.20
   1858.21   1866.42   1874.86   1886.50   1900.81   1915.86   1932.79   1955.21   1982.99   2010.15   2031.31   2047.73   2061.48
   2074.12   2086.93   2098.08   2110.16   2124.47   2138.15   2147.98   2149.15   2144.66   2132.97   2121.42   2110.14   2093.15
   2070.81   2049.60   2030.50   2010.52   1989.58   1967.62   1944.46   1916.93   1890.62   1873.46   1857.57   1836.16   1813.76
   1791.80   1768.38   1746.79   1731.08   1719.81   1710.15   1701.02   1695.30   1696.88   1707.33   1724.00   1742.70   1760.31
   1871.12   1875.11   1884.07   1900.10   1920.38   1942.45   1966.92   1993.54   2022.36   2050.89   2074.96   2095.41   2111.97
   2125.72   2139.13   2149.92   2162.11   2177.13   2189.38   2195.78   2193.22   2181.16   2164.22   2146.80   2128.22   2107.58
   2086.44   2067.86   2049.72   2030.76   2010.96   1987.56   1959.99   1929.07   1900.02   1877.48   1859.11   1838.36   1814.26
   1788.15   1758.82   1730.34   1708.67   1693.95   1683.49   1677.08   1675.76   1680.07   1689.09   1701.73   1717.62   1738.64
   1878.63   1884.61   1900.51   1921.29   1943.32   1966.90   1993.57   2024.82   2057.77   2090.22   2120.11   2144.38   2163.52
   2179.94   2194.49   2207.55   2218.62   2224.15   2228.73   2227.55   2216.10   2197.71   2177.75   2157.33   2139.04   2122.41
   2104.00   2082.51   2057.37   2034.27   2015.39   1997.08   1976.39   1950.97   1923.33   1896.05   1871.85   1850.38   1826.15
   1796.05   1764.36   1735.79   1711.36   1694.11   1684.83   1682.14   1682.73   1684.89   1688.94   1698.70   1717.91   1742.39
   1885.01   1893.77   1909.81   1927.41   1945.48   1968.60   2001.34   2039.89   2078.08   2115.16   2151.16   2182.54   2209.29
   2231.13   2247.41   2255.41   2257.26   2254.22   2247.50   2235.95   2215.44   2191.90   2171.87   2155.41   2143.80   2131.15
   2112.08   2085.51   2055.63   2030.15   2014.41   2004.76   1994.59   1981.74   1961.43   1934.42   1905.48   1877.15   1847.02
   1811.86   1775.51   1743.04   1718.01   1704.56   1701.71   1705.06   1708.64   1709.90   1714.54   1727.18   1751.13   1783.36
   1896.54   1899.28   1906.13   1916.31   1930.05   1954.91   1990.06   2032.66   2081.99   2127.78   2169.00   2207.79   2241.39
   2264.42   2276.69   2279.07   2275.38   2267.56   2250.46   2224.78   2194.60   2169.45   2152.41   2142.28   2134.47   2125.78
   2114.76   2094.82   2073.74   2053.78   2038.49   2026.96   2016.78   2009.30   1998.71   1979.07   1950.14   1914.86   1877.27
   1840.47   1802.73   1764.95   1739.03   1732.74   1737.54   1742.70   1744.80   1750.71   1764.84   1789.12   1822.80   1860.17
   1916.13   1910.31   1906.73   1908.08   1914.95   1937.37   1977.26   2028.64   2089.26   2145.01   2192.87   2233.02   2263.89
   2283.78   2290.84   2288.78   2281.68   2268.42   2242.89   2203.99   2167.00   2141.53   2123.00   2115.76   2113.29   2114.51
   2119.06   2117.45   2110.81   2099.19   2080.43   2057.05   2039.31   2029.99   2022.23   2008.46   1987.71   1958.00   1920.48
   1883.81   1849.05   1816.33   1793.33   1786.48   1789.23   1791.54   1796.33   1813.58   1839.36   1871.46   1906.95   1941.42
   1948.35   1930.55   1918.78   1913.10   1917.06   1939.03   1985.45   2051.46   2119.59   2176.99   2223.36   2257.42   2280.62
   2293.86   2295.47   2291.01   2282.67   2264.41   2230.26   2180.99   2138.60   2112.31   2092.80   2088.23   2095.11   2106.02
   2120.22   2131.05   2132.00   2125.30   2110.40   2088.68   2067.66   2053.00   2041.61   2029.37   2014.23   1992.53   1964.38
   1934.61   1906.78   1880.91   1862.72   1855.53   1856.32   1862.62   1881.10   1905.57   1932.55   1959.92   1986.90   2011.00
   1990.01   1961.63   1944.75   1938.49   1940.86   1965.46   2018.87   2088.65   2154.62   2208.03   2245.66   2271.40   2289.01
   2296.37   2295.42   2291.12   2281.62   2260.66   2220.64   2163.32   2114.04   2084.88   2069.43   2068.89   2086.62   2106.21
   2120.91   2133.64   2141.34   2140.86   2133.37   2120.75   2104.67   2085.52   2068.24   2056.12   2042.76   2025.95   2008.10
   1988.79   1968.83   1951.02   1939.38   1936.45   1942.67   1960.22   1982.38   2002.08   2022.32   2042.50   2059.64   2074.89
   2040.57   2010.37   1991.07   1984.42   1992.26   2025.61   2079.29   2138.45   2190.78   2231.34   2258.81   2278.08   2291.48
   2296.25   2294.20   2288.77   2276.73   2255.22   2217.23   2159.53   2105.45   2071.85   2059.76   2072.32   2098.10   2119.46
   2131.71   2141.86   2151.43   2157.76   2160.00   2155.73   2144.52   2128.34   2110.71   2096.40   2084.83   2073.50   2061.03
   2048.72   2037.24   2028.07   2024.10   2029.21   2040.49   2055.97   2068.47   2082.25   2095.98   2109.40   2120.79   2130.03
   2104.04   2073.94   2057.13   2055.22   2073.51   2108.76   2148.25   2188.51   2223.55   2246.80   2263.32   2278.21   2288.29
   2290.63   2286.54   2280.83   2269.72   2246.97   2214.20   2170.79   2122.51   2093.02   2090.33   2104.50   2122.68   2141.95
   2156.08   2167.04   2174.87   2182.19   2189.23   2190.53   2186.09   2176.31   2162.65   2147.17   2135.02   2126.98   2118.84
   2110.73   2103.76   2100.24   2101.52   2105.46   2113.02   2123.44   2133.36   2142.52   2151.33   2160.88   2167.85   2171.97
   2178.49   2148.24   2136.62   2139.61   2154.56   2175.55   2200.24   2223.76   2242.12   2250.56   2258.60   2271.39   2278.53
   2276.89   2269.97   2262.64   2253.93   2236.46   2210.69   2182.08   2155.15   2138.76   2138.74   2148.02   2160.50   2174.54
   2187.24   2197.08   2205.29   2214.16   2219.95   2223.21   2224.69   2221.01   2210.49   2195.28   2181.76   2172.93   2166.16
   2161.67   2158.43   2155.84   2154.73   2156.75   2162.47   2168.43   2174.45   2180.02   2185.97   2191.90   2194.57   2194.47
   2249.18   2222.67   2210.93   2208.73   2210.94   2219.83   2232.83   2241.82   2245.28   2245.01   2246.39   2253.11   2257.88
   2255.84   2249.10   2239.12   2228.33   2215.82   2201.31   2187.56   2177.79   2174.30   2178.54   2188.52   2198.46   2205.14
   2215.42   2226.30   2234.29   2241.35   2246.14   2252.07   2255.27   2252.31   2241.83   2227.82   2216.28   2207.23   2199.61
   2193.22   2188.67   2186.38   2187.19   2188.56   2189.44   2191.36   2194.89   2198.40   2200.80   2202.28   2202.46   2199.61
   2297.38   2275.19   2258.75   2249.88   2246.23   2247.52   2247.65   2243.19   2237.23   2232.87   2229.93   2230.16   2233.11
   2233.03   2225.82   2215.26   2203.66   2193.96   2189.55   2189.43   2188.33   2189.62   2196.11   2205.39   2213.89   2222.63
   2235.72   2245.38   2253.16   2260.37   2267.01   2271.25   2273.01   2268.36   2257.06   2243.89   2232.51   2222.73   2213.87
   2206.15   2200.37   2198.92   2200.54   2200.47   2198.82   2197.56   2197.88   2198.91   2199.51   2198.22   2195.53   2193.08
   2318.07   2298.82   2282.39   2269.72   2261.15   2255.29   2247.95   2234.94   2223.06   2217.66   2216.32   2218.72   2222.94
   2219.98   2207.67   2194.89   2185.25   2180.15   2182.81   2184.85   2182.61   2183.99   2190.80   2201.89   2214.62   2230.31
   2246.80   2256.87   2264.13   2272.27   2273.92   2273.10   2274.89   2269.23   2258.59   2245.56   2231.57   2221.04   2212.88
   2204.88   2197.68   2196.15   2198.24   2197.98   2194.66   2191.56   2189.50   2187.63   2186.11   2184.59   2182.41   2182.11
   2317.10   2301.62   2286.12   2271.41   2259.50   2249.84   2238.91   2223.95   2212.24   2207.65   2207.18   2211.49   2216.09
   2211.70   2198.66   2184.79   2177.37   2174.83   2175.57   2173.71   2173.64   2176.02   2181.94   2196.06   2214.64   2231.18
   2244.03   2256.16   2266.04   2271.66   2272.11   2270.54   2266.16   2258.20   2245.53   2229.40   2216.76   2207.89   2199.79
   2190.17   2182.25   2182.26   2186.84   2186.56   2182.34   2177.97   2173.40   2170.57   2170.64   2171.11   2171.61   2171.83
   2300.57   2287.90   2274.42   2260.99   2249.82   2239.35   2227.05   2214.57   2205.24   2198.96   2196.61   2198.09   2198.92
   2195.94   2188.83   2179.76   2173.82   2169.92   2166.44   2162.74   2164.37   2168.93   2177.36   2191.42   2206.97   2220.23
   2230.99   2242.28   2253.19   2259.18   2260.00   2256.17   2248.22   2237.14   2222.85   2205.69   2191.71   2181.72   2174.23
   2164.63   2160.24   2162.50   2165.80   2165.15   2162.62   2160.85   2158.10   2155.51   2154.73   2155.58   2157.48   2160.17
   2276.82   2267.67   2258.66   2248.28   2237.08   2226.43   2215.50   2205.13   2196.80   2191.74   2187.78   2185.32   2181.91
   2176.04   2167.57   2159.51   2156.65   2153.10   2150.36   2147.22   2149.14   2159.51   2169.89   2181.64   2193.93   2204.17
   2211.96   2221.52   2231.89   2236.81   2235.85   2231.07   2220.42   2206.90   2194.61   2180.27   2164.43   2154.05   2147.77
   2142.58   2141.76   2144.77   2146.54   2145.45   2146.13   2147.23   2144.77   2139.17   2135.76   2140.12   2147.91   2154.05
   2549.71   2549.94   2550.17   2550.37   2550.54   2550.67   2550.77   2550.85   2550.92   2551.01   2551.13   2551.28   2551.43
   2551.56   2551.60   2551.56   2551.43   2551.22   2550.93   2550.58   2550.20   2549.81   2549.43   2549.06   2548.73   2548.47
   2548.26   2548.12   2548.04   2548.03   2548.13   2548.34   2548.67   2549.13   2549.70   2550.36   2551.08   2551.81   2552.54
   2553.26   2553.99   2554.76   2555.57   2556.43   2557.36   2558.33   2559.32   2560.29   2561.22   2562.07   2562.84   2563.50
   2550.64   2552.28   2554.06   2555.95   2557.87   2559.72   2561.43   2562.90   2564.07   2564.97   2565.57   2565.86   2565.80
   2565.43   2564.79   2563.90   2562.80   2561.60   2560.38   2559.21   2558.15   2557.18   2556.24   2555.29   2554.33   2553.41
   2552.55   2551.69   2550.85   2550.18   2549.94   2550.41   2551.58   2553.22   2555.12   2557.27   2559.70   2562.32   2565.05
   2567.87   2570.86   2574.12   2577.63   2581.30   2584.97   2588.53   2591.87   2594.94   2597.71   2600.08   2601.95   2603.26
   2560.46   2564.32   2568.01   2571.37   2574.37   2577.07   2579.46   2581.47   2582.94   2583.66   2583.72   2583.52   2583.35
   2583.17   2582.80   2582.08   2580.88   2579.18   2577.02   2574.50   2571.82   2569.15   2566.47   2563.59   2560.31   2556.59
   2552.49   2548.41   2545.02   2542.67   2541.44   2541.51   2543.17   2546.39   2550.43   2554.61   2558.91   2563.37   2568.07
   2573.29   2579.31   2586.16   2593.36   2600.67   2607.91   2614.79   2621.05   2626.66   2631.86   2636.72   2640.92   2644.27
   2585.98   2590.59   2594.34   2597.28   2599.51   2601.17   2602.32   2602.76   2602.25   2600.98   2599.68   2598.94   2598.59
   2598.23   2597.70   2597.02   2596.11   2594.72   2592.51   2589.26   2585.15   2580.56   2575.58   2570.14   2563.99   2557.22
   2550.66   2544.99   2539.46   2533.20   2526.79   2521.49   2518.48   2518.71   2521.91   2526.96   2533.61   2541.63   2550.60
   2560.59   2571.78   2584.48   2597.64   2610.48   2623.15   2635.16   2646.26   2656.51   2665.72   2673.42   2679.20   2683.06
   2613.44   2614.78   2615.62   2615.97   2615.80   2614.87   2613.28   2611.40   2609.42   2607.49   2605.66   2603.72   2601.68
   2599.71   2598.09   2596.92   2596.06   2595.21   2593.86   2591.50   2588.09   2583.80   2578.67   2572.92   2567.30   2562.33
   2557.49   2551.78   2544.39   2535.07   2524.50   2514.42   2506.82   2502.35   2500.70   2501.58   2505.33   2513.16   2525.83
   2542.34   2560.74   2580.28   2600.26   2619.29   2637.36   2654.70   2670.98   2685.54   2697.75   2707.49   2715.21   2721.15
   2631.45   2628.88   2625.38   2621.31   2616.85   2612.27   2607.92   2604.13   2601.20   2599.20   2597.85   2596.78   2595.81
   2594.99   2594.48   2594.41   2594.61   2594.95   2595.31   2595.68   2595.73   2594.98   2593.12   2590.11   2586.23   2582.06
   2577.77   2572.72   2566.09   2557.25   2545.71   2532.62   2520.86   2512.72   2508.13   2506.52   2508.33   2514.65   2527.08
   2546.58   2570.13   2594.45   2620.25   2645.70   2668.76   2689.21   2707.17   2722.73   2735.68   2746.13   2754.41   2760.64
   2630.44   2621.44   2613.82   2607.46   2602.09   2597.82   2595.17   2594.35   2595.05   2596.35   2597.75   2599.07   2599.88
   2600.35   2601.23   2602.44   2603.64   2605.47   2608.14   2610.59   2612.45   2613.94   2615.58   2617.48   2618.78   2618.08
   2614.24   2608.42   2601.78   2594.39   2586.21   2576.69   2566.29   2556.50   2548.85   2544.50   2544.74   2551.63   2566.28
   2587.91   2611.88   2637.62   2664.90   2689.02   2710.21   2729.88   2746.88   2760.45   2771.86   2782.18   2790.78   2796.09
   2609.29   2599.67   2595.46   2594.62   2595.80   2599.12   2604.47   2610.09   2614.44   2616.99   2618.64   2620.71   2623.02
   2624.79   2625.25   2625.62   2628.54   2634.66   2640.59   2642.91   2643.02   2642.62   2641.95   2641.97   2644.58   2650.09
   2654.87   2654.36   2648.47   2640.33   2631.84   2623.22   2614.86   2607.61   2602.42   2599.79   2600.88   2608.14   2621.92
   2641.72   2665.78   2689.83   2710.18   2728.41   2746.64   2764.28   2779.67   2791.51   2800.57   2808.79   2816.08   2820.85
   2594.25   2593.00   2591.87   2592.79   2598.63   2608.47   2620.18   2632.74   2643.59   2650.61   2654.09   2657.21   2659.61
   2660.47   2659.89   2660.41   2664.10   2670.11   2677.96   2684.28   2686.04   2683.66   2678.88   2674.83   2674.17   2677.28
   2684.34   2691.43   2692.40   2686.35   2676.93   2666.82   2657.61   2650.43   2646.21   2645.17   2646.86   2652.18   2665.24
   2685.35   2707.46   2728.12   2744.64   2757.56   2769.96   2783.04   2796.06   2807.59   2816.83   2824.61   2831.48   2835.48
   2587.69   2588.27   2588.39   2594.61   2608.59   2625.35   2642.46   2658.07   2672.76   2685.93   2696.92   2702.37   2701.19
   2699.30   2698.04   2699.19   2704.00   2710.03   2713.15   2714.82   2719.50   2724.25   2727.85   2730.21   2730.22   2728.84
   2728.22   2730.83   2733.53   2729.39   2718.81   2705.25   2692.22   2682.64   2677.47   2674.01   2671.04   2678.20   2694.97
   2712.99   2731.42   2746.62   2756.21   2764.02   2773.92   2786.15   2799.05   2810.85   2821.24   2830.00   2836.78   2839.96
   2582.92   2586.75   2592.79   2603.75   2620.78   2641.69   2661.79   2679.71   2697.38   2714.68   2729.85   2741.22   2748.87
   2752.65   2754.65   2757.03   2760.15   2761.36   2760.33   2761.10   2766.08   2775.88   2786.09   2790.57   2788.66   2785.81
   2784.27   2781.68   2776.68   2766.93   2751.23   2732.80   2715.65   2702.03   2691.92   2683.75   2685.06   2697.55   2711.09
   2725.19   2738.10   2745.33   2747.22   2751.61   2760.24   2770.16   2779.88   2789.90   2800.37   2811.25   2821.13   2827.92
   2581.36   2594.04   2601.77   2608.48   2623.75   2647.34   2672.54   2694.15   2712.89   2732.25   2752.11   2771.12   2786.70
   2797.31   2805.67   2812.44   2815.91   2817.98   2820.01   2823.20   2831.36   2841.58   2849.34   2851.37   2848.24   2844.89
   2840.30   2829.12   2813.53   2795.04   2773.84   2751.54   2730.83   2713.72   2700.17   2692.01   2695.74   2705.34   2714.88
   2723.52   2728.97   2728.33   2722.49   2720.82   2724.58   2730.50   2736.73   2744.44   2754.28   2766.55   2780.45   2792.96
   2580.90   2601.13   2615.98   2625.57   2637.55   2659.26   2685.64   2710.23   2732.70   2754.31   2776.86   2798.45   2814.98
   2828.37   2840.30   2850.70   2860.57   2872.43   2883.98   2894.63   2905.75   2914.36   2917.43   2916.34   2914.26   2906.98
   2892.02   2869.51   2843.52   2817.22   2791.22   2765.73   2742.72   2723.28   2706.16   2697.89   2699.86   2703.04   2706.14
   2708.91   2706.64   2698.19   2686.81   2680.68   2681.16   2684.57   2688.37   2693.33   2701.84   2713.22   2728.89   2745.64
   2590.44   2611.19   2629.41   2645.79   2661.17   2679.78   2702.49   2728.73   2757.48   2788.07   2815.41   2835.57   2849.63
   2863.98   2880.01   2895.51   2912.21   2932.82   2953.91   2970.24   2978.47   2978.23   2974.26   2971.58   2966.29   2951.45
   2926.11   2895.66   2865.99   2837.46   2808.67   2781.03   2756.23   2732.67   2711.74   2702.27   2698.81   2694.25   2686.86
   2681.85   2675.77   2662.25   2651.37   2644.12   2639.80   2637.85   2639.24   2644.86   2655.74   2671.29   2689.56   2708.18
   2605.96   2621.05   2636.06   2654.37   2675.57   2698.88   2724.79   2755.27   2791.67   2827.48   2856.53   2879.84   2898.73
   2916.81   2936.25   2954.45   2973.62   2998.50   3023.72   3039.93   3042.48   3034.90   3024.64   3012.97   2997.33   2973.07
   2941.96   2912.12   2885.55   2859.14   2833.79   2807.17   2777.26   2745.98   2718.81   2705.13   2698.36   2689.84   2677.57
   2661.67   2645.67   2628.77   2615.86   2607.62   2601.38   2595.88   2593.62   2597.99   2611.77   2632.51   2656.31   2680.99
   2620.09   2630.10   2645.16   2669.20   2698.26   2729.31   2764.10   2803.80   2844.52   2881.48   2913.73   2940.83   2963.33
   2983.58   3003.75   3026.09   3049.70   3070.70   3087.72   3094.11   3090.80   3079.92   3059.78   3035.60   3010.04   2980.93
   2952.11   2926.79   2902.77   2879.36   2857.87   2834.20   2803.33   2767.82   2735.61   2714.37   2703.65   2695.70   2683.36
   2663.51   2638.00   2615.99   2599.39   2588.66   2581.78   2577.94   2578.01   2582.64   2595.81   2617.44   2642.90   2670.48
   2627.55   2640.55   2665.21   2695.76   2729.13   2764.09   2803.00   2848.33   2894.91   2938.44   2976.26   3006.44   3030.78
   3054.78   3079.68   3104.11   3121.36   3127.89   3128.73   3126.13   3116.81   3095.46   3065.79   3035.77   3008.12   2984.41
   2963.05   2939.77   2913.91   2888.87   2867.10   2847.71   2826.74   2800.10   2772.09   2746.53   2727.08   2715.57   2701.01
   2677.11   2649.07   2624.69   2605.61   2593.74   2588.82   2589.14   2593.25   2600.93   2613.53   2634.16   2661.93   2691.90
   2631.12   2650.16   2678.16   2708.15   2740.76   2778.04   2825.31   2872.86   2919.84   2967.32   3013.74   3053.96   3090.92
   3123.81   3148.35   3163.96   3168.64   3162.00   3151.67   3139.73   3115.42   3080.65   3046.57   3019.68   3001.02   2986.33
   2969.37   2945.98   2918.71   2893.09   2874.51   2862.30   2851.91   2840.72   2824.88   2803.71   2779.30   2754.68   2728.48
   2699.17   2668.41   2639.24   2616.72   2606.75   2609.20   2618.74   2630.72   2641.40   2656.00   2680.42   2712.18   2746.39
   2640.80   2657.11   2677.97   2703.51   2737.32   2779.13   2828.16   2883.56   2943.16   3000.55   3046.85   3089.66   3135.80
   3169.89   3188.81   3197.01   3194.16   3183.35   3167.30   3138.41   3093.84   3045.49   3014.27   2998.92   2991.12   2986.53
   2977.14   2961.22   2944.05   2926.53   2911.37   2897.63   2885.64   2880.98   2876.03   2863.41   2840.87   2810.39   2776.59
   2741.27   2705.85   2668.94   2642.88   2641.30   2651.96   2670.39   2686.17   2700.09   2722.88   2755.54   2790.64   2825.46
   2662.57   2668.73   2680.88   2700.34   2728.17   2768.52   2826.51   2900.65   2976.25   3043.14   3093.87   3138.66   3178.95
   3202.92   3212.43   3210.31   3204.01   3195.37   3172.06   3126.05   3064.06   3009.50   2984.28   2978.26   2980.10   2985.39
   2989.61   2990.66   2988.17   2980.27   2966.55   2946.11   2927.64   2918.79   2914.38   2905.41   2890.95   2869.94   2839.98
   2806.27   2771.70   2736.03   2712.17   2710.11   2722.21   2739.15   2757.59   2784.98   2818.82   2851.36   2882.59   2909.52
   2694.89   2689.31   2694.84   2706.92   2733.01   2777.26   2845.75   2929.01   3015.09   3087.53   3139.55   3179.48   3209.28
   3224.58   3224.95   3215.96   3207.85   3197.63   3166.05   3107.30   3033.34   2984.28   2964.50   2964.30   2975.93   2991.99
   3006.92   3018.96   3025.11   3023.76   3014.70   2998.72   2982.02   2968.63   2958.91   2950.88   2940.20   2924.46   2904.65
   2881.79   2856.82   2833.00   2817.71   2813.66   2822.38   2840.13   2865.47   2897.10   2930.47   2955.15   2973.92   2987.62
   2739.16   2726.29   2726.63   2737.25   2761.60   2807.78   2882.86   2977.25   3064.50   3128.55   3170.75   3201.13   3220.06
   3228.61   3225.48   3216.25   3205.75   3192.03   3157.90   3087.61   3010.84   2972.05   2954.92   2960.58   2987.27   3014.87
   3033.54   3049.68   3062.08   3068.79   3068.17   3060.12   3048.00   3036.21   3022.50   3010.87   3002.91   2992.95   2981.00
   2967.85   2955.03   2943.95   2937.55   2939.02   2949.36   2968.24   2991.68   3014.43   3035.54   3050.29   3056.64   3058.49
   2808.98   2785.03   2782.31   2794.62   2821.97   2877.29   2953.60   3036.46   3104.96   3154.48   3184.29   3203.91   3217.86
   3225.86   3223.76   3215.12   3201.31   3182.76   3150.78   3082.64   3011.12   2973.54   2964.73   2985.58   3021.24   3050.44
   3070.75   3087.98   3104.18   3117.29   3125.44   3125.50   3118.45   3107.91   3096.26   3086.33   3079.21   3073.99   3069.31
   3063.48   3057.71   3054.13   3053.63   3058.26   3067.93   3082.07   3097.55   3112.45   3124.91   3130.66   3129.23   3123.67
   2914.50   2884.38   2873.39   2884.42   2918.35   2974.67   3035.35   3089.12   3134.79   3164.81   3182.18   3195.64   3212.20
   3222.66   3220.29   3212.00   3199.19   3178.64   3147.87   3100.58   3046.45   3013.46   3018.88   3042.23   3069.12   3093.11
   3114.54   3132.29   3147.68   3163.33   3177.00   3183.20   3181.10   3174.16   3166.91   3159.86   3154.69   3152.63   3152.05
   3150.11   3147.14   3145.04   3145.68   3150.97   3159.85   3169.80   3177.99   3185.58   3191.49   3193.36   3188.74   3177.87
   3024.59   3005.23   2992.94   2994.49   3019.87   3060.06   3100.75   3129.95   3152.22   3164.64   3173.63   3186.54   3203.35
   3211.29   3208.18   3203.15   3194.66   3178.17   3152.80   3122.58   3094.65   3078.23   3082.96   3099.96   3121.98   3143.17
   3161.41   3177.05   3190.13   3204.44   3219.40   3230.14   3233.99   3232.41   3228.20   3222.99   3219.63   3218.73   3217.95
   3215.95   3213.71   3213.30   3215.38   3219.33   3224.71   3229.69   3234.95   3240.17   3243.28   3241.85   3234.12   3219.86
   3113.17   3099.48   3090.98   3091.79   3104.34   3123.50   3141.27   3151.92   3157.15   3158.77   3162.88   3172.67   3185.13
   3191.05   3187.89   3183.08   3177.31   3167.31   3152.88   3136.59   3124.98   3122.16   3129.85   3147.89   3169.63   3187.11
   3201.13   3215.76   3227.95   3241.87   3256.41   3269.13   3276.37   3277.70   3275.61   3272.70   3270.64   3269.77   3267.33
   3263.24   3259.65   3258.66   3260.83   3263.26   3265.53   3268.08   3271.08   3272.50   3271.81   3268.13   3259.52   3245.31
   3174.10   3164.48   3157.40   3156.02   3158.74   3162.95   3165.09   3160.99   3153.54   3149.28   3150.28   3153.88   3160.12
   3164.81   3164.69   3160.59   3155.31   3149.36   3143.45   3140.89   3142.24   3147.84   3158.34   3174.92   3192.75   3208.49
   3226.81   3248.53   3265.49   3276.96   3286.16   3295.88   3303.31   3306.29   3306.63   3305.16   3303.30   3299.92   3293.99
   3286.75   3281.66   3281.70   3284.32   3285.95   3287.48   3288.58   3287.91   3284.87   3279.22   3273.02   3265.04   3254.38
   3204.06   3198.74   3194.38   3191.12   3187.92   3181.88   3172.72   3159.57   3144.25   3136.61   3135.19   3136.18   3141.12
   3144.00   3142.75   3139.67   3135.58   3131.54   3133.45   3141.91   3150.74   3159.34   3170.46   3187.01   3206.70   3230.99
   3256.83   3275.93   3289.44   3298.51   3307.31   3313.41   3316.73   3319.60   3319.51   3317.89   3315.06   3308.94   3300.58
   3292.02   3287.39   3286.99   3289.46   3292.21   3293.93   3294.39   3292.94   3288.64   3281.85   3273.77   3265.50   3258.17
   3214.30   3211.30   3208.04   3203.42   3195.26   3184.12   3171.06   3153.57   3134.37   3124.78   3122.12   3123.63   3131.26
   3134.66   3131.31   3124.52   3119.58   3121.42   3131.13   3144.66   3157.64   3169.41   3183.03   3202.92   3229.49   3253.35
   3274.11   3288.50   3298.36   3305.28   3312.97   3317.70   3319.20   3319.60   3317.85   3315.07   3310.45   3302.13   3291.59
   3282.93   3279.28   3279.03   3281.23   3284.99   3288.64   3290.95   3291.35   3288.71   3282.57   3274.12   3266.07   3258.77
   3208.43   3206.36   3202.63   3196.91   3188.13   3176.84   3165.38   3150.33   3131.79   3121.74   3119.55   3118.41   3120.95
   3121.68   3116.91   3109.75   3105.79   3113.66   3129.70   3148.63   3167.67   3184.29   3202.50   3222.38   3244.32   3262.64
   3277.66   3286.99   3293.42   3297.60   3302.13   3306.28   3308.59   3307.56   3304.05   3298.44   3292.71   3285.05   3273.93
   3264.76   3260.79   3259.35   3259.56   3263.70   3271.82   3278.33   3280.36   3278.30   3272.72   3264.58   3256.81   3249.50
   3188.39   3183.98   3180.80   3177.34   3171.98   3164.98   3158.38   3153.02   3145.74   3137.92   3131.19   3121.59   3114.18
   3108.54   3094.71   3083.20   3084.11   3103.19   3136.48   3164.71   3180.10   3194.81   3214.16   3229.83   3245.09   3258.16
   3267.54   3274.88   3278.94   3280.26   3281.59   3284.96   3288.20   3288.71   3284.03   3276.48   3270.98   3265.61   3256.29
   3246.14   3238.87   3236.10   3238.79   3245.03   3253.46   3261.21   3263.63   3260.72   3253.72   3244.66   3236.98   3231.07
   3391.58   3391.96   3392.29   3392.59   3392.81   3392.95   3393.02   3393.02   3392.95   3392.83   3392.67   3392.50   3392.29
   3392.03   3391.70   3391.29   3390.80   3390.21   3389.52   3388.77   3387.99   3387.22   3386.46   3385.75   3385.10   3384.53
   3384.07   3383.72   3383.48   3383.35   3383.32   3383.42   3383.66   3384.05   3384.59   3385.28   3386.08   3386.98   3387.98
   3389.04   3390.17   3391.36   3392.59   3393.84   3395.07   3396.26   3397.38   3398.40   3399.29   3400.03   3400.62   3401.04
   3397.85   3399.23   3400.64   3402.05   3403.41   3404.69   3405.90   3406.94   3407.74   3408.21   3408.29   3408.00   3407.43
   3406.61   3405.51   3404.09   3402.36   3400.48   3398.60   3396.78   3395.08   3393.48   3392.01   3390.63   3389.34   3388.11
   3386.94   3385.84   3384.99   3384.70   3385.20   3386.36   3387.90   3389.82   3392.22   3395.08   3398.32   3401.76   3405.29
   3408.85   3412.46   3416.13   3419.78   3423.41   3426.97   3430.43   3433.76   3436.84   3439.61   3442.02   3444.02   3445.60
   3413.70   3417.81   3421.66   3424.94   3427.49   3429.25   3430.26   3430.73   3430.94   3431.13   3431.21   3430.91   3430.10
   3428.82   3427.07   3424.71   3421.57   3417.74   3413.62   3409.60   3405.91   3402.52   3399.38   3396.47   3393.49   3390.08
   3386.35   3382.87   3380.14   3378.00   3376.14   3374.94   3375.01   3376.61   3379.77   3384.30   3389.83   3396.14   3403.04
   3410.42   3418.13   3425.89   3433.54   3441.12   3448.52   3455.46   3461.72   3467.31   3472.37   3477.00   3481.24   3485.17
   3443.86   3449.05   3452.81   3455.40   3457.32   3458.64   3459.22   3459.02   3458.29   3457.19   3455.69   3453.76   3451.45
   3448.64   3445.19   3441.29   3437.19   3432.89   3428.28   3423.27   3417.96   3412.70   3407.73   3402.58   3396.97   3391.49
   3386.17   3380.55   3373.98   3366.04   3357.39   3350.10   3346.04   3345.46   3348.10   3353.45   3360.98   3370.52   3382.00
   3395.12   3409.30   3424.01   3438.51   3451.91   3464.31   3476.13   3487.30   3497.47   3506.36   3513.63   3519.12   3523.20
   3475.55   3476.61   3477.08   3477.53   3477.91   3477.82   3477.06   3475.55   3473.08   3469.47   3464.97   3460.11   3455.27
   3450.70   3446.63   3443.21   3440.42   3437.93   3435.20   3431.73   3427.54   3423.00   3418.04   3412.46   3406.79   3401.82
   3396.85   3390.08   3380.78   3368.94   3355.17   3342.49   3333.26   3327.55   3325.44   3327.40   3333.70   3344.54   3359.84
   3378.27   3397.75   3418.54   3441.53   3464.46   3485.57   3505.04   3522.39   3537.10   3549.35   3559.13   3566.13   3570.12
   3498.07   3495.41   3492.46   3489.37   3485.96   3482.11   3477.90   3473.72   3469.93   3466.94   3465.00   3463.93   3463.46
   3463.28   3463.13   3462.79   3462.05   3460.97   3459.72   3458.09   3455.81   3452.70   3448.68   3443.66   3437.46   3429.91
   3421.82   3414.02   3405.47   3394.55   3380.39   3364.25   3349.56   3338.77   3332.39   3330.58   3334.16   3344.41   3361.83
   3385.82   3412.34   3439.74   3470.57   3501.32   3528.11   3550.60   3569.28   3584.97   3598.24   3609.12   3617.06   3621.49
   3503.09   3496.47   3490.96   3486.29   3482.76   3480.23   3479.45   3480.78   3483.24   3485.74   3488.15   3490.20   3491.76
   3493.37   3494.67   3494.45   3493.24   3492.51   3492.51   3492.70   3492.83   3492.59   3491.95   3490.82   3488.27   3482.56
   3472.98   3460.40   3447.19   3434.84   3422.86   3410.07   3396.12   3382.52   3372.36   3368.40   3372.72   3385.90   3406.08
   3431.40   3460.54   3493.12   3525.22   3553.42   3578.84   3601.42   3620.59   3636.13   3648.42   3657.69   3663.66   3665.22
   3491.73   3487.26   3486.00   3487.31   3491.17   3496.73   3503.14   3508.54   3512.18   3515.13   3517.88   3520.28   3521.51
   3521.52   3520.32   3517.52   3516.26   3520.69   3527.15   3532.21   3535.01   3536.67   3537.17   3535.37   3532.66   3531.43
   3530.11   3524.82   3513.53   3497.12   3477.53   3458.60   3443.92   3432.92   3425.58   3424.00   3429.82   3443.21   3463.91
   3492.11   3523.25   3552.40   3577.84   3600.48   3621.83   3641.81   3659.50   3673.40   3683.46   3690.72   3695.13   3696.17
   3484.39   3485.56   3487.36   3491.06   3497.62   3507.74   3519.40   3530.37   3539.24   3544.11   3547.43   3553.05   3556.98
   3555.41   3549.15   3542.78   3544.37   3554.47   3566.07   3575.50   3582.43   3586.05   3586.35   3583.30   3579.38   3577.44
   3577.02   3576.52   3571.31   3558.60   3538.47   3512.51   3489.28   3475.73   3469.80   3469.37   3475.59   3490.74   3515.90
   3544.53   3571.32   3595.02   3613.99   3630.31   3646.53   3662.72   3677.59   3689.79   3699.14   3706.11   3710.70   3712.54
   3475.66   3479.63   3483.45   3489.45   3501.10   3516.21   3532.16   3547.81   3560.27   3570.48   3579.43   3584.91   3588.69
   3589.06   3585.30   3583.99   3590.54   3603.00   3612.25   3617.68   3625.29   3630.34   3632.46   3635.72   3639.37   3639.18
   3635.03   3629.58   3621.32   3606.64   3585.10   3557.08   3528.38   3509.09   3500.24   3499.00   3507.23   3526.77   3551.29
   3576.88   3601.03   3617.51   3626.94   3637.51   3653.76   3670.51   3684.12   3695.13   3703.35   3709.02   3713.21   3715.57
   3466.51   3474.01   3481.33   3491.88   3507.67   3527.20   3545.98   3563.09   3580.75   3598.45   3613.75   3625.70   3633.81
   3639.26   3644.37   3651.45   3658.55   3663.93   3667.98   3673.45   3680.23   3689.29   3699.93   3706.74   3706.43   3701.33
   3694.72   3684.91   3669.87   3646.99   3617.28   3583.10   3551.29   3528.29   3516.49   3517.47   3530.72   3549.11   3567.89
   3587.84   3605.80   3615.29   3617.88   3624.55   3638.46   3652.25   3662.49   3671.42   3679.98   3687.93   3694.87   3699.58
   3472.09   3485.84   3493.37   3500.50   3514.83   3536.34   3560.30   3583.13   3605.73   3628.56   3649.85   3667.79   3681.88
   3694.09   3705.42   3714.48   3721.06   3728.89   3737.10   3742.77   3751.72   3765.23   3776.32   3778.85   3772.03   3761.70
   3752.13   3736.07   3710.10   3675.71   3635.97   3596.63   3562.64   3538.02   3527.73   3531.38   3544.27   3557.44   3569.52
   3584.37   3596.43   3597.86   3590.65   3590.59   3598.83   3606.23   3614.12   3621.66   3629.59   3639.74   3651.22   3662.20
   3487.66   3511.37   3525.16   3531.12   3539.37   3557.95   3584.74   3612.73   3638.15   3661.19   3683.41   3704.09   3721.54
   3736.64   3748.09   3759.35   3774.87   3791.52   3804.93   3818.39   3836.70   3850.94   3853.06   3844.26   3832.64   3820.93
   3801.77   3772.73   3734.60   3690.69   3646.83   3606.50   3570.80   3547.54   3537.74   3540.26   3548.33   3552.83   3558.59
   3568.47   3574.57   3570.48   3556.29   3549.38   3553.59   3557.44   3562.29   3569.42   3576.49   3586.46   3601.08   3616.21
   3505.32   3529.03   3546.13   3558.65   3571.54   3590.16   3615.03   3642.13   3670.09   3699.78   3726.78   3747.98   3763.05
   3777.32   3792.04   3808.89   3830.44   3855.27   3880.51   3903.73   3919.21   3920.53   3912.64   3900.51   3885.49   3863.91
   3830.87   3789.20   3743.57   3699.54   3660.54   3622.65   3585.28   3558.96   3544.49   3543.00   3545.60   3540.25   3532.40
   3533.45   3537.79   3533.16   3522.64   3513.77   3510.73   3510.41   3512.10   3518.65   3529.33   3543.69   3561.23   3580.07
   3523.26   3538.05   3552.16   3568.73   3589.65   3614.24   3641.45   3671.71   3707.05   3743.05   3772.85   3796.20   3814.43
   3831.59   3851.19   3874.40   3902.01   3934.22   3963.83   3981.29   3983.68   3972.49   3959.83   3944.53   3918.57   3882.75
   3838.89   3791.44   3749.70   3713.60   3680.10   3646.65   3608.25   3573.60   3550.21   3539.55   3538.93   3533.06   3518.73
   3504.57   3496.41   3487.64   3478.54   3472.47   3468.36   3465.75   3464.93   3469.54   3484.48   3506.10   3527.80   3549.64
   3543.56   3551.04   3564.32   3587.54   3617.29   3650.07   3686.63   3730.84   3777.49   3817.10   3848.69   3872.33   3888.61
   3907.04   3935.28   3969.41   4000.01   4022.67   4036.98   4037.93   4025.43   4011.68   3992.94   3962.80   3923.19   3876.59
   3829.55   3790.02   3756.68   3724.95   3697.10   3670.92   3637.30   3597.15   3565.23   3544.13   3536.53   3534.27   3524.11
   3505.73   3484.17   3466.26   3455.60   3451.62   3449.43   3447.91   3450.63   3459.11   3476.14   3500.30   3525.16   3546.84
   3555.53   3565.17   3589.73   3621.66   3656.20   3696.09   3743.63   3794.18   3844.16   3890.00   3928.60   3958.58   3980.17
   4001.70   4030.16   4059.94   4081.60   4090.62   4090.25   4075.71   4053.97   4029.18   3992.63   3946.94   3899.03   3855.52
   3820.69   3791.17   3761.37   3733.40   3709.99   3689.15   3665.53   3636.59   3608.31   3584.56   3566.25   3555.87   3543.20
   3523.67   3501.58   3479.48   3465.74   3460.72   3460.87   3464.49   3471.06   3482.52   3500.51   3525.99   3557.62   3589.32
   3561.24   3579.33   3608.86   3640.25   3676.60   3725.38   3780.11   3832.30   3884.33   3938.64   3986.74   4026.06   4058.19
   4086.31   4108.25   4125.49   4135.51   4134.33   4123.11   4098.74   4064.01   4016.48   3961.80   3908.07   3868.21   3841.75
   3820.51   3796.88   3770.84   3746.22   3725.90   3709.56   3694.98   3681.99   3667.43   3650.19   3629.68   3606.47   3580.26
   3554.52   3528.08   3501.08   3481.37   3474.84   3482.86   3496.75   3513.24   3531.54   3553.64   3584.32   3621.88   3659.99
   3570.43   3588.32   3612.26   3646.05   3689.75   3738.57   3795.33   3859.30   3918.14   3976.62   4033.50   4079.13   4117.40
   4147.98   4164.34   4172.70   4173.61   4161.46   4139.68   4106.59   4052.12   3979.03   3909.07   3868.95   3851.27   3840.86
   3830.35   3815.64   3798.28   3779.51   3762.95   3748.34   3735.02   3726.59   3720.64   3710.55   3692.89   3669.29   3640.03
   3607.01   3572.94   3538.12   3510.59   3507.84   3524.05   3548.25   3575.13   3601.12   3634.77   3678.47   3720.78   3750.52
   3589.20   3598.44   3614.86   3645.46   3691.89   3740.34   3803.85   3883.63   3960.25   4023.86   4079.32   4126.38   4161.69
   4185.26   4197.16   4199.35   4190.44   4172.61   4144.28   4095.74   4020.43   3926.51   3863.84   3848.42   3846.80   3851.53
   3854.47   3853.43   3848.06   3837.79   3823.69   3808.47   3794.69   3782.71   3773.44   3765.28   3753.58   3737.77   3716.36
   3687.73   3654.87   3623.28   3600.69   3599.21   3617.42   3642.19   3668.34   3704.99   3750.36   3791.61   3825.11   3846.20
   3620.75   3620.35   3630.97   3651.45   3692.13   3746.87   3824.92   3910.44   3994.89   4069.82   4127.14   4169.05   4193.77
   4207.27   4211.30   4206.12   4192.77   4172.54   4137.48   4071.47   3977.30   3887.31   3851.19   3846.40   3856.59   3874.81
   3889.16   3900.65   3907.70   3907.58   3900.35   3887.40   3872.20   3857.82   3846.09   3838.05   3831.30   3822.41   3808.02
   3788.97   3768.11   3749.10   3737.93   3740.19   3755.42   3777.53   3807.05   3842.99   3877.18   3903.77   3923.31   3935.90
   3667.16   3658.26   3667.76   3683.51   3715.73   3770.67   3855.64   3953.39   4041.30   4110.16   4158.37   4188.59   4206.30
   4213.84   4210.56   4200.68   4186.35   4165.19   4124.30   4045.56   3942.99   3873.77   3848.60   3854.01   3883.72   3913.13
   3935.96   3955.13   3971.04   3981.09   3983.49   3978.08   3967.26   3955.31   3944.21   3933.94   3926.53   3920.94   3913.27
   3902.96   3893.01   3886.13   3884.64   3890.44   3903.76   3923.33   3946.28   3967.89   3988.31   4005.63   4015.22   4017.27
   3765.65   3727.35   3721.88   3739.42   3774.71   3837.81   3921.33   4007.15   4081.98   4137.13   4171.15   4192.15   4206.25
   4211.78   4207.52   4196.44   4178.26   4153.02   4111.98   4036.28   3940.02   3880.03   3866.90   3893.09   3933.36   3966.69
   3992.60   4013.76   4032.54   4048.02   4058.69   4062.19   4059.23   4052.78   4044.73   4035.29   4027.07   4022.48   4021.02
   4018.46   4014.29   4012.43   4014.89   4021.52   4032.06   4045.50   4060.19   4075.23   4087.23   4094.57   4095.67   4091.41
   3901.23   3865.85   3843.49   3849.26   3882.25   3941.16   4006.01   4066.04   4117.46   4151.56   4170.14   4185.30   4199.99
   4205.47   4201.97   4192.92   4176.12   4147.87   4108.67   4052.64   3981.00   3934.56   3933.30   3958.08   3991.88   4022.92
   4048.63   4070.38   4088.50   4104.75   4120.20   4129.95   4133.77   4132.41   4127.51   4122.14   4118.04   4116.28   4116.52
   4117.10   4117.19   4117.73   4120.38   4125.84   4133.68   4143.95   4154.10   4161.25   4164.79   4165.46   4161.70   4153.89
   4021.53   4005.66   3996.19   3992.32   4006.32   4040.36   4077.58   4114.44   4140.95   4153.48   4160.76   4171.68   4185.38
   4189.44   4185.63   4181.82   4170.61   4147.80   4113.92   4074.08   4035.75   4011.42   4007.16   4021.92   4048.38   4074.98
   4097.53   4117.46   4135.69   4154.70   4174.94   4190.88   4199.23   4200.60   4199.21   4198.85   4199.39   4198.94   4199.74
   4201.50   4201.66   4201.16   4202.01   4204.99   4210.38   4216.43   4222.37   4224.99   4223.17   4218.20   4209.94   4198.87
   4123.35   4112.86   4103.20   4094.14   4094.65   4107.88   4126.96   4143.11   4150.07   4147.28   4143.16   4146.01   4155.96
   4160.26   4157.57   4155.30   4148.67   4135.78   4115.23   4090.61   4070.05   4059.12   4061.38   4075.31   4097.07   4119.07
   4138.54   4158.39   4184.87   4213.62   4236.04   4250.75   4258.59   4261.03   4260.66   4261.76   4263.25   4263.75   4263.66
   4263.18   4261.04   4258.23   4256.01   4255.52   4258.41   4263.91   4267.56   4266.49   4261.30   4252.41   4240.36   4228.71
   4198.93   4184.63   4170.30   4158.18   4150.65   4150.81   4154.01   4153.65   4147.04   4132.73   4118.89   4112.76   4113.93
   4118.68   4121.06   4121.59   4119.34   4112.69   4103.97   4095.13   4087.75   4084.90   4092.23   4110.79   4136.17   4162.32
   4188.18   4213.53   4242.54   4270.03   4288.74   4300.25   4305.19   4305.96   4303.98   4303.64   4303.17   4301.39   4298.04
   4293.49   4289.10   4285.14   4281.69   4281.05   4285.08   4290.40   4291.69   4288.65   4282.31   4272.09   4260.30   4250.22
   4238.81   4220.31   4204.43   4190.10   4177.70   4169.62   4161.62   4150.25   4135.56   4112.29   4091.93   4080.98   4074.33
   4074.56   4079.34   4085.09   4087.56   4086.81   4085.20   4085.37   4088.86   4100.28   4120.15   4145.55   4176.59   4211.71
   4242.54   4268.28   4291.31   4311.09   4323.55   4330.80   4333.09   4332.23   4328.83   4324.92   4321.23   4316.15   4309.06
   4301.85   4297.45   4293.80   4291.28   4291.26   4294.45   4298.97   4300.96   4298.56   4292.88   4284.92   4276.15   4267.28
   4250.78   4231.96   4213.69   4197.23   4182.38   4167.95   4153.12   4137.90   4118.12   4090.11   4066.98   4050.24   4040.57
   4039.81   4044.65   4052.06   4056.37   4059.26   4065.80   4077.20   4095.86   4120.76   4150.39   4182.32   4217.25   4253.58
   4283.23   4306.69   4325.15   4338.32   4345.52   4348.15   4348.19   4343.49   4337.23   4330.11   4323.32   4316.00   4306.51
   4298.41   4293.09   4288.03   4284.54   4284.34   4287.06   4291.62   4295.13   4295.27   4292.02   4286.72   4280.30   4273.93
   4245.52   4224.63   4204.77   4186.08   4168.59   4151.49   4135.63   4119.84   4096.67   4070.39   4048.54   4027.24   4013.41
   4011.43   4018.46   4027.02   4030.40   4036.92   4055.02   4082.75   4110.41   4142.97   4178.00   4212.34   4246.31   4276.49
   4302.12   4323.10   4339.65   4350.68   4355.76   4357.25   4354.29   4345.48   4336.25   4327.32   4316.99   4305.37   4292.56
   4281.73   4271.96   4263.25   4260.75   4262.15   4267.16   4273.72   4278.24   4278.98   4277.18   4274.31   4270.43   4264.32
   4224.71   4200.83   4178.73   4159.63   4142.44   4127.17   4114.63   4100.17   4078.07   4056.78   4039.73   4019.54   4003.04
   3998.42   4001.44   4003.92   4007.77   4027.72   4062.98   4101.78   4133.62   4162.59   4196.35   4228.05   4257.16   4283.67
   4303.77   4319.49   4334.26   4346.44   4355.20   4358.77   4352.78   4340.65   4328.38   4316.79   4303.43   4286.92   4270.83
   4257.60   4244.24   4235.93   4235.82   4241.16   4252.24   4261.96   4265.12   4262.28   4257.79   4255.22   4252.37   4246.11
   4384.38   4384.86   4385.25   4385.60   4385.90   4386.16   4386.41   4386.63   4386.82   4386.97   4387.07   4387.12   4387.07
   4386.89   4386.56   4386.05   4385.37   4384.52   4383.55   4382.50   4381.46   4380.45   4379.52   4378.70   4378.01   4377.47
   4377.10   4376.92   4376.94   4377.16   4377.58   4378.19   4378.99   4379.98   4381.15   4382.48   4383.95   4385.50   4387.10
   4388.69   4390.25   4391.73   4393.14   4394.46   4395.66   4396.74   4397.70   4398.52   4399.20   4399.73   4400.09   4400.29
   4395.29   4396.72   4398.10   4399.42   4400.65   4401.76   4402.72   4403.47   4403.96   4404.13   4403.95   4403.36   4402.39
   4401.15   4399.79   4398.37   4396.91   4395.38   4393.71   4391.83   4389.76   4387.60   4385.45   4383.54   4382.03   4380.98
   4380.41   4380.29   4380.41   4380.61   4381.03   4381.85   4383.17   4384.91   4387.02   4389.52   4392.59   4396.26   4400.40
   4404.87   4409.53   4414.23   4418.84   4423.24   4427.33   4431.02   4434.26   4437.05   4439.44   4441.45   4443.02   4444.11
   4412.73   4416.62   4420.21   4423.46   4426.25   4428.41   4429.81   4430.43   4430.38   4429.91   4429.22   4428.32   4427.02
   4425.14   4422.60   4419.52   4416.15   4412.62   4408.91   4404.91   4400.50   4395.92   4391.87   4388.67   4386.15   4384.21
   4382.55   4380.51   4378.01   4375.66   4373.89   4373.11   4373.69   4375.71   4378.81   4382.73   4387.44   4392.91   4399.20
   4406.64   4415.25   4424.56   4433.94   4442.93   4451.42   4459.26   4466.36   4472.80   4478.64   4483.73   4487.82   4490.84
   4444.61   4449.51   4454.13   4458.21   4461.56   4464.03   4465.40   4465.31   4463.58   4460.70   4457.63   4454.81   4452.00
   4448.80   4445.01   4440.77   4436.19   4431.19   4425.59   4419.37   4412.97   4407.22   4402.28   4397.62   4393.38   4389.80
   4385.93   4380.60   4373.88   4366.58   4360.19   4356.50   4355.89   4357.97   4362.31   4368.28   4375.19   4382.66   4390.81
   4400.40   4412.75   4428.35   4446.03   4463.30   4478.77   4492.76   4505.36   4516.42   4525.81   4533.59   4539.93   4544.79
   4481.77   4485.16   4488.05   4490.53   4492.11   4492.28   4490.70   4487.45   4483.20   4478.64   4474.04   4469.44   4464.92
   4460.61   4456.68   4453.19   4449.97   4446.69   4443.12   4439.17   4434.91   4430.29   4425.30   4420.00   4414.50   4409.03
   4403.48   4396.96   4388.33   4377.40   4365.40   4354.75   4347.15   4343.05   4343.03   4347.26   4355.78   4368.32   4384.14
   4402.33   4421.77   4442.92   4467.59   4494.52   4520.14   4542.74   4562.05   4578.11   4591.10   4601.04   4607.73   4610.96
   4511.57   4512.35   4512.59   4511.05   4507.25   4502.19   4497.46   4494.10   4491.99   4490.68   4490.07   4490.14   4490.51
   4490.97   4491.53   4492.09   4492.50   4492.67   4492.40   4491.36   4489.32   4486.09   4481.40   4475.08   4467.12   4457.58
   4446.68   4434.96   4423.18   4411.15   4397.83   4383.64   4370.58   4360.80   4356.17   4357.94   4366.17   4380.26   4399.44
   4423.53   4452.45   4485.23   4520.42   4554.43   4584.44   4609.81   4630.75   4647.80   4661.05   4670.70   4676.75   4678.66
   4526.64   4523.91   4519.31   4513.90   4511.17   4512.40   4516.08   4520.43   4524.06   4526.97   4529.37   4531.80   4534.41
   4535.68   4535.51   4535.38   4535.67   4536.51   4537.43   4537.80   4537.93   4538.13   4538.16   4537.29   4534.76   4529.78
   4521.34   4508.25   4490.41   4470.51   4451.53   4434.56   4419.65   4407.48   4400.20   4400.12   4407.92   4423.38   4446.28
   4478.12   4517.80   4558.58   4595.13   4626.57   4653.85   4677.64   4697.80   4714.00   4726.07   4733.85   4737.25   4736.36
   4530.33   4527.25   4527.98   4530.64   4534.55   4540.21   4547.12   4553.73   4558.45   4561.32   4563.52   4565.57   4566.92
   4565.53   4561.16   4555.57   4552.49   4554.75   4561.04   4569.70   4578.89   4586.64   4592.88   4598.23   4601.01   4600.06
   4595.77   4587.66   4574.23   4554.71   4529.22   4500.24   4474.45   4456.91   4448.29   4448.62   4458.55   4479.49   4512.38
   4552.99   4593.88   4630.58   4661.53   4687.83   4710.44   4730.27   4747.00   4760.11   4769.92   4776.60   4779.59   4778.37
   4531.38   4532.60   4533.85   4537.77   4543.83   4551.14   4560.60   4571.37   4580.88   4587.38   4592.40   4595.26   4594.99
   4590.42   4582.18   4573.80   4572.27   4581.75   4599.86   4619.11   4634.93   4647.83   4658.12   4664.65   4667.76   4667.90
   4664.49   4657.42   4646.25   4628.58   4603.13   4568.90   4530.65   4501.43   4488.30   4488.85   4504.14   4533.96   4571.67
   4609.38   4645.49   4677.99   4703.98   4724.53   4742.47   4759.56   4775.10   4787.48   4796.25   4801.69   4804.29   4803.85
   4521.04   4521.19   4523.07   4528.23   4535.95   4546.40   4560.04   4574.22   4585.76   4595.81   4604.45   4611.18   4613.62
   4612.61   4611.22   4613.71   4624.06   4640.66   4656.71   4672.20   4691.25   4709.57   4723.98   4736.38   4746.62   4749.74
   4742.31   4726.92   4708.51   4686.73   4657.66   4618.83   4573.26   4534.60   4516.78   4521.13   4544.64   4577.54   4608.42
   4636.87   4667.89   4695.90   4716.87   4733.95   4751.31   4769.24   4787.23   4803.56   4813.89   4817.47   4817.49   4816.41
   4500.70   4505.23   4509.07   4515.77   4526.72   4542.58   4558.65   4573.20   4592.31   4614.50   4633.49   4648.04   4657.18
   4664.48   4672.53   4683.21   4697.28   4712.91   4728.86   4744.17   4758.73   4776.52   4797.48   4815.54   4824.09   4822.73
   4813.41   4796.37   4770.18   4736.81   4696.41   4646.93   4592.05   4550.95   4536.64   4547.94   4575.29   4603.30   4624.76
   4648.23   4674.01   4693.52   4707.56   4722.85   4740.88   4757.78   4772.74   4786.67   4797.69   4804.36   4808.39   4811.89
   4501.74   4514.01   4517.15   4518.97   4527.11   4544.60   4567.85   4592.35   4620.21   4649.51   4674.79   4695.68   4712.27
   4725.90   4738.24   4750.91   4766.89   4784.89   4801.64   4817.18   4835.95   4856.52   4876.46   4888.68   4890.64   4885.47
   4872.61   4850.39   4815.29   4769.26   4714.41   4651.89   4593.28   4558.21   4552.15   4569.03   4594.22   4613.50   4629.09
   4650.40   4670.07   4679.93   4682.94   4688.39   4700.53   4715.79   4729.48   4739.94   4749.42   4759.56   4771.21   4783.90
   4520.43   4544.10   4554.08   4553.39   4553.36   4567.07   4595.33   4627.34   4655.52   4680.46   4703.67   4726.62   4749.13
   4766.62   4782.24   4802.67   4827.35   4850.53   4871.38   4894.95   4920.70   4942.35   4954.86   4957.04   4952.23   4939.90
   4917.38   4883.78   4837.78   4780.12   4711.62   4642.80   4591.47   4565.53   4565.76   4581.87   4598.78   4606.10   4616.05
   4635.48   4651.18   4656.82   4651.70   4646.50   4649.89   4659.81   4673.60   4686.45   4696.91   4708.58   4723.62   4742.16
   4529.67   4555.77   4570.89   4576.61   4581.89   4598.59   4626.03   4657.55   4690.35   4720.30   4746.45   4769.11   4789.30
   4809.42   4831.51   4859.60   4891.43   4924.05   4953.46   4980.83   5001.73   5015.35   5020.56   5016.56   5001.43   4976.01
   4940.48   4894.02   4836.64   4769.07   4701.32   4645.38   4601.98   4575.33   4571.62   4582.65   4593.69   4592.21   4587.44
   4596.37   4610.53   4616.98   4615.17   4610.40   4607.69   4610.98   4619.54   4631.58   4646.64   4664.79   4684.37   4705.69
   4536.14   4553.39   4564.54   4577.89   4598.40   4624.59   4653.66   4690.80   4733.83   4774.22   4806.03   4830.33   4851.88
   4878.02   4909.71   4944.39   4980.48   5014.83   5043.64   5062.18   5069.26   5071.69   5070.77   5057.60   5028.61   4988.85
   4939.94   4881.65   4815.13   4751.42   4701.83   4662.54   4622.92   4589.47   4573.08   4574.40   4583.97   4586.15   4573.46
   4560.80   4561.75   4564.84   4564.28   4565.50   4569.37   4574.40   4580.34   4589.79   4607.14   4630.07   4654.60   4678.12
   4553.71   4560.11   4572.77   4599.09   4632.39   4669.81   4717.51   4772.15   4826.67   4875.10   4912.49   4938.86   4960.17
   4988.17   5021.93   5052.96   5082.76   5108.01   5123.66   5127.19   5124.39   5118.03   5102.81   5070.68   5026.85   4975.06
   4915.79   4849.50   4789.11   4745.02   4713.70   4687.30   4656.28   4619.15   4589.87   4577.07   4580.28   4589.27   4588.14
   4568.53   4549.11   4540.77   4541.36   4548.88   4558.09   4567.17   4576.38   4587.32   4607.78   4639.84   4673.86   4701.38
   4568.65   4578.48   4605.68   4641.56   4684.90   4738.88   4802.03   4864.04   4921.86   4972.83   5018.27   5060.84   5095.32
   5121.99   5143.01   5160.98   5176.11   5185.16   5184.63   5174.45   5161.63   5140.18   5102.03   5051.44   4993.29   4930.04
   4868.34   4817.72   4780.06   4751.68   4731.60   4715.32   4695.70   4670.04   4645.28   4627.61   4617.48   4614.83   4613.40
   4601.21   4580.39   4566.93   4565.10   4568.76   4576.64   4588.26   4600.77   4615.63   4642.51   4683.69   4731.22   4775.05
   4577.48   4599.24   4632.59   4673.44   4733.34   4798.22   4859.70   4924.44   4990.15   5048.29   5105.07   5159.53   5199.37
   5225.92   5240.72   5245.23   5244.23   5238.06   5222.32   5199.24   5168.76   5122.41   5060.68   4993.37   4926.70   4873.72
   4838.07   4812.82   4792.42   4774.02   4758.42   4747.28   4736.70   4725.31   4714.85   4704.60   4692.59   4677.78   4659.18
   4639.34   4619.48   4599.44   4585.89   4586.70   4604.61   4628.45   4651.24   4677.68   4713.49   4761.08   4818.29   4869.00
   4594.78   4615.32   4648.29   4695.16   4762.24   4829.74   4893.82   4968.57   5044.04   5111.45   5169.22   5218.26   5256.42
   5286.58   5301.10   5296.38   5283.30   5263.82   5231.18   5191.03   5138.73   5065.03   4980.52   4912.38   4875.42   4859.87
   4850.36   4840.16   4829.23   4816.14   4803.35   4792.98   4783.85   4780.06   4780.00   4776.22   4767.70   4756.02   4737.23
   4707.39   4676.24   4650.18   4630.99   4634.39   4660.25   4692.71   4727.45   4769.73   4823.16   4885.15   4941.58   4982.12
   4624.99   4634.51   4662.69   4710.07   4771.26   4841.22   4916.61   5001.05   5078.51   5150.34   5206.95   5250.64   5286.06
   5313.31   5325.49   5319.45   5298.65   5263.08   5220.27   5163.44   5084.15   4985.31   4903.61   4873.98   4872.41   4880.11
   4887.83   4890.43   4887.36   4882.26   4875.95   4867.88   4860.31   4856.15   4854.00   4852.76   4852.15   4846.33   4833.54
   4812.51   4783.31   4758.77   4745.59   4751.14   4774.30   4808.64   4849.22   4900.59   4962.02   5017.68   5057.40   5086.07
   4674.09   4665.44   4683.40   4716.40   4773.27   4850.94   4938.40   5023.11   5107.20   5182.93   5238.46   5280.27   5309.44
   5324.91   5327.88   5318.21   5294.15   5252.80   5200.63   5126.42   5028.31   4926.89   4874.32   4871.12   4890.10   4920.54
   4944.01   4959.07   4969.53   4976.51   4978.24   4975.37   4969.78   4962.55   4957.23   4956.83   4959.58   4959.49   4954.07
   4944.98   4931.84   4920.42   4916.57   4925.47   4947.72   4980.08   5019.36   5061.92   5099.10   5129.65   5155.65   5175.30
   4769.17   4722.21   4722.56   4745.43   4791.76   4862.91   4959.50   5052.45   5135.62   5207.58   5260.82   5297.31   5318.98
   5325.77   5319.93   5305.41   5279.18   5238.37   5180.34   5097.29   4989.31   4905.09   4874.52   4887.21   4935.65   4981.94
   5014.40   5039.82   5063.68   5082.74   5094.15   5098.72   5099.68   5098.11   5095.46   5092.69   5089.59   5088.35   5088.86
   5088.54   5087.09   5088.27   5095.17   5109.29   5129.61   5152.21   5176.09   5198.74   5217.62   5233.97   5248.98   5261.34
   4914.94   4838.63   4801.39   4808.56   4845.24   4912.78   5004.95   5093.60   5165.12   5221.82   5267.10   5297.88   5313.14
   5313.72   5304.05   5287.89   5262.83   5225.28   5169.77   5092.26   4991.61   4918.36   4908.27   4946.98   5002.32   5047.92
   5086.18   5118.47   5146.92   5170.32   5189.23   5203.15   5212.47   5217.89   5220.75   5221.78   5221.47   5220.56   5221.62
   5225.50   5230.48   5237.86   5250.70   5267.92   5285.08   5300.80   5313.61   5322.96   5327.85   5331.61   5337.04   5340.98
   5067.24   5005.16   4956.11   4939.32   4962.73   5018.22   5079.71   5140.17   5190.95   5229.71   5262.58   5284.35   5293.15
   5293.35   5285.32   5270.27   5248.03   5216.40   5172.72   5113.14   5040.10   4990.08   4992.11   5026.75   5070.48   5112.18
   5149.44   5179.25   5206.42   5236.58   5264.23   5287.47   5306.30   5320.96   5331.58   5337.68   5340.46   5341.51   5344.91
   5350.41   5358.10   5369.10   5383.70   5399.36   5412.68   5423.05   5429.31   5429.73   5425.20   5419.38   5413.89   5407.30
   5192.87   5148.41   5117.44   5103.58   5105.34   5123.64   5152.44   5185.61   5211.05   5231.62   5250.16   5257.83   5259.85
   5261.70   5260.57   5252.51   5235.46   5210.10   5180.48   5145.62   5108.05   5079.17   5076.47   5098.59   5132.77   5167.31
   5198.69   5230.86   5266.13   5304.65   5341.88   5375.59   5402.22   5422.58   5437.12   5445.60   5449.28   5450.73   5451.41
   5453.96   5460.87   5471.56   5484.14   5496.30   5505.80   5510.31   5509.83   5505.71   5497.71   5486.93   5474.64   5460.55
   5289.47   5255.83   5231.54   5216.84   5210.43   5207.25   5210.83   5217.42   5222.11   5227.28   5229.53   5221.79   5217.40
   5220.74   5224.33   5221.98   5213.23   5199.62   5186.52   5169.70   5151.25   5137.20   5137.99   5155.99   5182.51   5217.16
   5255.91   5298.08   5340.16   5381.14   5423.89   5463.19   5492.45   5512.67   5525.77   5533.43   5534.57   5531.90   5529.43
   5530.92   5537.10   5547.47   5558.57   5567.11   5571.05   5569.66   5564.13   5556.72   5547.15   5534.29   5518.91   5500.34
   5361.49   5333.29   5310.75   5291.81   5274.96   5259.24   5246.76   5233.17   5223.15   5216.45   5202.02   5182.34   5172.39
   5174.90   5181.21   5184.92   5186.29   5183.14   5179.68   5174.59   5168.06   5167.42   5180.21   5203.55   5235.32   5278.84
   5325.13   5366.80   5408.71   5455.27   5500.88   5538.16   5565.14   5583.29   5593.16   5595.87   5592.80   5587.54   5585.03
   5585.95   5592.59   5602.11   5610.62   5615.29   5615.10   5610.46   5602.87   5593.36   5580.89   5565.75   5549.01   5528.87
   5411.15   5386.70   5360.46   5333.54   5307.58   5282.80   5257.92   5233.01   5215.52   5201.44   5174.77   5146.27   5130.00
   5126.19   5132.13   5144.50   5157.16   5163.24   5164.56   5167.72   5174.42   5189.87   5216.36   5250.02   5290.80   5333.52
   5378.35   5422.84   5466.98   5511.31   5552.31   5587.45   5613.18   5630.33   5639.05   5638.53   5632.85   5628.62   5625.52
   5624.58   5626.79   5631.64   5637.65   5640.69   5639.92   5634.50   5625.37   5614.27   5600.59   5584.39   5567.49   5546.99
   5441.51   5414.43   5385.69   5353.85   5320.90   5288.19   5254.44   5224.30   5204.38   5186.07   5152.46   5117.44   5093.71
   5087.76   5099.42   5118.51   5133.94   5144.24   5152.31   5163.58   5179.47   5206.52   5240.34   5281.13   5327.51   5372.71
   5416.73   5459.87   5501.98   5543.23   5581.80   5614.51   5642.16   5666.42   5678.02   5674.12   5665.36   5658.02   5649.35
   5641.86   5638.12   5638.91   5641.53   5644.02   5644.16   5641.00   5633.60   5622.39   5609.06   5593.53   5576.29   5555.11
   5455.06   5427.97   5395.45   5357.92   5317.55   5276.85   5240.84   5212.97   5194.06   5174.75   5141.25   5101.31   5072.38
   5067.63   5088.67   5111.70   5121.98   5128.89   5142.67   5164.19   5187.76   5216.45   5253.12   5297.95   5347.81   5395.14
   5437.74   5478.39   5517.23   5555.69   5591.98   5625.26   5660.13   5689.17   5701.49   5697.58   5684.87   5668.48   5653.53
   5643.60   5635.92   5631.74   5632.46   5634.72   5635.04   5632.56   5626.72   5617.15   5604.86   5590.87   5574.31   5554.76
   5449.71   5422.20   5388.55   5347.52   5302.25   5260.81   5228.79   5204.70   5188.93   5173.16   5144.42   5106.67   5075.61
   5064.76   5077.12   5099.19   5114.83   5124.33   5139.01   5164.62   5195.56   5226.23   5260.03   5304.49   5355.78   5404.60
   5446.60   5483.55   5519.68   5554.71   5588.65   5622.46   5659.41   5688.02   5699.02   5694.46   5677.32   5658.55   5646.88
   5635.35   5621.90   5616.79   5619.05   5621.99   5621.38   5616.27   5608.97   5600.99   5591.91   5580.79   5566.25   5548.71
   5606.44   5606.53   5606.54   5606.45   5606.28   5606.04   5605.75   5605.44   5605.13   5604.84   5604.57   5604.32   5604.05
   5603.75   5603.40   5602.98   5602.50   5601.98   5601.39   5600.78   5600.16   5599.57   5599.03   5598.58   5598.24   5598.07
   5598.10   5598.35   5598.80   5599.40   5600.12   5600.93   5601.85   5602.90   5604.11   5605.47   5606.97   5608.57   5610.23
   5611.93   5613.62   5615.29   5616.92   5618.49   5619.97   5621.38   5622.71   5623.92   5625.03   5626.03   5626.90   5627.65
   5624.70   5626.50   5628.19   5629.72   5631.00   5632.01   5632.69   5632.99   5632.91   5632.40   5631.45   5630.12   5628.46
   5626.58   5624.61   5622.70   5620.96   5619.53   5618.44   5617.52   5616.57   5615.54   5614.48   5613.52   5612.74   5612.18
   5611.91   5612.02   5612.41   5612.94   5613.55   5614.22   5615.03   5616.09   5617.55   5619.44   5621.72   5624.29   5627.16
   5630.34   5633.80   5637.47   5641.25   5645.01   5648.67   5652.14   5655.33   5658.23   5660.81   5663.09   5665.06   5666.75
   5647.83   5651.36   5654.69   5657.70   5660.29   5662.41   5663.96   5664.89   5665.14   5664.73   5663.73   5662.18   5659.98
   5656.97   5653.18   5648.87   5644.44   5640.25   5636.68   5633.88   5631.51   5629.15   5626.77   5624.60   5622.72   5621.22
   5620.27   5619.58   5618.57   5617.26   5616.25   5616.11   5617.06   5619.01   5621.68   5624.89   5628.58   5632.53   5636.80
   5641.75   5647.62   5654.39   5661.82   5669.50   5677.03   5684.25   5691.18   5697.81   5703.83   5708.78   5712.43   5714.87
   5684.42   5690.22   5695.67   5700.42   5704.13   5706.48   5707.29   5706.54   5704.44   5701.42   5697.92   5694.26   5690.52
   5686.41   5681.67   5676.45   5671.19   5666.19   5661.64   5657.59   5653.78   5649.97   5646.16   5642.47   5638.85   5635.21
   5631.66   5628.13   5624.08   5619.77   5616.62   5615.52   5616.02   5617.98   5621.43   5625.99   5631.50   5637.98   5645.70
   5654.79   5665.28   5677.07   5689.95   5704.08   5719.04   5733.73   5747.53   5760.00   5770.59   5778.96   5785.03   5788.83
   5730.60   5736.65   5741.49   5745.10   5747.39   5748.20   5747.13   5743.70   5738.33   5732.30   5726.92   5722.83   5719.80
   5717.28   5714.93   5712.70   5710.49   5708.13   5705.48   5702.35   5698.60   5694.24   5689.37   5684.03   5678.26   5671.92
   5664.86   5657.18   5649.03   5640.70   5632.98   5626.76   5622.54   5620.58   5621.47   5625.58   5632.82   5643.18   5656.55
   5672.60   5691.19   5712.52   5736.72   5763.42   5790.82   5816.36   5838.36   5856.32   5870.18   5879.92   5885.56   5887.10
   5770.26   5773.12   5775.28   5776.28   5775.66   5773.64   5770.72   5767.92   5766.31   5766.27   5767.48   5769.44   5771.85
   5774.33   5776.35   5777.62   5778.21   5778.19   5777.43   5775.71   5773.00   5769.47   5765.13   5759.77   5753.11   5744.90
   5734.81   5722.43   5707.94   5692.58   5678.00   5665.51   5656.00   5649.96   5647.84   5650.46   5658.55   5672.07   5690.29
   5713.48   5742.75   5778.12   5817.02   5854.83   5888.07   5915.79   5938.09   5955.47   5968.44   5977.36   5982.08   5982.31
   5795.60   5797.34   5798.16   5798.46   5799.69   5803.14   5808.10   5813.19   5817.77   5821.55   5824.04   5825.39   5825.62
   5824.73   5823.40   5823.46   5825.16   5827.45   5829.10   5829.96   5830.82   5832.35   5834.41   5836.14   5836.52   5834.46
   5828.80   5818.44   5802.64   5781.30   5756.48   5732.80   5713.60   5700.32   5693.70   5694.18   5702.85   5719.66   5744.56
   5777.60   5819.98   5866.44   5909.14   5946.62   5978.76   6005.11   6025.34   6039.69   6049.19   6055.50   6059.09   6058.90
   5818.73   5822.16   5826.57   5832.09   5838.44   5844.83   5850.37   5853.99   5855.48   5854.56   5853.10   5852.89   5853.44
   5853.40   5851.53   5849.97   5852.28   5858.13   5865.93   5874.89   5883.81   5892.92   5902.11   5910.21   5915.91   5919.41
   5920.33   5915.85   5903.28   5882.26   5855.59   5824.09   5789.00   5760.14   5744.83   5742.93   5752.55   5773.85   5808.64
   5853.01   5897.54   5939.37   5979.86   6016.33   6047.09   6071.77   6089.86   6100.27   6104.32   6106.93   6110.27   6112.44
   5833.94   5838.80   5842.41   5845.82   5849.99   5854.47   5858.91   5863.60   5868.52   5873.28   5876.61   5879.13   5882.21
   5883.33   5882.38   5884.25   5892.39   5906.20   5922.01   5939.02   5956.23   5972.82   5987.53   5999.66   6008.64   6012.59
   6011.88   6007.56   5997.64   5978.23   5946.49   5907.93   5865.39   5820.69   5791.62   5785.94   5797.57   5826.63   5866.72
   5904.92   5943.43   5986.74   6026.56   6059.18   6086.03   6107.89   6123.87   6131.82   6133.48   6134.07   6136.35   6140.85
   5820.81   5823.00   5825.30   5830.11   5837.99   5846.61   5853.22   5861.46   5872.99   5883.73   5891.92   5898.64   5905.60
   5911.77   5916.83   5926.77   5944.59   5965.96   5989.25   6012.20   6034.27   6055.93   6075.58   6092.91   6107.59   6113.67
   6108.52   6095.85   6078.34   6054.73   6019.97   5972.71   5920.00   5864.70   5826.72   5821.03   5838.60   5870.94   5900.68
   5925.69   5962.50   6004.47   6037.78   6065.61   6090.19   6111.83   6129.57   6141.44   6146.82   6148.00   6148.01   6149.95
   5788.52   5792.47   5796.12   5802.85   5813.19   5825.70   5839.99   5856.74   5875.17   5894.12   5913.02   5929.65   5943.38
   5955.54   5968.81   5986.36   6008.21   6033.34   6061.87   6091.49   6121.30   6148.84   6174.98   6198.35   6212.75   6215.94
   6206.46   6183.56   6152.95   6117.48   6071.29   6011.33   5944.95   5884.61   5850.84   5850.23   5873.51   5901.35   5915.93
   5931.16   5961.84   5994.59   6020.17   6044.75   6069.40   6092.32   6111.92   6126.11   6135.07   6139.88   6143.96   6149.88
   5771.92   5780.02   5785.41   5793.16   5805.92   5823.92   5847.46   5873.92   5900.45   5926.96   5952.27   5974.75   5994.14
   6012.41   6031.81   6053.97   6080.62   6110.83   6142.32   6176.83   6213.89   6249.55   6281.85   6304.96   6313.15   6308.14
   6289.84   6254.67   6210.65   6161.64   6098.98   6023.15   5945.61   5888.06   5865.86   5873.39   5898.69   5917.60   5920.99
   5927.54   5949.46   5973.17   5986.13   5998.04   6019.44   6045.02   6065.50   6079.26   6087.80   6094.84   6108.03   6128.28
   5776.71   5795.04   5807.98   5817.78   5829.75   5849.56   5878.31   5911.38   5943.15   5971.35   5996.95   6021.38   6045.64
   6070.24   6095.90   6125.29   6158.77   6193.14   6228.91   6267.79   6308.37   6350.29   6381.61   6394.01   6392.03   6374.94
   6343.00   6297.45   6242.21   6177.35   6097.03   6007.04   5930.67   5887.09   5875.62   5888.65   5911.11   5919.93   5914.21
   5912.34   5924.07   5940.79   5948.58   5950.07   5957.07   5973.33   5993.23   6010.28   6023.55   6035.72   6050.12   6075.29
   5785.95   5807.31   5824.21   5839.18   5858.08   5884.75   5918.14   5955.36   5992.45   6027.73   6060.46   6090.72   6120.76
   6152.17   6184.90   6219.27   6254.36   6287.95   6319.36   6356.00   6397.45   6434.13   6455.23   6457.88   6442.53   6411.98
   6366.30   6308.75   6239.89   6159.34   6068.33   5981.74   5920.03   5886.64   5877.64   5889.82   5910.38   5916.21   5901.69
   5890.86   5893.13   5900.57   5906.48   5909.40   5911.47   5915.45   5926.75   5944.44   5964.65   5984.45   6003.89   6026.06
   5796.85   5812.81   5829.96   5852.95   5883.48   5920.70   5967.54   6021.44   6076.35   6126.74   6169.99   6213.48   6259.12
   6301.09   6336.25   6362.19   6380.67   6397.73   6415.44   6439.99   6471.59   6493.93   6499.48   6487.04   6457.21   6412.45
   6354.28   6284.16   6203.52   6115.29   6032.25   5967.01   5921.67   5891.65   5878.31   5883.53   5901.38   5914.07   5902.70
   5882.35   5872.67   5869.41   5870.65   5876.68   5884.17   5890.96   5898.75   5912.27   5934.23   5959.36   5982.79   6005.71
   5814.70   5826.10   5848.56   5881.67   5926.43   5990.78   6069.82   6147.28   6213.06   6271.05   6332.25   6395.05   6454.08
   6502.00   6535.07   6549.62   6546.22   6532.47   6514.73   6513.71   6528.78   6531.74   6515.75   6483.15   6436.10   6377.55
   6307.61   6227.48   6142.96   6068.33   6013.98   5973.94   5941.62   5914.81   5897.16   5893.61   5902.05   5916.51   5919.87
   5902.74   5882.11   5870.32   5870.02   5878.98   5890.97   5901.74   5911.44   5925.40   5948.36   5981.08   6018.03   6058.98
   5837.55   5849.29   5876.49   5922.49   6001.80   6099.89   6190.16   6271.07   6347.64   6424.55   6502.88   6573.96   6632.94
   6677.62   6705.58   6710.22   6692.91   6659.32   6611.44   6576.95   6563.78   6541.28   6499.61   6445.33   6381.26   6308.73
   6229.72   6155.69   6096.10   6053.80   6024.14   6003.06   5985.28   5967.11   5950.84   5942.32   5941.84   5945.22   5947.90
   5940.23   5921.08   5907.74   5905.02   5909.75   5922.10   5938.79   5954.82   5972.89   6001.79   6047.25   6107.62   6170.02
   5861.50   5871.78   5902.94   5971.96   6076.68   6176.19   6269.20   6365.49   6460.66   6547.79   6621.42   6687.79   6743.59
   6785.40   6809.87   6810.49   6784.91   6738.47   6676.33   6617.80   6573.21   6517.47   6447.49   6371.51   6293.53   6221.75
   6164.15   6124.22   6095.47   6073.19   6057.34   6046.05   6037.02   6029.40   6023.15   6019.51   6016.75   6010.67   6002.15
   5990.51   5973.27   5956.52   5948.74   5955.31   5974.53   5999.15   6024.65   6054.87   6094.26   6152.51   6222.24   6283.98
   5892.55   5894.89   5924.92   6007.12   6121.10   6221.73   6326.88   6434.27   6530.71   6619.10   6691.50   6752.55   6804.09
   6843.08   6867.31   6866.06   6832.52   6776.77   6702.69   6627.82   6551.19   6460.28   6364.55   6279.67   6218.63   6181.54
   6161.72   6149.94   6139.74   6128.27   6116.81   6108.71   6103.92   6104.01   6107.38   6108.42   6105.96   6100.18   6089.72
   6071.66   6051.32   6036.85   6033.60   6043.70   6067.16   6098.31   6131.19   6170.82   6227.11   6296.02   6358.86   6403.07
   5938.31   5924.95   5947.73   6023.87   6138.74   6249.00   6365.23   6474.70   6569.51   6657.44   6729.08   6787.55   6834.98
   6870.98   6891.95   6885.46   6847.37   6786.43   6704.71   6616.26   6510.38   6389.32   6288.01   6230.12   6208.47   6212.72
   6227.18   6238.43   6242.70   6240.53   6232.58   6222.13   6213.75   6209.99   6210.04   6212.29   6215.40   6215.46   6209.56
   6199.41   6188.85   6181.41   6182.81   6196.73   6221.96   6254.81   6293.61   6338.54   6393.42   6444.11   6481.96   6510.50
   6011.29   5973.48   5978.09   6032.65   6135.80   6258.80   6386.75   6494.66   6588.52   6680.36   6755.59   6808.84   6848.10
   6877.32   6888.96   6876.13   6841.32   6780.08   6696.82   6595.30   6467.05   6338.48   6259.72   6232.91   6250.77   6292.11
   6328.76   6355.15   6372.68   6381.38   6382.38   6377.03   6369.12   6361.62   6357.60   6360.00   6365.04   6369.25   6373.01
   6374.69   6376.43   6380.09   6387.57   6404.09   6429.51   6459.54   6490.41   6520.59   6549.07   6571.93   6588.46   6601.82
   6130.25   6053.31   6037.61   6068.66   6144.12   6261.53   6398.54   6517.17   6611.00   6695.79   6769.35   6817.41   6848.61
   6866.57   6867.19   6850.41   6819.59   6763.49   6685.49   6578.58   6436.37   6319.28   6270.15   6275.35   6325.33   6381.27
   6426.55   6463.05   6489.04   6506.64   6517.02   6521.01   6522.01   6522.74   6525.39   6531.30   6537.48   6542.44   6549.16
   6559.26   6572.21   6587.03   6604.02   6623.19   6643.81   6664.92   6682.02   6693.40   6701.30   6704.54   6702.29   6696.75
   6284.77   6186.98   6142.18   6152.95   6210.67   6313.46   6436.81   6552.85   6642.00   6714.18   6772.12   6809.06   6832.06
   6839.98   6834.50   6818.63   6790.15   6740.28   6671.48   6573.17   6438.43   6340.54   6320.12   6353.18   6411.29   6468.18
   6515.92   6552.84   6580.81   6604.55   6625.35   6642.65   6656.01   6668.42   6683.10   6697.44   6709.04   6717.59   6723.76
   6732.96   6748.16   6769.80   6792.46   6813.12   6830.26   6842.95   6850.11   6851.80   6848.40   6841.12   6827.53   6805.57
   6439.98   6352.62   6298.28   6295.20   6340.76   6419.34   6511.89   6602.33   6671.32   6725.61   6765.36   6787.15   6796.72
   6797.87   6795.23   6782.63   6754.78   6712.88   6659.86   6584.53   6480.89   6411.12   6411.20   6448.81   6500.52   6548.54
   6588.31   6620.83   6660.02   6696.92   6731.91   6764.27   6792.02   6816.88   6839.67   6859.64   6874.82   6883.40   6884.53
   6888.83   6907.59   6931.95   6954.63   6972.47   6984.42   6989.96   6988.83   6982.04   6971.15   6957.05   6938.25   6912.17
   6572.82   6507.73   6461.76   6451.84   6476.34   6524.01   6589.80   6654.65   6698.37   6730.69   6750.24   6752.90   6743.61
   6737.63   6738.22   6731.57   6711.41   6681.94   6648.35   6606.61   6550.32   6511.30   6514.47   6543.71   6581.22   6618.98
   6657.16   6704.31   6757.43   6802.48   6841.92   6879.71   6914.52   6943.56   6967.44   6986.02   6999.87   7007.67   7012.53
   7025.55   7051.99   7079.39   7100.96   7115.77   7122.19   7119.36   7108.74   7092.30   7072.94   7051.93   7029.39   7003.91
   6674.28   6627.10   6589.38   6570.64   6578.37   6610.63   6655.14   6694.08   6715.64   6730.87   6730.70   6712.27   6687.53
   6676.81   6677.86   6676.80   6667.89   6656.06   6642.54   6626.46   6607.18   6598.08   6606.61   6629.40   6660.36   6701.32
   6749.24   6802.74   6848.36   6893.46   6934.36   6971.98   7004.68   7030.60   7051.24   7067.05   7083.24   7099.56   7118.01
   7143.11   7172.40   7200.55   7222.25   7234.02   7235.02   7226.91   7209.41   7184.70   7157.48   7130.26   7104.93   7079.95
   6750.32   6711.71   6678.37   6658.64   6659.64   6680.76   6706.30   6720.55   6726.46   6728.52   6712.11   6675.25   6642.46
   6631.90   6633.45   6639.01   6649.95   6659.90   6665.30   6665.74   6666.48   6674.59   6690.57   6716.16   6750.60   6793.40
   6837.13   6879.49   6922.79   6963.88   6997.72   7028.69   7056.38   7077.84   7098.56   7123.25   7148.26   7173.17   7200.89
   7231.12   7259.60   7283.18   7300.94   7309.58   7308.56   7299.18   7279.55   7250.20   7219.69   7192.54   7168.99   7144.46
   6805.67   6767.85   6740.29   6728.26   6728.22   6735.81   6740.51   6737.58   6734.10   6725.64   6698.78   6648.60   6609.42
   6597.78   6600.61   6623.12   6656.51   6681.37   6698.30   6710.14   6722.85   6740.69   6767.59   6799.94   6835.31   6871.92
   6906.29   6937.65   6973.03   7006.94   7035.54   7057.62   7075.45   7100.12   7132.77   7166.26   7195.72   7224.55   7254.58
   7284.44   7309.60   7329.56   7345.28   7354.20   7353.98   7344.34   7324.23   7293.44   7262.75   7238.57   7218.02   7192.73
   6845.60   6817.42   6797.32   6786.02   6780.08   6773.27   6762.69   6750.45   6739.44   6725.77   6695.91   6641.89   6587.82
   6571.82   6586.75   6623.20   6663.27   6692.59   6715.09   6735.46   6755.14   6781.76   6818.52   6856.62   6894.10   6924.88
   6950.30   6975.91   7004.53   7028.20   7047.62   7061.84   7081.38   7114.17   7154.69   7189.09   7217.85   7248.67   7279.81
   7307.08   7331.17   7352.81   7368.84   7378.01   7378.52   7369.23   7348.02   7319.49   7292.23   7269.84   7249.30   7223.63
   6873.45   6855.03   6837.96   6824.30   6813.20   6799.94   6785.35   6767.90   6748.72   6731.49   6706.21   6661.11   6603.21
   6572.04   6591.39   6628.64   6661.74   6688.55   6713.64   6743.13   6771.46   6807.63   6848.40   6887.69   6923.08   6951.05
   6972.92   6995.22   7016.91   7032.29   7042.01   7051.77   7075.18   7116.42   7159.87   7192.54   7222.69   7255.14   7284.63
   7311.24   7334.87   7355.10   7371.41   7381.92   7384.45   7377.37   7358.22   7333.32   7310.98   7291.32   7270.98   7246.76
   6885.32   6873.51   6857.19   6843.74   6834.65   6825.57   6814.44   6797.99   6777.02   6756.47   6734.42   6704.85   6662.04
   6618.95   6608.37   6627.55   6652.48   6676.03   6706.96   6743.36   6777.98   6820.79   6864.69   6899.72   6932.15   6960.22
   6980.36   6999.27   7015.59   7021.12   7021.60   7033.28   7061.07   7105.11   7153.11   7186.77   7214.15   7244.54   7275.20
   7302.17   7324.63   7344.91   7361.09   7370.45   7373.11   7368.95   7357.68   7341.36   7323.13   7304.35   7285.44   7264.88
   6363.23   6363.43   6363.49   6363.42   6363.22   6362.90   6362.47   6361.94   6361.34   6360.67   6359.96   6359.23   6358.47
   6357.71   6356.98   6356.29   6355.67   6355.11   6354.61   6354.17   6353.79   6353.46   6353.17   6352.93   6352.74   6352.61
   6352.55   6352.56   6352.63   6352.78   6353.02   6353.35   6353.80   6354.37   6355.10   6355.99   6357.04   6358.23   6359.55
   6360.95   6362.41   6363.91   6365.43   6366.94   6368.43   6369.88   6371.26   6372.56   6373.77   6374.86   6375.84   6376.68
   6384.95   6385.91   6386.74   6387.40   6387.89   6388.17   6388.22   6388.05   6387.65   6387.02   6386.14   6385.01   6383.64
   6382.07   6380.41   6378.78   6377.27   6375.92   6374.72   6373.67   6372.79   6372.05   6371.30   6370.50   6369.65   6368.79
   6368.08   6367.62   6367.46   6367.66   6368.23   6369.12   6370.30   6371.77   6373.47   6375.37   6377.48   6379.79   6382.32
   6385.03   6387.88   6390.83   6393.86   6396.91   6399.90   6402.77   6405.47   6407.98   6410.32   6412.44   6414.34   6415.93
   6410.14   6412.71   6414.97   6416.89   6418.45   6419.62   6420.35   6420.57   6420.22   6419.30   6417.89   6416.12   6414.10
   6411.90   6409.52   6406.98   6404.34   6401.68   6399.09   6396.68   6394.51   6392.51   6390.56   6388.57   6386.58   6384.67
   6382.97   6381.60   6380.57   6379.94   6379.88   6380.34   6381.19   6382.56   6384.60   6387.24   6390.30   6393.77   6397.86
   6402.40   6407.21   6412.43   6418.04   6423.92   6430.09   6436.33   6442.36   6447.87   6452.49   6456.05   6458.78   6461.02
   6448.93   6452.98   6456.79   6460.11   6462.64   6464.13   6464.46   6463.67   6461.93   6459.39   6456.21   6452.75   6449.53
   6446.88   6444.64   6442.41   6439.96   6437.21   6434.18   6430.86   6427.40   6423.92   6420.43   6416.89   6413.38   6409.92
   6406.36   6402.64   6399.03   6395.94   6393.72   6392.33   6391.73   6392.23   6393.89   6396.72   6401.03   6406.86   6413.93
   6422.18   6431.50   6441.64   6452.15   6463.11   6474.74   6486.46   6497.55   6507.60   6516.30   6523.44   6528.85   6532.23
   6498.01   6502.69   6506.50   6509.19   6510.63   6510.68   6509.17   6506.31   6502.72   6499.02   6495.65   6492.99   6491.22
   6490.17   6489.43   6488.68   6487.74   6486.49   6484.84   6482.74   6480.11   6476.85   6472.85   6468.03   6462.38   6455.98
   6448.98   6441.54   6433.96   6426.95   6420.90   6416.02   6412.64   6411.06   6411.52   6414.17   6419.25   6426.91   6437.25
   6450.48   6466.33   6484.30   6504.44   6526.68   6550.27   6573.53   6594.70   6612.58   6626.38   6635.69   6640.38   6640.65
   6540.97   6542.64   6543.67   6544.21   6544.28   6543.81   6542.71   6541.11   6539.62   6539.01   6539.52   6540.81   6542.49
   6544.10   6545.41   6546.54   6547.59   6548.54   6549.27   6549.68   6549.64   6548.96   6547.31   6544.34   6539.64   6532.66
   6523.04   6511.02   6497.49   6483.72   6470.82   6459.99   6452.23   6447.35   6445.32   6446.70   6452.21   6462.47   6477.64
   6497.57   6521.91   6551.50   6586.52   6623.30   6657.58   6687.25   6711.59   6730.62   6744.59   6753.79   6758.20   6757.55
   6566.58   6566.50   6567.71   6569.38   6571.08   6573.20   6576.36   6580.40   6584.52   6587.97   6590.51   6592.41   6593.93
   6594.83   6595.08   6595.36   6596.94   6600.38   6605.34   6610.80   6615.90   6619.98   6622.73   6623.97   6622.98   6618.78
   6610.78   6598.85   6582.79   6563.32   6543.25   6525.07   6510.00   6499.07   6492.89   6492.19   6498.18   6511.48   6531.53
   6557.40   6593.20   6637.11   6679.53   6718.03   6752.54   6782.07   6806.52   6825.10   6837.44   6845.24   6849.93   6850.42
   6583.99   6587.97   6593.37   6599.33   6604.28   6607.83   6610.98   6613.99   6616.67   6618.98   6621.07   6623.60   6626.46
   6628.85   6631.24   6635.46   6643.14   6653.47   6664.44   6674.75   6683.48   6690.64   6696.50   6700.97   6703.46   6702.76
   6697.63   6687.27   6671.54   6651.29   6627.13   6600.70   6576.09   6557.25   6545.39   6541.97   6548.09   6563.29   6587.48
   6622.04   6663.06   6706.55   6751.65   6793.68   6828.44   6855.76   6876.67   6890.85   6897.66   6900.89   6903.84   6905.09
   6593.90   6602.10   6608.30   6612.33   6615.16   6616.92   6617.77   6619.19   6622.85   6629.37   6638.58   6648.52   6656.95
   6664.20   6672.26   6683.25   6698.80   6717.67   6733.92   6747.43   6759.64   6772.14   6783.83   6792.25   6795.80   6794.83
   6789.11   6777.84   6760.43   6736.38   6706.97   6673.62   6639.46   6610.61   6592.33   6586.44   6591.74   6607.88   6635.43
   6668.47   6707.59   6756.26   6804.75   6844.92   6877.39   6902.86   6920.20   6928.12   6927.20   6923.45   6923.04   6926.29
   6579.08   6586.91   6592.02   6595.08   6598.20   6602.95   6610.00   6619.82   6631.77   6645.19   6660.18   6674.57   6686.98
   6699.37   6713.88   6731.09   6752.47   6775.59   6798.25   6819.89   6840.36   6859.88   6876.47   6887.93   6892.23   6889.02
   6880.93   6866.27   6843.73   6814.21   6776.33   6731.88   6687.80   6650.98   6628.41   6621.19   6626.86   6644.94   6667.71
   6690.44   6726.98   6774.50   6817.50   6854.24   6885.64   6911.60   6930.23   6938.26   6936.08   6930.27   6927.79   6930.69
   6553.16   6560.19   6567.04   6574.93   6584.72   6597.23   6612.80   6630.67   6649.64   6668.91   6687.20   6704.16   6721.75
   6741.10   6762.23   6784.07   6806.60   6831.59   6860.79   6891.03   6922.00   6950.24   6972.42   6987.19   6994.13   6991.66
   6976.79   6950.09   6916.72   6878.19   6828.19   6770.06   6716.09   6675.78   6653.20   6647.10   6655.37   6671.81   6684.40
   6697.13   6722.44   6757.20   6790.94   6822.33   6852.79   6880.05   6901.23   6913.76   6918.55   6920.57   6924.05   6930.78
   6540.84   6548.88   6557.85   6569.20   6583.96   6602.97   6625.93   6650.54   6675.12   6699.54   6722.97   6745.81   6769.20
   6794.14   6820.25   6846.75   6873.41   6901.97   6933.84   6968.86   7004.90   7036.72   7064.61   7085.80   7093.89   7086.59
   7063.86   7024.59   6976.22   6922.05   6855.55   6785.15   6726.74   6688.39   6668.86   6665.33   6675.35   6687.64   6691.70
   6697.89   6712.12   6730.81   6749.61   6768.48   6792.14   6817.97   6840.96   6857.63   6868.64   6877.73   6892.21   6914.34
   6542.56   6552.60   6564.79   6579.71   6598.89   6623.96   6652.92   6682.96   6713.44   6743.27   6771.76   6799.78   6828.78
   6859.25   6890.86   6923.16   6954.12   6983.90   7018.03   7053.59   7088.12   7123.01   7154.72   7171.39   7171.03   7153.19
   7117.92   7068.56   7009.08   6936.32   6855.21   6781.11   6726.55   6692.95   6677.17   6676.45   6687.35   6694.99   6692.16
   6691.70   6698.59   6708.00   6717.10   6725.71   6738.36   6756.38   6776.29   6793.82   6806.85   6819.71   6839.58   6875.55
   6551.77   6562.43   6577.83   6598.27   6624.20   6656.05   6691.54   6728.32   6765.89   6803.79   6842.07   6880.09   6916.24
   6949.22   6981.56   7015.81   7048.59   7076.49   7102.85   7134.04   7167.26   7202.21   7226.48   7230.27   7216.34   7185.23
   7137.86   7076.29   7002.24   6919.33   6837.30   6770.17   6723.38   6693.80   6680.17   6680.13   6690.41   6696.76   6689.76
   6682.50   6683.12   6686.90   6691.74   6698.07   6706.46   6717.12   6730.12   6746.17   6764.40   6784.67   6806.90   6837.16
   6566.68   6576.27   6594.06   6621.13   6656.15   6696.53   6740.59   6789.92   6843.68   6901.53   6963.34   7019.75   7064.99
   7100.38   7128.55   7150.16   7166.13   7179.28   7190.29   7207.24   7234.07   7259.19   7266.90   7254.73   7223.91   7178.45
   7118.42   7044.37   6963.59   6883.82   6815.48   6763.51   6725.17   6699.31   6685.36   6683.77   6691.42   6699.05   6695.92
   6685.45   6678.88   6677.50   6680.51   6687.64   6697.28   6707.74   6719.15   6734.28   6755.39   6780.28   6806.31   6831.14
   6588.68   6596.49   6618.26   6651.70   6697.65   6755.90   6821.69   6888.03   6959.61   7046.98   7136.78   7211.74   7267.42
   7306.01   7327.71   7333.66   7325.96   7307.90   7287.17   7278.51   7288.31   7294.04   7279.21   7245.58   7197.20   7135.71
   7061.86   6984.33   6911.99   6851.41   6805.64   6769.89   6741.15   6719.22   6705.57   6702.13   6706.18   6713.09   6716.42
   6708.11   6695.71   6691.62   6696.34   6705.48   6715.74   6727.19   6740.64   6758.41   6783.59   6816.65   6855.11   6891.51
   6613.72   6620.24   6644.46   6686.67   6754.18   6840.64   6926.22   7008.63   7109.56   7219.38   7312.90   7386.37   7442.31
   7480.06   7499.09   7498.10   7478.30   7438.06   7383.59   7344.62   7325.89   7301.96   7259.41   7202.52   7134.55   7059.83
   6988.10   6928.98   6881.19   6843.49   6813.87   6791.11   6773.83   6761.03   6752.85   6750.13   6750.60   6753.07   6753.82
   6748.67   6739.07   6733.88   6735.98   6743.66   6756.46   6773.06   6792.40   6816.50   6848.90   6891.10   6943.57   7003.13
   6639.74   6642.25   6668.17   6724.63   6818.40   6926.96   7026.94   7130.13   7245.18   7349.78   7435.94   7505.53   7559.71
   7594.13   7609.09   7604.67   7578.92   7529.07   7455.90   7387.76   7336.27   7275.87   7202.68   7125.74   7050.13   6987.72
   6941.91   6908.57   6881.36   6859.29   6842.44   6831.18   6824.98   6822.33   6822.28   6823.37   6824.14   6824.94   6824.35
   6817.74   6805.70   6797.90   6797.42   6807.05   6826.90   6851.99   6879.43   6912.05   6953.01   7005.39   7068.50   7130.72
   6670.35   6666.06   6690.99   6754.95   6862.31   6984.60   7102.53   7219.92   7330.96   7431.31   7515.84   7580.17   7630.46
   7664.61   7678.52   7670.99   7636.52   7576.63   7491.69   7402.90   7320.50   7224.47   7124.70   7046.04   6993.95   6961.57
   6940.62   6926.77   6916.76   6908.15   6901.20   6898.16   6899.01   6902.69   6907.92   6913.02   6917.83   6921.16   6921.29
   6915.57   6906.91   6900.79   6902.22   6915.16   6938.41   6967.68   7001.11   7042.01   7094.28   7155.68   7215.40   7261.51
   6714.84   6698.31   6716.30   6775.68   6884.99   7019.36   7151.72   7273.52   7379.83   7476.38   7559.23   7625.03   7672.63
   7701.53   7712.63   7701.27   7660.38   7590.79   7498.50   7399.00   7288.29   7163.56   7064.47   7009.96   6985.52   6981.22
   6990.09   7001.31   7007.91   7009.51   7007.31   7005.15   7005.28   7008.74   7015.07   7022.96   7031.93   7040.82   7048.29
   7051.37   7051.90   7053.67   7060.95   7076.07   7100.33   7131.54   7168.62   7211.40   7261.44   7308.83   7344.94   7375.35
   6786.00   6748.49   6755.18   6803.07   6900.74   7034.97   7178.31   7308.45   7417.69   7512.58   7590.75   7652.32   7694.16
   7715.67   7719.45   7700.08   7654.91   7585.92   7494.32   7384.11   7251.87   7120.61   7043.94   7012.44   7014.60   7044.67
   7084.02   7115.84   7136.04   7145.71   7148.79   7149.62   7151.62   7156.75   7165.47   7177.38   7190.72   7204.41   7216.39
   7225.36   7235.96   7249.30   7264.32   7284.90   7311.89   7341.48   7371.48   7400.60   7429.29   7451.82   7465.03   7476.41
   6895.07   6826.37   6815.97   6849.80   6928.29   7053.90   7204.84   7343.75   7458.03   7549.60   7619.26   7669.63   7698.97
   7710.76   7703.62   7673.19   7632.24   7573.02   7486.73   7368.22   7225.99   7109.04   7056.47   7050.88   7084.73   7139.47
   7192.21   7231.41   7256.25   7271.65   7282.63   7295.06   7310.49   7327.02   7343.57   7360.90   7377.91   7393.85   7407.60
   7421.47   7438.54   7459.31   7485.37   7514.38   7542.28   7566.52   7584.68   7595.86   7601.57   7603.16   7600.40   7594.00
   7032.20   6942.84   6913.23   6934.83   6999.85   7110.73   7249.90   7389.09   7503.34   7586.61   7642.32   7674.87   7687.98
   7686.73   7666.71   7636.93   7604.26   7552.31   7472.83   7359.27   7224.49   7132.55   7102.35   7124.76   7182.47   7242.56
   7288.90   7321.58   7346.76   7373.83   7407.07   7437.57   7465.21   7492.93   7518.52   7541.19   7561.91   7582.16   7603.01
   7622.83   7641.07   7665.67   7699.20   7732.69   7759.28   7776.18   7783.41   7781.57   7772.53   7758.76   7742.14   7723.40
   7172.95   7091.38   7049.16   7063.62   7121.37   7209.39   7325.53   7447.00   7544.13   7610.40   7649.58   7665.73   7662.93
   7645.18   7619.33   7595.24   7565.37   7522.02   7457.80   7371.06   7263.32   7191.12   7184.78   7228.34   7282.77   7326.44
   7362.45   7394.61   7433.84   7483.95   7535.06   7574.75   7607.39   7639.59   7669.31   7694.69   7721.50   7751.65   7781.38
   7803.66   7826.83   7859.30   7893.16   7922.78   7947.35   7960.81   7960.90   7949.22   7927.26   7899.79   7869.93   7840.16
   7303.83   7238.69   7196.25   7197.69   7242.10   7316.89   7411.17   7501.32   7573.10   7619.95   7642.09   7643.01   7622.49
   7586.95   7556.68   7533.56   7508.71   7476.69   7436.17   7384.37   7321.41   7283.73   7295.38   7332.82   7371.58   7406.81
   7445.02   7487.54   7538.60   7593.97   7644.80   7687.41   7721.23   7752.18   7784.05   7813.97   7847.81   7886.82   7921.44
   7953.07   7986.06   8019.27   8049.54   8075.92   8098.19   8110.30   8107.93   8091.99   8062.58   8023.02   7979.74   7937.47
   7411.52   7356.22   7316.50   7314.21   7351.47   7415.97   7483.19   7543.35   7591.40   7619.81   7625.54   7608.66   7567.96
   7519.36   7487.80   7470.52   7459.64   7451.83   7440.60   7423.15   7407.58   7403.95   7420.99   7448.75   7480.99   7514.97
   7548.44   7590.59   7639.02   7686.52   7730.82   7768.39   7800.78   7834.84   7872.30   7911.29   7953.90   7997.68   8037.10
   8074.84   8108.90   8140.17   8167.56   8190.78   8208.57   8217.92   8214.30   8195.87   8163.38   8119.36   8067.68   8015.34
   7493.37   7444.54   7416.13   7421.31   7455.06   7500.46   7540.63   7575.98   7604.11   7617.11   7607.79   7571.67   7514.10
   7464.42   7442.35   7445.95   7461.69   7479.99   7494.49   7501.35   7507.37   7519.54   7538.48   7565.30   7594.74   7622.55
   7649.47   7681.23   7717.28   7754.11   7785.85   7820.01   7854.51   7894.02   7942.47   7993.00   8041.19   8083.93   8121.51
   8158.99   8195.25   8226.76   8252.07   8270.38   8282.21   8287.34   8282.95   8263.67   8228.59   8182.65   8129.01   8072.93
   7552.03   7517.54   7507.01   7519.02   7544.58   7570.37   7590.69   7603.71   7614.80   7616.72   7596.51   7545.30   7476.32
   7433.06   7424.74   7449.04   7489.33   7521.19   7548.35   7568.38   7585.29   7604.97   7625.97   7649.40   7677.69   7701.52
   7722.16   7741.75   7765.07   7792.19   7815.11   7846.41   7887.12   7940.42   8001.65   8055.65   8100.20   8138.33   8177.13
   8215.53   8250.51   8280.56   8302.66   8316.73   8325.08   8327.59   8322.21   8301.29   8262.17   8214.61   8162.78   8108.30
   7599.58   7585.83   7586.45   7596.92   7612.66   7627.03   7634.94   7632.99   7627.96   7620.12   7596.73   7542.24   7467.85
   7422.88   7425.68   7462.27   7510.74   7547.35   7576.34   7600.75   7625.93   7656.26   7687.28   7710.64   7734.29   7755.97
   7768.42   7777.08   7789.58   7804.79   7823.09   7857.89   7912.67   7977.34   8040.60   8092.69   8134.10   8172.63   8210.80
   8247.49   8281.41   8309.00   8328.81   8341.01   8344.93   8342.27   8332.47   8308.27   8268.60   8223.29   8174.93   8123.39
   7639.76   7636.07   7640.15   7649.15   7660.88   7670.73   7673.93   7666.93   7651.10   7633.94   7611.47   7568.96   7503.37
   7449.29   7444.55   7477.62   7520.80   7556.49   7581.79   7610.26   7643.86   7682.94   7720.95   7749.46   7771.19   7785.81
   7790.65   7790.90   7794.36   7801.01   7815.90   7860.82   7928.16   7996.49   8060.19   8109.08   8148.51   8188.09   8225.82
   8260.26   8292.83   8320.55   8338.57   8346.37   8344.39   8334.98   8319.01   8291.79   8255.34   8214.04   8170.39   8134.45
   7661.76   7664.81   7672.36   7682.11   7693.90   7703.37   7707.10   7701.83   7685.76   7665.32   7645.02   7617.48   7577.38
   7533.32   7505.50   7505.82   7527.59   7555.08   7576.43   7604.07   7649.18   7698.39   7736.54   7764.31   7786.34   7797.72
   7797.22   7791.12   7783.93   7780.84   7798.37   7850.58   7926.42   8002.53   8061.71   8105.87   8146.61   8186.12   8225.64
   8261.33   8291.28   8317.69   8334.80   8337.45   8327.52   8312.41   8292.11   8263.48   8228.02   8189.15   8160.24   8147.04
   7286.41   7286.34   7286.22   7286.05   7285.83   7285.57   7285.27   7284.97   7284.66   7284.36   7284.06   7283.79   7283.54
   7283.31   7283.10   7282.92   7282.75   7282.60   7282.45   7282.29   7282.13   7281.96   7281.77   7281.57   7281.39   7281.23
   7281.09   7281.02   7281.01   7281.07   7281.22   7281.46   7281.79   7282.20   7282.69   7283.25   7283.86   7284.51   7285.21
   7285.94   7286.69   7287.45   7288.21   7288.97   7289.70   7290.39   7291.05   7291.66   7292.21   7292.70   7293.13   7293.49
   7309.33   7310.05   7310.63   7311.08   7311.39   7311.56   7311.58   7311.47   7311.24   7310.92   7310.53   7310.08   7309.59
   7309.08   7308.52   7307.90   7307.24   7306.56   7305.88   7305.23   7304.64   7304.11   7303.59   7303.06   7302.48   7301.88
   7301.31   7300.85   7300.53   7300.34   7300.29   7300.37   7300.58   7300.99   7301.66   7302.55   7303.62   7304.85   7306.26
   7307.85   7309.55   7311.27   7312.99   7314.70   7316.38   7318.01   7319.57   7321.02   7322.30   7323.35   7324.13   7324.59
   7340.30   7341.78   7343.13   7344.35   7345.41   7346.27   7346.91   7347.29   7347.42   7347.31   7346.98   7346.45   7345.78
   7345.03   7344.17   7343.15   7341.94   7340.55   7339.01   7337.31   7335.47   7333.56   7331.68   7329.88   7328.10   7326.27
   7324.43   7322.68   7321.15   7319.88   7318.89   7318.20   7317.96   7318.35   7319.37   7320.92   7322.99   7325.51   7328.37
   7331.52   7334.96   7338.62   7342.42   7346.34   7350.29   7354.13   7357.64   7360.77   7363.62   7366.36   7368.91   7370.84
   7382.39   7385.47   7388.54   7391.31   7393.47   7394.97   7395.83   7396.12   7395.90   7395.37   7394.81   7394.35   7393.90
   7393.34   7392.59   7391.62   7390.38   7388.75   7386.67   7384.18   7381.26   7377.90   7374.10   7370.02   7365.94   7361.99
   7358.04   7354.03   7350.11   7346.55   7343.58   7341.25   7339.65   7338.95   7339.27   7340.84   7343.72   7347.69   7352.50
   7358.01   7364.19   7370.83   7377.52   7384.06   7390.74   7398.00   7405.79   7413.52   7420.79   7426.94   7431.03   7432.64
   7433.09   7437.69   7441.71   7444.73   7446.55   7447.30   7447.42   7447.47   7447.68   7448.05   7448.60   7449.28   7449.97
   7450.55   7450.99   7451.18   7450.99   7450.27   7448.89   7446.72   7443.75   7440.00   7435.51   7430.29   7424.30   7417.63
   7410.46   7402.96   7395.31   7387.81   7380.95   7375.27   7371.00   7368.30   7367.46   7368.56   7371.69   7376.86   7383.91
   7392.61   7402.87   7414.61   7427.68   7441.81   7456.43   7470.75   7484.17   7496.18   7506.03   7513.10   7517.23   7518.61
   7480.17   7483.73   7486.89   7489.58   7491.83   7493.71   7495.34   7497.09   7499.34   7502.04   7504.94   7507.92   7510.84
   7513.54   7515.83   7517.60   7518.82   7519.50   7519.67   7519.20   7517.88   7515.55   7512.00   7506.99   7500.27   7491.77
   7481.86   7471.04   7459.72   7448.19   7436.86   7426.25   7417.29   7410.62   7407.04   7406.90   7410.21   7416.86   7426.76
   7439.56   7454.78   7472.95   7493.74   7516.43   7540.24   7563.51   7584.26   7601.34   7614.24   7622.50   7625.94   7624.58
   7514.34   7517.50   7521.23   7525.81   7531.24   7536.59   7540.86   7544.15   7547.35   7551.12   7555.44   7559.90   7563.73
   7567.01   7570.57   7574.94   7579.85   7584.60   7588.54   7591.39   7593.16   7593.85   7593.19   7590.63   7585.65   7577.81
   7566.85   7553.36   7538.44   7522.57   7506.22   7490.38   7476.66   7466.10   7458.69   7455.01   7456.58   7463.69   7475.42
   7491.74   7513.89   7540.35   7569.21   7599.48   7628.42   7655.01   7678.50   7697.60   7711.44   7719.84   7722.83   7720.83
   7538.24   7544.35   7550.83   7557.05   7563.28   7569.38   7574.63   7578.94   7583.17   7588.08   7593.43   7598.83   7604.61
   7611.02   7617.94   7625.50   7634.06   7643.26   7652.05   7659.28   7665.25   7669.64   7672.04   7672.26   7670.12   7664.95
   7655.22   7640.12   7620.66   7599.47   7578.80   7558.92   7540.01   7524.13   7513.16   7507.56   7507.81   7514.11   7526.89
   7546.27   7572.16   7602.13   7633.99   7666.49   7697.88   7725.83   7748.79   7765.99   7776.44   7781.09   7782.73   7782.21
   7553.38   7560.18   7566.62   7572.71   7578.52   7584.43   7591.45   7599.65   7607.65   7615.15   7622.80   7630.68   7639.13
   7649.13   7661.32   7675.55   7691.36   7706.70   7719.25   7730.38   7740.12   7747.07   7750.57   7750.93   7748.01   7741.53
   7731.42   7717.80   7698.84   7674.08   7646.49   7619.76   7595.63   7575.55   7561.75   7554.73   7553.86   7559.43   7572.31
   7591.77   7615.93   7643.40   7675.59   7710.61   7743.58   7770.70   7790.50   7802.00   7805.46   7804.63   7804.62   7807.07
   7557.27   7562.87   7568.33   7574.29   7581.35   7589.54   7599.17   7610.57   7623.07   7636.25   7649.27   7661.75   7675.03
   7690.23   7707.78   7725.86   7744.25   7765.59   7785.85   7801.73   7815.20   7825.85   7832.34   7834.15   7829.32   7817.36
   7801.32   7782.79   7761.41   7734.92   7702.04   7668.19   7638.48   7614.90   7599.01   7590.04   7587.23   7591.69   7602.64
   7618.07   7636.29   7659.54   7689.46   7722.66   7754.58   7781.36   7800.03   7809.33   7810.17   7807.70   7806.12   7808.73
   7556.16   7562.82   7569.62   7576.84   7585.42   7596.09   7609.32   7625.38   7643.43   7661.42   7678.81   7696.96   7716.00
   7735.76   7756.18   7776.69   7798.08   7821.47   7846.18   7867.23   7883.31   7895.35   7904.51   7908.98   7905.93   7893.01
   7871.82   7844.05   7814.06   7781.26   7742.36   7702.28   7668.05   7641.65   7622.99   7611.14   7607.15   7610.49   7617.61
   7627.34   7639.53   7655.02   7675.51   7700.96   7727.49   7753.14   7774.45   7788.88   7795.91   7798.40   7800.42   7804.98
   7558.39   7566.39   7575.23   7585.17   7597.11   7611.31   7628.74   7649.64   7672.75   7695.77   7718.23   7740.70   7762.71
   7784.36   7806.41   7829.74   7853.68   7878.38   7904.58   7928.89   7946.82   7957.49   7965.70   7972.78   7971.58   7957.73
   7931.45   7895.56   7855.52   7812.13   7764.66   7719.40   7682.99   7655.11   7634.23   7621.29   7617.00   7618.37   7622.17
   7628.09   7636.01   7645.14   7654.66   7667.47   7685.22   7705.83   7725.30   7741.69   7754.66   7765.38   7776.33   7789.14
   7566.03   7575.20   7586.39   7599.55   7615.48   7634.65   7657.07   7682.35   7709.72   7737.98   7765.86   7793.10   7818.82
   7843.12   7867.52   7893.29   7917.18   7939.46   7962.28   7982.35   8001.54   8014.90   8024.77   8031.13   8024.47   8002.93
   7968.66   7925.06   7875.41   7822.57   7768.68   7722.39   7685.85   7657.39   7637.17   7626.12   7621.76   7621.40   7623.25
   7626.48   7630.58   7635.02   7640.03   7647.23   7657.51   7670.32   7684.33   7698.19   7712.19   7727.47   7744.48   7763.03
   7577.56   7585.85   7598.81   7616.39   7637.97   7663.41   7693.31   7726.58   7762.08   7799.50   7835.76   7868.96   7899.71
   7928.01   7953.48   7975.73   7994.71   8009.25   8024.56   8040.97   8055.77   8066.60   8073.58   8071.97   8055.24   8021.99
   7976.43   7924.68   7869.13   7812.92   7761.15   7717.82   7682.85   7656.25   7639.77   7631.19   7628.39   7627.42   7627.17
   7627.15   7627.26   7628.62   7632.25   7638.31   7645.87   7655.03   7666.63   7680.18   7695.74   7713.04   7731.47   7750.39
   7590.76   7597.46   7613.61   7636.55   7664.95   7699.83   7741.43   7790.73   7844.86   7896.17   7941.16   7981.59   8017.97
   8048.41   8072.07   8088.24   8096.55   8098.72   8099.03   8103.41   8107.96   8109.35   8104.26   8088.53   8057.29   8011.77
   7958.65   7901.84   7845.63   7794.50   7750.88   7714.20   7683.94   7661.63   7647.99   7641.43   7639.78   7638.65   7636.84
   7634.40   7633.11   7634.15   7637.03   7642.50   7649.92   7659.21   7671.26   7686.14   7703.64   7723.13   7742.79   7761.77
   7607.29   7614.35   7634.42   7662.95   7699.99   7746.70   7803.74   7873.31   7952.66   8028.88   8092.23   8140.55   8178.90
   8206.44   8221.58   8224.85   8216.30   8200.58   8181.85   8167.36   8154.46   8137.14   8113.43   8079.66   8033.99   7979.99
   7923.43   7870.67   7823.14   7782.27   7748.07   7720.05   7697.63   7680.54   7669.18   7663.16   7661.90   7662.22   7660.81
   7659.15   7657.47   7656.96   7660.44   7667.57   7677.06   7688.45   7702.03   7718.83   7739.88   7764.28   7787.97   7807.04
   7628.96   7637.75   7661.05   7697.26   7746.98   7808.51   7884.41   7978.56   8082.89   8177.10   8253.01   8308.55   8346.69
   8369.22   8375.76   8366.05   8341.40   8304.50   8262.58   8223.68   8186.77   8144.51   8098.60   8045.91   7989.93   7937.31
   7891.05   7850.54   7815.01   7784.62   7760.89   7742.24   7727.46   7716.66   7709.52   7706.54   7707.19   7708.84   7708.77
   7707.29   7706.07   7705.29   7708.03   7716.15   7728.59   7743.70   7762.41   7785.79   7812.61   7841.68   7872.62   7896.90
   7655.22   7663.12   7688.20   7734.12   7800.09   7880.10   7977.94   8093.45   8211.77   8314.14   8394.50   8452.69   8491.55
   8510.33   8508.66   8487.00   8446.44   8388.61   8324.30   8262.84   8199.76   8130.43   8060.90   7996.47   7946.22   7906.65
   7874.26   7847.57   7825.08   7806.98   7792.92   7782.81   7776.14   7772.59   7771.79   7773.81   7778.04   7782.23   7784.11
   7783.65   7781.37   7780.77   7785.53   7796.88   7813.94   7833.68   7857.07   7885.35   7918.08   7952.58   7993.12   8030.51
   7689.66   7690.35   7714.32   7769.17   7851.62   7952.84   8069.66   8194.52   8314.75   8418.89   8501.29   8561.47   8598.02
   8611.27   8602.85   8572.89   8519.89   8444.72   8360.35   8278.58   8191.65   8099.61   8016.24   7957.84   7919.02   7893.74
   7876.08   7863.83   7854.51   7848.18   7844.28   7842.52   7843.65   7847.64   7853.85   7862.21   7872.42   7882.15   7888.19
   7890.86   7892.54   7895.96   7903.95   7918.49   7938.42   7961.43   7987.29   8018.78   8056.11   8099.46   8142.66   8178.01
   7740.92   7728.59   7746.42   7801.85   7893.58   8011.58   8139.57   8269.02   8389.32   8493.60   8575.59   8633.10   8666.00
   8675.18   8659.36   8621.30   8558.53   8473.02   8375.09   8270.93   8161.17   8059.84   7984.78   7939.59   7914.62   7904.59
   7902.27   7903.98   7908.04   7912.73   7918.38   7925.27   7933.95   7945.17   7959.46   7976.21   7993.23   8009.66   8024.21
   8034.99   8044.25   8053.98   8066.09   8083.26   8104.42   8128.23   8153.20   8181.28   8214.03   8250.71   8281.78   8307.31
   7811.89   7784.01   7789.88   7837.05   7927.20   8053.58   8192.55   8328.48   8447.85   8549.90   8627.55   8678.43   8705.56
   8708.71   8686.95   8641.02   8570.55   8477.40   8370.59   8252.03   8130.20   8034.21   7972.03   7940.60   7933.00   7941.04
   7955.51   7972.50   7988.96   8002.81   8015.67   8030.44   8047.61   8066.39   8087.29   8109.85   8135.16   8163.33   8189.73
   8211.40   8230.73   8248.61   8267.04   8286.68   8306.03   8325.98   8346.16   8365.98   8384.50   8399.95   8410.25   8419.25
   7913.42   7864.55   7856.26   7889.19   7972.48   8099.80   8240.53   8376.88   8498.71   8593.29   8659.76   8701.41   8720.87
   8717.81   8691.20   8637.97   8560.12   8463.72   8352.14   8227.08   8111.09   8031.91   7979.53   7962.83   7973.64   7999.61
   8028.14   8056.86   8080.84   8102.67   8125.44   8151.05   8177.82   8205.00   8234.71   8270.47   8313.19   8356.84   8395.92
   8428.01   8454.73   8477.03   8495.63   8513.14   8531.10   8549.35   8564.06   8571.35   8570.76   8562.89   8549.95   8537.30
   8051.48   7990.58   7960.07   7972.91   8043.48   8160.43   8296.32   8426.66   8538.27   8619.94   8675.62   8707.85   8718.73
   8708.02   8672.15   8611.60   8531.46   8438.30   8331.50   8213.57   8109.07   8042.93   8012.24   8013.27   8039.32   8074.36
   8108.75   8141.97   8172.79   8205.36   8242.80   8280.89   8315.25   8352.10   8398.88   8454.68   8511.31   8564.83   8612.95
   8653.51   8686.09   8710.12   8728.45   8745.43   8762.67   8777.24   8785.29   8781.87   8765.37   8737.31   8701.86   8665.49
   8189.12   8137.44   8108.10   8109.46   8155.84   8244.19   8363.58   8480.27   8571.15   8636.59   8680.04   8701.42   8700.98
   8677.72   8630.19   8563.64   8485.61   8399.31   8307.33   8215.07   8137.75   8087.88   8079.44   8096.66   8129.22   8164.77
   8198.46   8232.14   8272.10   8318.78   8365.06   8404.30   8444.55   8496.46   8560.14   8627.52   8692.05   8751.89   8805.14
   8849.41   8884.72   8911.82   8932.88   8950.47   8964.47   8973.58   8974.96   8964.78   8940.92   8903.22   8851.36   8789.38
   8297.46   8262.64   8248.97   8256.77   8292.86   8361.34   8449.12   8534.21   8599.41   8647.75   8676.76   8682.96   8665.56
   8624.89   8566.34   8495.76   8421.63   8348.97   8282.59   8230.03   8196.73   8179.41   8187.76   8212.20   8245.11   8280.51
   8314.28   8349.88   8391.66   8435.78   8479.47   8518.52   8564.74   8629.33   8704.95   8778.04   8847.08   8909.25   8964.61
   9010.58   9044.68   9071.69   9093.94   9111.30   9122.80   9126.70   9122.24   9108.43   9082.46   9041.98   8983.09   8902.43
   8387.19   8361.73   8362.74   8384.91   8421.96   8473.67   8531.42   8583.84   8624.68   8654.68   8666.79   8653.75   8615.72
   8556.57   8488.01   8421.82   8366.87   8326.42   8300.16   8286.83   8285.75   8297.05   8318.69   8348.26   8382.08   8415.92
   8448.48   8477.25   8506.09   8538.84   8573.46   8615.38   8675.16   8748.94   8827.67   8901.58   8970.36   9031.25   9084.29
   9128.44   9163.14   9191.64   9215.04   9232.54   9242.57   9242.76   9233.83   9216.85   9189.28   9146.76   9086.41   8999.51
   8468.72   8453.35   8465.14   8491.77   8524.99   8560.39   8596.03   8625.17   8645.07   8656.73   8651.55   8619.52   8558.80
   8485.34   8420.71   8375.06   8349.52   8345.20   8356.83   8373.82   8391.54   8413.93   8439.79   8466.54   8495.95   8523.33
   8546.47   8565.77   8585.18   8609.58   8638.89   8690.19   8762.97   8843.01   8921.88   8993.99   9059.54   9117.68   9168.31
   9210.49   9246.35   9276.99   9300.95   9317.19   9325.05   9323.19   9311.96   9292.25   9261.69   9217.95   9158.28   9073.26
   8543.86   8541.17   8555.17   8577.02   8601.27   8623.77   8644.68   8657.71   8660.74   8658.25   8639.72   8592.45   8513.93
   8435.76   8386.78   8364.11   8365.24   8387.77   8420.34   8449.77   8477.52   8503.23   8523.27   8543.43   8567.12   8590.22
   8606.17   8616.28   8627.85   8647.27   8683.19   8746.10   8826.49   8909.39   8985.95   9053.31   9116.08   9173.47   9222.45
   9264.99   9302.69   9333.06   9355.05   9369.17   9374.88   9371.70   9359.80   9338.89   9305.10   9258.44   9198.96   9120.34
   8609.42   8611.81   8621.95   8637.58   8653.49   8665.71   8677.52   8683.42   8677.72   8666.19   8640.93   8586.69   8503.48
   8426.43   8388.87   8381.86   8398.78   8429.21   8463.45   8495.24   8527.36   8556.93   8580.48   8601.17   8620.73   8636.64
   8643.82   8643.70   8648.37   8667.98   8712.94   8783.59   8867.80   8950.19   9023.01   9084.56   9141.98   9200.46   9252.42
   9296.96   9335.05   9364.07   9383.58   9395.83   9399.68   9395.18   9382.93   9360.89   9324.15   9274.03   9213.13   9141.72
   8655.95   8659.36   8668.53   8679.18   8687.66   8693.89   8700.76   8706.17   8701.62   8686.49   8660.62   8611.65   8537.46
   8464.73   8426.11   8420.83   8438.35   8463.22   8490.12   8521.19   8554.26   8587.63   8618.09   8641.33   8655.34   8660.38
   8658.88   8652.49   8655.87   8677.91   8729.87   8805.45   8888.82   8967.98   9034.75   9091.45   9146.63   9204.84   9259.23
   9304.93   9343.23   9374.46   9395.99   9406.80   9406.72   9398.02   9383.83   9358.37   9317.26   9264.29   9204.13   9152.69
   8685.40   8692.91   8702.07   8710.13   8715.46   8718.74   8721.88   8729.40   8732.95   8723.53   8702.23   8663.86   8610.74
   8555.57   8518.02   8505.19   8503.82   8507.51   8510.66   8528.69   8567.20   8602.85   8636.31   8665.81   8679.47   8677.56
   8665.96   8655.17   8657.91   8681.12   8735.89   8812.78   8894.72   8967.92   9026.24   9080.05   9132.49   9188.35   9245.30
   9293.51   9332.70   9368.90   9396.35   9407.00   9401.27   9384.75   9360.04   9325.63   9283.70   9239.46   9199.59   9172.69
