   10.5000000      -169.500000       85.5000000      -42.0000000       2.50000000       2.50000000       52.0000000       31.0000000    
      3.47      3.70      3.95      4.06      4.51      4.62      5.08      5.55      5.77      6.23      6.68      7.15      7.49
      7.85      8.19      8.41      8.53      8.64      8.53      8.53      7.96      7.74      7.51      7.06      7.06      7.40
      7.51      8.08      8.66      9.23      9.56     10.01     10.35     10.47     10.69     10.92     11.37     11.48     11.26
     11.03     10.80     10.44      9.99      9.54      9.09      8.75      8.86      8.86      8.86      9.20      9.43      9.20
      1.85      1.14      1.49      2.56      4.40      6.51      8.93     10.96     13.18     14.79     16.01     16.88     18.01
     18.89     19.86     20.44     21.08     21.76     22.30     22.55     22.40     22.10     21.50     20.45     19.15     17.23
     15.09     12.98     11.19     10.07     10.07      9.83      9.15      8.42      7.48      7.57      8.14      2.66      3.18
      0.55      0.63      0.61      3.73      2.92     -0.35     -2.26     -4.26     -5.30     -7.59     -8.97    -10.16     -7.53
      0.27     -1.82     -2.14     -1.19      0.30      2.95      6.25      9.46     12.11     14.09     15.54     16.42     17.17
     17.52     17.29     16.71     16.06     15.45     15.50     15.10     15.05     14.57     12.71     11.00     10.23      8.75
      6.16      4.29      3.56      2.41      0.61      0.79     -1.47     -5.58     -5.91     -7.26    -10.38    -10.54    -13.33
    -12.85    -14.56    -13.75    -17.78    -22.43    -24.82    -24.66    -24.24    -23.21    -21.82    -17.47    -13.29    -10.04
     -1.35     -4.36     -5.04     -3.58     -0.95      1.44      3.88      6.81      9.70     11.39     12.65     13.17     13.05
     13.12     13.41     13.02     11.68      9.74      7.88      6.81      4.31      2.26      0.32     -1.84     -3.66     -4.65
     -3.48      0.34     -2.13     -4.81     -4.08     -6.72    -10.39    -13.24    -12.79    -13.07     -9.04    -16.35    -19.06
    -22.21    -22.49    -23.18    -23.95    -22.68    -23.17    -24.03    -23.36    -21.66    -18.83    -16.42    -13.80    -11.30
      2.62      0.66     -0.03     -0.17      0.14      1.03      1.73      0.88      1.26      2.18      2.77      2.50      1.38
      0.05     -1.20     -2.34     -3.72     -4.77     -5.35     -6.15     -7.15     -8.34     -9.41     -5.11     -4.84     -4.87
     -4.46     -6.31     -5.37     -3.75     -4.08     -1.21      3.36      8.19      9.53      7.55     -2.73     -5.00     -6.23
     -9.35    -15.25    -21.13    -26.28    -33.59    -36.59    -32.49    -27.53    -24.17    -21.13    -17.85    -12.80     -7.65
      0.63      0.21     -0.18     -1.97     -4.98     -8.60    -11.45    -13.16    -13.57    -14.31    -16.91    -20.68    -24.24
    -27.58    -30.12    -32.33    -33.31    -33.30    -34.23    -33.67    -32.96    -27.88    -26.36    -23.17    -18.94    -17.38
    -14.53    -13.16    -11.57     -6.99     -2.51     -0.62      0.44      7.72     10.56     12.59     14.91      7.84     -0.21
     -6.65    -12.06    -21.80    -30.66    -39.83    -43.82    -41.72    -29.95    -23.05    -18.96    -15.43    -10.47     -5.26
      4.74      3.04     -1.04     -9.39    -15.38    -19.39    -23.92    -27.67    -30.49    -33.33    -36.66    -40.89    -46.07
    -51.21    -55.20    -59.00    -60.69    -62.82    -65.61    -62.04    -61.61    -59.90    -55.36    -53.63    -45.76    -43.89
    -30.14    -27.05    -21.98    -17.16     -8.82    -10.49     -6.76     -3.88     -0.38      1.78      4.08     14.29     11.74
     -3.74    -17.50    -25.09    -33.47    -43.90    -43.32    -37.75    -34.32    -26.56    -23.40    -17.78    -14.16    -10.04
      6.52     -9.07    -20.63    -21.14    -21.13    -31.38    -33.45    -29.72    -46.43    -49.85    -54.82    -49.25    -53.16
    -65.63    -67.91    -71.48    -75.89    -79.92    -85.53    -82.73    -79.84    -84.28    -89.25    -86.39    -76.55    -69.63
    -59.35    -47.68    -38.09    -30.93    -24.87    -19.55    -15.60    -12.31     -6.58     -7.79     -7.52     -9.94    -10.88
    -14.13    -21.36    -39.48    -51.98    -55.27    -53.56    -49.31    -39.46    -33.88    -33.65    -34.45    -31.66    -16.08
      7.60    -22.20    -37.73    -45.46    -51.17    -61.93    -68.43    -66.65    -70.00    -72.31    -78.59    -89.05   -101.88
    -96.23    -76.64    -78.17    -87.35    -95.19   -100.69   -107.48   -114.25   -113.26   -112.20   -106.09    -93.96    -83.99
    -73.14    -62.70    -52.36    -40.39    -34.55    -26.01    -22.21    -18.73    -17.92    -16.12    -16.21    -17.94    -24.75
    -30.74    -42.62    -53.55    -58.26    -60.83    -57.86    -46.78    -39.43    -40.83    -40.05    -39.83    -33.71    -12.68
      4.62    -20.33    -33.51    -39.94    -50.37    -61.42    -75.69    -57.67    -58.87    -66.25    -71.35    -96.37   -100.99
   -102.25   -105.48   -106.54   -106.23   -112.93   -136.79   -141.83   -144.14   -144.59   -136.71   -121.61   -116.16   -104.05
    -87.10    -72.67    -55.55    -44.29    -35.13    -32.11    -23.93    -20.78    -21.09    -22.18    -24.60    -30.35    -36.61
    -49.78    -63.18    -64.06    -66.41    -62.64    -51.02    -40.28    -33.93    -30.83    -39.32    -42.44    -32.25     -9.36
      4.60    -14.70    -28.00    -38.50    -47.60    -59.23    -49.89    -49.77    -45.85    -44.06    -48.43    -49.76    -61.28
    -76.56    -87.66    -92.06    -99.19   -103.54   -120.18   -133.51   -139.06   -141.46   -145.27   -133.74   -110.09    -97.51
    -83.96    -71.86    -56.27    -43.84    -34.41    -26.21    -19.36    -16.20    -16.62    -23.17    -31.08    -38.19    -48.48
    -59.91    -70.77    -76.78    -72.45    -62.61    -51.98    -41.66    -32.98    -26.99    -21.39    -19.01    -13.86     -4.89
      0.25    -11.49    -22.59    -34.77    -42.43    -44.75    -35.48    -34.81    -34.17    -34.85    -38.71    -41.80    -44.35
    -51.66    -63.02    -80.21    -80.82    -85.52    -91.85   -116.74   -119.07   -123.04   -121.34   -123.03   -114.22    -96.51
    -77.62    -58.98    -44.13    -33.69    -24.24    -16.67    -10.21     -8.51     -9.57    -17.36    -33.59    -40.11    -51.82
    -65.33    -78.44    -83.77    -81.05    -70.51    -60.44    -50.39    -42.92    -35.95    -29.27    -21.86    -14.29     -7.62
     -0.20     -7.13    -17.06    -23.39    -24.44    -25.64    -25.90    -26.90    -30.42    -37.46    -37.27    -38.15    -39.20
    -41.31    -47.46    -60.31    -64.23    -71.08    -79.71    -84.36    -94.90    -95.05   -101.32    -87.57    -89.59    -84.69
    -68.76    -48.23    -30.00    -19.03    -10.20     -0.33      4.34      3.67     -2.04    -11.49    -33.67    -41.45    -49.03
    -66.28    -78.14    -84.57    -82.99    -79.11    -74.12    -66.53    -59.74    -52.34    -44.20    -35.99    -26.15    -10.83
      2.86     -0.15     -7.43    -12.27    -15.02    -17.74    -19.94    -22.74    -25.07    -27.49    -31.67    -33.44    -34.76
    -38.36    -41.67    -46.87    -52.90    -58.38    -60.53    -57.77    -60.61    -70.49    -72.73    -67.57    -61.76    -54.36
    -42.53    -27.33    -17.86     -4.30      6.59     13.95     19.38     20.19     15.51      4.60    -18.25    -36.94    -45.27
    -60.63    -73.47    -82.29    -83.78    -81.81    -80.48    -76.76    -73.72    -68.08    -60.79    -50.15    -36.44    -13.80
      3.90     -0.18     -5.98    -11.13    -13.12    -15.06    -18.51    -20.97    -23.03    -24.62    -25.28    -26.88    -29.51
    -32.86    -36.93    -40.95    -44.42    -39.01    -41.14    -40.30    -34.32    -33.03    -42.12    -41.80    -35.40    -30.03
    -18.48     -4.41      4.71     13.01     20.65     24.21     28.81     31.54     29.57     23.58     12.97     -2.80    -26.89
    -43.97    -61.70    -70.59    -72.30    -74.25    -72.23    -67.47    -65.28    -59.78    -51.25    -41.08    -32.33    -14.59
      1.71     -5.42     -9.45    -11.33    -12.66    -13.31    -14.81    -16.88    -18.91    -20.62    -21.62    -21.97    -21.49
    -27.77    -32.65    -35.16    -37.81    -35.13    -34.10    -34.62    -12.90    -16.84    -13.66    -21.40    -14.28     -2.57
      4.74     16.98     25.72     29.48     32.25     31.19     31.33     31.65     35.99     33.89     24.74     11.77     -5.71
    -26.46    -39.14    -51.71    -54.47    -53.69    -55.54    -58.73    -57.56    -52.24    -46.54    -35.59    -23.73     -5.57
      0.25     -3.24     -5.70     -8.78    -10.67    -12.37    -14.40    -17.00    -18.04    -18.45    -19.09    -20.22    -21.75
    -24.39    -26.41    -29.56    -29.93    -29.87    -28.46    -17.16     -6.96    -10.86     -2.92      0.68      4.11     13.60
     24.93     40.48     42.58     38.78     32.10     33.02     32.00     31.26     33.17     32.80     29.10     17.04      4.38
     -5.35    -16.30    -27.49    -35.50    -38.33    -40.80    -42.55    -43.32    -43.44    -40.77    -37.67    -27.77     -6.14
      2.08      2.41     -3.15     -8.99    -14.31    -18.03    -20.52    -21.55    -21.32    -21.01    -20.24    -20.28    -21.92
    -21.50    -23.62    -23.53    -25.34    -26.77    -27.19     -9.68      1.06     -0.96      2.93      3.74     13.71     21.45
     31.48     49.08     55.16     45.24     38.49     35.51     35.95     36.58     31.91     32.27     29.08     22.60     15.25
      9.62      1.14     -7.92     -9.79    -16.93    -23.98    -30.30    -36.07    -38.19    -47.10    -62.99    -52.95     -9.11
      7.44      5.48     -5.17    -15.64    -24.45    -29.40    -31.93    -31.42    -28.50    -25.77    -23.89    -22.79    -22.18
    -21.57    -20.30    -19.68    -19.50    -20.37    -29.43    -11.99     -0.98      2.37      5.50      9.71     15.07     26.37
     42.53     46.67     51.62     52.77     44.05     43.01     43.01     42.02     37.12     39.55     35.46     25.90     22.23
     16.76     10.50      6.76      4.90     -3.75    -12.10    -23.72    -33.21    -43.36    -56.97    -58.33    -40.95     -7.74
     12.79      3.37    -10.47    -23.28    -34.79    -42.88    -42.36    -38.93    -36.03    -32.31    -27.91    -23.09    -19.47
    -16.62    -15.21    -14.28    -15.16    -14.00    -24.05    -15.14      1.49      8.63     12.32     11.04     10.41     29.30
     49.50     52.27     56.43     56.01     52.95     52.16     49.40     45.63     48.21     51.11     41.75     32.51     28.69
     22.79     19.32     15.53     12.13      1.98     -7.28    -19.44    -33.46    -43.62    -43.93    -38.22    -24.85     -5.12
     12.90      2.00    -13.53    -26.31    -41.82    -50.26    -49.55    -46.89    -39.06    -31.10    -26.17    -20.59    -16.37
    -12.52    -10.42    -12.37    -11.64    -11.08    -13.08    -11.38     -1.07      2.05      1.49     10.20      7.68     28.72
     42.39     47.93     53.24     52.93     51.25     52.55     50.19     50.19     47.76     39.84     36.63     35.67     34.17
     27.06     21.54     16.18      9.03      1.82     -7.46    -17.37    -26.99    -30.97    -31.09    -24.53    -14.75     -3.63
     14.86     -0.67    -14.08    -25.02    -37.92    -49.59    -52.01    -42.57    -34.65    -27.60    -21.66    -16.09    -11.68
     -8.41     -8.09     -8.40    -10.71    -10.92     -8.94     -8.03     -8.60     -7.05     -1.19      1.57     11.60     24.14
     42.99     46.82     50.10     48.69     48.07     53.55     49.85     47.07     41.51     36.06     37.52     36.57     32.77
     26.58     20.36     14.02      6.97     -0.61     -8.42    -16.41    -21.72    -22.84    -19.81    -14.55     -8.21     -2.59
     12.81     -0.74    -10.95    -22.24    -29.48    -39.52    -42.05    -35.96    -28.88    -23.24    -18.33    -13.65     -7.95
     -6.61     -5.38     -6.99    -10.64     -9.84     -7.84     -5.58     -4.97      1.27      3.46      6.69      4.86     18.05
     32.91     36.52     37.29     42.20     39.56     44.00     44.01     42.79     39.14     37.71     31.24     29.95     26.57
     22.65     17.09     10.07      2.86     -3.09     -8.89    -13.85    -14.17    -12.37    -10.92     -7.37     -4.20     -2.03
     10.87     -0.72    -10.96    -18.70    -25.90    -32.61    -33.99    -27.27    -23.42    -18.86    -14.43    -11.15     -4.90
     -5.42     -5.45     -3.29     -9.56     -9.60     -7.84     -5.96     -0.42      1.14      8.09     -0.38      5.81      3.51
     14.88     38.45     37.04     37.48     37.93     39.15     37.84     36.26     38.07     34.55     20.47     19.75     17.41
     14.57     10.52      5.45     -0.73     -5.00     -6.82     -6.86     -5.51     -5.32     -4.64     -3.27     -1.93     -1.56
      6.88     -2.69    -11.92    -19.30    -26.04    -25.30    -22.90    -19.52    -17.77    -14.05    -10.91     -8.25     -4.01
     -4.09     -4.36     -2.25     -4.80    -11.01    -11.26    -10.24     -7.44     -4.47      0.70      1.23     -0.16      8.32
      5.98     21.72     31.69     26.13     26.26     27.43     25.94     25.86     27.69     29.63     23.27     16.52     11.90
      7.46      2.42      0.44      0.02     -1.04     -0.60      0.25      0.45     -0.41      0.02      0.39      0.15     -1.78
      1.74     -4.83    -11.30    -14.94    -17.12    -16.57    -14.07    -12.78    -11.75    -10.06     -8.53     -5.85     -1.75
     -2.32     -2.63     -1.98     -0.53     -0.31     -1.83     -1.64     -0.33      0.87      0.22      1.64      1.09      3.95
      9.77     15.13     26.03     20.94     19.68     20.05     19.84     18.46     18.87     19.04     16.59     10.01      6.96
      4.91      3.50      2.76      2.20      2.07      2.05      2.83      2.21      2.61      2.17      1.72      1.01     -2.28
     -1.11     -3.67     -6.03     -8.49     -8.11     -8.23     -7.98     -7.84     -7.17     -6.72     -5.50     -3.66     -1.30
     -1.04     -1.06     -1.64     -0.46      1.20      2.11      4.03      5.18      2.65      1.03      0.46      0.65      2.63
      8.64     16.57     13.10     15.46     13.26     14.22     15.40     12.93     10.51      8.53      6.67      5.89      5.86
      4.46      1.65      1.17      2.31      2.76      2.61      2.76      1.85      1.72      2.14      1.92      0.91     -0.68
      0.36     -0.90     -1.27     -1.79     -1.62     -2.21     -3.36     -3.54     -3.78     -3.29     -3.85     -1.96     -1.27
      0.46      0.34      0.82      2.58      2.31      2.24      2.38      4.24      5.26      5.11      3.18      2.82      0.53
      1.68      4.07      6.34     11.12      9.47      8.46      7.87      7.70      5.53      5.74      7.13      3.79      3.37
      4.57      1.64      2.99      1.92      2.30      2.63      2.08      2.00      1.95      1.62      1.80      1.80     -1.69
      1.51      1.45      1.60      1.21      0.25     -0.46     -1.07     -1.92     -1.68     -1.58     -0.16      0.57      1.58
      1.57      1.59      0.93      0.45      0.77      1.19      1.78      1.87      3.63      4.38      2.97      2.28      0.38
      1.10      1.94      1.96      2.09      2.44      3.41      4.63      6.20      3.41      2.29      2.47      2.50      1.89
      1.39      2.21      1.52      2.04      2.10      1.43      1.79      0.97      1.27      1.69      1.73      1.44      0.02
      1.74      1.58      2.11      2.20      1.58      1.02      0.48     -0.18      0.30      1.53      1.90      2.05      1.29
      1.05      1.61      1.07      0.50      0.19      1.69      2.44      2.44      3.06      3.30      2.27      2.14      0.83
      0.06     -0.70      1.12      0.10     -0.99     -0.53     -1.41     -0.45     -1.69      0.17      0.07     -0.70     -1.21
     -0.75     -0.29     -0.50     -0.43      0.56      0.49      0.46      1.09      1.20      1.29      1.77      1.85      1.74
      0.81      1.04      0.81     -0.45      1.17      1.06      1.06      0.70      0.36      1.17      1.49      1.96      2.19
      0.81      0.70      2.53      1.15      0.90      2.73      3.20      2.75      2.62      1.74      1.29      0.25     -0.11
      0.59     -0.11      0.11     -2.30     -2.62     -2.48     -2.50     -3.99     -2.50     -2.03     -2.26     -2.98     -3.09
     -2.64     -3.07     -2.28     -3.20     -1.24     -1.24     -0.79      0.14      0.02     -0.32     -0.88      0.14      0.61
      0.00      0.00      0.00      0.00      0.00      0.00      0.00      0.00      0.00      0.00      0.00      0.00      0.00
      0.00      0.00      0.00      0.00      0.00      0.00      0.00      0.00      0.00      0.00      0.00      0.00      0.00
      0.00      0.00      0.00      0.00      0.00      0.00      0.00      0.00      0.00      0.00      0.00      0.00      0.00
      0.00      0.00      0.00      0.00      0.00      0.00      0.00      0.00      0.00      0.00      0.00      0.00      0.00
      0.00     -0.82     -0.22      1.20      2.96      4.73      6.36      7.80      9.09     10.26     11.34     12.33     13.22
     13.99     14.62     15.09     15.40     15.53     15.51     15.31     14.94     14.38     13.67     12.85     11.98     11.10
     10.22      9.35      8.47      7.57      6.66      5.75      4.84      4.00      3.20      2.45      1.74      1.06      0.45
     -0.12     -0.64     -1.08     -1.51     -1.93     -2.22     -2.42     -2.59     -2.73     -2.62     -1.98     -1.03      0.00
      0.00     -3.22     -4.11     -3.02     -0.70      1.85      4.02      5.74      7.13      8.32      9.43     10.54     11.62
     12.65     13.57     14.34     14.93     15.27     15.31     15.03     14.41     13.49     12.31     10.93      9.45      7.94
      6.50      5.10      3.70      2.34      1.22      0.36     -0.41     -1.25     -2.16     -3.06     -3.91     -4.74     -5.59
     -6.36     -7.03     -7.54     -7.83     -7.72     -7.27     -6.64     -5.77     -4.62     -3.14     -1.50     -0.28      0.00
      0.00     -3.23     -3.66     -2.09     -0.12      1.26      2.10      2.73      3.23      3.56      3.81      4.10      4.54
      5.09      5.61      6.02      6.29      6.38      6.25      5.87      5.19      4.25      3.10      1.82      0.53     -0.70
     -1.90     -3.04     -4.00     -4.63     -5.14     -5.77     -6.53     -7.42     -8.32     -9.22    -10.19    -11.34    -12.54
    -13.45    -14.06    -14.06    -13.23    -11.97    -10.52     -8.87     -7.16     -5.57     -4.23     -3.06     -1.82      0.00
      0.00     -0.11      0.92      1.45      1.29      0.81      0.13     -0.86     -2.15     -3.60     -5.03     -6.32     -7.35
     -8.10     -8.67     -9.11     -9.45     -9.71     -9.96    -10.18    -10.40    -10.57    -10.77    -11.00    -11.18    -11.23
    -11.18    -11.11    -10.92    -10.54    -10.21    -10.09    -10.24    -10.64    -11.35    -12.41    -13.70    -15.04    -16.38
    -17.68    -18.79    -19.64    -20.01    -19.22    -16.76    -13.12     -9.73     -7.38     -5.61     -3.93     -2.06      0.00
      0.00      0.93      0.21     -1.18     -2.95     -5.19     -7.84    -10.79    -13.88    -16.99    -20.03    -22.90    -25.55
    -27.96    -30.05    -31.70    -32.79    -33.34    -33.46    -33.15    -32.35    -31.13    -29.63    -27.93    -26.09    -24.20
    -22.27    -20.43    -18.74    -17.12    -15.73    -14.65    -13.86    -13.40    -13.30    -13.67    -14.66    -16.13    -17.81
    -19.58    -21.53    -23.51    -25.29    -25.66    -23.07    -17.81    -12.62     -9.27     -6.87     -4.47     -2.04      0.00
      0.00     -3.32     -7.85    -12.91    -17.86    -22.34    -26.42    -30.20    -33.63    -36.83    -40.02    -43.46    -47.40
    -51.64    -55.62    -58.73    -60.75    -61.85    -62.09    -61.61    -60.46    -58.48    -55.54    -51.63    -46.95    -42.01
    -37.09    -32.46    -28.32    -24.76    -21.84    -19.61    -17.91    -16.65    -15.87    -15.68    -16.13    -17.20    -18.96
    -21.11    -23.23    -24.86    -25.91    -25.51    -23.69    -20.63    -16.77    -13.93    -11.67     -8.67     -5.03      0.00
      0.00    -15.25    -26.50    -33.39    -38.05    -41.46    -43.64    -45.74    -48.30    -50.78    -53.94    -57.62    -61.66
    -65.68    -69.69    -73.85    -77.33    -80.21    -82.17    -83.25    -84.44    -84.88    -83.12    -78.65    -71.86    -63.88
    -55.49    -47.34    -40.03    -33.80    -28.77    -24.94    -22.06    -19.91    -18.54    -18.05    -18.32    -19.39    -21.14
    -23.25    -25.46    -27.16    -27.91    -27.75    -26.38    -23.55    -20.89    -19.96    -19.53    -16.88    -10.68      0.00
      0.00    -22.83    -34.82    -41.40    -44.70    -46.14    -46.48    -46.64    -48.27    -51.27    -55.47    -59.91    -64.37
    -68.47    -72.31    -76.32    -80.59    -84.88    -89.36    -93.88    -97.40    -98.69    -97.56    -94.07    -88.44    -80.36
    -70.46    -60.21    -50.44    -41.63    -34.16    -28.31    -24.08    -21.17    -19.57    -19.26    -19.91    -21.32    -23.35
    -25.80    -28.26    -29.82    -29.97    -28.69    -26.17    -23.64    -22.76    -23.35    -22.14    -18.27    -10.78      0.00
      0.00    -17.67    -28.10    -33.96    -36.72    -37.53    -37.69    -38.97    -41.32    -44.46    -48.32    -53.08    -58.14
    -63.16    -68.33    -73.47    -78.64    -83.97    -89.56    -94.96    -99.09   -101.62   -101.31    -97.68    -92.59    -85.26
    -75.58    -65.29    -54.89    -44.63    -35.46    -28.19    -22.98    -19.81    -18.52    -18.93    -20.68    -23.33    -26.57
    -30.00    -32.50    -33.16    -31.74    -29.15    -26.05    -23.25    -21.48    -20.17    -17.99    -14.52     -7.95      0.00
      0.00    -13.28    -21.05    -25.15    -27.57    -28.62    -29.64    -31.43    -33.31    -35.99    -39.43    -43.72    -48.99
    -54.77    -60.53    -66.16    -71.71    -77.21    -82.92    -87.93    -91.33    -93.39    -93.53    -91.83    -87.54    -81.00
    -72.23    -62.14    -51.88    -41.72    -32.18    -24.36    -18.77    -15.84    -15.45    -17.15    -20.30    -24.29    -28.54
    -32.42    -35.42    -36.50    -35.17    -32.61    -29.28    -25.69    -22.13    -18.33    -13.86     -8.63     -3.26      0.00
      0.00     -8.19    -14.17    -19.50    -22.51    -22.89    -23.52    -25.13    -27.47    -30.41    -33.25    -36.46    -40.72
    -45.86    -51.43    -57.31    -62.46    -67.16    -71.66    -75.74    -78.28    -79.28    -79.07    -78.04    -75.25    -70.52
    -63.17    -53.62    -43.66    -33.98    -24.98    -17.55    -12.35    -10.09    -10.81    -13.78    -18.28    -23.62    -29.01
    -33.87    -37.52    -39.18    -39.12    -37.92    -36.03    -33.27    -29.46    -24.79    -19.34    -12.97     -5.96      0.00
      0.00     -3.39     -8.17    -12.90    -15.56    -16.75    -18.27    -20.74    -24.28    -27.74    -29.64    -31.54    -34.30
    -38.13    -42.79    -48.02    -52.73    -56.40    -59.53    -61.67    -63.23    -63.72    -63.27    -61.61    -58.71    -54.35
    -48.35    -40.71    -32.03    -23.12    -15.17     -8.79     -4.61     -3.35     -5.02     -8.94    -14.47    -21.10    -28.30
    -34.75    -39.18    -41.74    -43.00    -43.92    -44.48    -43.84    -41.49    -37.40    -31.88    -24.80    -15.21      0.00
      0.00     -0.99     -4.14     -7.15     -9.67    -12.17    -14.93    -17.62    -20.17    -22.51    -24.47    -26.36    -28.71
    -31.84    -35.40    -39.22    -42.75    -45.16    -46.86    -47.87    -48.52    -49.06    -48.79    -46.21    -41.92    -36.88
    -31.20    -24.69    -17.77    -10.52     -4.13      0.76      3.70      4.06      1.75     -2.71     -9.14    -17.27    -25.60
    -32.73    -38.26    -42.41    -45.03    -46.94    -48.82    -50.21    -49.99    -46.75    -41.28    -33.50    -22.41      0.00
      0.00     -1.22     -4.04     -6.12     -7.89    -10.19    -12.83    -14.81    -16.06    -17.32    -18.76    -20.50    -22.65
    -25.30    -28.27    -31.23    -33.91    -35.33    -35.66    -35.63    -35.00    -34.27    -33.57    -31.00    -26.40    -21.25
    -15.86    -10.18     -4.36      1.31      6.15      9.70     11.69     11.58      9.15      4.72     -1.65     -9.91    -18.70
    -26.67    -33.46    -38.90    -42.69    -45.54    -47.85    -49.56    -49.67    -46.65    -40.40    -31.50    -19.45      0.00
      0.00     -3.51     -5.35     -5.65     -6.28     -7.63     -9.46    -11.18    -12.41    -13.29    -14.18    -15.34    -16.95
    -19.20    -21.65    -23.90    -25.79    -26.76    -26.41    -25.48    -23.50    -21.65    -19.59    -16.84    -12.70     -7.85
     -2.79      2.25      7.14     11.43     14.79     17.13     18.43     18.25     16.12     12.06      6.22     -1.26     -9.75
    -17.94    -24.90    -30.53    -35.43    -39.66    -42.77    -44.72    -45.13    -42.91    -37.42    -28.98    -16.81      0.00
      0.00     -1.43     -2.29     -3.89     -5.80     -7.70     -9.37    -10.50    -11.16    -11.48    -11.75    -12.32    -13.38
    -15.01    -16.78    -18.11    -18.63    -18.75    -18.69    -17.47    -15.06    -12.49     -9.30     -5.70     -1.48      3.20
      7.81     12.18     16.08     19.22     21.43     22.93     23.75     23.57     21.74     18.16     13.00      6.26     -1.23
     -8.58    -15.30    -21.24    -26.50    -31.15    -35.12    -38.02    -39.69    -39.81    -38.17    -33.95    -23.23      0.00
      0.00      1.60     -2.03     -6.60    -10.55    -13.25    -14.57    -14.70    -14.10    -13.23    -12.44    -12.03    -12.29
    -12.91    -13.42    -13.36    -13.11    -13.12    -13.21    -11.62     -8.73     -5.76     -2.30      1.57      6.06     10.73
     15.17     19.20     22.27     24.42     25.88     26.90     27.47     27.29     25.82     22.86     18.35     12.63      6.32
     -0.32     -6.89    -12.86    -18.24    -23.36    -28.35    -32.94    -37.13    -41.42    -46.20    -49.68    -38.94      0.00
      0.00     -0.93     -8.15    -15.41    -20.93    -24.28    -24.96    -23.44    -20.72    -17.64    -15.16    -13.16    -11.88
    -11.14    -10.56     -9.99     -9.73     -9.93    -10.03     -8.22     -5.22     -1.85      1.84      5.85     10.26     15.07
     19.82     23.62     26.29     27.84     28.60     29.16     29.39     29.21     28.19     25.83     21.97     17.19     11.92
      6.00      0.07     -5.71    -11.43    -17.23    -23.29    -29.90    -36.64    -43.50    -48.76    -46.27    -30.80      0.00
      0.00     -5.54    -15.39    -24.76    -32.76    -37.17    -35.98    -31.96    -26.54    -21.22    -16.83    -13.26    -10.90
     -9.54     -8.69     -8.21     -8.10     -8.11     -7.54     -6.17     -3.32      0.08      3.55      7.30     11.57     16.85
     22.03     25.67     28.03     29.30     29.76     29.88     29.73     29.39     28.46     26.45     23.39     19.58     15.09
     10.11      4.70     -0.94     -6.70    -12.75    -19.28    -26.61    -34.16    -38.95    -38.13    -31.27    -18.02      0.00
      0.00     -9.07    -20.05    -30.67    -40.13    -45.01    -43.03    -35.59    -27.54    -21.04    -16.11    -12.47     -9.99
     -8.53     -7.78     -7.41     -7.24     -7.02     -6.68     -5.67     -2.92     -0.12      2.85      6.54     10.77     16.06
     21.18     24.88     27.24     28.48     28.85     28.80     28.47     27.79     26.63     25.00     22.66     19.68     15.99
     11.74      6.90      1.68     -3.76     -9.39    -15.22    -20.93    -25.75    -27.68    -25.15    -18.85    -10.08      0.00
      0.00    -12.10    -22.57    -31.90    -40.22    -45.17    -41.54    -32.56    -24.75    -18.71    -14.35    -11.19     -9.06
     -7.87     -7.17     -6.76     -6.65     -6.66     -6.78     -6.09     -4.16     -1.70      1.07      4.30      8.96     13.99
     18.69     22.19     24.52     25.84     26.35     26.35     25.85     24.90     23.58     22.23     20.38     17.94     14.95
     11.38      7.23      2.69     -2.05     -6.70    -11.06    -14.83    -17.05    -16.80    -14.35    -10.11     -4.92      0.00
      0.00    -12.42    -21.71    -29.12    -34.42    -36.34    -32.69    -26.15    -20.11    -15.48    -12.17     -9.79     -8.22
     -7.22     -6.44     -6.07     -6.12     -6.39     -6.80     -6.84     -6.01     -3.87     -0.90      2.69      7.14     11.44
     15.34     18.61     20.98     22.42     22.99     22.95     22.40     21.41     20.18     18.86     17.18     15.11     12.63
      9.75      6.44      2.85     -0.70     -4.04     -6.86     -8.62     -9.07     -8.40     -6.73     -4.30     -1.71      0.00
      0.00     -9.77    -17.16    -22.72    -26.04    -26.36    -23.39    -19.09    -15.23    -12.13     -9.90     -8.33     -7.23
     -6.48     -5.94     -5.62     -5.63     -5.90     -6.33     -6.63     -6.18     -4.49     -1.52      1.98      5.94      9.33
     12.13     15.19     17.51     18.97     19.50     19.37     18.76     17.75     16.46     15.15     13.72     11.94      9.96
      7.82      5.47      3.04      0.74     -1.15     -2.40     -3.11     -3.25     -2.84     -1.94     -0.79      0.10      0.00
      0.00     -6.70    -11.94    -15.67    -17.63    -17.20    -15.39    -13.16    -11.05     -9.16     -7.73     -6.79     -6.22
     -5.85     -5.67     -5.50     -5.38     -5.49     -5.60     -5.50     -4.89     -3.32     -0.79      2.24      5.54      8.44
     10.31     12.36     14.34     15.61     16.17     16.10     15.54     14.65     13.42     12.04     10.82      9.42      8.00
      6.54      5.06      3.76      2.61      1.67      0.98      0.56      0.43      0.58      0.92      1.29      1.25      0.00
      0.00     -4.06     -7.22     -9.37    -10.29    -10.21     -9.63     -8.70     -7.67     -6.65     -5.80     -5.31     -5.20
     -5.20     -5.29     -5.34     -5.24     -5.02     -4.70     -4.17     -3.22     -1.66      0.47      2.95      5.47      7.63
      9.21     10.46     11.78     12.71     13.25     13.40     13.09     12.37     11.32     10.13      9.06      8.07      7.05
      6.04      5.21      4.57      3.90      3.29      2.81      2.46      2.30      2.36      2.51      2.51      1.89      0.00
      0.00     -1.98     -3.77     -4.97     -5.61     -5.86     -5.75     -5.36     -4.92     -4.46     -4.03     -3.91     -4.07
     -4.40     -4.65     -4.78     -4.72     -4.44     -3.89     -3.10     -2.06     -0.53      1.36      3.33      5.16      6.78
      7.96      8.70      9.33     10.07     10.62     10.88     10.82     10.29      9.45      8.53      7.68      6.93      6.31
      5.72      5.17      4.71      4.22      3.78      3.38      3.08      2.95      2.96      3.04      2.91      2.15      0.00
      0.00     -0.58     -1.52     -2.40     -3.02     -3.27     -3.18     -3.00     -2.77     -2.50     -2.36     -2.44     -2.79
     -3.35     -3.81     -3.90     -3.73     -3.44     -2.93     -2.11     -1.06      0.21      1.66      3.21      4.56      5.50
      5.92      6.35      7.02      7.60      7.98      8.24      8.32      8.04      7.45      6.64      5.87      5.37      5.08
      4.80      4.48      4.14      3.84      3.54      3.17      2.96      2.90      2.96      3.09      3.02      2.34      0.00
      0.00      0.30     -0.14     -0.86     -1.49     -1.75     -1.68     -1.52     -1.23     -0.90     -0.75     -0.94     -1.40
     -2.00     -2.56     -2.85     -2.77     -2.48     -2.03     -1.22     -0.31      0.52      1.49      2.63      3.52      3.83
      3.74      4.12      4.74      5.07      5.21      5.60      5.76      5.64      5.21      4.46      3.82      3.63      3.59
      3.42      3.11      2.88      2.83      2.87      2.67      2.45      2.43      2.62      2.79      2.75      2.21      0.00
      0.00      0.77      0.71      0.24     -0.38     -0.72     -0.69     -0.54     -0.29      0.04      0.27      0.09     -0.34
     -0.78     -1.28     -1.69     -1.68     -1.54     -1.29     -0.54      0.14      0.65      1.11      1.68      2.14      2.21
      2.02      2.16      2.47      2.51      2.69      3.12      3.17      2.98      2.75      2.09      1.78      1.90      1.97
      1.86      1.42      1.30      1.39      1.80      1.85      1.70      1.63      1.74      1.85      1.86      1.49      0.00
      0.00      0.00      0.00      0.00      0.00      0.00      0.00      0.00      0.00      0.00      0.00      0.00      0.00
      0.00      0.00      0.00      0.00      0.00      0.00      0.00      0.00      0.00      0.00      0.00      0.00      0.00
      0.00      0.00      0.00      0.00      0.00      0.00      0.00      0.00      0.00      0.00      0.00      0.00      0.00
      0.00      0.00      0.00      0.00      0.00      0.00      0.00      0.00      0.00      0.00      0.00      0.00      0.00
      0.00      0.00      0.00      0.00      0.00      0.00      0.00      0.00      0.00      0.00      0.00      0.00      0.00
      0.00      0.00      0.00      0.00      0.00      0.00      0.00      0.00      0.00      0.00      0.00      0.00      0.00
      0.00      0.00      0.00      0.00      0.00      0.00      0.00      0.00      0.00      0.00      0.00      0.00      0.00
      0.00      0.00      0.00      0.00      0.00      0.00      0.00      0.00      0.00      0.00      0.00      0.00      0.00
      0.00     -2.82     -2.49      0.53      4.85      8.82     11.66     13.52     14.91     16.16     17.52     19.10     20.84
     22.53     24.00     25.17     25.91     26.10     25.62     24.54     22.98     20.94     18.73     16.73     15.18     14.30
     13.92     13.58     12.71     11.14      9.40      7.93      6.80      6.02      5.36      4.60      3.54      2.52      1.49
      0.33     -0.64     -0.81     -0.23      1.00      2.12      2.89      3.26      3.30      2.92      2.50      1.81      0.00
      0.00     -6.91    -10.72     -9.66     -3.33      4.63      9.96     12.02     12.39     12.42     13.11     14.98     17.94
     21.72     26.13     30.83     35.16     38.80     41.34     42.12     40.73     36.93     31.21     24.84     18.97     14.43
     11.46      9.04      6.17      3.49      2.27      2.72      3.83      4.61      4.65      4.21      3.56      2.26      0.20
     -1.34     -1.34      0.21      2.78      6.27      8.50      7.49      7.79      9.84     11.01     10.16      6.20      0.00
      0.00     -4.60     -6.22     -2.55      3.81      7.55      7.35      5.76      4.57      4.01      4.00      5.05      7.82
     12.06     17.05     22.01     26.15     29.57     32.39     33.68     32.58     28.83     23.15     16.80     10.95      5.82
      1.10     -2.61     -3.79     -3.09     -2.79     -3.59     -4.62     -5.13     -5.88     -6.85     -8.73    -10.62    -10.74
    -11.11    -12.36    -10.80     -5.75     -1.23      3.20      7.89     10.76     10.33      6.94      3.08      0.43      0.00
      0.00     -0.55      3.80      8.10      8.34      6.31      5.78      5.72      4.39      2.23     -0.32     -2.66     -3.63
     -2.91     -1.13      1.06      3.19      4.91      6.04      6.47      5.49      3.04     -0.21     -3.90     -7.77    -11.17
    -13.33    -13.51    -12.20    -10.88    -10.46    -12.07    -15.23    -18.38    -21.92    -25.59    -27.01    -27.07    -27.53
    -27.70    -25.72    -22.83    -20.15    -15.64     -8.09      6.22     16.41     10.24      3.89      0.67     -0.11      0.00
      0.00      4.49      4.85      3.68      4.33      6.28      6.32      4.10      0.21     -4.52     -9.24    -13.69    -18.04
    -22.30    -25.91    -28.03    -28.53    -27.83    -26.47    -25.18    -24.03    -23.28    -22.39    -21.77    -21.55    -21.14
    -20.34    -19.01    -17.56    -17.31    -18.59    -20.13    -22.17    -24.96    -27.78    -30.59    -32.39    -34.02    -36.61
    -37.49    -36.33    -33.21    -32.34    -29.24    -21.14     -4.54     12.80      8.72      1.64      0.89      0.87      0.00
      0.00     -5.09     -9.59    -14.94    -19.90    -24.95    -31.03    -38.16    -44.31    -48.50    -51.79    -56.20    -62.07
    -68.90    -75.37    -78.76    -79.66    -78.89    -75.93    -73.59    -71.05    -65.56    -58.33    -50.90    -43.29    -35.75
    -29.30    -24.18    -20.45    -18.78    -19.82    -20.08    -20.28    -21.35    -22.38    -25.11    -30.05    -35.78    -38.75
    -38.09    -37.09    -34.44    -29.08    -20.83    -16.59    -12.84     -4.24     -4.11     -5.37     -4.58     -4.49      0.00
      0.00    -26.36    -44.25    -54.01    -61.31    -65.52    -69.64    -73.91    -72.32    -72.56    -76.20    -80.66    -84.08
    -86.26    -88.82    -92.59    -94.72    -95.45    -97.21   -100.47   -105.19   -108.10   -105.66    -98.75    -86.63    -69.75
    -53.14    -39.73    -29.72    -22.62    -18.78    -17.35    -17.04    -17.13    -17.78    -18.22    -20.20    -23.55    -26.50
    -28.80    -27.91    -22.88    -19.31    -18.28    -15.70     -9.80     -6.29     -9.67    -17.27    -18.96     -9.29      0.00
      0.00    -35.76    -52.60    -62.39    -66.22    -63.44    -56.15    -47.02    -43.00    -43.96    -47.83    -51.68    -54.82
    -62.64    -68.14    -70.75    -73.87    -78.28    -85.47    -94.04   -102.57   -109.97   -115.21   -116.15   -112.86    -99.99
    -79.93    -61.43    -46.14    -33.06    -23.73    -17.29    -12.95     -9.80     -8.88    -10.14    -12.32    -15.33    -18.28
    -19.72    -19.19    -17.68    -15.58    -11.61     -6.02     -2.70     -7.32    -17.68    -21.31    -19.03    -11.26      0.00
      0.00    -28.13    -45.02    -50.01    -42.89    -32.11    -18.73    -16.72    -20.47    -20.83    -22.45    -26.41    -30.70
    -37.10    -46.17    -53.59    -61.83    -68.26    -74.96    -83.54    -93.98    -99.73   -102.01   -103.17   -100.60    -93.55
    -80.39    -65.82    -52.62    -38.21    -25.22    -16.16     -9.40     -4.53     -2.96     -4.74    -10.47    -17.79    -20.58
    -20.17    -20.06    -15.65     -9.36     -8.04     -2.84      0.04     -6.79     -9.66     -6.87     -6.59     -0.99      0.00
      0.00    -22.75    -28.08    -23.34    -17.17     -9.98     -7.69    -11.80    -12.22    -15.30    -17.78    -22.18    -28.93
    -34.04    -40.76    -47.96    -55.68    -62.93    -67.95    -75.48    -82.50    -85.78    -85.24    -85.92    -89.67    -86.38
    -73.46    -58.64    -46.70    -35.75    -23.51    -11.75     -3.35      0.50     -0.90     -8.16    -16.85    -19.24    -18.71
    -17.05    -15.74    -13.67    -12.54    -14.58    -10.36     -6.12     -8.50     -8.64     -4.27      3.30      5.74      0.00
      0.00     -9.08    -11.51    -15.99    -18.52    -10.85     -6.71     -7.09    -12.44    -19.80    -20.53    -19.57    -26.66
    -34.50    -41.05    -46.90    -52.43    -56.66    -60.96    -63.57    -67.66    -68.27    -67.65    -67.52    -68.81    -69.43
    -62.98    -50.42    -40.94    -30.57    -17.74     -4.79      3.66      6.24      0.66    -10.01    -16.51    -17.72    -15.19
    -14.62    -14.90    -13.51    -14.89    -18.34    -21.82    -21.70    -19.41    -15.88    -11.68     -6.18     -1.20      0.00
      0.00      0.43      0.84     -9.58    -12.09     -5.97     -3.32     -7.53    -18.83    -25.34    -23.11    -21.29    -22.54
    -27.94    -33.03    -42.89    -51.75    -52.59    -53.69    -49.25    -45.04    -45.26    -44.78    -44.30    -41.57    -38.81
    -37.60    -33.49    -29.88    -21.13     -9.52      1.79      9.93     11.19      2.34     -6.17     -6.47    -11.66    -17.39
    -21.20    -21.22    -19.69    -20.36    -25.13    -33.19    -36.81    -34.58    -31.41    -28.46    -23.61    -14.73      0.00
      0.00     -2.13      0.32      1.03      0.08     -2.56     -8.25    -13.13    -17.01    -18.75    -17.42    -18.04    -19.94
    -24.37    -27.61    -32.35    -39.87    -41.36    -40.17    -37.41    -34.30    -38.62    -39.94    -35.05    -24.49    -18.28
    -16.37    -15.06    -10.48     -4.97     -0.59      6.71     13.12     11.84      4.81      1.84      2.49     -7.01    -21.06
    -25.04    -27.24    -30.66    -31.05    -32.74    -38.69    -45.99    -47.11    -42.20    -37.66    -32.82    -23.20      0.00
      0.00     -2.05     -4.18     -2.05     -1.00     -4.55    -10.37    -11.53     -8.02     -5.62     -6.56     -8.89    -11.27
    -13.99    -17.46    -20.42    -26.08    -31.47    -30.31    -29.94    -29.85    -30.80    -32.96    -27.66    -16.31     -9.11
     -9.04     -7.40     -0.07      4.62      7.32     12.65     15.87     12.93      7.43      4.96      2.00     -6.51    -18.13
    -24.81    -29.11    -35.86    -39.09    -39.97    -42.95    -48.30    -51.57    -48.33    -40.65    -31.38    -18.72      0.00
      0.00     -5.88     -8.56     -1.61      4.52      5.24      2.71     -0.33      0.15      2.35      3.70      2.49     -0.18
     -2.35     -5.94     -9.34    -15.73    -17.38    -14.10    -15.51    -19.50    -19.80    -19.50    -14.24     -7.83     -3.81
     -2.53      1.05      6.67     10.48     13.66     17.37     20.75     19.71     14.41      8.52      6.46      2.42    -10.63
    -21.03    -24.64    -25.79    -30.91    -37.57    -42.33    -44.82    -46.42    -45.24    -38.81    -32.12    -20.78      0.00
      0.00     -1.57      5.34     10.14     11.16      9.37      7.70      7.66      8.10      9.73     11.56     10.95      7.23
      2.13     -2.13     -4.76     -3.87     -0.28     -3.03     -8.94    -10.56     -9.26     -7.55     -2.09      2.97      6.75
      8.22      6.93      7.63     13.69     19.46     22.62     25.86     27.85     24.27     17.33     12.64      6.31     -5.05
    -15.11    -18.61    -19.29    -21.48    -27.83    -34.35    -38.83    -41.84    -42.63    -44.27    -44.98    -36.27      0.00
      0.00     10.25      9.86      6.36      1.65     -1.45      0.04      3.16      5.37      7.18      8.90      7.99      4.49
      0.78     -0.11      3.27      8.97     10.46      0.39     -8.42     -6.41     -3.63      1.35      6.41     11.10     16.57
     18.31     13.67      7.22      9.32     17.87     25.14     29.77     32.74     32.27     27.43     19.36     11.36      4.32
     -7.68    -16.55    -20.68    -24.92    -28.07    -32.40    -35.92    -38.97    -47.28    -60.36    -72.22    -58.45      0.00
      0.00      3.00     -8.00    -17.46    -24.55    -28.39    -25.69    -21.44    -16.28     -6.69     -2.35      0.14      3.26
      3.61      5.46      9.55     14.22      9.88     -0.05     -5.60     -5.15      1.10      6.66     11.22     16.08     17.29
     23.12     24.54     17.92     12.47     17.95     25.11     27.80     33.25     38.49     35.33     27.54     20.84     13.62
      1.58     -9.20    -15.34    -20.02    -22.40    -26.25    -34.48    -46.12    -58.95    -68.73    -66.17    -42.85      0.00
      0.00     -7.69    -22.29    -36.64    -51.80    -59.23    -53.25    -43.95    -30.06    -16.49     -7.11      1.03      5.07
      5.18      5.50      8.74     10.97      5.39     -0.06     -6.91     -4.76      3.55      5.73     10.74     15.12     19.28
     28.52     32.78     31.09     28.12     25.56     24.20     24.11     29.50     35.67     35.46     33.02     27.40     18.01
      8.90     -0.01     -8.81    -14.42    -17.71    -24.81    -38.78    -53.37    -59.82    -55.63    -41.19    -20.85      0.00
      0.00    -14.66    -30.90    -48.78    -65.92    -74.28    -69.54    -46.97    -23.98    -11.86     -3.21      1.51      3.82
      3.66      2.00      3.65      4.95      3.13     -3.13     -8.11     -1.13      4.53      3.43      6.45     11.59     15.67
     26.91     32.64     32.80     30.82     26.47     21.75     21.42     24.07     26.78     29.53     29.13     25.16     17.07
      9.94      3.42     -3.24     -9.10    -15.94    -24.54    -34.91    -43.38    -44.46    -34.96    -22.27    -12.13      0.00
      0.00    -26.12    -41.74    -55.08    -70.97    -79.50    -64.86    -36.47    -16.01     -4.37     -2.25     -0.57      1.02
     -0.76     -0.58      2.05      3.68      1.23     -6.37    -10.92     -6.32     -1.14     -1.14     -0.82      6.28     13.21
     18.32     21.99     22.66     21.85     21.26     19.52     18.68     16.62     15.91     18.85     18.69     15.75     11.32
      6.60      0.69     -6.15    -12.78    -18.33    -22.99    -26.51    -26.91    -21.97    -15.71    -10.42     -5.84      0.00
      0.00    -30.48    -46.09    -56.46    -64.74    -62.33    -45.30    -25.42     -8.64     -0.58     -1.98     -2.66     -3.14
     -3.68      0.06      3.65      4.69      0.50     -6.65    -16.31    -20.48    -19.68    -16.98     -9.34      5.39     10.05
      9.76     10.11     14.19     16.98     16.84     15.38     13.41      9.78      7.68      8.56     10.11      7.47      4.20
      0.67     -3.91     -9.89    -12.27    -13.08    -13.78    -11.45     -8.19     -5.77     -4.81     -3.07     -1.62      0.00
      0.00    -23.36    -37.41    -44.97    -45.81    -39.72    -25.02    -10.42     -3.30      1.62     -0.44     -3.83     -4.27
     -5.02     -2.27      1.49      3.99      1.70     -4.51    -14.81    -23.17    -25.58    -18.91     -6.11      4.54      9.41
      4.97      1.56      7.55     15.83     13.94      9.94      8.54      6.84      3.23      2.45      3.29      0.55     -2.03
     -2.06     -3.02     -4.08     -2.67     -2.53     -2.11     -1.04     -0.01      0.28      0.36      0.18     -0.32      0.00
      0.00    -15.94    -22.86    -25.12    -22.79    -15.59     -8.54     -3.82     -1.53      1.01      0.85     -3.46     -5.82
     -6.60     -7.75     -6.55     -2.42     -0.66     -2.95     -7.09    -10.19     -9.52     -5.01      2.29     11.37     14.10
      8.53      2.99      6.03     13.84     13.97     12.67     10.76      9.91      6.75      1.77      0.16      1.35      2.70
      4.24      4.69      5.82      5.89      4.30      3.56      3.37      3.66      4.64      4.76      3.88      2.39      0.00
      0.00     -7.50     -9.54     -8.51     -4.86     -2.10     -1.67     -2.49     -2.84     -1.25     -0.47     -3.86     -7.75
     -9.66    -11.02    -12.66    -12.42    -10.15     -8.64     -7.68     -5.15      0.33      7.05     13.25     18.67     18.21
     13.53      9.15     10.01     13.00     14.30     15.93     16.04     15.74     14.11     10.83      9.67      9.98      8.49
      6.84      8.31     10.25      8.69      6.71      5.03      3.43      4.24      6.77      8.50      8.10      5.51      0.00
      0.00     -2.10     -1.25     -1.03     -1.84     -2.20     -1.94     -2.15     -2.60     -1.73     -1.34     -2.82     -7.29
    -11.92    -14.11    -15.16    -16.66    -16.39    -13.27    -10.06     -6.03     -0.01      8.02     15.21     19.26     18.78
     17.06     13.44     11.02     12.12     15.46     16.98     18.82     19.21     17.31     14.82     11.10      9.07     10.30
     11.16     10.91     10.37      9.82      7.20      4.92      3.65      4.59      6.74      8.44      8.12      6.16      0.00
      0.00      1.75     -0.07     -1.91     -4.87     -6.40     -5.01     -4.35     -2.40      0.53      2.04      1.83     -1.30
     -8.27    -15.01    -16.89    -16.37    -15.18    -12.33     -8.04     -5.23     -3.77      1.21      9.30     15.07     16.88
     12.54     10.44     12.30     13.19     13.85     15.47     17.20     16.12     14.25      9.78      6.14      6.91      9.47
      9.96      8.35      8.28     10.23      8.16      3.50      3.54      6.04      7.27      7.40      6.66      5.16      0.00
      0.00      2.12      3.32      1.00     -4.05     -7.14     -6.79     -5.48     -2.66      2.74      7.80      6.62      2.67
     -2.48     -9.19    -12.56    -12.61    -11.81    -10.13     -5.11     -2.12     -1.73     -0.20      4.45     10.00     10.55
      5.65      6.85     10.12     10.33     11.58     12.36     11.90     11.04      9.63      5.92      4.65      6.01      6.37
      4.17      1.88      3.25      6.27      8.77      7.83      5.18      4.02      5.69      6.01      6.22      5.03      0.00
      0.00      3.58      5.37      4.70      0.31     -3.97     -3.35     -1.67     -1.34      0.83      4.27      3.17      0.26
     -0.45     -2.35     -5.67     -6.40     -6.18     -4.89     -2.61      0.10      1.10      2.12      2.52      3.65      4.36
      4.08      4.08      3.89      3.31      6.57      6.69      6.80      6.16      4.82      2.32      2.08      4.33      5.16
      2.87     -0.34      0.23      1.82      4.97      7.23      5.38      2.76      3.54      4.28      4.06      1.81      0.00
      0.00      0.00      0.00      0.00      0.00      0.00      0.00      0.00      0.00      0.00      0.00      0.00      0.00
      0.00      0.00      0.00      0.00      0.00      0.00      0.00      0.00      0.00      0.00      0.00      0.00      0.00
      0.00      0.00      0.00      0.00      0.00      0.00      0.00      0.00      0.00      0.00      0.00      0.00      0.00
      0.00      0.00      0.00      0.00      0.00      0.00      0.00      0.00      0.00      0.00      0.00      0.00      0.00
      0.00      0.00      0.00      0.00      0.00      0.00      0.00      0.00      0.00      0.00      0.00      0.00      0.00
      0.00      0.00      0.00      0.00      0.00      0.00      0.00      0.00      0.00      0.00      0.00      0.00      0.00
      0.00      0.00      0.00      0.00      0.00      0.00      0.00      0.00      0.00      0.00      0.00      0.00      0.00
      0.00      0.00      0.00      0.00      0.00      0.00      0.00      0.00      0.00      0.00      0.00      0.00      0.00
      0.00     -2.77     -3.19     -1.87      0.63      3.56      6.39      8.79     10.68     12.32     13.92     15.59     17.43
     19.38     21.09     22.39     23.32     23.82     23.84     23.37     22.62     21.72     20.81     20.01     19.53     19.34
     18.94     17.64     15.21     12.27      9.41      7.18      5.83      5.04      4.40      3.79      3.16      2.68      2.69
      2.85      3.48      4.82      6.63      8.70     10.38     11.35     11.69     11.42     10.44      8.38      5.08      0.00
      0.00     -5.53     -6.60     -4.54     -0.36      4.92      9.63     12.34     13.16     13.27     13.94     15.91     19.19
     23.56     28.43     33.08     37.20     40.64     42.89     43.40     41.70     37.96     33.20     28.73     25.11     21.54
     16.71     10.67      5.00      1.35      0.21      0.64      2.41      5.55      8.34      9.66     10.29     10.44     10.27
     10.23     11.56     14.34     17.36     20.24     22.55     25.11     27.66     28.27     25.98     20.70     12.56      0.00
      0.00     -0.48      2.42      6.15     10.29     13.78     14.35     11.73      8.51      7.12      7.55      9.39     12.74
     17.11     21.72     26.09     30.02     33.25     35.56     36.47     35.58     33.12     29.36     24.17     17.18      8.42
     -0.02     -5.96     -9.31    -11.43    -13.50    -15.66    -15.90    -13.13    -10.73    -10.61    -11.31    -12.03    -11.77
    -10.56     -8.01     -2.48      3.84      8.55     16.04     26.37     33.18     32.88     26.00     18.20     10.95      0.00
      0.00      3.33      7.39     10.33     10.64      9.30      8.18      7.62      7.09      6.16      4.90      3.60      2.66
      2.29      2.41      3.09      4.30      5.60      6.59      6.50      5.22      2.78     -0.81     -5.34    -10.33    -14.37
    -16.75    -18.39    -19.63    -20.89    -23.40    -27.60    -32.69    -37.16    -40.73    -43.87    -47.05    -49.43    -48.99
    -43.07    -33.04    -23.53    -15.96     -9.65     -1.19     12.92     27.16     26.81     16.50      9.42      6.04      0.00
      0.00      6.63      6.10      2.56      0.39      0.24     -0.32     -2.26     -5.31     -9.20    -13.45    -17.52    -21.65
    -26.09    -30.01    -32.53    -33.60    -33.23    -32.02    -30.99    -29.50    -27.71    -26.58    -26.10    -25.95    -25.79
    -25.01    -23.39    -22.51    -24.14    -28.71    -35.75    -42.59    -48.01    -52.61    -57.72    -63.47    -68.68    -70.87
    -66.59    -56.33    -44.76    -33.03    -21.59    -10.35      0.07     11.69     15.22      9.59      5.05      4.29      0.00
      0.00     -9.84    -19.47    -26.07    -31.33    -37.63    -44.82    -51.41    -56.87    -60.33    -62.25    -64.77    -68.72
    -72.97    -75.92    -77.34    -77.24    -75.69    -75.05    -75.57    -72.82    -67.02    -59.78    -51.59    -43.42    -35.98
    -29.40    -25.02    -22.91    -21.99    -22.85    -26.32    -30.65    -35.52    -40.74    -48.58    -58.81    -65.91    -66.12
    -58.88    -48.17    -37.13    -25.01    -13.96     -7.77     -3.27      3.34      7.14      6.66      0.24     -5.70      0.00
      0.00    -32.43    -52.92    -63.64    -70.81    -74.56    -75.25    -73.35    -73.50    -76.95    -79.59    -82.04    -83.03
    -83.52    -83.69    -82.46    -80.68    -77.57    -76.06    -82.74    -93.03    -99.49   -101.43    -97.80    -83.22    -61.50
    -43.86    -33.32    -26.85    -21.50    -18.05    -17.04    -17.79    -19.06    -20.85    -24.64    -31.03    -35.75    -34.70
    -30.01    -21.86    -12.02     -6.31     -6.17     -5.94      0.54      6.83      5.14     -1.84     -8.48     -6.62      0.00
      0.00    -32.30    -52.92    -68.38    -71.72    -65.06    -53.88    -40.88    -34.94    -33.40    -33.16    -36.21    -40.89
    -49.68    -54.80    -55.58    -57.17    -61.60    -66.09    -72.97    -83.06    -92.12    -99.77   -105.98   -105.86    -92.54
    -69.23    -48.22    -35.68    -27.53    -19.94    -13.50     -9.05     -6.50     -5.78     -6.24     -8.80    -13.41    -15.34
    -10.75     -2.83      5.62     11.35      8.30      4.86      7.62      8.00      2.08     -7.05    -13.88     -9.14      0.00
      0.00    -31.00    -52.50    -55.63    -39.82    -22.94     -7.57     -3.79     -1.53      2.36      2.85      3.45     -0.28
    -13.79    -28.78    -39.80    -47.98    -52.67    -59.74    -68.43    -74.88    -77.54    -79.36    -80.48    -79.15    -76.61
    -69.17    -49.81    -32.73    -25.37    -17.60     -9.41     -3.68     -0.36      0.83     -0.36     -8.53    -14.34    -10.32
     -3.62      4.19     13.52     14.06      8.23      8.44     10.46      9.20      9.70      8.74      8.20     11.54      0.00
      0.00    -22.05    -24.91    -17.23     -5.87      4.03      9.14      8.50      8.27      8.93      9.79      8.59      4.32
     -4.13    -17.10    -29.67    -38.90    -46.00    -53.42    -62.94    -70.09    -68.55    -64.21    -60.99    -61.77    -58.99
    -46.93    -32.42    -20.75    -14.44     -9.52     -4.60     -0.47      1.15     -1.26    -12.82    -20.23    -11.87     -4.45
      2.93      9.99     13.20     10.19      5.00      3.72      3.11      4.59      8.22     11.76     15.61     14.64      0.00
      0.00     -2.80     -4.96     -9.98     -8.98      2.01     11.38     11.42      3.65     -3.37     -1.00      2.42     -1.59
    -10.06    -19.50    -27.46    -37.25    -44.23    -48.30    -52.46    -56.76    -56.87    -52.76    -48.62    -46.20    -41.31
    -29.47    -18.63    -12.65     -7.14     -3.91      1.17      8.05      7.80     -1.53    -18.87    -20.93     -7.86      2.47
     10.37     14.04     13.75      9.08     -1.20     -5.78     -5.01     -4.84     -4.96     -4.70     -0.92      3.05      0.00
      0.00      9.64     10.71     -1.19     -4.33      4.56     10.49      5.18     -4.80    -11.40     -9.00     -5.15     -7.83
    -13.21    -16.99    -23.19    -33.53    -37.74    -37.88    -36.82    -34.62    -35.23    -34.04    -24.43     -9.84     -3.72
     -2.35     -3.98     -5.61     -3.58     -2.06      6.50     17.06     15.40      0.03    -12.35     -9.68     -1.91      4.26
      7.68      8.78      5.92     -2.43    -12.15    -16.49    -15.64    -14.77    -16.69    -17.44    -15.68    -10.22      0.00
      0.00      5.45      9.90     10.38      9.51      5.77     -0.21     -4.55     -6.06     -3.23     -1.03     -3.37     -8.72
    -11.49    -12.87    -19.72    -25.12    -24.46    -23.26    -25.22    -22.66    -20.16    -18.99     -9.85      6.03     13.74
      9.55      4.70      5.10      4.33      1.13      7.22     17.63     14.79      2.12      1.22      6.53      3.48     -4.42
     -5.68     -5.85     -8.40    -11.28    -15.58    -22.72    -28.51    -28.18    -25.91    -22.28    -18.00     -9.03      0.00
      0.00     -0.33     -0.61      4.78      7.90      4.49     -1.67     -1.64      3.99      9.05      8.69      5.38      2.71
      0.10     -1.77     -7.20    -12.54    -13.93    -11.31     -7.08     -7.56     -8.95    -10.67     -3.29      6.75      9.06
      5.17      5.94     11.47     14.22     16.26     18.67     19.77     11.86      3.24      7.24     10.68      4.09     -4.85
     -8.94    -15.16    -22.08    -25.19    -25.61    -28.98    -35.74    -41.42    -41.71    -36.85    -27.90    -13.22      0.00
      0.00     -1.37     -2.32      6.52     14.65     17.19     17.92     17.34     17.82     19.96     20.91     20.52     17.46
     12.83      9.81      3.37     -1.01      3.84      9.36     12.44     10.61      4.91     -1.37      1.71      4.44      4.11
      3.98     10.61     17.97     22.82     27.03     28.27     24.79     15.78      7.79      7.03     10.63      9.37      1.64
     -5.36    -12.38    -18.92    -22.81    -29.13    -35.87    -41.08    -42.31    -42.18    -41.61    -40.83    -33.17      0.00
      0.00      1.89     12.39     21.14     25.15     25.09     24.34     25.98     26.75     27.55     29.88     29.35     25.01
     20.06     16.98     17.77     20.15     19.59     22.74     23.49     18.37     11.82      6.48      3.91      4.76      8.34
     12.84     15.37     12.19     12.03     17.75     25.18     29.54     25.87     20.32     15.22     11.87     11.25      5.66
     -4.05     -9.48    -11.87    -16.69    -24.19    -31.34    -36.12    -40.85    -47.60    -56.56    -60.48    -47.30      0.00
      0.00     11.07     15.77     14.12      8.82      5.54     11.47     19.42     22.03     23.31     27.24     29.24     30.21
     31.06     32.14     30.70     28.66     26.82     24.40     18.87     11.55      7.52      8.89     10.70     14.99     18.02
     16.92      8.25     -5.22    -10.96      0.85     19.85     33.39     41.14     39.27     31.10     21.56     13.85      6.59
     -4.49    -13.05    -20.18    -27.12    -31.82    -33.80    -35.67    -40.95    -53.70    -66.19    -72.48    -59.42      0.00
      0.00      3.67     -5.82    -17.32    -29.40    -31.07    -23.20    -14.84     -1.57      7.85     12.83     20.51     29.23
     31.75     30.69     27.38     26.69     27.94     21.51      9.77      0.31      0.10      6.72     15.47     20.07     16.88
     17.33     11.60      4.38      0.32     10.14     23.56     32.81     43.30     50.71     48.78     38.72     24.38     10.95
      1.52    -11.19    -27.26    -29.45    -26.91    -27.37    -32.93    -49.44    -62.28    -67.77    -63.32    -42.95      0.00
      0.00     -8.40    -25.62    -44.29    -63.84    -70.35    -59.22    -43.95    -20.33     -2.46      9.26     20.03     26.12
     27.51     24.22     20.52     21.33     22.53     16.47      2.17     -5.49     -2.11      0.66      9.54     15.88     17.52
     23.13     27.79     33.16     35.71     33.95     27.23     25.84     34.32     44.70     47.30     45.90     36.61     19.92
      5.42     -5.66    -17.74    -23.99    -25.00    -29.56    -43.25    -60.66    -64.66    -59.60    -44.46    -22.50      0.00
      0.00    -22.81    -42.48    -63.20    -81.77    -89.15    -75.80    -43.81    -13.19      4.22     15.96     21.17     21.91
     21.00     15.79     12.80     15.69     16.93      9.96     -5.43     -9.03     -3.40     -4.26      0.01      7.53     11.49
     20.88     30.64     36.24     40.03     37.71     29.31     23.96     26.44     30.24     31.56     33.31     28.92     16.67
      3.63     -4.59    -13.27    -20.42    -26.55    -34.91    -46.17    -47.66    -44.11    -35.80    -24.86    -12.66      0.00
      0.00    -38.27    -58.49    -74.84    -91.86    -93.73    -71.26    -34.17     -5.27     11.36     16.14     15.47     15.61
     13.58      9.67      9.61     12.89     14.22      4.92    -14.42    -21.38    -18.04    -15.23    -11.74     -1.39      6.25
      9.21     16.24     24.86     28.94     29.42     28.37     25.30     18.49     13.57     15.69     17.27     13.00      6.32
      0.08     -7.46    -15.72    -21.75    -26.90    -30.21    -26.09    -19.59    -16.91    -12.88     -8.53     -5.19      0.00
      0.00    -44.32    -64.64    -77.25    -85.21    -72.97    -44.96    -15.69      4.77     13.78     12.94     10.50     10.93
      9.75      8.54      9.34     10.33     11.16      4.06    -18.55    -34.82    -39.51    -36.12    -20.15      0.53      6.64
      3.33      3.12     10.24     17.61     23.12     25.11     22.13     15.53      8.72      7.51      8.07      6.53      3.15
      0.44     -3.81     -8.93    -11.51     -8.23     -4.04     -0.64     -1.36     -0.98     -0.15      1.32      1.89      0.00
      0.00    -40.41    -56.15    -62.11    -53.45    -33.50    -14.22      3.14     14.25     13.84      9.00      7.31      8.21
      7.64      6.09      7.53      9.11      7.02      3.00     -9.73    -30.93    -37.36    -26.30     -7.54      4.17      9.37
      6.85      2.45      4.34     10.76     17.63     20.57     21.46     20.28     16.88     11.86      8.61      9.27      9.30
      7.98      6.29      6.41      8.64      9.54      9.56      9.87      9.57      9.33      9.48     11.30      9.69      0.00
      0.00    -26.50    -32.47    -28.18    -16.76     -6.75      3.90     12.64     15.06      8.75      3.26      4.89      5.95
      3.23     -0.24      0.52      3.93      3.94      1.38     -2.11     -7.25     -7.79     -0.14      9.78     18.27     20.53
     16.30      9.26      7.84     13.15     16.45     19.73     24.34     27.42     26.54     21.12     16.63     16.24     16.88
     18.21     19.20     18.79     16.99     15.70     15.98     14.98     14.42     14.89     16.54     17.44     12.59      0.00
      0.00     -6.78     -5.35     -1.69      0.98      5.40     11.93     14.15      9.99      2.86     -3.10     -3.12     -1.34
     -2.81     -5.48     -7.94     -7.71     -5.98     -3.72     -0.95      4.10     11.30     20.38     29.42     33.96     30.19
     24.20     20.70     17.32     17.97     18.93     24.30     29.19     31.17     29.60     26.18     24.43     23.52     22.28
     20.89     19.99     19.67     19.59     18.82     16.87     15.69     16.71     18.08     18.25     16.73     12.45      0.00
      0.00      4.20      5.13      6.12      7.91     10.73     11.00      6.68      0.61     -3.84     -8.28    -10.66     -8.05
     -5.46     -8.95    -12.87    -15.82    -15.73     -9.33     -0.06      6.61     13.60     21.62     27.46     28.77     27.33
     27.04     24.03     21.82     21.86     25.51     29.03     31.40     31.24     28.60     26.02     24.50     22.73     20.60
     18.86     17.88     18.53     19.79     18.91     16.86     15.50     15.58     16.29     16.17     13.41      7.79      0.00
      0.00      6.96      9.42      9.16      8.39      7.56      5.05     -2.33     -8.98     -9.50     -8.22     -4.75      1.70
      2.07     -7.74    -16.12    -20.44    -19.10     -7.94     -1.80     -2.85     -2.44      2.26      9.05     14.26     21.12
     26.21     24.33     22.16     25.25     25.98     24.35     27.79     27.81     25.65     23.57     20.51     18.97     18.42
     16.75     14.54     15.03     17.85     18.39     15.93     14.13     13.51     12.14     10.48      7.95      2.90      0.00
      0.00      7.46      9.46      8.08      5.78      3.49      0.13     -6.43    -10.20     -7.99     -4.04      4.15     11.85
     10.86      0.52    -10.61    -14.20    -12.17     -6.81     -7.56     -7.88     -8.81     -8.88     -0.78     10.24     16.94
     18.45     19.76     21.77     24.11     23.57     22.26     22.48     22.04     19.00     15.42     16.14     18.42     17.52
     12.11      6.84      8.30     14.89     16.96     14.08     10.69      7.29      5.99      6.42      5.51      2.72      0.00
      0.00      4.01      4.80      3.87      3.05      1.76     -1.36     -4.87     -6.44     -6.24     -3.33      2.26      7.20
      9.48      8.59      5.24      2.48      0.30     -2.96     -7.04     -6.04     -6.37     -4.99      0.43      5.48      7.99
      8.92     10.66     13.42     15.28     15.51     14.84     14.57     13.24     10.70      8.21      9.20     11.51     11.98
      3.10     -0.85      1.75      6.10      7.21      5.50      4.41      2.95      2.62      2.43      0.72     -1.45      0.00
      0.00      0.00      0.00      0.00      0.00      0.00      0.00      0.00      0.00      0.00      0.00      0.00      0.00
      0.00      0.00      0.00      0.00      0.00      0.00      0.00      0.00      0.00      0.00      0.00      0.00      0.00
      0.00      0.00      0.00      0.00      0.00      0.00      0.00      0.00      0.00      0.00      0.00      0.00      0.00
      0.00      0.00      0.00      0.00      0.00      0.00      0.00      0.00      0.00      0.00      0.00      0.00      0.00
      0.00      0.00      0.00      0.00      0.00      0.00      0.00      0.00      0.00      0.00      0.00      0.00      0.00
      0.00      0.00      0.00      0.00      0.00      0.00      0.00      0.00      0.00      0.00      0.00      0.00      0.00
      0.00      0.00      0.00      0.00      0.00      0.00      0.00      0.00      0.00      0.00      0.00      0.00      0.00
      0.00      0.00      0.00      0.00      0.00      0.00      0.00      0.00      0.00      0.00      0.00      0.00      0.00
      0.00      0.22      0.69      1.46      2.44      3.56      4.71      5.83      6.89      7.91      8.90      9.88     10.84
     11.76     12.59     13.30     13.88     14.29     14.51     14.55     14.41     14.11     13.68     13.14     12.52     11.82
     11.00     10.07      9.06      8.04      7.08      6.24      5.55      5.01      4.61      4.33      4.17      4.12      4.20
      4.40      4.71      5.11      5.54      5.94      6.21      6.27      6.05      5.51      4.62      3.38      1.81      0.00
      0.00     -0.28      0.16      1.22      2.68      4.29      5.81      7.07      8.10      9.07     10.14     11.38     12.78
     14.30     15.82     17.25     18.48     19.44     20.01     20.08     19.55     18.42     16.83     14.96     12.95     10.82
      8.61      6.45      4.53      3.07      2.14      1.71      1.70      2.00      2.44      2.97      3.57      4.25      5.05
      6.02      7.17      8.44      9.74     10.98     12.00     12.71     12.98     12.53     11.07      8.43      4.68      0.00
      0.00      1.10      2.44      3.77      4.90      5.62      5.82      5.61      5.35      5.28      5.52      6.09      6.95
      8.03      9.19     10.29     11.20     11.83     12.14     12.05     11.46     10.26      8.43      6.06      3.28      0.28
     -2.65     -5.22     -7.30     -8.99    -10.37    -11.42    -12.00    -12.04    -11.89    -11.72    -11.41    -10.75     -9.56
     -7.78     -5.42     -2.52      0.64      3.83      7.04     10.12     12.34     12.92     11.59      8.79      4.91      0.00
      0.00      1.46      2.49      2.87      2.60      1.93      1.09      0.15     -0.88     -1.97     -3.07     -4.09     -4.95
     -5.62     -6.09     -6.38     -6.52     -6.63     -6.79     -7.10     -7.65     -8.54     -9.78    -11.31    -12.99    -14.57
    -15.92    -17.15    -18.39    -19.83    -21.64    -23.88    -26.35    -28.70    -30.75    -32.43    -33.57    -33.64    -32.00
    -28.48    -23.68    -18.35    -13.01     -7.80     -2.57      2.69      7.12      9.04      8.30      6.13      3.39      0.00
      0.00     -0.31     -1.95     -4.17     -6.37     -8.43    -10.53    -12.79    -15.24    -17.88    -20.58    -23.20    -25.72
    -28.07    -30.04    -31.45    -32.27    -32.53    -32.39    -31.99    -31.30    -30.36    -29.32    -28.29    -27.31    -26.40
    -25.54    -24.85    -24.66    -25.35    -27.13    -29.97    -33.33    -36.57    -39.61    -42.55    -45.13    -46.62    -45.99
    -42.39    -36.56    -29.87    -22.69    -15.72     -9.39     -3.84      0.77      3.50      3.97      3.10      1.80      0.00
      0.00     -8.30    -15.83    -21.95    -27.03    -31.53    -35.58    -39.10    -42.10    -44.62    -46.81    -48.95    -51.20
    -53.36    -55.10    -56.31    -57.00    -57.12    -56.99    -56.80    -55.97    -54.12    -51.23    -47.44    -43.00    -38.31
    -33.86    -30.18    -27.61    -26.15    -25.85    -26.71    -28.47    -30.93    -33.94    -37.49    -40.93    -42.66    -41.49
    -37.35    -31.68    -25.28    -18.71    -12.95     -8.29     -4.42     -1.22      0.80      1.39      0.65     -0.29      0.00
      0.00    -19.48    -32.69    -40.72    -45.41    -47.61    -48.11    -48.12    -48.90    -50.73    -52.76    -54.56    -56.10
    -57.73    -59.51    -60.95    -61.66    -61.84    -62.77    -65.34    -68.53    -70.62    -70.80    -68.45    -62.52    -53.91
    -45.12    -37.56    -31.57    -27.00    -23.74    -21.75    -20.89    -20.91    -21.65    -23.02    -24.56    -25.16    -23.92
    -20.96    -16.80    -12.39     -8.67     -6.05     -3.83     -1.42      0.35      0.55     -0.61     -1.95     -1.76      0.00
      0.00    -19.66    -33.03    -40.85    -42.68    -40.39    -36.48    -32.65    -30.63    -30.31    -31.23    -33.39    -36.52
    -40.63    -44.60    -47.78    -50.71    -53.98    -57.57    -61.64    -65.88    -69.64    -72.48    -73.58    -71.33    -64.54
    -54.11    -43.40    -34.66    -27.92    -22.46    -18.01    -14.65    -12.49    -11.48    -11.34    -11.70    -11.93    -11.07
     -8.58     -5.20     -1.87      0.60      1.69      2.22      2.88      2.80      1.42     -0.79     -2.44     -1.94      0.00
      0.00    -17.33    -27.92    -30.10    -25.50    -19.54    -14.40    -11.66    -10.37    -10.04    -11.13    -12.94    -15.88
    -21.74    -28.93    -35.72    -41.55    -46.45    -51.33    -56.03    -59.52    -61.39    -62.09    -61.53    -59.32    -55.32
    -48.98    -39.83    -30.84    -23.92    -18.25    -13.36     -9.52     -7.11     -6.28     -6.78     -7.95     -8.13     -6.04
     -2.88      0.51      3.39      4.66      4.54      4.66      4.93      4.89      4.87      4.55      3.96      3.26      0.00
      0.00    -10.14    -13.14    -11.29     -7.35     -3.62     -1.25     -0.55     -0.86     -1.72     -2.96     -5.07     -8.68
    -14.02    -20.83    -27.90    -34.28    -39.82    -44.86    -49.48    -52.48    -52.57    -50.99    -48.91    -46.56    -42.64
    -36.11    -28.47    -21.47    -15.88    -11.35     -7.57     -4.77     -3.66     -4.74     -7.62     -8.63     -5.93     -2.47
      0.99      3.75      5.15      4.84      3.44      2.48      2.14      2.53      3.53      4.64      5.41      4.52      0.00
      0.00     -1.69     -3.41     -4.71     -3.44      0.27      2.72      2.24     -0.34     -2.80     -3.63     -4.75     -7.91
    -12.63    -18.11    -23.78    -29.44    -34.10    -37.58    -40.31    -41.84    -41.38    -39.25    -36.31    -33.03    -28.62
    -22.61    -16.82    -12.09     -8.07     -4.68     -1.40      1.37      1.38     -2.01     -6.36     -6.33     -2.73      1.06
      3.90      5.17      4.90      3.02     -0.44     -2.88     -3.77     -4.00     -3.84     -3.16     -1.48      0.28      0.00
      0.00      3.54      3.39      1.01      0.54      2.71      3.40      1.27     -1.88     -4.14     -4.56     -5.09     -7.47
    -10.92    -14.68    -19.17    -23.88    -26.80    -28.23    -28.70    -28.27    -27.35    -25.20    -21.12    -15.87    -11.39
     -7.84     -5.32     -3.48     -1.42      0.82      4.30      7.72      7.10      2.57     -0.97     -0.58      1.33      2.92
      3.47      2.88      0.90     -2.63     -6.99    -10.01    -11.32    -11.77    -11.98    -11.33     -9.32     -5.51      0.00
      0.00      3.38      5.22      5.71      5.39      4.01      1.88      0.32     -0.21      0.15      0.03     -1.50     -4.28
     -6.96     -9.62    -13.36    -16.41    -17.46    -17.66    -17.68    -16.91    -15.68    -13.68     -9.80     -4.92     -0.96
      1.43      2.81      4.24      5.48      6.46      8.99     11.85     10.87      7.27      5.98      6.04      4.67      2.01
      0.05     -2.09     -5.01     -8.24    -11.91    -15.94    -19.17    -20.24    -19.51    -17.12    -13.21     -7.07      0.00
      0.00      1.30      2.75      5.24      6.50      5.58      3.95      3.95      5.67      7.07      6.94      5.52      3.48
      1.14     -1.27     -4.40     -6.96     -7.63     -7.01     -6.32     -6.09     -5.88     -5.01     -2.36      1.02      3.66
      5.25      7.10      9.79     12.25     14.28     15.96     16.49     14.09     10.99     10.65     10.17      7.30      3.09
     -0.91     -5.43    -10.17    -13.91    -17.12    -20.93    -25.15    -28.31    -28.86    -26.22    -20.61    -11.36      0.00
      0.00      1.13      2.96      7.00     10.12     11.38     11.87     12.06     12.59     13.43     13.82     13.36     11.80
      9.49      7.13      4.47      2.93      3.21      3.74      3.88      3.39      2.48      2.07      3.01      4.64      6.22
      7.82     10.55     13.76     16.81     19.48     21.28     21.47     19.17     16.00     14.56     13.95     11.50      6.93
      1.74     -3.65     -8.81    -13.40    -18.42    -23.43    -27.70    -30.47    -31.89    -31.79    -29.16    -20.44      0.00
      0.00      3.38      7.27      9.72     10.88     11.54     12.49     13.65     14.74     15.87     16.96     17.40     16.71
     15.12     13.54     12.46     11.84     11.51     11.20     10.20      8.48      7.15      6.57      6.78      7.85      9.61
     11.50     12.88     13.43     14.85     18.45     22.97     26.13     26.39     24.47     21.76     18.95     15.86     10.86
      4.64     -0.91     -5.73    -10.75    -16.15    -21.34    -25.99    -30.52    -35.21    -39.04    -38.46    -27.38      0.00
      0.00      4.45      4.06      1.66     -0.53     -0.47      2.13      6.03      9.78     12.81     15.45     17.52     18.56
     18.45     17.75     16.75     15.84     15.06     13.56     11.03      8.73      7.74      8.39      9.94     11.96     13.62
     14.30     13.04     10.38      9.86     15.09     23.15     29.71     33.39     33.45     30.70     26.31     20.99     14.65
      7.22      0.04     -6.61    -12.20    -16.66    -20.58    -25.00    -30.71    -37.32    -42.34    -42.07    -30.40      0.00
      0.00     -1.63     -8.48    -15.88    -21.10    -21.10    -16.49     -9.50     -1.39      5.27     10.10     14.24     17.04
     17.79     17.41     16.46     15.71     14.76     12.22      8.76      5.98      5.35      7.46     11.07     14.02     15.51
     16.94     16.95     16.09     16.40     20.68     26.53     31.73     36.07     38.06     36.93     33.14     27.00     19.38
     11.51      2.88     -5.97    -11.03    -13.69    -17.53    -23.67    -31.50    -37.54    -39.49    -34.91    -22.26      0.00
      0.00     -9.82    -21.97    -33.13    -41.12    -42.07    -34.68    -22.57     -9.83     -0.02      6.74     11.67     14.43
     15.33     14.86     14.00     13.33     11.99      9.09      5.14      2.16      2.16      4.23      8.40     12.53     15.72
     19.20     22.32     25.00     27.12     28.78     29.79     31.38     34.62     37.38     37.79     35.81     30.65     23.16
     15.06      7.19     -0.53     -6.49    -10.75    -16.03    -23.22    -30.18    -32.43    -30.09    -23.59    -13.05      0.00
      0.00    -18.15    -33.05    -45.42    -53.44    -53.42    -42.68    -26.16    -11.11     -0.95      5.67      9.66     11.56
     12.02     11.43     10.70     10.24      8.80      5.60      0.87     -2.43     -1.80     -0.23      3.51      8.60     13.02
     17.60     22.07     25.88     28.90     30.50     30.56     30.52     31.51     32.57     32.87     32.02     28.64     22.84
     16.20      9.77      3.38     -2.42     -7.62    -12.71    -17.42    -19.65    -19.29    -16.53    -12.01     -6.13      0.00
      0.00    -25.05    -40.36    -51.07    -57.59    -55.06    -40.83    -22.51     -8.82     -0.17      4.87      7.46      8.72
      8.90      8.39      8.02      7.66      6.12      2.39     -3.92     -9.55     -9.94     -7.45     -2.40      4.73     10.14
     13.88     17.83     22.10     25.62     28.00     29.14     29.09     28.14     27.22     27.16     26.62     24.37     20.76
     16.42     11.50      6.46      2.00     -1.72     -4.53     -5.95     -6.35     -5.99     -4.80     -2.95     -1.11      0.00
      0.00    -26.29    -40.54    -47.90    -49.73    -41.78    -27.44    -13.63     -4.05      1.43      4.24      5.60      6.31
      6.37      6.11      5.91      5.48      4.11      0.55     -6.36    -15.02    -18.23    -14.96     -5.48      4.04      9.39
     11.94     14.35     17.94     21.76     24.89     26.70     27.07     26.37     25.24     24.47     23.77     22.51     20.45
     17.82     14.73     11.59      8.93      6.99      5.56      4.48      3.66      3.20      3.02      2.95      2.30      0.00
      0.00    -19.29    -30.04    -33.33    -29.89    -22.14    -13.18     -5.11      0.09      2.58      3.48      3.92      4.18
      4.06      3.77      3.63      3.35      2.42      0.35     -3.89    -10.59    -13.97     -8.75     -0.47      6.55     10.86
     12.76     14.06     16.30     19.47     22.52     24.67     25.89     26.18     25.66     24.70     23.76     22.95     21.82
     20.30     18.54     16.80     15.23     13.69     12.21     10.92      9.87      8.96      8.02      6.84      4.58      0.00
      0.00     -8.74    -13.99    -15.07    -12.71     -8.86     -4.46     -0.43      1.75      2.21      2.00      2.07      2.02
      1.65      1.11      0.86      0.84      0.71      0.33     -0.58     -1.91     -1.87      1.26      6.16     10.80     13.71
     14.90     15.54     16.87     19.12     21.42     23.45     24.99     25.84     25.86     25.21     24.40     23.68     22.91
     22.02     20.95     19.69     18.26     16.85     15.51     14.22     13.01     11.84     10.52      8.64      5.42      0.00
      0.00     -2.57     -4.32     -4.64     -3.75     -2.05     -0.11      1.30      1.51      0.86      0.05     -0.19     -0.21
     -0.59     -1.35     -1.94     -2.01     -1.54     -0.65      0.40      1.70      3.79      6.97     10.40     13.23     15.23
     16.31     16.89     17.69     19.09     20.69     22.31     23.58     24.33     24.49     24.18     23.68     23.03     22.30
     21.52     20.66     19.68     18.55     17.39     16.19     14.97     13.80     12.60     11.08      8.78      5.29      0.00
      0.00     -0.15     -0.45     -0.44     -0.02      0.62      1.02      0.89      0.12     -0.81     -1.60     -1.97     -1.84
     -2.00     -2.94     -3.92     -4.38     -3.90     -2.32     -0.19      1.99      4.52      7.47     10.29     12.68     14.62
     15.76     16.17     16.83     17.92     19.24     20.39     21.15     21.55     21.59     21.38     20.98     20.46     19.88
     19.28     18.63     17.87     17.02     16.11     15.06     13.93     12.80     11.59     10.10      7.81      4.43      0.00
      0.00      0.63      0.87      0.98      1.05      1.05      0.71     -0.21     -1.38     -2.01     -2.17     -1.95     -1.49
     -1.76     -3.23     -4.63     -5.34     -5.06     -3.14     -1.05      0.55      2.28      4.52      7.14      9.62     11.59
     12.71     13.47     14.27     15.25     16.12     16.81     17.38     17.56     17.52     17.33     16.99     16.64     16.25
     15.77     15.18     14.64     14.13     13.50     12.62     11.59     10.49      9.24      7.78      5.80      3.09      0.00
      0.00      0.68      1.03      1.12      1.07      0.81      0.22     -0.84     -1.90     -2.08     -1.63     -0.70     -0.07
     -0.53     -2.01     -3.49     -4.28     -4.06     -2.74     -1.52     -0.56      0.44      1.90      4.13      6.32      7.91
      8.92      9.74     10.53     11.34     11.81     12.13     12.44     12.53     12.41     12.23     12.11     12.05     11.81
     11.20     10.54     10.21     10.13      9.84      9.14      8.22      7.19      6.16      5.09      3.73      1.97      0.00
      0.00      0.37      0.63      0.72      0.68      0.48      0.05     -0.61     -1.30     -1.40     -0.88     -0.01      0.62
      0.50     -0.19     -0.84     -1.27     -1.53     -1.42     -1.11     -0.55      0.01      0.91      2.16      3.31      4.16
      4.74      5.28      5.81      6.30      6.51      6.57      6.62      6.61      6.48      6.40      6.42      6.51      6.44
      5.71      5.15      5.08      5.26      5.18      4.71      4.17      3.59      3.03      2.44      1.69      0.82      0.00
      0.00      0.00      0.00      0.00      0.00      0.00      0.00      0.00      0.00      0.00      0.00      0.00      0.00
      0.00      0.00      0.00      0.00      0.00      0.00      0.00      0.00      0.00      0.00      0.00      0.00      0.00
      0.00      0.00      0.00      0.00      0.00      0.00      0.00      0.00      0.00      0.00      0.00      0.00      0.00
      0.00      0.00      0.00      0.00      0.00      0.00      0.00      0.00      0.00      0.00      0.00      0.00      0.00
      0.00      0.00      0.00      0.00      0.00      0.00      0.00      0.00      0.00      0.00      0.00      0.00      0.00
      0.00      0.00      0.00      0.00      0.00      0.00      0.00      0.00      0.00      0.00      0.00      0.00      0.00
      0.00      0.00      0.00      0.00      0.00      0.00      0.00      0.00      0.00      0.00      0.00      0.00      0.00
      0.00      0.00      0.00      0.00      0.00      0.00      0.00      0.00      0.00      0.00      0.00      0.00      0.00
      0.00      0.51      1.06      1.65      2.26      2.86      3.46      4.02      4.57      5.09      5.60      6.09      6.56
      6.99      7.37      7.71      7.99      8.20      8.32      8.35      8.30      8.15      7.91      7.60      7.21      6.78
      6.31      5.82      5.34      4.87      4.43      4.03      3.71      3.45      3.27      3.15      3.09      3.09      3.14
      3.24      3.37      3.50      3.63      3.73      3.76      3.70      3.51      3.18      2.67      1.97      1.07      0.00
      0.00      0.45      1.07      1.77      2.48      3.14      3.72      4.24      4.70      5.14      5.58      6.04      6.50
      6.96      7.39      7.77      8.10      8.35      8.47      8.40      8.11      7.60      6.89      6.02      5.04      4.04
      3.07      2.17      1.36      0.70      0.21     -0.10     -0.24     -0.23     -0.10      0.15      0.53      1.01      1.60
      2.28      3.01      3.78      4.54      5.23      5.81      6.22      6.41      6.27      5.68      4.51      2.64      0.00
      0.00      0.86      1.50      1.91      2.08      2.05      1.89      1.66      1.42      1.20      1.04      0.94      0.91
      0.95      1.02      1.10      1.12      1.06      0.91      0.65      0.23     -0.41     -1.30     -2.36     -3.53     -4.77
     -6.00     -7.14     -8.16     -9.04     -9.77    -10.35    -10.72    -10.90    -10.88    -10.67    -10.23     -9.51     -8.48
     -7.14     -5.52     -3.70     -1.78      0.13      1.95      3.58      4.85      5.58      5.57      4.70      2.86      0.00
      0.00      0.43      0.29     -0.31     -1.19     -2.22     -3.32     -4.45     -5.58     -6.68     -7.73     -8.70     -9.58
    -10.36    -11.01    -11.56    -12.03    -12.44    -12.78    -13.09    -13.40    -13.78    -14.24    -14.76    -15.32    -15.91
    -16.49    -17.08    -17.74    -18.55    -19.53    -20.65    -21.79    -22.84    -23.71    -24.27    -24.36    -23.79    -22.39
    -20.19    -17.40    -14.20    -10.78     -7.43     -4.28     -1.44      0.95      2.64      3.37      3.14      2.01      0.00
      0.00     -1.68     -3.93     -6.34     -8.70    -10.94    -13.07    -15.11    -17.11    -19.08    -21.01    -22.84    -24.53
    -26.04    -27.31    -28.31    -29.03    -29.48    -29.67    -29.64    -29.38    -28.93    -28.30    -27.56    -26.77    -25.97
    -25.23    -24.62    -24.28    -24.36    -24.97    -26.10    -27.54    -29.03    -30.44    -31.64    -32.41    -32.35    -31.11
    -28.49    -24.94    -20.94    -16.56    -12.31     -8.51     -5.20     -2.43     -0.35      0.90      1.29      0.98      0.00
      0.00     -6.80    -12.54    -17.24    -21.06    -24.22    -26.89    -29.18    -31.22    -33.14    -34.94    -36.65    -38.26
    -39.70    -41.00    -42.22    -43.25    -43.92    -44.26    -44.34    -44.07    -43.29    -41.92    -39.99    -37.61    -34.97
    -32.32    -29.90    -27.93    -26.54    -25.77    -25.62    -26.03    -26.88    -28.00    -29.15    -29.89    -29.70    -28.26
    -25.61    -22.13    -18.22    -14.35    -10.83     -7.74     -5.10     -2.93     -1.31     -0.29      0.13      0.09      0.00
      0.00    -12.94    -21.04    -26.04    -29.01    -30.69    -31.67    -32.60    -33.88    -35.42    -37.03    -38.60    -40.25
    -42.04    -43.98    -46.02    -47.71    -48.77    -49.75    -50.94    -52.06    -52.54    -52.02    -50.42    -47.49    -43.35
    -38.71    -34.28    -30.43    -27.23    -24.68    -22.77    -21.48    -20.73    -20.42    -20.34    -20.17    -19.52    -18.14
    -16.04    -13.50    -10.83     -8.32     -6.13     -4.25     -2.63     -1.37     -0.61     -0.39     -0.53     -0.55      0.00
      0.00    -12.64    -20.38    -24.52    -26.02    -25.91    -25.17    -24.58    -24.59    -25.31    -26.64    -28.47    -30.78
    -33.58    -36.66    -39.71    -42.47    -44.96    -47.28    -49.48    -51.35    -52.69    -53.26    -52.84    -50.90    -47.04
    -41.68    -35.84    -30.50    -26.00    -22.24    -19.10    -16.50    -14.55    -13.23    -12.33    -11.60    -10.77     -9.61
     -8.00     -6.12     -4.23     -2.57     -1.28     -0.34      0.37      0.78      0.77      0.38     -0.17     -0.40      0.00
      0.00    -10.57    -15.84    -17.34    -16.44    -14.87    -13.49    -12.83    -12.81    -13.43    -14.80    -16.69    -19.36
    -23.00    -27.22    -31.57    -35.61    -39.16    -42.35    -45.09    -46.91    -47.77    -47.78    -46.66    -44.32    -40.95
    -36.65    -31.49    -26.22    -21.55    -17.60    -14.25    -11.47     -9.41     -8.17     -7.51     -7.00     -6.15     -4.79
     -3.15     -1.52     -0.08      0.98      1.52      1.77      1.97      2.15      2.31      2.36      2.21      1.71      0.00
      0.00     -5.68     -7.56     -7.35     -6.25     -5.17     -4.52     -4.46     -5.10     -6.30     -7.88     -9.99    -12.80
    -16.40    -20.66    -25.18    -29.46    -33.28    -36.54    -39.06    -40.53    -40.59    -39.47    -37.65    -35.27    -32.07
    -27.91    -23.26    -18.74    -14.72    -11.28     -8.41     -6.19     -4.87     -4.54     -4.69     -4.20     -2.89     -1.28
      0.28      1.43      2.11      2.22      1.78      1.21      0.89      0.95      1.31      1.81      2.24      2.07      0.00
      0.00     -0.92     -1.89     -2.34     -1.82     -0.79     -0.41     -1.02     -2.38     -3.89     -5.29     -7.07     -9.59
    -12.81    -16.48    -20.32    -24.04    -27.20    -29.62    -31.36    -32.06    -31.47    -29.85    -27.66    -25.06    -21.85
    -17.99    -14.10    -10.53     -7.37     -4.59     -2.15     -0.29      0.37     -0.26     -0.97     -0.52      0.69      1.99
      2.84      2.99      2.60      1.64     -0.03     -1.57     -2.51     -2.90     -2.82     -2.27     -1.26     -0.14      0.00
      0.00      1.92      1.87      1.40      1.34      1.72      1.43      0.34     -1.02     -2.26     -3.27     -4.59     -6.67
     -9.28    -12.23    -15.38    -18.29    -20.43    -21.85    -22.49    -22.24    -21.27    -19.60    -17.21    -14.27    -11.21
     -8.13     -5.26     -2.72     -0.41      1.76      3.98      5.82      6.07      4.98      4.16      4.23      4.59      4.71
      4.19      3.05      1.37     -0.81     -3.44     -5.70     -7.19     -7.91     -7.94     -7.21     -5.65     -3.25      0.00
      0.00      2.51      3.56      3.97      3.91      3.35      2.51      1.85      1.47      1.21      0.60     -0.67     -2.60
     -4.80     -7.18     -9.74    -11.85    -13.09    -13.66    -13.70    -13.19    -12.23    -10.71     -8.49     -5.83     -3.14
     -0.51      1.92      4.13      6.10      7.84      9.66     11.16     11.19     10.24      9.63      9.16      8.27      6.73
      4.83      2.49     -0.27     -3.26     -6.40     -9.49    -11.98    -13.28    -13.19    -11.74     -9.03     -5.00      0.00
      0.00      1.90      3.34      4.68      5.30      5.14      4.77      4.83      5.33      5.67      5.42      4.49      3.02
      1.17     -0.87     -3.02     -4.71     -5.51     -5.69     -5.57     -5.22     -4.58     -3.44     -1.69      0.45      2.72
      4.98      7.29      9.67     11.94     13.94     15.54     16.46     16.11     15.18     14.65     13.79     12.05      9.45
      6.30      2.69     -1.18     -4.93     -8.55    -12.20    -15.58    -18.07    -18.91    -17.58    -14.17     -8.33      0.00
      0.00      1.94      3.63      5.47      6.74      7.45      7.90      8.17      8.49      8.89      9.07      8.81      8.00
      6.61      4.92      3.24      2.04      1.45      1.15      1.07      1.24      1.53      2.27      3.56      5.21      7.09
      9.11     11.37     13.82     16.33     18.66     20.53     21.66     21.62     20.73     19.92     18.92     16.83     13.63
      9.69      5.31      0.84     -3.55     -8.00    -12.36    -16.29    -19.35    -21.17    -21.30    -19.12    -13.15      0.00
      0.00      2.81      4.06      4.51      4.94      5.52      6.30      7.25      8.32      9.36     10.18     10.63     10.57
      9.87      8.76      7.65      6.80      6.24      5.74      5.43      5.27      5.40      6.12      7.36      8.93     10.74
     12.64     14.41     16.05     18.07     20.92     24.10     26.63     27.83     27.66     26.59     24.88     22.32     18.56
     13.96      9.16      4.41     -0.33     -5.07     -9.74    -14.21    -18.38    -21.91    -23.95    -22.80    -16.05      0.00
      0.00      1.62     -0.15     -2.10     -3.00     -2.51     -0.72      1.93      4.71      7.07      9.00     10.36     11.04
     10.94     10.43      9.76      9.09      8.51      7.82      7.17      6.82      7.18      8.32     10.07     12.04     13.95
     15.57     16.66     17.41     18.94     22.42     26.95     30.91     33.41     34.12     33.31     31.27     28.15     23.86
     18.63     13.02      7.44      2.39     -2.18     -6.64    -11.33    -16.14    -20.49    -23.17    -22.43    -16.10      0.00
      0.00     -3.21     -8.51    -12.92    -14.89    -14.06    -10.76     -5.96     -1.08      3.05      6.22      8.54      9.86
     10.23     10.17      9.81      9.30      8.76      7.92      6.97      6.57      7.09      8.71     11.19     13.68     15.90
     18.04     19.83     21.36     23.33     26.65     30.64     34.41     37.34     38.74     38.58     36.97     33.81     29.29
     23.85     17.67     11.37      6.22      2.07     -2.40     -7.57    -12.81    -16.82    -18.35    -16.47    -11.07      0.00
      0.00     -9.01    -17.35    -23.43    -26.11    -25.15    -20.17    -12.76     -5.78     -0.33      3.69      6.47      8.12
      8.84      8.94      8.72      8.35      7.71      6.68      5.54      4.87      5.30      7.04      9.94     13.20     16.31
     19.44     22.47     25.37     28.17     31.01     33.72     36.42     39.11     41.11     41.76     40.88     38.15     33.84
     28.64     22.93     17.01     11.62      6.92      2.16     -2.91     -7.51    -10.05    -10.34     -8.94     -5.77      0.00
      0.00    -14.22    -24.15    -30.98    -33.77    -31.73    -24.59    -15.80     -7.88     -2.09      1.91      4.59      6.25
      7.06      7.26      7.15      6.83      6.11      4.90      3.31      1.97      2.27      4.00      7.23     11.31     15.26
     19.03     22.66     26.11     29.35     32.31     34.84     37.12     39.28     41.03     41.94     41.63     39.73     36.41
     32.17     27.37     22.27     17.21     12.49      8.11      4.12      0.99     -0.96     -1.84     -1.87     -1.22      0.00
      0.00    -17.45    -27.51    -33.66    -35.90    -32.80    -24.20    -14.78     -7.41     -2.31      1.09      3.31      4.66
      5.33      5.56      5.54      5.24      4.49      3.10      0.77     -2.09     -2.57     -0.41      3.96      9.38     13.96
     17.79     21.38     24.95     28.35     31.47     34.16     36.39     38.17     39.57     40.53     40.65     39.59     37.43
     34.40     30.67     26.49     22.24     18.22     14.57     11.35      8.65      6.56      4.96      3.62      2.16      0.00
      0.00    -16.72    -26.30    -30.50    -30.58    -25.59    -17.77    -10.50     -5.10     -1.49      0.84      2.35      3.28
      3.77      3.95      3.96      3.75      3.13      1.83     -0.72     -4.80     -6.64     -3.87      2.51      8.68     13.35
     16.94     20.16     23.45     26.77     29.89     32.62     34.86     36.64     37.98     38.88     39.21     38.79     37.49
     35.41     32.70     29.51     26.12     22.78     19.60     16.68     14.05     11.69      9.50      7.19      4.27      0.00
      0.00    -10.65    -17.78    -20.37    -18.99    -15.09    -10.37     -6.02     -2.78     -0.64      0.70      1.53      2.04
      2.30      2.39      2.40      2.29      1.95      1.20     -0.26     -2.76     -3.98     -0.88      4.25      9.34     13.49
     16.70     19.49     22.31     25.27     28.16     30.75     32.96     34.75     36.09     36.96     37.36     37.27     36.55
     35.14     33.11     30.70     28.04     25.22     22.39     19.63     17.01     14.53     12.04      9.15      5.39      0.00
      0.00     -4.89     -8.41     -9.79     -9.28     -7.61     -5.33     -3.11     -1.39     -0.28      0.34      0.71      0.92
      0.98      0.94      0.92      0.91      0.85      0.70      0.42      0.08      0.48      2.59      6.15     10.12     13.68
     16.53     18.93     21.30     23.77     26.17     28.35     30.28     31.93     33.19     33.99     34.40     34.46     34.04
     33.04     31.59     29.80     27.71     25.41     22.99     20.51     18.01     15.51     12.87      9.77      5.71      0.00
      0.00     -2.15     -3.78     -4.48     -4.32     -3.62     -2.61     -1.61     -0.85     -0.41     -0.21     -0.10     -0.06
     -0.13     -0.29     -0.39     -0.39     -0.28     -0.08      0.20      0.70      1.79      3.81      6.67      9.98     13.16
     15.77     17.87     19.70     21.51     23.35     25.10     26.69     28.06     29.16     29.88     30.31     30.43     30.19
     29.52     28.51     27.19     25.60     23.82     21.82     19.62     17.33     14.97     12.40      9.37      5.45      0.00
      0.00     -0.91     -1.60     -1.95     -1.94     -1.69     -1.33     -0.99     -0.78     -0.71     -0.74     -0.77     -0.80
     -0.90     -1.13     -1.34     -1.45     -1.41     -1.10     -0.54      0.29      1.57      3.48      5.95      8.77     11.49
     13.67     15.44     16.93     18.33     19.77     21.14     22.38     23.45     24.38     25.02     25.43     25.63     25.57
     25.20     24.51     23.53     22.30     20.86     19.16     17.27     15.28     13.15     10.83      8.14      4.67      0.00
      0.00     -0.35     -0.63     -0.80     -0.84     -0.81     -0.77     -0.78     -0.84     -0.95     -1.04     -1.06     -1.07
     -1.19     -1.48     -1.76     -1.98     -2.04     -1.79     -1.24     -0.41      0.86      2.62      4.71      6.95      9.00
     10.72     12.18     13.43     14.56     15.68     16.69     17.58     18.35     19.04     19.58     19.96     20.18     20.23
     20.04     19.54     18.82     17.88     16.74     15.39     13.87     12.19     10.39      8.45      6.23      3.47      0.00
      0.00     -0.11     -0.20     -0.27     -0.31     -0.35     -0.45     -0.62     -0.78     -0.92     -0.96     -0.91     -0.84
     -0.95     -1.25     -1.57     -1.84     -1.96     -1.75     -1.31     -0.60      0.44      1.80      3.36      4.95      6.34
      7.55      8.60      9.50     10.29     11.03     11.69     12.23     12.76     13.21     13.59     13.87     14.05     14.16
     14.05     13.70     13.24     12.64     11.83     10.85      9.72      8.47      7.14      5.71      4.12      2.23      0.00
      0.00     -0.03     -0.03     -0.03     -0.04     -0.07     -0.17     -0.34     -0.50     -0.58     -0.55     -0.45     -0.32
     -0.35     -0.58     -0.82     -1.01     -1.12     -1.03     -0.75     -0.35      0.23      1.00      1.87      2.71      3.46
      4.10      4.65      5.12      5.51      5.86      6.13      6.35      6.62      6.84      7.02      7.18      7.33      7.45
      7.37      7.18      7.00      6.71      6.29      5.72      5.07      4.37      3.65      2.88      2.03      1.07      0.00
      0.00      0.00      0.00      0.00      0.00      0.00      0.00      0.00      0.00      0.00      0.00      0.00      0.00
      0.00      0.00      0.00      0.00      0.00      0.00      0.00      0.00      0.00      0.00      0.00      0.00      0.00
      0.00      0.00      0.00      0.00      0.00      0.00      0.00      0.00      0.00      0.00      0.00      0.00      0.00
      0.00      0.00      0.00      0.00      0.00      0.00      0.00      0.00      0.00      0.00      0.00      0.00      0.00
      0.00      0.00      0.00      0.00      0.00      0.00      0.00      0.00      0.00      0.00      0.00      0.00      0.00
      0.00      0.00      0.00      0.00      0.00      0.00      0.00      0.00      0.00      0.00      0.00      0.00      0.00
      0.00      0.00      0.00      0.00      0.00      0.00      0.00      0.00      0.00      0.00      0.00      0.00      0.00
      0.00      0.00      0.00      0.00      0.00      0.00      0.00      0.00      0.00      0.00      0.00      0.00      0.00
      0.00      0.62      1.10      1.48      1.79      2.03      2.22      2.38      2.51      2.63      2.74      2.85      2.96
      3.06      3.15      3.23      3.29      3.33      3.35      3.35      3.33      3.29      3.23      3.14      3.01      2.84
      2.66      2.45      2.25      2.08      1.94      1.81      1.71      1.62      1.57      1.54      1.53      1.54      1.56
      1.60      1.64      1.69      1.73      1.75      1.75      1.72      1.65      1.52      1.33      1.05      0.64      0.00
      0.00      0.62      1.06      1.35      1.52      1.61      1.62      1.60      1.56      1.49      1.42      1.35      1.28
      1.22      1.17      1.12      1.07      1.00      0.90      0.78      0.63      0.45      0.20     -0.12     -0.48     -0.85
     -1.22     -1.55     -1.81     -2.01     -2.15     -2.24     -2.26     -2.23     -2.13     -1.95     -1.70     -1.38     -0.99
     -0.57     -0.12      0.34      0.79      1.21      1.60      1.93      2.19      2.32      2.29      2.01      1.35      0.00
      0.00      0.44      0.49      0.30     -0.05     -0.49     -0.98     -1.49     -1.98     -2.45     -2.90     -3.34     -3.75
     -4.12     -4.45     -4.74     -5.03     -5.30     -5.55     -5.78     -6.02     -6.33     -6.70     -7.10     -7.53     -7.98
     -8.42     -8.80     -9.13     -9.40     -9.61     -9.75     -9.81     -9.76     -9.60     -9.30     -8.86     -8.26     -7.51
     -6.61     -5.59     -4.49     -3.35     -2.22     -1.14     -0.15      0.72      1.41      1.87      1.96      1.48      0.00
      0.00     -0.24     -1.01     -2.04     -3.20     -4.41     -5.61     -6.78     -7.90     -8.96     -9.96    -10.89    -11.73
    -12.49    -13.16    -13.76    -14.26    -14.69    -15.04    -15.31    -15.53    -15.72    -15.89    -16.04    -16.19    -16.32
    -16.46    -16.60    -16.77    -17.01    -17.30    -17.61    -17.89    -18.09    -18.14    -17.97    -17.53    -16.75    -15.63
    -14.20    -12.54    -10.70     -8.72     -6.73     -4.87     -3.18     -1.70     -0.45      0.50      1.05      1.04      0.00
      0.00     -1.79     -3.94     -6.14     -8.26    -10.26    -12.13    -13.89    -15.54    -17.10    -18.55    -19.89    -21.10
    -22.18    -23.11    -23.91    -24.56    -25.05    -25.38    -25.54    -25.55    -25.41    -25.14    -24.76    -24.30    -23.81
    -23.32    -22.87    -22.53    -22.33    -22.33    -22.52    -22.84    -23.16    -23.37    -23.36    -23.00    -22.23    -21.00
    -19.24    -17.02    -14.53    -11.93     -9.43     -7.16     -5.15     -3.38     -1.88     -0.68      0.16      0.53      0.00
      0.00     -4.42     -8.24    -11.49    -14.22    -16.50    -18.47    -20.27    -21.98    -23.58    -25.09    -26.51    -27.81
    -29.07    -30.32    -31.48    -32.46    -33.23    -33.77    -34.07    -34.07    -33.74    -33.08    -32.10    -30.88    -29.51
    -28.11    -26.80    -25.65    -24.71    -24.00    -23.51    -23.22    -23.06    -22.94    -22.70    -22.20    -21.32    -19.98
    -18.07    -15.69    -13.21    -10.85     -8.67     -6.68     -4.89     -3.34     -2.02     -0.96     -0.17      0.25      0.00
      0.00     -6.63    -11.01    -14.09    -16.43    -18.27    -19.81    -21.26    -22.78    -24.35    -25.89    -27.39    -28.90
    -30.56    -32.40    -34.29    -35.97    -37.23    -38.14    -38.74    -39.01    -38.92    -38.37    -37.21    -35.51    -33.43
    -31.10    -28.73    -26.55    -24.64    -23.04    -21.71    -20.56    -19.54    -18.63    -17.77    -16.85    -15.75    -14.36
    -12.72    -10.97     -9.20     -7.50     -5.93     -4.49     -3.20     -2.07     -1.13     -0.41      0.08      0.28      0.00
      0.00     -5.98     -9.93    -12.52    -14.27    -15.57    -16.59    -17.53    -18.57    -19.83    -21.29    -22.94    -24.82
    -26.98    -29.38    -31.87    -34.14    -35.95    -37.28    -38.25    -38.92    -39.16    -38.87    -38.04    -36.50    -34.22
    -31.37    -28.26    -25.23    -22.50    -20.13    -18.10    -16.33    -14.72    -13.30    -12.05    -10.90     -9.78     -8.61
     -7.39     -6.17     -5.01     -3.91     -2.92     -2.04     -1.28     -0.62     -0.05      0.38      0.63      0.61      0.00
      0.00     -4.45     -7.10     -8.64     -9.57    -10.20    -10.76    -11.42    -12.28    -13.41    -14.84    -16.61    -18.75
    -21.26    -24.07    -26.95    -29.60    -31.86    -33.74    -35.21    -35.99    -36.13    -35.70    -34.54    -32.58    -30.10
    -27.32    -24.31    -21.18    -18.18    -15.54    -13.28    -11.35     -9.67     -8.27     -7.10     -6.05     -5.04     -4.02
     -3.04     -2.20     -1.53     -0.98     -0.57     -0.28     -0.01      0.29      0.62      0.97      1.27      1.23      0.00
      0.00     -2.00     -3.28     -4.03     -4.48     -4.88     -5.33     -5.92     -6.85     -8.11     -9.63    -11.44    -13.57
    -16.07    -18.86    -21.73    -24.47    -26.88    -28.81    -30.20    -30.94    -30.86    -29.91    -28.31    -26.32    -23.91
    -21.11    -18.08    -15.07    -12.24     -9.73     -7.59     -5.84     -4.47     -3.44     -2.58     -1.68     -0.79      0.00
      0.63      0.99      1.12      1.02      0.70      0.31      0.06      0.05      0.26      0.64      1.08      1.24      0.00
      0.00      0.27     -0.27     -0.74     -1.01     -1.26     -1.71     -2.40     -3.36     -4.55     -5.91     -7.54     -9.49
    -11.75    -14.24    -16.82    -19.30    -21.42    -23.08    -24.19    -24.51    -24.00    -22.76    -21.06    -19.01    -16.59
    -13.86    -11.01     -8.25     -5.68     -3.39     -1.44      0.13      1.19      1.84      2.42      3.07      3.61      3.93
      3.90      3.54      2.91      2.01      0.86     -0.25     -1.07     -1.48     -1.45     -1.01     -0.27      0.41      0.00
      0.00      1.64      1.76      1.64      1.49      1.24      0.77      0.13     -0.63     -1.50     -2.52     -3.84     -5.52
     -7.51     -9.72    -11.99    -14.08    -15.81    -17.05    -17.62    -17.44    -16.62    -15.31    -13.59    -11.49     -9.12
     -6.57     -3.98     -1.48      0.86      2.96      4.82      6.28      7.13      7.56      7.90      8.19      8.26      7.91
      7.04      5.74      4.11      2.23      0.16     -1.73     -3.11     -3.86     -3.91     -3.30     -2.16     -0.80      0.00
      0.00      2.30      2.97      3.23      3.25      3.05      2.72      2.39      2.06      1.63      0.96     -0.07     -1.51
     -3.28     -5.27     -7.29     -9.02    -10.27    -10.99    -11.12    -10.68     -9.80     -8.50     -6.78     -4.72     -2.43
     -0.02      2.44      4.85      7.11      9.11     10.80     12.12     12.92     13.31     13.52     13.46     12.99     11.96
     10.30      8.11      5.54      2.71     -0.24     -3.03     -5.27     -6.60     -6.82     -5.93     -4.18     -1.94      0.00
      0.00      2.50      3.46      4.01      4.28      4.36      4.37      4.41      4.48      4.43      4.12      3.45      2.34
      0.82     -0.92     -2.64     -4.03     -4.91     -5.31     -5.24     -4.74     -3.86     -2.58     -0.90      1.11      3.34
      5.70      8.14     10.63     12.98     14.98     16.60     17.86     18.65     19.08     19.27     18.96     18.00     16.32
     13.93     11.00      7.64      4.03      0.36     -3.19     -6.32     -8.63     -9.61     -8.92     -6.86     -3.72      0.00
      0.00      2.42      3.28      3.81      4.29      4.76      5.09      5.33      5.58      5.79      5.84      5.61      4.99
      3.89      2.52      1.25      0.25     -0.38     -0.63     -0.48      0.07      0.99      2.31      4.02      6.02      8.24
     10.60     13.07     15.57     17.95     20.12     22.01     23.55     24.59     25.13     25.34     25.04     23.83     21.67
     18.70     15.13     11.25      7.21      3.07     -1.09     -5.01     -8.24    -10.20    -10.38     -8.77     -5.58      0.00
      0.00      1.90      1.90      1.83      2.12      2.64      3.24      3.98      4.79      5.56      6.07      6.13      5.86
      5.29      4.52      3.76      3.15      2.78      2.69      2.94      3.53      4.56      6.06      7.93     10.05     12.34
     14.73     17.06     19.33     21.72     24.32     26.94     29.22     30.88     31.79     32.05     31.68     30.43     28.07
     24.79     20.91     16.72     12.41      7.96      3.36     -1.21     -5.35     -8.42     -9.64     -8.69     -5.73      0.00
      0.00      0.09     -1.41     -2.45     -2.63     -1.97     -0.68      0.94      2.56      3.99      4.99      5.51      5.72
      5.60      5.30      4.99      4.73      4.58      4.66      4.99      5.69      6.91      8.69     10.86     13.26     15.67
     17.96     20.17     22.43     25.02     28.13     31.54     34.66     37.08     38.59     39.17     38.86     37.57     35.19
     31.76     27.51     22.92     18.35     13.82      9.15      4.36     -0.19     -3.83     -5.87     -5.87     -4.19      0.00
      0.00     -2.78     -6.18     -8.28     -8.62     -7.63     -5.63     -3.00     -0.47      1.66      3.29      4.45      5.11
      5.29      5.28      5.28      5.27      5.31      5.51      5.90      6.66      8.05     10.11     12.61     15.13     17.63
     20.22     22.89     25.66     28.69     32.19     35.96     39.62     42.74     44.95     46.17     46.30     45.13     42.66
     39.05     34.46     29.45     24.63     20.20     15.68     10.89      6.29      2.65      0.46     -0.51     -0.91      0.00
      0.00     -5.90    -10.92    -13.74    -14.37    -13.01    -10.13     -6.44     -3.08     -0.32      1.76      3.28      4.21
      4.66      4.86      5.00      5.15      5.34      5.55      5.89      6.56      7.90      9.90     12.39     15.29     18.39
     21.62     24.94     28.38     31.97     35.76     39.68     43.62     47.32     50.40     52.47     53.19     52.44     50.14
     46.48     41.88     36.69     31.58     26.99     22.61     18.14     13.85     10.32      7.49      4.90      2.40      0.00
      0.00     -8.62    -14.67    -18.23    -18.76    -16.48    -12.54     -8.37     -4.60     -1.64      0.52      2.07      3.11
      3.74      4.13      4.40      4.65      4.89      5.06      5.22      5.50      6.42      8.19     11.01     14.64     18.48
     22.25     25.98     29.78     33.73     37.91     42.23     46.56     50.77     54.46     57.14     58.49     58.32     56.64
     53.55     49.46     44.62     39.55     34.75     30.19     25.73     21.42     17.36     13.56      9.68      5.30      0.00
      0.00    -10.47    -16.80    -20.04    -20.31    -17.64    -12.80     -8.35     -4.75     -2.07     -0.17      1.19      2.13
      2.76      3.21      3.59      3.92      4.18      4.30      4.16      3.69      3.81      5.61      9.19     13.92     18.37
     22.39     26.16     29.98     34.05     38.41     42.98     47.57     51.98     55.95     59.13     61.20     61.84     60.94
     58.71     55.37     50.98     46.06     41.10     36.26     31.61     27.06     22.56     18.04     13.15      7.42      0.00
      0.00     -9.71    -16.21    -18.56    -17.94    -14.73    -10.35     -6.64     -3.80     -1.76     -0.35      0.62      1.31
      1.81      2.23      2.63      3.01      3.30      3.41      3.13      2.13      1.42      3.54      8.32     13.63     18.38
     22.31     25.80     29.43     33.46     37.86     42.50     47.17     51.62     55.52     58.61     60.82     62.16     62.31
     60.96     58.20     54.34     49.74     44.78     39.83     34.99     30.21     25.38     20.44     14.99      8.48      0.00
      0.00     -5.82    -10.69    -12.78    -11.99     -9.62     -6.90     -4.50     -2.60     -1.23     -0.34      0.22      0.60
      0.90      1.20      1.56      1.94      2.22      2.34      2.20      1.69      1.46      3.76      8.22     13.51     18.40
     22.11     25.18     28.49     32.33     36.53     40.95     45.30     49.30     52.68     55.48     57.79     59.48     60.10
     59.34     57.13     53.87     49.85     45.30     40.57     35.77     30.90     25.98     20.91     15.37      8.75      0.00
      0.00     -3.00     -5.62     -6.92     -6.85     -5.83     -4.41     -3.01     -1.79     -0.91     -0.40     -0.13     -0.03
      0.06      0.20      0.42      0.68      0.85      0.82      0.61      0.42      0.83      2.85      6.94     12.58     18.07
     21.81     24.34     27.31     30.70     34.25     37.86     41.37     44.60     47.45     50.01     52.27     54.04     55.07
     54.89     53.23     50.50     47.09     43.18     38.94     34.51     29.91     25.06     20.05     14.81      8.65      0.00
      0.00     -1.67     -3.23     -4.11     -4.25     -3.84     -3.13     -2.31     -1.53     -0.95     -0.62     -0.49     -0.57
     -0.67     -0.69     -0.64     -0.60     -0.75     -1.19     -1.73     -2.00     -1.54      0.25      4.08     10.37     16.75
     20.23     22.62     25.16     27.93     30.63     33.31     36.04     38.70     41.19     43.44     45.52     47.39     48.67
     48.71     47.38     45.01     42.08     38.78     35.17     31.24     27.01     22.47     17.89     13.36      8.08      0.00
      0.00     -1.04     -2.07     -2.73     -2.99     -2.92     -2.59     -2.16     -1.67     -1.23     -0.95     -0.87     -1.01
     -1.22     -1.39     -1.54     -1.79     -2.40     -3.37     -4.29     -4.72     -4.21     -2.42      0.69      6.57     12.60
     16.17     18.96     21.47     23.54     25.53     27.64     29.83     32.01     34.11     36.08     37.98     39.74     40.83
     40.91     39.76     37.82     35.46     32.76     29.68     26.23     22.38     18.33     14.58     11.01      6.78      0.00
      0.00     -0.73     -1.44     -1.99     -2.32     -2.41     -2.35     -2.20     -1.92     -1.59     -1.45     -1.38     -1.38
     -1.52     -1.77     -2.11     -2.70     -3.69     -5.01     -5.92     -5.95     -4.91     -2.67      0.37      4.49      8.84
     12.15     14.58     16.58     18.35     20.02     21.59     23.19     24.78     26.30     27.86     29.54     30.83     31.49
     31.48     30.76     29.47     27.69     25.57     23.08     20.22     16.97     13.66     10.85      8.22      5.01      0.00
      0.00     -0.42     -0.91     -1.31     -1.60     -1.77     -1.89     -1.93     -1.80     -1.64     -1.77     -1.80     -1.54
     -1.34     -1.43     -1.82     -2.55     -3.46     -4.38     -4.86     -4.71     -3.71     -2.01      0.30      2.96      5.76
      8.36     10.30     11.80     13.05     14.18     15.25     16.17     16.81     17.57     18.61     19.88     20.78     21.41
     21.62     21.33     20.62     19.53     18.02     16.16     13.97     11.61      9.32      7.38      5.49      3.20      0.00
      0.00     -0.15     -0.32     -0.47     -0.57     -0.64     -0.72     -0.76     -0.78     -0.81     -0.94     -1.01     -0.78
     -0.34     -0.32     -0.54     -0.80     -1.16     -1.34     -1.35     -1.14     -0.53      0.66      2.04      3.39      4.59
      5.64      6.32      6.96      7.50      8.02      8.55      8.74      8.86      9.27      9.91     10.64     11.42     12.09
     12.20     12.09     11.89     11.32     10.41      9.26      7.88      6.47      5.16      4.00      2.86      1.58      0.00
      0.00      0.00      0.00      0.00      0.00      0.00      0.00      0.00      0.00      0.00      0.00      0.00      0.00
      0.00      0.00      0.00      0.00      0.00      0.00      0.00      0.00      0.00      0.00      0.00      0.00      0.00
      0.00      0.00      0.00      0.00      0.00      0.00      0.00      0.00      0.00      0.00      0.00      0.00      0.00
      0.00      0.00      0.00      0.00      0.00      0.00      0.00      0.00      0.00      0.00      0.00      0.00      0.00
      0.00      0.00      0.00      0.00      0.00      0.00      0.00      0.00      0.00      0.00      0.00      0.00      0.00
      0.00      0.00      0.00      0.00      0.00      0.00      0.00      0.00      0.00      0.00      0.00      0.00      0.00
      0.00      0.00      0.00      0.00      0.00      0.00      0.00      0.00      0.00      0.00      0.00      0.00      0.00
      0.00      0.00      0.00      0.00      0.00      0.00      0.00      0.00      0.00      0.00      0.00      0.00      0.00
      0.00      1.91      2.72      2.75      2.42      1.99      1.56      1.17      0.83      0.55      0.33      0.17      0.05
     -0.03     -0.07     -0.08     -0.07     -0.06     -0.04     -0.03      0.00      0.05      0.10      0.15      0.19      0.21
      0.20      0.17      0.12      0.06      0.01     -0.04     -0.09     -0.14     -0.21     -0.29     -0.36     -0.44     -0.51
     -0.58     -0.64     -0.68     -0.68     -0.63     -0.53     -0.37     -0.18      0.04      0.20      0.22     -0.01      0.00
      0.00      1.31      1.49      1.13      0.64      0.14     -0.33     -0.75     -1.12     -1.45     -1.73     -1.97     -2.17
     -2.33     -2.44     -2.51     -2.57     -2.61     -2.66     -2.72     -2.79     -2.85     -2.91     -2.98     -3.06     -3.14
     -3.23     -3.31     -3.36     -3.38     -3.38     -3.38     -3.37     -3.35     -3.31     -3.25     -3.16     -3.05     -2.91
     -2.74     -2.56     -2.35     -2.11     -1.83     -1.50     -1.13     -0.71     -0.28      0.10      0.33      0.25      0.00
      0.00      0.12     -0.32     -1.00     -1.73     -2.43     -3.09     -3.71     -4.26     -4.76     -5.19     -5.58     -5.94
     -6.25     -6.54     -6.80     -7.03     -7.26     -7.47     -7.67     -7.85     -8.02     -8.17     -8.31     -8.44     -8.55
     -8.62     -8.66     -8.67     -8.65     -8.61     -8.53     -8.43     -8.29     -8.10     -7.87     -7.59     -7.24     -6.82
     -6.32     -5.75     -5.13     -4.45     -3.74     -3.01     -2.25     -1.49     -0.78     -0.17      0.23      0.27      0.00
      0.00     -0.90     -1.95     -3.08     -4.20     -5.27     -6.29     -7.26     -8.17     -9.04     -9.86    -10.63    -11.35
    -12.02    -12.63    -13.18    -13.66    -14.06    -14.39    -14.64    -14.83    -14.97    -15.05    -15.07    -15.05    -14.99
    -14.90    -14.80    -14.71    -14.64    -14.57    -14.48    -14.36    -14.17    -13.91    -13.54    -13.04    -12.39    -11.60
    -10.67     -9.61     -8.44     -7.16     -5.85     -4.58     -3.42     -2.38     -1.48     -0.74     -0.24     -0.08      0.00
      0.00     -1.85     -3.53     -5.18     -6.77     -8.33     -9.87    -11.36    -12.80    -14.15    -15.41    -16.58    -17.62
    -18.55    -19.36    -20.07    -20.68    -21.15    -21.50    -21.71    -21.81    -21.79    -21.66    -21.43    -21.13    -20.77
    -20.38    -20.03    -19.74    -19.53    -19.38    -19.26    -19.12    -18.92    -18.62    -18.15    -17.46    -16.53    -15.41
    -14.06    -12.46    -10.64     -8.77     -7.04     -5.48     -4.11     -2.92     -1.88     -1.04     -0.50     -0.34      0.00
      0.00     -2.81     -5.05     -7.15     -9.17    -11.07    -12.84    -14.54    -16.15    -17.66    -19.08    -20.41    -21.65
    -22.85    -23.97    -24.94    -25.72    -26.35    -26.83    -27.17    -27.31    -27.21    -26.88    -26.34    -25.61    -24.78
    -23.91    -23.09    -22.39    -21.85    -21.46    -21.12    -20.74    -20.27    -19.71    -19.01    -18.12    -17.01    -15.64
    -13.95    -12.03    -10.15     -8.40     -6.76     -5.20     -3.77     -2.52     -1.51     -0.74     -0.28     -0.20      0.00
      0.00     -3.22     -5.52     -7.62     -9.59    -11.43    -13.16    -14.82    -16.44    -18.02    -19.52    -20.90    -22.23
    -23.60    -25.08    -26.59    -27.95    -29.07    -29.91    -30.46    -30.73    -30.67    -30.24    -29.46    -28.38    -27.05
    -25.55    -24.05    -22.73    -21.63    -20.69    -19.85    -19.11    -18.28    -17.26    -16.15    -14.99    -13.72    -12.27
    -10.71     -9.23     -7.86     -6.59     -5.38     -4.16     -2.96     -1.83     -0.88     -0.17      0.27      0.27      0.00
      0.00     -2.69     -4.64     -6.47     -8.22     -9.86    -11.39    -12.77    -14.08    -15.38    -16.75    -18.20    -19.72
    -21.40    -23.32    -25.38    -27.36    -28.99    -30.19    -30.91    -31.20    -31.09    -30.62    -29.78    -28.53    -26.99
    -25.18    -23.15    -21.13    -19.33    -17.84    -16.51    -15.31    -14.19    -12.92    -11.54    -10.18     -8.82     -7.53
     -6.48     -5.64     -4.87     -4.19     -3.56     -2.91     -2.18     -1.36     -0.51      0.33      0.97      1.04      0.00
      0.00     -1.65     -2.96     -4.26     -5.49     -6.69     -7.91     -9.07    -10.19    -11.36    -12.66    -14.13    -15.81
    -17.76    -20.02    -22.43    -24.70    -26.55    -27.81    -28.62    -29.06    -29.04    -28.58    -27.60    -26.02    -24.11
    -22.05    -19.84    -17.53    -15.29    -13.32    -11.67    -10.24     -9.02     -7.78     -6.40     -5.04     -3.74     -2.77
     -2.17     -1.77     -1.59     -1.61     -1.64     -1.57     -1.35     -0.91     -0.18      0.70      1.47      1.66      0.00
      0.00     -0.34     -1.02     -1.90     -2.78     -3.63     -4.48     -5.39     -6.41     -7.49     -8.68    -10.06    -11.71
    -13.67    -15.91    -18.26    -20.49    -22.43    -23.86    -24.72    -25.05    -24.96    -24.29    -22.98    -21.25    -19.21
    -16.95    -14.62    -12.21     -9.80     -7.61     -5.78     -4.30     -3.14     -2.05     -0.83      0.44      1.49      1.97
      2.12      2.12      1.75      1.07      0.40     -0.17     -0.46     -0.35      0.16      0.94      1.65      1.81      0.00
      0.00      0.86      0.74      0.20     -0.43     -1.04     -1.65     -2.32     -3.10     -3.98     -4.96     -6.13     -7.59
     -9.35    -11.38    -13.56    -15.71    -17.63    -19.09    -19.95    -20.18    -19.80    -18.75    -17.23    -15.46    -13.38
    -11.03     -8.59     -6.11     -3.62     -1.35      0.55      2.01      3.09      4.10      5.25      6.42      7.14      7.13
      6.74      6.18      5.15      3.71      2.37      1.32      0.52      0.10      0.22      0.83      1.73      2.32      0.00
      0.00      1.58      2.05      2.02      1.74      1.33      0.88      0.46      0.02     -0.53     -1.26     -2.22     -3.49
     -5.12     -7.08     -9.20    -11.28    -13.08    -14.40    -15.15    -15.11    -14.24    -12.93    -11.40     -9.56     -7.39
     -4.96     -2.43      0.16      2.73      5.04      6.92      8.29      9.37     10.49     11.73     12.85     13.31     12.94
     12.06     10.76      8.87      6.43      4.00      2.10      0.80      0.07      0.01      0.75      2.21      3.31      0.00
      0.00      2.02      2.90      3.24      3.31      3.19      2.99      2.80      2.64      2.43      2.06      1.33      0.09
     -1.65     -3.75     -5.98     -7.91     -9.30    -10.22    -10.46     -9.88     -8.83     -7.47     -5.81     -3.79     -1.47
      1.06      3.73      6.47      9.10     11.34     13.01     14.31     15.62     17.05     18.48     19.51     19.64     18.83
     17.61     15.82     13.20      9.87      6.35      3.16      0.66     -0.70     -0.77      0.41      2.44      4.18      0.00
      0.00      2.31      3.28      3.67      3.92      4.08      4.13      4.17      4.31      4.50      4.42      3.80      2.59
      0.84     -1.22     -3.29     -4.91     -5.81     -6.15     -5.94     -5.16     -4.02     -2.56     -0.66      1.66      4.27
      7.06      9.99     12.89     15.50     17.56     19.10     20.49     21.99     23.68     25.34     26.42     26.34     24.91
     22.89     20.71     17.67     13.89      9.77      5.64      1.86     -0.87     -1.75     -0.49      2.01      4.35      0.00
      0.00      2.14      2.80      3.12      3.44      3.74      4.09      4.61      5.17      5.55      5.49      4.95      3.86
      2.36      0.66     -0.97     -2.19     -2.74     -2.71     -2.24     -1.33     -0.04      1.74      4.06      6.82      9.82
     12.94     16.07     18.93     21.30     23.34     25.23     27.00     28.62     30.20     31.87     33.26     33.62     32.28
     29.47     26.24     22.81     19.07     14.93     10.23      5.26      1.01     -1.08     -0.59      1.79      4.12      0.00
      0.00      1.34      1.34      1.36      1.73      2.32      3.11      4.00      4.77      5.22      5.21      4.79      4.06
      3.04      1.84      0.72     -0.08     -0.36     -0.10      0.51      1.62      3.28      5.61      8.52     11.73     15.02
     18.24     21.12     23.62     26.08     28.71     31.51     34.13     36.20     37.75     39.15     40.55     41.32     40.71
     38.44     34.92     31.21     27.44     22.96     17.60     11.76      6.31      2.69      2.08      4.45      7.25      0.00
      0.00     -0.04     -1.11     -1.54     -1.12     -0.27      0.96      2.18      3.17      3.85      4.25      4.25      3.94
      3.32      2.53      1.82      1.42      1.45      1.85      2.63      4.08      6.32      9.31     12.70     16.01     19.04
     21.76     24.38     27.14     30.26     33.86     37.78     41.56     44.72     47.14     49.06     50.54     51.07     50.51
     48.85     45.49     41.44     37.47     33.09     27.66     21.27     15.05     10.51      8.77     10.70     11.99      0.00
      0.00     -1.87     -4.31     -5.10     -4.48     -3.45     -1.82     -0.20      1.17      2.26      3.05      3.42      3.44
      3.16      2.72      2.39      2.40      2.79      3.48      4.64      6.57      9.38     12.59     15.54     18.12     20.78
     23.65     26.76     30.18     34.02     38.40     43.21     48.02     52.70     57.05     60.47     62.47     63.11     62.17
     59.40     55.08     50.20     45.69     41.72     37.28     31.45     25.41     20.89     19.42     19.68     15.74      0.00
      0.00     -3.92     -7.61     -8.74     -7.81     -6.32     -4.31     -2.31     -0.60      0.73      1.71      2.36      2.65
      2.62      2.48      2.61      3.10      3.87      4.95      6.53      8.77     11.39     13.58     15.61     18.25     21.59
     25.33     29.17     33.24     37.73     42.74     48.21     54.12     60.36     66.44     71.35     74.53     76.12     75.35
     71.37     65.69     59.16     53.23     49.38     46.06     41.86     37.18     33.48     31.20     27.61     19.17      0.00
      0.00     -6.09    -10.81    -12.35    -11.09     -8.65     -5.90     -3.64     -1.86     -0.47      0.56      1.32      1.73
      1.79      1.97      2.59      3.58      4.81      6.28      8.01      9.80     11.12     12.32     14.43     18.14     22.82
     27.25     31.41     35.89     41.16     47.34     54.29     61.84     69.51     76.62     82.70     87.59     90.78     91.41
     88.46     82.70     75.07     67.71     62.85     59.07     54.80     49.85     44.97     39.94     33.55     23.49      0.00
      0.00     -8.01    -13.16    -14.45    -13.08     -9.91     -6.41     -3.87     -2.12     -0.92     -0.09      0.48      0.76
      0.89      1.33      2.32      3.79      5.60      7.49      8.98      9.48      9.26      9.99     12.89     18.84     24.85
     29.27     32.92     37.18     42.90     50.14     58.75     68.37     78.30     87.37     94.91    100.98    105.49    107.65
    106.43    101.57     94.31     86.73     80.16     74.29     68.11     61.06     53.54     46.00     38.00     26.36      0.00
      0.00     -8.18    -13.41    -14.11    -11.97     -8.37     -5.03     -2.69     -1.22     -0.47     -0.17     -0.04     -0.01
      0.10      0.64      1.85      3.74      6.08      8.24      9.41      8.44      6.58      7.24     12.30     20.93     28.04
     31.43     33.08     36.29     42.18     50.36     60.58     72.27     84.39     94.69    102.38    108.24    113.34    117.73
    119.19    115.40    108.43    101.16     94.00     86.56     78.18     68.60     58.52     48.93     39.39     26.33      0.00
      0.00     -5.76    -10.77    -11.02     -8.38     -5.26     -2.73     -0.86      0.36      0.63      0.32     -0.15     -0.57
     -0.68     -0.20      1.14      3.34      5.86      7.94      8.87      7.11      4.12      4.85     11.62     23.49     32.61
     33.93     31.43     34.02     40.70     49.50     60.65     72.45     83.16     91.36     97.53    103.60    110.66    118.72
    123.54    120.47    114.91    108.32    101.39     93.88     84.56     72.58     59.96     49.06     39.36     26.20      0.00
      0.00     -3.53     -8.54     -7.76     -5.92     -3.82     -1.85     -0.17      1.33      1.70      1.10      0.15     -1.00
     -1.74     -1.59     -0.20      2.10      4.25      5.44      5.21      2.62     -1.70     -3.15      4.09     23.46     40.10
     38.66     31.37     35.80     43.12     51.07     60.91     69.78     76.61     82.37     88.50     95.75    104.78    114.37
    119.70    115.98    109.18    102.42     95.70     88.88     80.82     69.50     56.35     45.29     37.48     26.90      0.00
      0.00     -2.51     -6.81     -7.58     -6.87     -5.19     -3.34     -1.41      0.62      1.66      1.67      0.89     -1.11
     -2.82     -3.28     -2.09      0.12      1.26     -0.22     -4.26     -9.08    -13.38    -17.99    -14.64     17.06     48.57
     42.52     39.37     42.74     49.09     55.65     62.84     67.83     71.44     75.70     82.16     89.64     98.64    107.24
    109.98    105.17     98.14     91.90     85.66     78.40     69.38     58.24     45.97     37.05     32.22     25.42      0.00
      0.00     -3.00     -6.89     -8.68     -9.28     -8.07     -6.10     -4.31     -2.37     -0.58      0.74      1.16     -1.05
     -3.49     -4.72     -4.11     -2.48     -4.20    -11.47    -21.06    -26.34    -27.67    -31.00    -40.92     -2.89     39.63
     39.69     43.24     51.09     55.77     59.31     63.19     66.16     68.56     71.67     76.75     82.31     91.09     98.74
    100.08     96.38     90.93     85.32     78.22     68.92     57.70     44.57     31.58     25.56     24.09     20.23      0.00
      0.00     -5.69     -7.85     -9.48    -10.20     -9.42     -8.36     -7.36     -6.50     -5.50     -4.10     -2.25     -1.95
     -4.13     -6.47     -7.92     -9.91    -15.36    -25.24    -32.50    -30.21    -24.81     -5.85      9.77     27.87     47.84
     45.49     47.30     52.73     54.75     57.09     60.22     63.03     64.65     65.28     71.59     80.42     91.91     97.40
     96.74     91.81     84.92     78.99     71.58     60.65     46.63     30.86     16.48     14.23     15.72     13.46      0.00
      0.00     -6.62     -8.16     -8.62     -8.46     -8.50     -8.83     -8.11     -8.15     -9.26    -10.33    -10.26     -5.65
     -4.21     -5.56     -7.85     -9.87    -12.63    -19.82    -23.64    -23.45    -19.38      8.53     34.76     59.25     67.78
     52.27     43.33     41.34     40.98     43.56     49.09     53.83     55.02     67.71     75.42     78.02     84.41     87.61
     85.42     81.49     79.63     73.51     63.90     51.94     37.78     22.92     11.70     10.01      9.84      7.54      0.00
      0.00     -5.93     -8.88     -9.28     -8.26     -6.88     -5.95     -5.44     -5.55     -6.60     -8.02     -8.79     -6.89
     -1.42      0.71     -0.43     -4.62    -12.14    -16.14    -20.87    -22.97    -24.80    -34.51    -42.29    -27.32      2.76
     29.96     22.24     14.99     16.14     20.97     25.49     26.06     25.45     24.03     28.37     41.20     48.46     51.95
     53.25     52.34     48.21     43.69     39.25     33.55     25.87     18.53     11.63      7.86      5.55      3.76      0.00
      0.00      0.00      0.00      0.00      0.00      0.00      0.00      0.00      0.00      0.00      0.00      0.00      0.00
      0.00      0.00      0.00      0.00      0.00      0.00      0.00      0.00      0.00      0.00      0.00      0.00      0.00
      0.00      0.00      0.00      0.00      0.00      0.00      0.00      0.00      0.00      0.00      0.00      0.00      0.00
      0.00      0.00      0.00      0.00      0.00      0.00      0.00      0.00      0.00      0.00      0.00      0.00      0.00
      0.00      0.00      0.00      0.00      0.00      0.00      0.00      0.00      0.00      0.00      0.00      0.00      0.00
      0.00      0.00      0.00      0.00      0.00      0.00      0.00      0.00      0.00      0.00      0.00      0.00      0.00
      0.00      0.00      0.00      0.00      0.00      0.00      0.00      0.00      0.00      0.00      0.00      0.00      0.00
      0.00      0.00      0.00      0.00      0.00      0.00      0.00      0.00      0.00      0.00      0.00      0.00      0.00
      0.00    -10.77    -15.43    -11.96     -6.75     -2.21      1.06      3.08      4.10      4.38      4.21      3.78      3.24
      2.68      2.17      1.75      1.46      1.26      1.08      0.91      0.79      0.71      0.63      0.57      0.50      0.40
      0.29      0.17      0.04     -0.08     -0.18     -0.26     -0.33     -0.39     -0.43     -0.46     -0.46     -0.40     -0.33
     -0.24     -0.13     -0.03     -0.01     -0.18     -0.69     -1.65     -2.97     -4.32     -5.02     -3.35      3.06      0.00
      0.00     -9.00     -8.49     -2.74      1.81      4.28      5.08      4.79      3.85      2.66      1.52      0.49     -0.35
     -1.03     -1.59     -2.02     -2.37     -2.64     -2.89     -3.12     -3.34     -3.54     -3.74     -3.93     -4.12     -4.31
     -4.47     -4.61     -4.69     -4.72     -4.76     -4.81     -4.78     -4.70     -4.63     -4.52     -4.32     -4.06     -3.80
     -3.50     -3.16     -2.82     -2.48     -2.15     -1.89     -1.81     -2.03     -2.55     -2.90     -2.11      1.79      0.00
      0.00     -2.46     -2.48     -0.23      0.72      0.29     -0.86     -2.24     -3.51     -4.55     -5.36     -5.96     -6.41
     -6.79     -7.14     -7.48     -7.78     -8.05     -8.31     -8.52     -8.71     -8.88     -9.07     -9.26     -9.43     -9.58
     -9.67     -9.67     -9.62     -9.55     -9.50     -9.39     -9.23     -9.06     -8.87     -8.62     -8.37     -8.10     -7.73
     -7.29     -6.81     -6.32     -5.72     -5.10     -4.62     -4.20     -3.74     -3.18     -2.38     -0.92      2.81      0.00
      0.00      0.26     -1.36     -1.55     -2.77     -4.62     -6.45     -7.92     -9.04     -9.94    -10.74    -11.48    -12.17
    -12.83    -13.45    -14.01    -14.49    -14.90    -15.22    -15.46    -15.64    -15.75    -15.84    -15.87    -15.82    -15.71
    -15.54    -15.33    -15.14    -14.99    -14.87    -14.72    -14.55    -14.35    -14.06    -13.70    -13.23    -12.62    -11.92
    -11.13    -10.27     -9.33     -8.33     -7.37     -6.77     -6.76     -6.88     -6.46     -5.11     -1.87      4.55      0.00
      0.00      0.88     -2.28     -4.47     -6.82     -9.05    -11.00    -12.63    -14.05    -15.40    -16.69    -17.87    -18.92
    -19.81    -20.52    -21.09    -21.57    -21.97    -22.26    -22.41    -22.45    -22.42    -22.33    -22.16    -21.89    -21.54
    -21.08    -20.61    -20.23    -19.93    -19.66    -19.48    -19.28    -19.10    -18.83    -18.33    -17.62    -16.73    -15.62
    -14.36    -12.97    -11.36    -10.26    -10.07    -10.16    -10.29    -10.09     -8.77     -6.45     -2.42      6.30      0.00
      0.00     -0.01     -3.93     -7.11     -9.92    -12.32    -14.44    -16.38    -18.16    -19.67    -20.90    -21.94    -22.83
    -23.65    -24.50    -25.27    -25.91    -26.45    -26.87    -27.20    -27.41    -27.43    -27.24    -26.81    -26.18    -25.40
    -24.55    -23.80    -23.10    -22.46    -22.05    -21.72    -21.22    -20.57    -19.97    -19.27    -18.36    -17.29    -16.07
    -14.10    -12.29    -12.09    -12.03    -11.26    -10.72     -9.95     -9.94     -9.76     -7.04     -2.81      5.04      0.00
      0.00      0.16     -4.42     -8.22    -11.51    -13.81    -15.56    -17.11    -18.47    -19.69    -20.70    -21.65    -22.69
    -23.74    -24.91    -26.29    -27.77    -29.01    -29.92    -30.67    -31.11    -31.19    -30.74    -29.88    -28.78    -27.44
    -25.95    -24.52    -23.26    -22.34    -21.59    -20.72    -19.90    -18.81    -17.51    -16.29    -15.13    -13.88    -12.46
    -11.30    -10.34     -9.58     -9.93    -10.86    -10.60    -10.27     -9.83     -8.90     -6.32     -3.22      1.71      0.00
      0.00      1.22     -4.33     -8.34    -11.07    -12.64    -13.65    -14.56    -15.49    -16.46    -17.50    -18.68    -19.92
    -21.24    -22.92    -25.16    -27.60    -29.59    -31.16    -31.94    -32.11    -31.89    -31.34    -30.49    -29.25    -27.71
    -25.82    -23.63    -21.62    -19.95    -18.52    -17.19    -15.94    -14.75    -13.26    -11.74    -10.23     -8.83     -7.69
     -7.01     -6.69     -7.19     -8.56     -9.30     -9.86    -10.35    -10.01     -8.35     -5.50     -3.29     -0.99      0.00
      0.00      0.78     -3.72     -6.46     -7.85     -8.75     -9.62    -10.51    -11.50    -12.40    -13.33    -14.54    -15.86
    -17.66    -19.83    -22.57    -25.56    -27.78    -28.85    -29.44    -29.93    -29.93    -29.60    -28.71    -27.21    -25.13
    -22.89    -20.43    -17.97    -15.70    -13.64    -11.69    -10.16     -9.09     -7.92     -6.48     -5.07     -3.89     -3.15
     -2.50     -2.49     -4.17     -5.80     -6.58     -7.52     -8.92    -10.26     -9.26     -6.39     -4.41     -2.92      0.00
      0.00      0.46     -2.27     -3.98     -5.01     -5.70     -6.21     -6.86     -7.71     -8.62     -9.61    -10.57    -11.93
    -13.74    -16.00    -18.60    -20.87    -23.17    -24.98    -25.90    -26.09    -26.08    -25.54    -24.26    -22.41    -20.19
    -17.56    -14.90    -12.36     -9.87     -7.20     -4.99     -3.41     -2.47     -1.67     -0.56      0.58      1.35      1.51
      1.79      1.69      0.12     -1.68     -3.02     -5.26     -7.62     -9.17     -9.26     -8.22     -7.32     -6.01      0.00
      0.00      0.93     -0.93     -2.02     -2.71     -3.17     -3.57     -3.96     -4.41     -5.03     -5.70     -6.48     -7.76
     -9.48    -11.57    -13.74    -16.08    -18.40    -20.23    -21.01    -21.39    -21.32    -20.25    -18.55    -16.53    -14.20
    -11.25     -8.47     -6.01     -3.06     -0.01      2.09      3.44      4.12      4.82      5.86      6.98      7.45      7.11
      6.79      6.24      4.30      1.90      0.60     -1.02     -3.80     -6.43     -7.83     -8.57     -8.42     -8.16      0.00
      0.00      1.37     -0.10     -0.47     -0.41     -0.60     -0.90     -1.05     -1.07     -1.17     -1.65     -2.41     -3.43
     -5.05     -7.17     -9.34    -11.81    -14.10    -15.69    -17.00    -17.07    -16.02    -14.49    -12.89    -10.88     -8.10
     -5.07     -2.31      0.51      4.12      6.94      8.84      9.72     10.39     11.40     12.69     14.00     14.28     13.76
     13.07     11.90      9.34      5.60      2.49      0.52     -1.36     -3.66     -5.87     -7.52     -8.44     -8.08      0.00
      0.00      1.55      0.53      0.66      1.15      1.41      1.43      1.51      1.66      1.74      1.65      1.18     -0.03
     -1.85     -4.22     -7.04     -9.42    -10.74    -11.96    -12.71    -11.90    -10.77     -9.12     -7.22     -4.71     -1.87
      1.02      4.02      7.75     11.26     13.47     14.62     15.27     16.46     18.19     20.12     21.56     21.01     19.82
     19.05     17.64     14.77     10.52      5.79      1.53     -1.73     -3.93     -5.64     -7.63    -10.31    -10.89      0.00
      0.00      1.64      0.78      1.04      1.71      2.32      2.57      2.69      3.16      3.73      3.79      3.17      2.06
      0.26     -2.01     -4.43     -6.32     -6.97     -7.45     -7.87     -7.29     -5.45     -3.65     -1.49      1.50      4.57
      8.03     11.85     15.55     18.06     19.41     19.98     20.80     22.34     24.69     27.26     29.22     28.80     25.91
     23.83     22.25     19.29     15.05     10.00      4.56     -0.93     -5.06     -7.35     -9.15    -12.03    -14.31      0.00
      0.00      1.47     -0.04      0.26      1.14      1.54      1.99      3.23      4.45      4.84      4.60      4.53      3.88
      2.28      0.18     -2.11     -3.73     -3.54     -3.77     -3.98     -2.93     -0.63      1.26      4.02      7.99     11.94
     15.71     19.16     21.69     23.21     24.31     25.44     26.81     28.45     30.29     32.83     35.43     36.65     34.68
     30.46     27.12     23.85     20.17     15.59      9.47      2.26     -4.15     -7.87    -10.28    -13.78    -18.59      0.00
      0.00      0.68     -1.74     -1.53     -0.83     -0.19      1.30      2.98      4.13      4.89      5.61      5.41      4.74
      3.54      1.14     -1.90     -3.15     -1.38     -1.10     -0.85      1.31      3.79      6.53     11.13     15.32     18.39
     21.22     23.63     25.43     27.08     29.29     31.93     34.41     36.22     37.40     39.14     41.63     43.63     43.63
     40.81     36.93     33.16     29.65     24.94     18.15      9.72      1.12     -5.46     -9.38    -12.18    -16.36      0.00
      0.00     -0.73     -4.22     -4.56     -4.37     -3.30     -0.58      1.30      2.51      3.94      5.05      4.66      4.43
      3.64      1.61     -0.59     -1.52      0.28      0.77      1.82      5.05      8.47     12.98     16.72     19.02     21.29
     23.29     25.35     27.80     30.88     34.57     38.84     42.97     45.89     47.90     49.83     51.99     53.12     53.26
     53.19     49.50     45.20     41.66     37.22     30.72     21.26     10.85      1.33     -4.91     -9.69    -18.71      0.00
      0.00     -2.53     -7.54     -8.37     -8.16     -6.20     -3.03     -0.92      0.65      2.63      3.99      3.87      4.04
      3.37      1.94     -0.03     -0.42      1.44      2.30      4.98      9.34     13.83     16.36     17.96     19.39     21.06
     23.26     26.42     29.98     34.11     38.90     44.11     49.16     54.07     59.20     63.60     65.52     66.52     66.26
     64.13     59.04     54.18     50.19     46.36     41.57     32.61     22.00     11.96      1.88    -16.24    -38.65      0.00
      0.00     -4.33    -11.33    -12.12    -10.79     -8.10     -5.50     -3.00     -0.39      0.91      1.96      2.81      3.20
      2.69      1.73      0.22      0.81      2.39      4.50      8.67     13.77     15.31     15.79     16.28     17.83     20.44
     24.22     28.58     33.08     37.88     43.12     48.67     54.80     61.59     68.94     74.68     77.61     79.76     80.22
     74.29     67.83     60.67     54.71     52.28     49.05     43.51     33.89     22.19      3.82    -25.02    -31.63      0.00
      0.00     -5.63    -15.61    -16.20    -13.71    -10.10     -6.36     -3.36     -1.68     -0.87      0.22      1.73      2.24
      1.40      0.70      0.78      1.91      3.70      6.79     12.03     14.28     13.64     13.18     13.86     16.68     21.51
     27.14     32.01     36.81     42.39     49.02     56.51     64.90     73.50     81.21     87.28     93.15     98.42    102.02
     98.26     92.08     80.89     69.95     67.63     65.67     59.93     48.96     34.74     12.08    -13.77    -23.15      0.00
      0.00     -5.43    -19.78    -19.15    -15.48    -10.77     -6.32     -3.50     -1.84     -1.30     -0.53      0.51      0.55
     -0.11     -0.25      1.01      2.61      5.37     10.59     13.84     12.44     10.76      9.52     11.03     16.97     25.20
     31.11     35.36     39.42     45.39     53.07     62.86     75.52     89.63    101.99    112.39    122.40    131.98    138.66
    138.82    133.90    124.35    112.55    104.32    100.88     97.75     81.14     51.71     20.76     -8.70    -29.88      0.00
      0.00     -1.48    -24.69    -21.25    -14.86     -8.65     -3.74     -0.54      0.26     -0.41     -0.95     -0.79     -0.95
     -1.53     -1.08      0.71      3.72      8.28     12.49     12.47      9.90      6.69      5.67      9.78     21.30     33.52
     37.16     35.16     35.86     42.30     51.95     65.84     85.15    110.80    136.10    153.93    160.34    166.19    178.49
    190.12    182.59    169.45    165.86    168.94    169.31    154.51    124.16     74.09     23.60    -18.97    -39.79      0.00
      0.00      7.45    -40.29    -26.51    -13.61     -4.26      1.33      6.47      6.71      3.56      0.95     -1.08     -2.55
     -3.23     -2.74      0.18      5.53      9.80     11.60     10.97      7.73      3.52      3.71     12.03     34.64     49.60
     43.25     25.88     25.25     33.93     41.80     61.94     92.68    138.36    179.92    193.76    196.02    204.75    236.17
    242.30    234.08    246.14    247.08    245.03    257.83    239.38    167.62     82.80     15.25    -27.89    -40.04      0.00
      0.00     25.77   -101.71    -38.72    -14.66     -2.01      7.74     13.55     15.08     12.75      7.94      2.03     -3.18
     -4.74     -4.35     -0.64      4.81      8.95     11.65      9.60      1.08     -6.05    -11.84     -7.92     44.03     92.50
     64.24     -7.42     -1.66     15.95     11.98     40.37     81.14    128.96    175.87    203.93    200.44    219.28    247.69
    298.60    332.89    314.56    286.39    263.33    255.22    223.85    144.93     47.27    -29.98    -43.97    -34.75      0.00
      0.00     72.40   -114.41    -54.05    -25.18     -7.57      0.92      9.20     20.31     30.00     28.49     14.62     -1.45
     -6.27     -6.38     -2.75      5.06     14.51     18.06     -2.59    -33.01    -43.98    -91.78   -144.28     35.06    310.50
    112.82   -113.73    -60.95    -28.19    -62.91      4.85     48.26     96.01    168.19    219.37    201.44    226.08    308.19
    412.34    369.83    264.24    203.16    170.15    132.05     81.26     17.94    -61.40    -91.09    -59.87    -29.03      0.00
      0.00     96.75    -77.12    -71.22    -57.88    -46.02    -27.54    -15.51      5.66     41.99     64.46     36.04      1.83
     -9.04    -12.09     -7.14     18.99     38.43      6.34   -123.88   -199.59   -224.03   -380.51   -937.53   -473.20    640.94
    -30.44   -303.14   -120.90   -119.09    -96.41    -28.27     13.93     54.22    135.45    163.84      0.11     -8.95    130.28
    181.35    118.66     41.48      0.05    -20.11    -46.65    -81.86   -125.91   -154.55   -116.18    -65.20    -23.67      0.00
      0.00     80.17    -55.04   -117.45   -161.14   -145.01   -106.06    -74.20    -68.39    -52.33     -7.67     16.97     -1.57
    -20.94    -34.25    -52.02   -130.08   -335.91   -622.04   -684.19   -650.33   -835.51  -1197.08  -1953.80  -2450.70   -742.62
   -859.37   -348.85   -127.11   -129.82    -96.17    -38.80    -35.01   -125.79   -588.25   -936.21   -873.46   -514.78   -444.57
   -537.65   -558.96   -507.60   -396.09   -311.07   -278.20   -267.76   -303.48   -249.19   -110.02    -46.31    -15.65      0.00
      0.00     97.88      1.77    -84.22   -170.87   -221.18   -207.90   -160.01   -161.97   -253.69   -387.68   -228.26    -61.57
    -45.78    -78.25   -223.29   -865.74  -1367.03  -1104.90   -653.66   -540.88  -1130.50  -1876.75  -2766.42  -3728.34  -2632.53
  -2374.56   -631.21    -62.00    -18.48    -46.11    -60.76   -252.91  -1007.47  -2577.35  -2576.66  -1538.37  -1202.08  -1264.31
  -1384.73  -1423.80  -1160.46   -860.84   -702.63   -537.85   -412.49   -381.95   -248.28    -91.97    -34.30    -13.17      0.00
      0.00    111.78    150.79    144.37    122.58     67.23     16.50    -19.39    -43.91    -90.60   -191.47   -184.33    -77.36
    -22.44    -22.41    -94.12   -283.47   -173.12     61.49    141.00    118.31    233.00   1326.60   1442.70   1008.82    932.55
   -767.70   -267.13    179.21    222.58     35.22    -69.52   -275.60   -569.94   -768.08   -470.93   -426.21   -625.99   -757.13
   -799.73   -803.84   -705.54   -539.04   -416.77   -327.15   -235.73   -166.79    -99.39    -56.26    -28.53     -9.39      0.00
      0.00      0.00      0.00      0.00      0.00      0.00      0.00      0.00      0.00      0.00      0.00      0.00      0.00
      0.00      0.00      0.00      0.00      0.00      0.00      0.00      0.00      0.00      0.00      0.00      0.00      0.00
      0.00      0.00      0.00      0.00      0.00      0.00      0.00      0.00      0.00      0.00      0.00      0.00      0.00
      0.00      0.00      0.00      0.00      0.00      0.00      0.00      0.00      0.00      0.00      0.00      0.00      0.00
      0.00      0.00      0.00      0.00      0.00      0.00      0.00      0.00      0.00      0.00      0.00      0.00      0.00
      0.00      0.00      0.00      0.00      0.00      0.00      0.00      0.00      0.00      0.00      0.00      0.00      0.00
      0.00      0.00      0.00      0.00      0.00      0.00      0.00      0.00      0.00      0.00      0.00      0.00      0.00
      0.00      0.00      0.00      0.00      0.00      0.00      0.00      0.00      0.00      0.00      0.00      0.00      0.00
      0.00    -10.77    -15.43    -11.96     -6.75     -2.21      1.06      3.08      4.10      4.38      4.21      3.78      3.24
      2.68      2.17      1.75      1.46      1.26      1.08      0.91      0.79      0.71      0.63      0.57      0.50      0.40
      0.29      0.17      0.04     -0.08     -0.18     -0.26     -0.33     -0.39     -0.43     -0.46     -0.46     -0.40     -0.33
     -0.24     -0.13     -0.03     -0.01     -0.18     -0.69     -1.65     -2.97     -4.32     -5.02     -3.35      3.06      0.00
      0.00     -9.00     -8.49     -2.74      1.81      4.28      5.08      4.79      3.85      2.66      1.52      0.49     -0.35
     -1.03     -1.59     -2.02     -2.37     -2.64     -2.89     -3.12     -3.34     -3.54     -3.74     -3.93     -4.12     -4.31
     -4.47     -4.61     -4.69     -4.72     -4.76     -4.81     -4.78     -4.70     -4.63     -4.52     -4.32     -4.06     -3.80
     -3.50     -3.16     -2.82     -2.48     -2.15     -1.89     -1.81     -2.03     -2.55     -2.90     -2.11      1.79      0.00
      0.00     -2.46     -2.48     -0.23      0.72      0.29     -0.86     -2.24     -3.51     -4.55     -5.36     -5.96     -6.41
     -6.79     -7.14     -7.48     -7.78     -8.05     -8.31     -8.52     -8.71     -8.88     -9.07     -9.26     -9.43     -9.58
     -9.67     -9.67     -9.62     -9.55     -9.50     -9.39     -9.23     -9.06     -8.87     -8.62     -8.37     -8.10     -7.73
     -7.29     -6.81     -6.32     -5.72     -5.10     -4.62     -4.20     -3.74     -3.18     -2.38     -0.92      2.81      0.00
      0.00      0.26     -1.36     -1.55     -2.77     -4.62     -6.45     -7.92     -9.04     -9.94    -10.74    -11.48    -12.17
    -12.83    -13.45    -14.01    -14.49    -14.90    -15.22    -15.46    -15.64    -15.75    -15.84    -15.87    -15.82    -15.71
    -15.54    -15.33    -15.14    -14.99    -14.87    -14.72    -14.55    -14.35    -14.06    -13.70    -13.23    -12.62    -11.92
    -11.13    -10.27     -9.33     -8.33     -7.37     -6.77     -6.76     -6.88     -6.46     -5.11     -1.87      4.55      0.00
      0.00      0.88     -2.28     -4.47     -6.82     -9.05    -11.00    -12.63    -14.05    -15.40    -16.69    -17.87    -18.92
    -19.81    -20.52    -21.09    -21.57    -21.97    -22.26    -22.41    -22.45    -22.42    -22.33    -22.16    -21.89    -21.54
    -21.08    -20.61    -20.23    -19.93    -19.66    -19.48    -19.28    -19.10    -18.83    -18.33    -17.62    -16.73    -15.62
    -14.36    -12.97    -11.36    -10.26    -10.07    -10.16    -10.29    -10.09     -8.77     -6.45     -2.42      6.30      0.00
      0.00     -0.01     -3.93     -7.11     -9.92    -12.32    -14.44    -16.38    -18.16    -19.67    -20.90    -21.94    -22.83
    -23.65    -24.50    -25.27    -25.91    -26.45    -26.87    -27.20    -27.41    -27.43    -27.24    -26.81    -26.18    -25.40
    -24.55    -23.80    -23.10    -22.46    -22.05    -21.72    -21.22    -20.57    -19.97    -19.27    -18.36    -17.29    -16.07
    -14.10    -12.29    -12.09    -12.03    -11.26    -10.72     -9.95     -9.94     -9.76     -7.04     -2.81      5.04      0.00
      0.00      0.16     -4.42     -8.22    -11.51    -13.81    -15.56    -17.11    -18.47    -19.69    -20.70    -21.65    -22.69
    -23.74    -24.91    -26.29    -27.77    -29.01    -29.92    -30.67    -31.11    -31.19    -30.74    -29.88    -28.78    -27.44
    -25.95    -24.52    -23.26    -22.34    -21.59    -20.72    -19.90    -18.81    -17.51    -16.29    -15.13    -13.88    -12.46
    -11.30    -10.34     -9.58     -9.93    -10.86    -10.60    -10.27     -9.83     -8.90     -6.32     -3.22      1.71      0.00
      0.00      1.22     -4.33     -8.34    -11.07    -12.64    -13.65    -14.56    -15.49    -16.46    -17.50    -18.68    -19.92
    -21.24    -22.92    -25.16    -27.60    -29.59    -31.16    -31.94    -32.11    -31.89    -31.34    -30.49    -29.25    -27.71
    -25.82    -23.63    -21.62    -19.95    -18.52    -17.19    -15.94    -14.75    -13.26    -11.74    -10.23     -8.83     -7.69
     -7.01     -6.69     -7.19     -8.56     -9.30     -9.86    -10.35    -10.01     -8.35     -5.50     -3.29     -0.99      0.00
      0.00      0.78     -3.72     -6.46     -7.85     -8.75     -9.62    -10.51    -11.50    -12.40    -13.33    -14.54    -15.86
    -17.66    -19.83    -22.57    -25.56    -27.78    -28.85    -29.44    -29.93    -29.93    -29.60    -28.71    -27.21    -25.13
    -22.89    -20.43    -17.97    -15.70    -13.64    -11.69    -10.16     -9.09     -7.92     -6.48     -5.07     -3.89     -3.15
     -2.50     -2.49     -4.17     -5.80     -6.58     -7.52     -8.92    -10.26     -9.26     -6.39     -4.41     -2.92      0.00
      0.00      0.46     -2.27     -3.98     -5.01     -5.70     -6.21     -6.86     -7.71     -8.62     -9.61    -10.57    -11.93
    -13.74    -16.00    -18.60    -20.87    -23.17    -24.98    -25.90    -26.09    -26.08    -25.54    -24.26    -22.41    -20.19
    -17.56    -14.90    -12.36     -9.87     -7.20     -4.99     -3.41     -2.47     -1.67     -0.56      0.58      1.35      1.51
      1.79      1.69      0.12     -1.68     -3.02     -5.26     -7.62     -9.17     -9.26     -8.22     -7.32     -6.01      0.00
      0.00      0.93     -0.93     -2.02     -2.71     -3.17     -3.57     -3.96     -4.41     -5.03     -5.70     -6.48     -7.76
     -9.48    -11.57    -13.74    -16.08    -18.40    -20.23    -21.01    -21.39    -21.32    -20.25    -18.55    -16.53    -14.20
    -11.25     -8.47     -6.01     -3.06     -0.01      2.09      3.44      4.12      4.82      5.86      6.98      7.45      7.11
      6.79      6.24      4.30      1.90      0.60     -1.02     -3.80     -6.43     -7.83     -8.57     -8.42     -8.16      0.00
      0.00      1.37     -0.10     -0.47     -0.41     -0.60     -0.90     -1.05     -1.07     -1.17     -1.65     -2.41     -3.43
     -5.05     -7.17     -9.34    -11.81    -14.10    -15.69    -17.00    -17.07    -16.02    -14.49    -12.89    -10.88     -8.10
     -5.07     -2.31      0.51      4.12      6.94      8.84      9.72     10.39     11.40     12.69     14.00     14.28     13.76
     13.07     11.90      9.34      5.60      2.49      0.52     -1.36     -3.66     -5.87     -7.52     -8.44     -8.08      0.00
      0.00      1.55      0.53      0.66      1.15      1.41      1.43      1.51      1.66      1.74      1.65      1.18     -0.03
     -1.85     -4.22     -7.04     -9.42    -10.74    -11.96    -12.71    -11.90    -10.77     -9.12     -7.22     -4.71     -1.87
      1.02      4.02      7.75     11.26     13.47     14.62     15.27     16.46     18.19     20.12     21.56     21.01     19.82
     19.05     17.64     14.77     10.52      5.79      1.53     -1.73     -3.93     -5.64     -7.63    -10.31    -10.89      0.00
      0.00      1.64      0.78      1.04      1.71      2.32      2.57      2.69      3.16      3.73      3.79      3.17      2.06
      0.26     -2.01     -4.43     -6.32     -6.97     -7.45     -7.87     -7.29     -5.45     -3.65     -1.49      1.50      4.57
      8.03     11.85     15.55     18.06     19.41     19.98     20.80     22.34     24.69     27.26     29.22     28.80     25.91
     23.83     22.25     19.29     15.05     10.00      4.56     -0.93     -5.06     -7.35     -9.15    -12.03    -14.31      0.00
      0.00      1.47     -0.04      0.26      1.14      1.54      1.99      3.23      4.45      4.84      4.60      4.53      3.88
      2.28      0.18     -2.11     -3.73     -3.54     -3.77     -3.98     -2.93     -0.63      1.26      4.02      7.99     11.94
     15.71     19.16     21.69     23.21     24.31     25.44     26.81     28.45     30.29     32.83     35.43     36.65     34.68
     30.46     27.12     23.85     20.17     15.59      9.47      2.26     -4.15     -7.87    -10.28    -13.78    -18.59      0.00
      0.00      0.68     -1.74     -1.53     -0.83     -0.19      1.30      2.98      4.13      4.89      5.61      5.41      4.74
      3.54      1.14     -1.90     -3.15     -1.38     -1.10     -0.85      1.31      3.79      6.53     11.13     15.32     18.39
     21.22     23.63     25.43     27.08     29.29     31.93     34.41     36.22     37.40     39.14     41.63     43.63     43.63
     40.81     36.93     33.16     29.65     24.94     18.15      9.72      1.12     -5.46     -9.38    -12.18    -16.36      0.00
      0.00     -0.73     -4.22     -4.56     -4.37     -3.30     -0.58      1.30      2.51      3.94      5.05      4.66      4.43
      3.64      1.61     -0.59     -1.52      0.28      0.77      1.82      5.05      8.47     12.98     16.72     19.02     21.29
     23.29     25.35     27.80     30.88     34.57     38.84     42.97     45.89     47.90     49.83     51.99     53.12     53.26
     53.19     49.50     45.20     41.66     37.22     30.72     21.26     10.85      1.33     -4.91     -9.69    -18.71      0.00
      0.00     -2.53     -7.54     -8.37     -8.16     -6.20     -3.03     -0.92      0.65      2.63      3.99      3.87      4.04
      3.37      1.94     -0.03     -0.42      1.44      2.30      4.98      9.34     13.83     16.36     17.96     19.39     21.06
     23.26     26.42     29.98     34.11     38.90     44.11     49.16     54.07     59.20     63.60     65.52     66.52     66.26
     64.13     59.04     54.18     50.19     46.36     41.57     32.61     22.00     11.96      1.88    -16.24    -38.65      0.00
      0.00     -4.33    -11.33    -12.12    -10.79     -8.10     -5.50     -3.00     -0.39      0.91      1.96      2.81      3.20
      2.69      1.73      0.22      0.81      2.39      4.50      8.67     13.77     15.31     15.79     16.28     17.83     20.44
     24.22     28.58     33.08     37.88     43.12     48.67     54.80     61.59     68.94     74.68     77.61     79.76     80.22
     74.29     67.83     60.67     54.71     52.28     49.05     43.51     33.89     22.19      3.82    -25.02    -31.63      0.00
      0.00     -5.63    -15.61    -16.20    -13.71    -10.10     -6.36     -3.36     -1.68     -0.87      0.22      1.73      2.24
      1.40      0.70      0.78      1.91      3.70      6.79     12.03     14.28     13.64     13.18     13.86     16.68     21.51
     27.14     32.01     36.81     42.39     49.02     56.51     64.90     73.50     81.21     87.28     93.15     98.42    102.02
     98.26     92.08     80.89     69.95     67.63     65.67     59.93     48.96     34.74     12.08    -13.77    -23.15      0.00
      0.00     -5.43    -19.78    -19.15    -15.48    -10.77     -6.32     -3.50     -1.84     -1.30     -0.53      0.51      0.55
     -0.11     -0.25      1.01      2.61      5.37     10.59     13.84     12.44     10.76      9.52     11.03     16.97     25.20
     31.11     35.36     39.42     45.39     53.07     62.86     75.52     89.63    101.99    112.39    122.40    131.98    138.66
    138.82    133.90    124.35    112.55    104.32    100.88     97.75     81.14     51.71     20.76     -8.70    -29.88      0.00
      0.00     -1.48    -24.69    -21.25    -14.86     -8.65     -3.74     -0.54      0.26     -0.41     -0.95     -0.79     -0.95
     -1.53     -1.08      0.71      3.72      8.28     12.49     12.47      9.90      6.69      5.67      9.78     21.30     33.52
     37.16     35.16     35.86     42.30     51.95     65.84     85.15    110.80    136.10    153.93    160.34    166.19    178.49
    190.12    182.59    169.45    165.86    168.94    169.31    154.51    124.16     74.09     23.60    -18.97    -39.79      0.00
      0.00      7.45    -40.29    -26.51    -13.61     -4.26      1.33      6.47      6.71      3.56      0.95     -1.08     -2.55
     -3.23     -2.74      0.18      5.53      9.80     11.60     10.97      7.73      3.52      3.71     12.03     34.64     49.60
     43.25     25.88     25.25     33.93     41.80     61.94     92.68    138.36    179.92    193.76    196.02    204.75    236.17
    242.30    234.08    246.14    247.08    245.03    257.83    239.38    167.62     82.80     15.25    -27.89    -40.04      0.00
      0.00     25.77   -101.71    -38.72    -14.66     -2.01      7.74     13.55     15.08     12.75      7.94      2.03     -3.18
     -4.74     -4.35     -0.64      4.81      8.95     11.65      9.60      1.08     -6.05    -11.84     -7.92     44.03     92.50
     64.24     -7.42     -1.66     15.95     11.98     40.37     81.14    128.96    175.87    203.93    200.44    219.28    247.69
    298.60    332.89    314.56    286.39    263.33    255.22    223.85    144.93     47.27    -29.98    -43.97    -34.75      0.00
      0.00     72.40   -114.41    -54.05    -25.18     -7.57      0.92      9.20     20.31     30.00     28.49     14.62     -1.45
     -6.27     -6.38     -2.75      5.06     14.51     18.06     -2.59    -33.01    -43.98    -91.78   -144.28     35.06    310.50
    112.82   -113.73    -60.95    -28.19    -62.91      4.85     48.26     96.01    168.19    219.37    201.44    226.08    308.19
    412.34    369.83    264.24    203.16    170.15    132.05     81.26     17.94    -61.40    -91.09    -59.87    -29.03      0.00
      0.00     96.75    -77.12    -71.22    -57.88    -46.02    -27.54    -15.51      5.66     41.99     64.46     36.04      1.83
     -9.04    -12.09     -7.14     18.99     38.43      6.34   -123.88   -199.59   -224.03   -380.51   -937.53   -473.20    640.94
    -30.44   -303.14   -120.90   -119.09    -96.41    -28.27     13.93     54.22    135.45    163.84      0.11     -8.95    130.28
    181.35    118.66     41.48      0.05    -20.11    -46.65    -81.86   -125.91   -154.55   -116.18    -65.20    -23.67      0.00
      0.00     80.17    -55.04   -117.45   -161.14   -145.01   -106.06    -74.20    -68.39    -52.33     -7.67     16.97     -1.57
    -20.94    -34.25    -52.02   -130.08   -335.91   -622.04   -684.19   -650.33   -835.51  -1197.08  -1953.80  -2450.70   -742.62
   -859.37   -348.85   -127.11   -129.82    -96.17    -38.80    -35.01   -125.79   -588.25   -936.21   -873.46   -514.78   -444.57
   -537.65   -558.96   -507.60   -396.09   -311.07   -278.20   -267.76   -303.48   -249.19   -110.02    -46.31    -15.65      0.00
      0.00     97.88      1.77    -84.22   -170.87   -221.18   -207.90   -160.01   -161.97   -253.69   -387.68   -228.26    -61.57
    -45.78    -78.25   -223.29   -865.74  -1367.03  -1104.90   -653.66   -540.88  -1130.50  -1876.75  -2766.42  -3728.34  -2632.53
  -2374.56   -631.21    -62.00    -18.48    -46.11    -60.76   -252.91  -1007.47  -2577.35  -2576.66  -1538.37  -1202.08  -1264.31
  -1384.73  -1423.80  -1160.46   -860.84   -702.63   -537.85   -412.49   -381.95   -248.28    -91.97    -34.30    -13.17      0.00
      0.00    111.78    150.79    144.37    122.58     67.23     16.50    -19.39    -43.91    -90.60   -191.47   -184.33    -77.36
    -22.44    -22.41    -94.12   -283.47   -173.12     61.49    141.00    118.31    233.00   1326.60   1442.70   1008.82    932.55
   -767.70   -267.13    179.21    222.58     35.22    -69.52   -275.60   -569.94   -768.08   -470.93   -426.21   -625.99   -757.13
   -799.73   -803.84   -705.54   -539.04   -416.77   -327.15   -235.73   -166.79    -99.39    -56.26    -28.53     -9.39      0.00
      0.00      0.00      0.00      0.00      0.00      0.00      0.00      0.00      0.00      0.00      0.00      0.00      0.00
      0.00      0.00      0.00      0.00      0.00      0.00      0.00      0.00      0.00      0.00      0.00      0.00      0.00
      0.00      0.00      0.00      0.00      0.00      0.00      0.00      0.00      0.00      0.00      0.00      0.00      0.00
      0.00      0.00      0.00      0.00      0.00      0.00      0.00      0.00      0.00      0.00      0.00      0.00      0.00
      3.47      3.70      3.95      4.06      4.51      4.62      5.08      5.55      5.77      6.23      6.68      7.15      7.49
      7.85      8.19      8.41      8.53      8.64      8.53      8.53      7.96      7.74      7.51      7.06      7.06      7.40
      7.51      8.08      8.66      9.23      9.56     10.01     10.35     10.47     10.69     10.92     11.37     11.48     11.26
     11.03     10.80     10.44      9.99      9.54      9.09      8.75      8.86      8.86      8.86      9.20      9.43      9.20
      1.85      1.49      1.70      2.33      3.67      5.29      7.28      8.94     10.82     12.14     13.07     13.67     14.53
     15.18     15.92     16.30     16.73     17.21     17.56     17.63     17.34     16.94     16.30     15.28     14.06     12.28
     10.32      8.43      6.90      6.07      6.36      6.42      6.04      5.59      4.94      5.31      6.17      0.98      1.76
     -0.61     -0.31     -0.11      3.20      2.60     -0.50     -2.25     -4.09     -4.96     -7.14     -8.61     -9.97     -7.53
      0.27     -0.65     -0.62     -0.03      0.65      2.44      5.02      7.66      9.85     11.44     12.54     13.09     13.55
     13.64     13.20     12.45     11.67     10.98     10.96     10.50     10.38      9.88      8.04      6.42      5.82      4.57
      2.25      0.69      0.29     -0.51     -1.99     -1.57     -3.59     -7.44     -7.47     -8.51    -11.33    -11.18    -13.64
    -12.85    -14.28    -13.22    -17.08    -21.66    -24.07    -23.96    -23.63    -22.75    -21.61    -17.57    -13.52    -10.04
     -1.35     -3.45     -4.12     -3.31     -1.46      0.35      2.38      4.98      7.59      9.06     10.14     10.51     10.27
     10.24     10.47     10.02      8.66      6.71      4.85      3.77      1.26     -0.77     -2.65     -4.69     -6.34     -7.13
     -5.74     -1.70     -3.96     -6.52     -5.67     -8.15    -11.58    -14.13    -13.36    -13.29     -8.86    -15.67    -17.81
    -20.49    -20.45    -21.04    -22.03    -21.11    -21.94    -23.12    -22.71    -21.20    -18.49    -16.16    -13.62    -11.30
      2.62      0.48     -0.66     -1.15     -1.05     -0.24      0.47     -0.30      0.22      1.30      2.05      1.93      0.97
     -0.21     -1.31     -2.34     -3.64     -4.67     -5.28     -6.17     -7.31     -8.68     -9.92     -5.77     -5.65     -5.82
     -5.55     -7.51     -6.68     -5.20     -5.63     -2.77      1.88      6.90      8.56      7.05     -2.65     -4.28     -4.84
     -7.31    -12.61    -17.97    -22.72    -30.01    -33.56    -30.40    -26.23    -23.31    -20.54    -17.45    -12.59     -7.65
      0.63     -0.16     -0.67     -2.32     -4.98     -8.11    -10.45    -11.59    -11.43    -11.59    -13.63    -16.86    -19.90
    -22.73    -24.81    -26.65    -27.43    -27.40    -28.48    -28.23    -28.00    -23.54    -22.77    -20.40    -17.00    -16.23
    -14.11    -13.39    -12.34     -8.23     -4.11     -2.45     -1.51      5.76      8.76     11.11     13.98      7.61      0.33
     -5.27     -9.73    -18.45    -26.26    -34.81    -39.30    -38.58    -28.07    -21.91    -18.18    -14.93    -10.25     -5.26
      4.74      3.62      0.72     -6.38    -11.19    -14.19    -17.90    -20.94    -23.17    -25.50    -28.29    -31.83    -36.03
    -39.96    -42.73    -45.66    -46.90    -48.96    -51.99    -48.87    -49.10    -48.30    -45.03    -44.93    -38.89    -38.87
    -26.88    -25.33    -21.53    -17.70    -10.11    -12.29     -8.89     -6.20     -2.73     -0.44      2.18     12.90     11.11
     -3.51    -16.41    -23.22    -30.94    -41.05    -40.52    -35.30    -32.43    -24.92    -21.83    -16.42    -13.23    -10.04
      6.52     -4.42    -12.50    -11.33    -10.50    -20.45    -22.77    -19.19    -35.74    -39.06    -43.57    -37.20    -40.14
    -51.66    -52.86    -55.19    -58.67    -62.00    -67.29    -64.41    -61.09    -65.21    -70.82    -69.76    -62.62    -58.72
    -51.43    -42.49    -35.20    -29.90    -25.25    -20.93    -17.66    -14.83     -9.35    -10.56    -10.07    -12.03    -12.30
    -14.76    -21.12    -38.46    -50.33    -53.10    -51.07    -46.95    -37.16    -31.02    -30.08    -30.94    -29.22    -16.08
      7.60    -14.43    -26.64    -33.13    -38.80    -50.11    -57.45    -56.45    -59.92    -61.88    -67.37    -77.00    -89.00
    -82.57    -62.12    -62.72    -70.92    -77.73    -82.06    -87.45    -92.99    -91.60    -91.02    -86.20    -76.05    -68.94
    -61.56    -54.51    -47.26    -37.97    -34.30    -27.38    -24.68    -21.93    -21.49    -19.72    -19.55    -20.81    -26.95
    -32.11    -43.10    -53.25    -57.38    -59.60    -56.43    -45.12    -37.22    -37.63    -36.50    -36.82    -31.96    -12.68
      4.62    -15.59    -26.11    -31.29    -41.46    -52.82    -67.56    -49.76    -50.92    -58.00    -62.58    -86.80    -90.52
    -90.84    -93.07    -93.11    -91.74    -97.29   -119.79   -123.33   -124.40   -124.01   -116.28   -102.59    -98.87    -89.16
    -75.39    -64.15    -50.11    -41.88    -35.37    -34.38    -27.60    -25.30    -25.96    -26.95    -28.92    -33.93    -39.26
    -51.36    -63.85    -64.19    -66.33    -62.40    -50.62    -39.77    -33.37    -30.00    -38.16    -41.23    -31.51     -9.36
      4.60    -11.67    -23.26    -33.09    -41.97    -53.67    -44.49    -44.42    -40.52    -38.53    -42.46    -43.18    -53.85
    -68.12    -78.22    -81.61    -87.73    -91.02   -106.44   -118.65   -123.49   -125.45   -129.37   -118.40    -96.08    -85.49
    -74.57    -65.43    -52.72    -43.10    -36.32    -30.25    -24.93    -22.62    -23.25    -29.46    -36.62    -42.71    -51.86
    -62.18    -72.02    -77.40    -72.88    -62.92    -52.20    -41.97    -33.62    -27.73    -21.82    -19.00    -13.68     -4.89
      0.25     -9.86    -19.83    -31.03    -38.35    -41.12    -32.18    -31.60    -30.87    -31.31    -34.96    -37.73    -39.67
    -46.15    -56.63    -72.88    -72.70    -76.67    -82.26   -106.47   -108.43   -112.40   -110.96   -113.07   -105.04    -88.57
    -71.71    -55.71    -43.50    -35.58    -28.49    -22.89    -17.86    -16.91    -17.98    -25.22    -40.47    -45.76    -56.17
    -68.43    -80.49    -85.12    -81.90    -70.90    -60.31    -49.89    -42.32    -35.31    -28.57    -21.26    -14.07     -7.62
     -0.20     -6.76    -16.01    -21.68    -22.56    -23.93    -24.24    -25.13    -28.30    -34.94    -34.83    -35.72    -36.51
    -38.16    -43.71    -55.87    -59.20    -65.62    -73.89    -78.36    -88.84    -89.18    -95.83    -82.69    -85.52    -81.73
    -67.31    -48.69    -32.59    -23.80    -16.88     -8.57     -5.02     -6.25    -11.90    -20.74    -41.90    -48.32    -54.31
    -70.05    -80.78    -86.36    -83.92    -78.94    -72.65    -63.84    -56.19    -48.37    -40.16    -32.27    -23.47    -10.83
      2.86     -0.24     -7.48    -12.22    -14.86    -17.49    -19.56    -22.26    -24.48    -26.75    -30.88    -32.65    -33.84
    -37.13    -40.05    -44.82    -50.52    -55.87    -57.97    -55.28    -58.29    -68.43    -71.02    -66.62    -61.83    -55.57
    -45.06    -31.40    -23.56    -11.66     -2.21      4.04      8.69      9.10      4.45     -5.99    -27.86    -45.02    -51.67
    -65.60    -77.27    -84.91    -85.22    -81.86    -78.81    -73.15    -68.39    -61.95    -54.46    -44.09    -31.38    -13.80
      3.90     -0.31     -6.24    -11.55    -13.68    -15.62    -18.96    -21.44    -23.63    -25.24    -25.91    -27.49    -30.03
    -33.21    -37.04    -40.82    -44.11    -38.75    -41.08    -40.54    -34.99    -34.17    -43.71    -44.08    -38.60    -34.22
    -23.76    -10.89     -3.10      3.89     10.38     13.05     17.02     19.39     17.38     11.75      1.94    -12.56    -35.18
    -50.89    -67.27    -74.79    -75.14    -75.55    -71.79    -65.20    -61.38    -55.03    -46.49    -36.83    -29.22    -14.59
      1.71     -5.31     -9.55    -11.95    -13.71    -14.65    -16.34    -18.54    -20.61    -22.32    -23.32    -23.68    -23.19
    -29.40    -34.20    -36.68    -39.34    -36.77    -36.08    -37.00    -15.90    -20.40    -17.80    -26.18    -19.75     -8.79
     -2.23      9.13     16.86     19.53     21.33     19.49     19.02     18.89     23.12     21.26     12.67      0.57    -15.82
    -35.38    -46.86    -58.23    -59.54    -57.06    -57.23    -58.80    -56.19    -49.99    -44.06    -33.30    -22.32     -5.57
      0.25     -3.56     -6.37     -9.78    -12.08    -14.26    -16.66    -19.51    -20.67    -21.05    -21.66    -22.81    -24.36
    -27.04    -29.12    -32.39    -32.95    -33.19    -32.18    -21.33    -11.66    -16.10     -8.72     -5.63     -2.73      6.30
     17.22     32.19     33.47     28.75     21.22     21.41     19.81     18.59     20.23     19.85     16.41      4.91     -7.00
    -15.89    -25.92    -36.09    -42.85    -44.22    -45.11    -45.24    -44.41    -43.13    -39.21    -35.10    -25.67     -6.14
      2.08      1.62     -4.43    -10.45    -16.06    -20.23    -23.17    -24.63    -24.67    -24.46    -23.72    -23.81    -25.47
    -25.05    -27.19    -27.22    -29.27    -31.19    -32.25    -15.24     -4.90     -7.38     -3.92     -3.47      6.24     13.82
     23.73     41.02     46.45     35.66     28.11     24.43     24.30     24.47     19.49     19.71     16.56     10.33      3.35
     -1.85     -9.76    -18.11    -19.01    -24.89    -30.40    -34.93    -38.48    -37.82    -43.19    -54.61    -44.20     -9.11
      7.44      4.26     -6.70    -17.20    -26.10    -31.39    -34.57    -34.81    -32.48    -30.10    -28.32    -27.14    -26.35
    -25.58    -24.28    -23.80    -23.97    -25.52    -35.32    -18.48     -7.84     -4.78     -1.94      2.11      7.45     18.84
     35.23     39.34     43.82     44.13     34.58     32.87     32.35     31.00     25.82     28.03     23.86     14.18     10.39
      4.95     -1.15     -4.50     -5.62    -13.19    -20.09    -29.75    -36.63    -43.43    -53.16    -52.32    -36.25     -7.74
     12.79      2.16    -11.98    -24.79    -36.00    -44.12    -44.73    -42.55    -40.53    -37.18    -32.65    -27.50    -23.56
    -20.64    -19.35    -18.78    -20.24    -19.80    -30.61    -22.40     -6.03      1.03      4.57      3.34      2.88     22.20
     42.96     46.01     49.87     48.61     44.74     43.31     40.02     35.86     38.15     40.79     31.20     21.59     17.38
     11.17      7.47      3.78      0.84     -8.51    -16.59    -27.03    -38.54    -46.21    -44.89    -38.26    -24.92     -5.12
     12.90      0.82    -15.33    -28.21    -43.15    -51.39    -51.70    -50.81    -43.81    -35.86    -30.65    -24.77    -20.37
    -16.60    -14.84    -17.32    -17.24    -17.39    -20.22    -19.20     -9.06     -5.90     -6.45      2.48      0.37     22.11
     36.60     42.63     47.79     46.80     44.40     45.03     42.06     41.51     38.60     30.40     26.93     25.59     23.56
     15.83      9.85      4.32     -2.71     -9.49    -18.07    -26.90    -34.96    -37.14    -35.73    -27.81    -16.77     -3.63
     14.86     -2.39    -16.91    -28.37    -41.06    -52.16    -55.55    -47.38    -39.62    -32.28    -26.03    -20.20    -15.73
    -12.72    -12.83    -13.68    -16.71    -17.72    -16.61    -16.29    -16.98    -15.27     -9.18     -6.06      4.59     17.98
     37.72     42.12     45.40     43.58     42.37     47.21     42.81     39.34     33.20     27.41     28.55     27.09     22.62
     15.73      8.94      2.20     -5.02    -12.45    -19.81    -26.94    -30.92    -30.34    -25.61    -18.61    -10.42     -2.59
     12.81     -3.39    -15.23    -27.60    -35.33    -45.48    -48.23    -42.01    -34.28    -28.02    -22.76    -17.91    -12.28
    -11.20    -10.29    -12.41    -16.86    -16.97    -15.87    -14.17    -13.68     -7.18     -4.58     -0.81     -1.95     12.04
     27.75     32.03     33.11     37.93     34.87     38.69     37.97     35.98     31.66     29.74     22.71     20.80     16.72
     12.12      5.94     -1.55     -8.94    -14.73    -19.96    -23.87    -22.66    -19.12    -15.95    -10.66     -5.73     -2.03
     10.87     -4.26    -16.62    -25.68    -33.56    -40.36    -41.30    -33.71    -28.94    -23.59    -18.81    -15.52     -9.42
    -10.24    -10.66     -8.98    -15.98    -16.94    -16.10    -14.83     -9.37     -7.43      0.16     -7.57     -0.58     -2.21
      9.83     34.25     33.41     34.06     34.20     34.81     32.75     30.33     31.28     27.04     12.30     10.87      7.87
      4.45     -0.10     -5.43    -11.54    -15.35    -16.24    -15.02    -12.20    -10.39     -8.07     -5.14     -2.53     -1.56
      6.88     -6.41    -17.86    -26.54    -33.83    -32.83    -29.70    -25.47    -22.95    -18.49    -15.03    -12.48     -8.63
     -9.20    -10.05     -8.49    -11.64    -18.68    -19.69    -19.08    -16.23    -12.69     -6.59     -5.09     -5.53      3.73
      1.76     18.08     28.64     23.37     23.42     24.13     21.94     21.03     21.87     22.87     15.74      8.31      3.17
     -1.68     -6.96     -8.80     -8.77     -9.10     -7.68     -5.63     -4.09     -3.45     -1.58      0.07      0.59     -1.78
      1.74     -7.91    -16.21    -20.86    -23.22    -22.42    -19.48    -17.60    -16.05    -13.89    -12.14     -9.70     -6.27
     -7.57     -8.64     -8.67     -7.79     -8.08     -9.97     -9.85     -8.19     -6.16     -5.69     -3.09     -2.67      0.84
      7.00     12.62     23.97     19.11     17.89     18.09     17.38     15.21     14.60     13.71     10.44      3.27     -0.21
     -2.51     -3.86     -4.13     -4.16     -3.61     -2.74     -0.96     -0.41      1.36      2.31      2.91      2.37     -2.28
     -1.11     -5.38     -9.08    -12.28    -12.09    -12.30    -11.73    -11.12    -10.16     -9.49     -8.23     -6.84     -5.35
     -6.13     -7.04     -8.34     -7.68     -6.32     -5.43     -3.18     -1.37     -2.82     -3.09     -2.31     -1.21      1.25
      7.41     15.36     12.00     14.64     12.59     13.57     14.56     11.45      8.02      5.01      2.22      0.85      0.66
     -0.80     -3.44     -3.51     -1.87     -0.83     -0.29      0.70      0.82      1.87      3.55      4.19      3.06     -0.68
      0.36     -0.90     -2.12     -3.64     -4.16     -4.88     -5.58     -5.39     -5.32     -4.56     -5.24     -3.95     -4.31
     -3.95     -5.20     -5.37     -3.90     -4.31     -4.22     -3.43     -0.57      1.58      2.70      2.30      3.04      0.76
      1.23      3.53      6.27     11.41      9.73      8.84      8.30      7.76      4.78      3.78      4.04      0.24     -0.08
      1.29     -1.46      0.10     -0.46      0.48      1.29      1.42      2.22      3.27      4.17      5.22      5.07     -1.69
      1.51      2.98      2.62      0.98     -1.08     -2.11     -2.33     -2.78     -1.97     -1.24      0.27      0.31      0.08
     -1.39     -2.71     -4.22     -4.99     -4.60     -3.83     -2.22     -0.90      1.70      3.42      3.57      4.11      1.50
      0.94      1.85      2.80      3.25      3.11      4.73      6.29      7.79      4.16      1.48      0.50      0.31     -0.04
     -0.37      0.32     -0.24      0.87      1.80      1.62      2.32      2.16      3.57      5.21      6.01      5.45      0.02
      1.74      3.95      4.41      3.52      1.47      0.21     -0.09     -0.37      0.73      2.72      3.55      3.13      1.20
     -0.24     -0.95     -2.45     -3.25     -3.48     -1.61      0.43      1.69      2.99      3.57      3.55      4.41      2.22
      0.21     -0.41      2.53      0.91     -0.23      1.88      1.22      2.12     -0.11     -0.03     -0.86     -1.60     -2.00
     -1.54     -1.42     -1.54     -0.94      1.31      1.97      1.99      2.75      3.58      4.56      5.61      5.33      1.74
      0.81      1.04      0.81     -0.45      1.17      1.06      1.06      0.70      0.36      1.17      1.49      1.96      2.19
      0.81      0.70      2.53      1.15      0.90      2.73      3.20      2.75      2.62      1.74      1.29      0.25     -0.11
      0.59     -0.11      0.11     -2.30     -2.62     -2.48     -2.50     -3.99     -2.50     -2.03     -2.26     -2.98     -3.09
     -2.64     -3.07     -2.28     -3.20     -1.24     -1.24     -0.79      0.14      0.02     -0.32     -0.88      0.14      0.61
      0.00      0.00      0.00      0.00      0.00      0.00      0.00      0.00      0.00      0.00      0.00      0.00      0.00
      0.00      0.00      0.00      0.00      0.00      0.00      0.00      0.00      0.00      0.00      0.00      0.00      0.00
      0.00      0.00      0.00      0.00      0.00      0.00      0.00      0.00      0.00      0.00      0.00      0.00      0.00
      0.00      0.00      0.00      0.00      0.00      0.00      0.00      0.00      0.00      0.00      0.00      0.00      0.00
      0.00     -0.45      0.03      1.06      2.33      3.64      4.88      5.98      6.98      7.89      8.72      9.47     10.15
     10.72     11.17     11.47     11.62     11.60     11.42     11.08     10.60      9.99      9.27      8.51      7.76      7.04
      6.37      5.74      5.13      4.53      3.93      3.31      2.70      2.14      1.61      1.12      0.67      0.25     -0.13
     -0.49     -0.81     -1.10     -1.38     -1.66     -1.84     -1.95     -2.03     -2.07     -1.94     -1.46     -0.76      0.00
      0.00     -2.00     -2.47     -1.68     -0.10      1.65      3.17      4.40      5.41      6.28      7.13      7.99      8.87
      9.72     10.52     11.21     11.75     12.09     12.15     11.89     11.29     10.40      9.31      8.10      6.83      5.61
      4.49      3.43      2.39      1.41      0.61     -0.01     -0.56     -1.16     -1.80     -2.44     -3.03     -3.62     -4.21
     -4.75     -5.23     -5.60     -5.82     -5.77     -5.46     -5.01     -4.38     -3.54     -2.46     -1.28     -0.35      0.00
      0.00     -2.23     -2.55     -1.53     -0.22      0.69      1.24      1.66      2.00      2.24      2.44      2.72      3.17
      3.75      4.33      4.83      5.21      5.41      5.41      5.14      4.57      3.75      2.76      1.71      0.68     -0.28
     -1.20     -2.07     -2.78     -3.26     -3.65     -4.12     -4.66     -5.29     -5.91     -6.53     -7.18     -7.93     -8.68
     -9.25     -9.66     -9.73     -9.29     -8.55     -7.65     -6.53     -5.31     -4.14     -3.16     -2.32     -1.40      0.00
      0.00     -0.15      0.57      0.90      0.69      0.28     -0.22     -0.95     -1.93     -3.04     -4.14     -5.09     -5.77
     -6.19     -6.43     -6.57     -6.66     -6.73     -6.83     -6.99     -7.19     -7.39     -7.62     -7.87     -8.09     -8.18
     -8.19     -8.16     -8.03     -7.76     -7.52     -7.42     -7.50     -7.76     -8.22     -8.89     -9.70    -10.53    -11.36
    -12.17    -12.89    -13.43    -13.64    -13.08    -11.46     -9.04     -6.75     -5.17     -4.00     -2.85     -1.52      0.00
      0.00      0.74      0.09     -0.96     -2.17     -3.72     -5.64     -7.80    -10.09    -12.40    -14.63    -16.72    -18.62
    -20.29    -21.69    -22.74    -23.40    -23.72    -23.77    -23.56    -23.05    -22.27    -21.34    -20.30    -19.15    -17.91
    -16.60    -15.32    -14.11    -12.92    -11.86    -11.02    -10.38     -9.96     -9.79     -9.93    -10.51    -11.45    -12.54
    -13.70    -14.96    -16.19    -17.22    -17.30    -15.56    -12.07     -8.54     -6.35     -4.75     -3.07     -1.37      0.00
      0.00     -2.51     -5.62     -9.18    -12.70    -15.92    -18.90    -21.70    -24.26    -26.66    -29.04    -31.51    -34.17
    -36.91    -39.41    -41.35    -42.66    -43.41    -43.64    -43.36    -42.63    -41.34    -39.46    -36.96    -33.95    -30.71
    -27.41    -24.21    -21.24    -18.61    -16.39    -14.66    -13.30    -12.28    -11.63    -11.43    -11.71    -12.46    -13.70
    -15.26    -16.82    -18.01    -18.78    -18.47    -17.14    -14.90    -12.10    -10.04     -8.39     -6.17     -3.53      0.00
      0.00    -10.32    -17.80    -22.72    -26.26    -29.07    -31.19    -33.10    -35.18    -37.22    -39.59    -42.13    -44.87
    -47.60    -50.21    -52.80    -55.03    -56.90    -58.23    -58.94    -59.41    -59.27    -57.88    -54.98    -50.67    -45.52
    -39.96    -34.38    -29.25    -24.78    -21.11    -18.25    -16.04    -14.40    -13.36    -13.00    -13.23    -14.06    -15.41
    -17.03    -18.74    -20.06    -20.63    -20.44    -19.29    -17.17    -15.19    -14.33    -13.86    -11.97     -7.54      0.00
      0.00    -14.74    -23.07    -28.08    -30.98    -32.62    -33.44    -34.02    -35.40    -37.66    -40.69    -43.91    -47.17
    -50.10    -52.72    -55.43    -58.34    -61.26    -64.22    -66.99    -68.95    -69.52    -68.57    -66.08    -62.16    -56.70
    -50.06    -43.01    -36.16    -29.90    -24.52    -20.23    -17.08    -14.92    -13.78    -13.62    -14.20    -15.39    -17.05
    -19.02    -21.00    -22.24    -22.35    -21.29    -19.21    -17.13    -16.43    -16.78    -16.04    -13.54     -8.17      0.00
      0.00    -12.57    -19.97    -24.19    -26.30    -27.01    -27.23    -28.33    -30.23    -32.65    -35.56    -39.11    -42.84
    -46.51    -50.26    -53.97    -57.67    -61.44    -65.27    -68.78    -71.30    -72.61    -72.10    -69.54    -65.86    -60.62
    -53.84    -46.51    -38.98    -31.57    -24.92    -19.59    -15.74    -13.43    -12.55    -13.00    -14.48    -16.65    -19.28
    -22.03    -24.08    -24.73    -23.70    -21.62    -19.11    -16.99    -16.01    -15.33    -13.77    -11.24     -6.18      0.00
      0.00     -9.86    -15.50    -18.50    -20.27    -20.95    -21.68    -23.08    -24.52    -26.54    -29.09    -32.32    -36.28
    -40.60    -44.89    -49.07    -53.16    -57.15    -61.18    -64.63    -66.90    -68.10    -67.93    -66.39    -63.04    -58.13
    -51.66    -44.22    -36.57    -29.00    -21.93    -16.11    -11.98     -9.88     -9.74    -11.21    -13.79    -17.03    -20.48
    -23.67    -26.16    -27.20    -26.36    -24.45    -21.87    -19.27    -17.01    -14.36    -10.69     -6.19     -1.85      0.00
      0.00     -6.14    -10.53    -14.41    -16.61    -16.97    -17.46    -18.68    -20.44    -22.65    -24.80    -27.20    -30.36
    -34.19    -38.38    -42.84    -46.70    -50.18    -53.45    -56.35    -58.05    -58.57    -58.14    -57.05    -54.59    -50.69
    -44.96    -37.68    -30.04    -22.60    -15.73    -10.09     -6.21     -4.63     -5.38     -7.87    -11.57    -15.94    -20.39
    -24.45    -27.60    -29.20    -29.40    -28.58    -27.11    -25.00    -22.19    -18.68    -14.45     -9.53     -4.30      0.00
      0.00     -2.57     -6.18     -9.75    -11.74    -12.61    -13.68    -15.53    -18.21    -20.75    -22.22    -23.62    -25.60
    -28.45    -31.98    -35.99    -39.57    -42.29    -44.51    -45.95    -46.93    -47.05    -46.44    -44.86    -42.27    -38.53
    -33.56    -27.41    -20.46    -13.38     -7.06     -2.01      1.21      2.02      0.44     -2.93     -7.59    -13.11    -19.08
    -24.48    -28.38    -30.77    -31.99    -32.74    -33.02    -32.30    -30.33    -27.17    -23.02    -17.79    -10.85      0.00
      0.00     -0.60     -3.20     -5.60     -7.49     -9.37    -11.48    -13.54    -15.45    -17.10    -18.48    -19.82    -21.51
    -23.78    -26.39    -29.22    -31.85    -33.56    -34.63    -35.13    -35.36    -35.56    -35.06    -32.64    -28.79    -24.35
    -19.47    -13.99     -8.25     -2.26      3.05      7.10      9.49      9.61      7.39      3.39     -2.18     -9.01    -16.01
    -22.20    -27.17    -30.88    -33.19    -34.71    -35.98    -36.68    -36.12    -33.57    -29.51    -23.73    -15.45      0.00
      0.00     -0.85     -3.28     -4.98     -6.36     -8.13    -10.11    -11.58    -12.41    -13.14    -14.04    -15.20    -16.70
    -18.60    -20.74    -22.87    -24.77    -25.64    -25.56    -25.19    -24.34    -23.44    -22.54    -20.01    -15.71    -10.95
     -6.06     -1.03      3.99      8.80     12.91     15.93     17.55     17.28     14.93     10.86      5.20     -2.01     -9.68
    -16.75    -22.81    -27.64    -30.99    -33.36    -35.14    -36.38    -36.36    -34.12    -29.63    -23.13    -14.23      0.00
      0.00     -2.89     -4.40     -4.68     -5.20     -6.31     -7.79     -9.08     -9.80    -10.12    -10.44    -11.04    -12.06
    -13.63    -15.40    -17.01    -18.27    -18.72    -18.04    -16.85    -14.80    -12.82    -10.65     -7.85     -3.72      1.04
      5.97     10.74     15.18     18.92     21.78     23.75     24.75     24.37     22.27     18.49     13.14      6.32     -1.40
     -8.86    -15.27    -20.47    -24.86    -28.50    -31.22    -33.00    -33.58    -32.23    -28.43    -22.22    -13.08      0.00
      0.00     -1.24     -1.92     -3.30     -5.09     -6.93     -8.42     -9.25     -9.47     -9.19     -8.87     -8.88     -9.36
    -10.41    -11.63    -12.43    -12.50    -12.25    -11.90    -10.42     -7.81     -5.06     -1.70      2.11      6.51     11.44
     16.31     20.74     24.43     27.24     29.11     30.35     30.93     30.57     28.65     25.13     20.17     13.82      6.76
     -0.21     -6.65    -12.35    -17.32    -21.67    -25.39    -28.20    -29.98    -30.55    -29.67    -26.57    -18.64      0.00
      0.00      1.33     -2.26     -6.49    -10.20    -12.81    -14.04    -14.05    -13.17    -11.84    -10.50     -9.56     -9.25
     -9.25     -9.15     -8.57     -7.89     -7.69     -7.70     -5.87     -2.64      0.63      4.41      8.68     13.65     18.88
     23.89     28.28     31.36     33.26     34.47     35.27     35.68     35.34     33.77     30.76     26.26     20.64     14.39
      7.73      1.13     -4.90    -10.30    -15.34    -20.19    -24.56    -28.28    -31.70    -34.99    -36.21    -27.54      0.00
      0.00     -1.63     -8.66    -15.44    -20.52    -23.68    -24.48    -23.17    -20.51    -17.24    -14.28    -11.62     -9.57
     -8.08     -6.84     -5.74     -5.16     -5.32     -5.43     -3.47     -0.07      3.78      7.95     12.57     17.72     23.34
     29.02     33.48     36.35     37.70     38.22     38.62     38.74     38.52     37.43     34.96     30.99     25.96     20.30
     13.99      7.64      1.46     -4.50    -10.42    -16.41    -22.65    -28.52    -33.94    -37.42    -35.03    -23.38      0.00
      0.00     -6.24    -15.90    -24.79    -31.98    -35.91    -35.34    -32.05    -26.99    -21.51    -16.45    -11.98     -8.73
     -6.71     -5.37     -4.59     -4.37     -4.39     -3.83     -2.38      0.97      5.06      9.16     13.72     18.91     25.35
     31.78     36.38     39.10     40.18     40.42     40.41     40.16     39.76     38.76     36.60     33.29     29.00     23.86
     18.16     11.95      5.63     -0.65     -7.07    -13.78    -20.94    -27.70    -31.92    -31.60    -26.14    -15.40      0.00
      0.00     -9.78    -20.90    -31.15    -39.57    -43.76    -42.32    -36.16    -28.44    -21.45    -15.72    -11.24     -8.03
     -6.08     -5.06     -4.59     -4.40     -4.18     -3.93     -2.83      0.52      4.13      7.87     12.55     17.91     24.61
     31.22     36.05     38.91     40.10     40.33     40.12     39.62     38.74     37.33     35.52     32.91     29.39     24.91
     19.65     13.78      7.62      1.34     -5.00    -11.45    -17.59    -22.53    -24.55    -22.58    -17.15     -9.51      0.00
      0.00    -13.38    -24.52    -33.94    -41.60    -45.53    -42.42    -34.24    -26.14    -19.33    -14.17    -10.25     -7.53
     -6.04     -5.18     -4.71     -4.68     -4.81     -5.09     -4.24     -1.67      1.69      5.44      9.77     15.73     22.27
     28.51     33.19     36.15     37.65     38.14     37.99     37.23     35.93     34.26     32.66     30.46     27.37     23.45
     18.78     13.49      7.81      1.98     -3.62     -8.80    -13.16    -15.68    -15.53    -13.34     -9.46     -4.67      0.00
      0.00    -14.66    -25.19    -33.28    -38.67    -40.28    -36.43    -29.34    -22.22    -16.53    -12.42     -9.40     -7.41
     -6.15     -5.15     -4.72     -4.98     -5.51     -6.15     -6.05     -4.60     -1.49      2.60      7.43     13.20     18.93
     24.29     28.81     32.06     33.96     34.62     34.45     33.57     32.13     30.44     28.72     26.49     23.65     20.22
     16.26     11.79      7.02      2.40     -1.80     -5.25     -7.34     -7.80     -7.06     -5.46     -3.23     -0.97      0.00
      0.00    -12.94    -22.11    -28.62    -32.26    -32.30    -28.52    -22.96    -17.80    -13.52    -10.52     -8.50     -7.10
     -6.19     -5.55     -5.18     -5.38     -5.99     -6.73     -7.00     -5.95     -3.23      1.05      5.93     11.30     15.94
     19.97     24.42     27.81     29.96     30.67     30.36     29.37     27.81     25.88     23.94     21.85     19.24     16.35
     13.25      9.89      6.53      3.48      1.10     -0.35     -1.06     -1.11     -0.58      0.35      1.31      1.58      0.00
      0.00    -10.10    -17.26    -21.98    -24.17    -23.16    -20.28    -16.87    -13.64    -10.66     -8.54     -7.33     -6.76
     -6.46     -6.42     -6.34     -6.34     -6.76     -7.09     -6.84     -5.60     -2.87      1.18      5.76     10.57     14.77
     17.53     20.65     23.68     25.68     26.57     26.41     25.48     24.00     21.97     19.75     17.76     15.57     13.41
     11.21      9.00      7.22      5.79      4.71      4.02      3.70      3.69      4.03      4.39      4.49      3.54      0.00
      0.00     -6.87    -11.60    -14.49    -15.32    -14.73    -13.42    -11.61     -9.77     -7.99     -6.60     -6.03     -6.25
     -6.63     -7.10     -7.43     -7.48     -7.33     -6.92     -5.98     -4.20     -1.31      2.44      6.60     10.57     13.87
     16.24     18.18     20.33     21.88     22.82     23.11     22.58     21.28     19.37     17.21     15.31     13.65     12.02
     10.45      9.27      8.54      7.77      7.11      6.69      6.41      6.39      6.70      7.01      6.73      4.85      0.00
      0.00     -3.47     -6.40     -8.11     -8.73     -8.85     -8.18     -7.09     -6.12     -5.21     -4.48     -4.55     -5.31
     -6.38     -7.21     -7.73     -7.86     -7.52     -6.62     -5.12     -3.02     -0.00      3.66      7.37     10.52     13.03
     14.75     15.85     16.93     18.26     19.27     19.81     19.78     18.77     17.06     15.17     13.41     12.00     11.05
     10.16      9.43      8.95      8.44      7.99      7.60      7.39      7.46      7.73      8.07      7.71      5.63      0.00
      0.00     -0.42     -2.04     -3.76     -4.89     -5.11     -4.40     -3.68     -2.95     -2.23     -2.03     -2.49     -3.69
     -5.40     -6.76     -7.24     -7.12     -6.70     -5.74     -3.99     -1.64      1.06      4.10      7.49     10.25     11.51
     11.58     12.20     13.58     14.76     15.37     15.97     16.27     15.74     14.43     12.48     10.59      9.56      9.25
      8.94      8.55      8.10      7.92      7.74      7.34      7.23      7.42      7.87      8.44      8.40      6.63      0.00
      0.00      1.95      1.11     -0.75     -2.37     -2.83     -2.27     -1.58     -0.61      0.47      0.84      0.09     -1.47
     -3.38     -5.12     -6.11     -6.14     -5.60     -4.62     -2.60     -0.27      1.62      3.78      6.69      9.02      8.85
      7.69      8.34     10.04     10.86     10.71     11.90     12.50     12.39     11.21      8.96      7.19      6.72      6.85
      6.73      6.12      5.80      6.09      6.69      6.64      6.37      6.58      7.40      8.25      8.38      6.92      0.00
      0.00      3.20      3.13      1.74     -0.25     -1.23     -0.92     -0.33      0.60      1.75      2.50      1.82      0.29
     -1.28     -2.97     -4.25     -4.41     -4.09     -3.38     -1.24      0.79      2.08      3.00      4.68      6.24      5.55
      4.23      4.61      6.12      5.66      5.88      8.04      8.35      8.14      7.00      4.61      3.59      3.72      3.88
      3.72      2.84      2.70      3.18      4.69      5.28      4.99      4.82      5.41      6.13      6.40      5.34      0.00
      0.00      0.00      0.00      0.00      0.00      0.00      0.00      0.00      0.00      0.00      0.00      0.00      0.00
      0.00      0.00      0.00      0.00      0.00      0.00      0.00      0.00      0.00      0.00      0.00      0.00      0.00
      0.00      0.00      0.00      0.00      0.00      0.00      0.00      0.00      0.00      0.00      0.00      0.00      0.00
      0.00      0.00      0.00      0.00      0.00      0.00      0.00      0.00      0.00      0.00      0.00      0.00      0.00
      0.00      0.00      0.00      0.00      0.00      0.00      0.00      0.00      0.00      0.00      0.00      0.00      0.00
      0.00      0.00      0.00      0.00      0.00      0.00      0.00      0.00      0.00      0.00      0.00      0.00      0.00
      0.00      0.00      0.00      0.00      0.00      0.00      0.00      0.00      0.00      0.00      0.00      0.00      0.00
      0.00      0.00      0.00      0.00      0.00      0.00      0.00      0.00      0.00      0.00      0.00      0.00      0.00
      0.00     -1.53     -1.02      1.27      4.49      7.55      9.86     11.47     12.71     13.81     14.95     16.20     17.53
     18.81     19.90     20.73     21.19     21.19     20.65     19.63     18.23     16.48     14.66     13.05     11.82     11.12
     10.82     10.59      9.99      8.90      7.69      6.66      5.88      5.33      4.84      4.27      3.46      2.66      1.84
      0.92      0.14     -0.09      0.20      0.95      1.65      2.11      2.31      2.30      2.04      1.74      1.24      0.00
      0.00     -3.76     -5.53     -4.19      0.48      6.23     10.28     12.03     12.57     12.85     13.65     15.37     17.96
     21.25     25.10     29.25     33.13     36.42     38.73     39.40     38.07     34.58     29.50     24.00     19.08     15.33
     12.88     10.96      8.80      6.80      5.77      5.86      6.40      6.73      6.53      5.97      5.24      4.00      2.11
      0.60      0.22      0.96      2.48      4.76      6.23      5.58      5.84      7.20      7.89      7.17      4.36      0.00
      0.00     -2.42     -2.79      0.41      5.42      8.57      8.82      8.06      7.57      7.53      7.91      9.11     11.68
     15.47     19.98     24.54     28.43     31.74     34.50     35.84     34.94     31.64     26.68     21.29     16.43     12.28
      8.52      5.58      4.42      4.55      4.42      3.55      2.57      1.99      1.28      0.44     -1.03     -2.57     -2.97
     -3.54     -4.66     -3.93     -0.87      1.87      4.60      7.77      9.93      9.52      6.57      3.15      0.69      0.00
      0.00      0.58      4.87      9.18     10.02      9.01      9.15      9.56      8.88      7.48      5.74      4.18      3.74
      4.71      6.63      8.92     11.14     12.93     14.09     14.54     13.73     11.75      9.18      6.36      3.48      0.98
     -0.64     -0.94     -0.23      0.50      0.63     -0.58     -2.81     -5.00     -7.41     -9.86    -10.91    -11.14    -11.58
    -11.84    -10.83     -9.23     -7.72     -5.02     -0.33      8.90     15.47     10.32      4.89      1.75      0.53      0.00
      0.00      4.75      5.68      5.48      7.33     10.66     12.01     11.02      8.32      4.80      1.32     -1.89     -4.96
     -7.85    -10.08    -11.07    -10.87     -9.87     -8.56     -7.47     -6.66     -6.35     -5.98     -5.82     -5.89     -5.71
     -5.18     -4.25     -3.26     -3.11     -3.97     -5.04     -6.44     -8.32    -10.26    -12.23    -13.63    -14.85    -16.66
    -17.29    -16.57    -14.58    -13.91    -11.92     -6.83      4.04     15.96     11.21      4.39      2.79      1.78      0.00
      0.00     -3.13     -4.78     -7.34     -9.62    -12.11    -15.67    -20.21    -24.22    -26.93    -29.02    -31.77    -35.31
    -39.23    -42.69    -44.27    -44.42    -43.60    -41.64    -39.96    -37.94    -34.02    -29.02    -24.09    -19.16    -14.30
    -10.08     -6.64     -4.09     -2.95     -3.69     -3.87     -4.05     -4.85     -5.69     -7.74    -11.35    -15.53    -17.91
    -17.73    -17.30    -15.71    -12.42     -7.23     -5.22     -3.45      1.84      1.28     -0.61     -0.93     -2.06      0.00
      0.00    -16.34    -27.02    -33.03    -37.73    -40.66    -43.34    -45.48    -44.51    -44.51    -46.23    -48.68    -50.53
    -51.56    -52.82    -54.66    -55.66    -55.98    -56.87    -58.48    -60.68    -61.56    -59.24    -54.25    -46.18    -35.23
    -24.35    -15.45     -8.74     -3.93     -1.30     -0.38     -0.30     -0.53     -1.24     -1.85     -3.68     -6.62     -9.27
    -11.40    -11.11     -7.61     -5.36     -5.42     -4.28     -1.03      0.49     -2.70     -8.84    -11.07     -5.41      0.00
      0.00    -21.89    -32.17    -37.95    -39.95    -37.69    -32.09    -25.02    -21.49    -21.61    -23.70    -25.80    -27.42
    -32.39    -35.76    -36.94    -38.55    -41.35    -46.45    -52.27    -57.72    -62.16    -64.94    -64.84    -62.00    -53.57
    -40.82    -28.69    -18.40     -9.45     -3.00      1.49      4.50      6.62      6.88      5.29      2.90     -0.14     -3.08
     -4.73     -4.72     -3.90     -2.71     -0.14      3.84      5.77      1.13     -7.69    -11.90    -12.27     -8.02      0.00
      0.00    -18.15    -28.20    -29.92    -23.39    -13.73     -1.47      0.77     -2.54     -2.32     -2.77     -5.29     -7.84
    -11.87    -18.41    -23.52    -29.33    -33.71    -38.30    -44.23    -51.24    -54.89    -56.15    -56.68    -54.83    -50.00
    -41.00    -30.95    -21.66    -11.51     -2.28      4.11      8.86     12.22     12.98     10.99      5.69     -0.85     -3.67
     -3.96     -4.52     -1.82      2.48      2.68      6.59      8.27      0.69     -3.27     -1.75     -2.62      1.07      0.00
      0.00    -14.75    -16.90    -11.80     -5.39      2.21      5.54      3.10      3.50      1.78      0.60     -2.20     -6.89
    -10.22    -14.87    -19.91    -25.44    -30.61    -34.01    -39.16    -43.60    -45.35    -44.54    -44.68    -46.97    -44.56
    -35.61    -25.10    -16.53     -8.55      0.39      8.98     15.00     17.40     15.62      9.25      1.87     -0.83     -1.32
     -0.90     -0.79     -0.05     -0.10     -2.80      0.15      3.11     -0.83     -2.46      0.49      6.77      7.67      0.00
      0.00     -5.01     -4.83     -6.40     -6.40      0.57      4.94      5.83      2.77     -1.97     -2.04     -0.86     -5.70
    -11.12    -15.64    -19.57    -23.41    -26.32    -29.37    -30.74    -32.54    -32.12    -31.20    -30.77    -31.46    -31.91
    -27.57    -18.66    -11.54     -3.67      6.00     15.81     22.07     23.55     18.37      9.13      3.28      1.24      2.20
      1.80      0.79      1.35     -0.68     -4.70     -8.44     -8.97     -8.32     -6.82     -4.56     -1.30      0.96      0.00
      0.00      2.50      4.92     -1.53     -1.86      4.17      7.67      5.53     -2.12     -6.14     -4.19     -2.26     -2.44
     -5.85     -9.14    -16.17    -22.41    -22.49    -22.29    -17.29    -11.37    -11.67    -11.72    -11.78     -9.35     -7.18
     -7.10     -4.43     -1.85      4.64     13.41     22.25     28.60     29.23     21.24     13.51     12.30      6.77      1.17
     -2.53     -3.16     -2.22     -3.25     -8.07    -15.28    -18.90    -18.31    -17.14    -16.18    -13.88     -8.98      0.00
      0.00      0.14      4.01      6.31      7.20      6.61      3.45      0.52     -1.57     -1.75      0.16      0.50     -0.11
     -2.61     -4.37     -7.33    -12.47    -12.95    -11.08     -7.45     -3.01     -7.66     -9.16     -4.76      5.29     10.76
     11.64     11.76     14.98     18.87     21.82     27.48     32.51     31.00     24.60     21.44     21.32     12.41      0.05
     -4.36     -7.14    -10.44    -11.25    -13.23    -18.61    -24.79    -26.59    -24.43    -22.53    -20.24    -14.57      0.00
      0.00      0.20      0.19      3.63      6.13      5.04      2.23      2.48      6.47      9.82     10.09      9.15      8.17
      6.92      4.97      3.35     -0.60     -4.49     -3.15     -2.35     -1.71     -2.13     -3.60      1.60     12.16     18.80
     18.42     19.34     25.39     28.84     30.38     34.39     36.56     33.41     28.17     25.32     21.93     13.94      3.57
     -2.94     -7.42    -13.43    -16.92    -18.55    -21.72    -26.57    -29.81    -28.71    -24.71    -19.45    -11.77      0.00
      0.00     -3.01     -3.02      4.67     11.53     13.64     12.89     11.72     13.74     17.30     20.03     20.28     19.05
     18.25     16.08     14.10      9.33      8.47     11.36     10.52      7.33      7.42      7.93     13.51     20.02     23.84
     24.91     27.81     32.67     35.66     37.95     40.60     42.96     41.35     36.01     30.16     27.61     23.50     11.32
      1.53     -2.62     -4.63     -9.86    -16.12    -20.95    -24.05    -26.45    -26.99    -23.86    -20.48    -14.04      0.00
      0.00      0.93      9.72     16.34     18.35     17.35     16.99     18.75     21.13     24.76     28.46     29.35     26.73
     22.88     20.04     18.84     20.79     24.63     21.48     15.86     15.04     17.11     19.20     25.36     30.99     35.05
     36.53     34.58     34.77     40.32     45.45     47.53     49.79     50.99     46.98     40.02     34.78     28.07     17.19
      7.34      3.14      1.49     -1.64     -8.29    -14.78    -19.55    -23.15    -25.23    -28.23    -30.34    -26.01      0.00
      0.00     11.48     13.54     12.35      8.91      6.82      9.83     14.70     18.53     22.07     25.52     25.83     23.53
     21.40     22.27     27.37     34.70     36.75     24.96     15.38     18.50     22.14     27.91     33.80     39.46     46.01
     48.41     42.99     36.14     37.88     45.49     51.71     55.40     57.55     56.67     51.68     43.26     34.75     27.17
     14.89      5.80      0.84     -4.23     -8.47    -13.39    -17.40    -20.61    -28.35    -39.76    -48.21    -38.87      0.00
      0.00      3.32     -5.00    -11.62    -16.07    -18.02    -14.06     -9.10     -3.29      6.99     12.77     17.17     22.19
     24.39     28.09     34.46     41.42     36.33     24.82     18.26     19.27     26.74     33.18     38.79     44.97     46.85
     53.68     55.96     48.99     43.28     47.42     53.34     55.24     60.36     65.98     62.43     53.99     46.46     38.08
     24.61     12.95      5.65     -0.15     -3.81     -8.59    -17.11    -28.33    -40.41    -49.31    -47.63    -31.11      0.00
      0.00     -7.06    -19.15    -30.43    -41.56    -45.85    -39.54    -30.66    -16.86     -2.64      8.68     19.37     25.36
     26.39     27.68     33.16     37.20     30.73     24.45     16.86     19.56     29.34     32.01     38.39     44.15     49.75
     61.46     67.52     65.36     60.74     56.31     53.44     52.43     58.10     65.42     65.25     62.70     55.38     43.17
     31.68     21.13     11.04      4.27     -0.12     -8.20    -22.65    -36.83    -44.00    -41.83    -30.42    -15.05      0.00
      0.00    -13.95    -27.89    -42.70    -55.56    -60.09    -53.42    -31.90     -7.76      5.24     15.19     21.00     24.33
     24.59     22.77     25.77     28.37     27.02     19.55     13.78     22.33     30.12     29.33     33.71     40.63     46.64
     61.13     69.23     68.84     64.78     58.13     51.36     50.24     52.88     56.07     59.60     58.93     52.97     41.62
     32.08     23.81     15.60      8.51      0.34     -9.87    -21.57    -30.66    -32.55    -24.83    -14.64     -9.46      0.00
      0.00    -26.93    -40.95    -51.53    -63.16    -66.59    -50.29    -19.88      3.61     16.59     16.64     18.00     20.39
     18.01     18.90     23.59     26.82     24.12     14.16      8.47     14.81     23.14     24.20     25.81     34.72     43.77
     50.32     55.07     55.04     53.24     51.98     49.35     47.78     44.65     43.35     46.63     45.74     41.04     34.34
     27.77     20.06     11.21      2.84     -4.23    -10.46    -14.72    -15.13    -10.25     -5.72     -3.72     -3.66      0.00
      0.00    -34.02    -49.16    -57.56    -62.57    -55.89    -35.05    -10.95     11.31     21.61     16.75     14.19     13.20
     12.60     19.56     27.00     29.82     23.39     13.36      1.12     -1.90      1.86      7.33     17.32     34.21     39.28
     38.63     38.86     43.54     47.19     47.01     44.84     41.80     36.49     32.97     33.35     34.73     30.26     25.05
     19.77     13.46      5.63      2.46      0.95     -0.78      2.19      6.96      8.83      6.25      4.68      1.80      0.00
      0.00    -30.46    -44.71    -50.24    -47.49    -36.80    -16.41      5.53     15.69     24.41     19.11     11.38     10.02
      8.48     14.00     22.64     28.57     24.48     14.24     -0.07     -8.34     -7.12      3.44     19.91     32.59     37.92
     32.07     27.45     35.43     48.07     44.36     38.26     35.89     33.01     27.30     24.89     24.94     20.36     16.45
     15.70     14.15     13.02     15.15     14.06     13.44     14.68     16.47     15.91     13.20      9.13      3.87      0.00
      0.00    -25.18    -30.88    -29.87    -23.16     -9.61      1.42      9.96     14.93     21.59     21.41     11.16      5.73
      4.06      2.23      5.57     14.32     17.02     11.38      4.47      2.16      7.53     17.93     30.23     43.20     46.75
     38.22     30.16     34.04     46.53     45.68     43.43     40.46     38.88     32.94     23.60     19.84     20.99     22.75
     24.82     25.24     28.12     27.88     23.09     20.39     19.42     20.13     21.95     20.38     15.71      9.06      0.00
      0.00    -14.30    -12.63     -7.48      0.96      7.79      9.61      8.99      9.81     14.95     17.32      9.51      0.64
     -3.59     -6.06     -8.71     -7.84     -4.68     -3.41     -1.50      5.06     18.09     33.89     47.21     57.29     55.63
     46.98     39.17     40.20     45.35     47.34     50.67     51.15     50.74     46.35     36.85     32.39     33.86     31.18
     28.04     30.52     35.82     32.15     26.59     21.93     17.78     19.50     24.82     27.45     24.41     15.97      0.00
      0.00     -2.82      3.59      6.01      2.90      3.43      6.38      7.42      8.14     12.24     14.13     10.60      0.08
    -10.28    -15.01    -17.21    -20.30    -20.41    -15.41     -8.48      1.20     14.73     33.71     51.97     61.74     59.16
     53.64     45.85     42.26     44.22     50.79     54.05     58.72     59.77     52.89     44.00     32.60     29.00     33.96
     36.01     33.75     33.84     34.29     27.39     21.07     17.23     19.24     23.98     27.28     24.97     18.38      0.00
      0.00      9.45      7.49      3.83     -4.69     -8.36     -3.17     -0.39      5.96     16.05     22.08     21.48     12.81
     -4.96    -20.22    -25.12    -25.05    -23.14    -17.38     -6.94      0.66      4.21     16.91     38.61     55.40     58.98
     43.31     38.27     45.78     47.11     48.14     51.78     55.69     52.30     46.20     32.17     20.97     23.18     33.16
     34.19     26.15     26.98     35.40     29.99     18.34     16.55     22.02     24.76     24.67     21.86     16.41      0.00
      0.00     10.57     17.88     12.10     -4.03    -12.90    -11.14     -6.64      1.62     19.44     39.70     34.58     20.10
      4.43    -12.88    -21.83    -22.77    -21.32    -17.42     -3.25      5.83      5.19      9.24     23.71     44.94     44.86
     24.29     27.47     42.98     38.71     43.60     46.20     43.23     39.99     34.80     21.52     15.88     19.97     23.19
     17.02      9.30     13.57     23.43     30.93     29.20     20.00     15.61     20.31     21.12     21.26     16.88      0.00
      0.00     15.40     24.64     24.45      5.19     -8.92     -6.45     -0.23      0.22      8.25     22.33     18.18      7.11
      3.89     -1.27    -11.47    -13.50    -13.12     -9.94     -2.64      7.71      8.90     12.33     13.26     19.60     21.30
     16.21     16.89     18.67     14.44     32.39     33.96     29.37     26.39     19.60     10.45      8.34     13.17     15.21
     10.00      1.92      3.92      9.50     19.88     29.07     21.33     10.68     13.27     16.20     15.38      6.99      0.00
      0.00      0.00      0.00      0.00      0.00      0.00      0.00      0.00      0.00      0.00      0.00      0.00      0.00
      0.00      0.00      0.00      0.00      0.00      0.00      0.00      0.00      0.00      0.00      0.00      0.00      0.00
      0.00      0.00      0.00      0.00      0.00      0.00      0.00      0.00      0.00      0.00      0.00      0.00      0.00
      0.00      0.00      0.00      0.00      0.00      0.00      0.00      0.00      0.00      0.00      0.00      0.00      0.00
      0.00      0.00      0.00      0.00      0.00      0.00      0.00      0.00      0.00      0.00      0.00      0.00      0.00
      0.00      0.00      0.00      0.00      0.00      0.00      0.00      0.00      0.00      0.00      0.00      0.00      0.00
      0.00      0.00      0.00      0.00      0.00      0.00      0.00      0.00      0.00      0.00      0.00      0.00      0.00
      0.00      0.00      0.00      0.00      0.00      0.00      0.00      0.00      0.00      0.00      0.00      0.00      0.00
      0.00     -1.41     -1.35     -0.19      1.76      4.00      6.20      8.14      9.74     11.14     12.49     13.85     15.28
     16.74     18.01     18.95     19.57     19.83     19.71     19.20     18.45     17.59     16.74     15.99     15.47     15.17
     14.76     13.76     12.02      9.94      7.93      6.37      5.44      4.88      4.41      3.92      3.37      2.88      2.69
      2.57      2.75      3.42      4.44      5.66      6.67      7.26      7.49      7.36      6.78      5.47      3.32      0.00
      0.00     -2.90     -2.99     -1.07      2.24      6.29      9.97     12.30     13.31     13.82     14.75     16.65     19.53
     23.23     27.34     31.28     34.80     37.72     39.59     39.91     38.37     35.17     31.19     27.48     24.45     21.61
     18.01     13.63      9.53      6.80      5.74      5.74      6.71      8.73     10.47     10.98     10.90     10.35      9.42
      8.54      8.82     10.40     12.27     14.09     15.56     17.45     19.56     20.32     18.84     15.01      9.01      0.00
      0.00      0.59      3.51      6.98     10.73     14.04     15.06     13.53     11.53     10.96     11.77     13.68     16.80
     20.77     25.00     29.10     32.90     36.14     38.57     39.77     39.37     37.61     34.74     30.73     25.33     18.70
     12.45      7.99      5.28      3.38      1.55     -0.30     -0.83      0.67      1.98      1.69      0.76     -0.28     -0.75
     -0.57      0.66      4.08      8.12     11.11     16.28     24.02     29.46     29.28     23.25     16.14      9.51      0.00
      0.00      3.54      7.52     10.71     11.81     11.60     11.60     11.98     12.32     12.30     11.97     11.61     11.59
     12.09     13.00     14.33     16.01     17.65     18.92     19.23     18.52     16.88     14.40     11.29      7.92      5.17
      3.50      2.32      1.40      0.43     -1.31     -4.05     -7.28    -10.08    -12.33    -14.30    -16.25    -17.80    -17.90
    -15.00     -9.57     -4.29     -0.14      3.35      8.42     17.29     26.37     24.77     15.37      8.63      5.37      0.00
      0.00      7.03      7.52      5.43      4.84      6.17      7.12      6.78      5.48      3.54      1.29     -0.83     -2.99
     -5.30     -7.22     -8.21     -8.28     -7.46     -6.14     -5.05     -3.78     -2.42     -1.55     -1.09     -0.82     -0.52
      0.18      1.39      2.07      1.10     -1.69     -5.91    -10.04    -13.46    -16.45    -19.68    -23.22    -26.41    -27.93
    -26.01    -20.91    -15.01     -8.90     -2.79      3.34      9.07     15.77     16.89     11.39      6.63      4.96      0.00
      0.00     -6.00    -11.22    -14.16    -16.29    -19.45    -23.41    -26.93    -29.63    -31.09    -31.65    -32.57    -34.27
    -36.04    -37.06    -37.18    -36.46    -34.97    -33.88    -33.26    -30.64    -26.05    -20.57    -14.61     -9.04     -4.01
      0.62      3.67      5.10      5.74      5.21      2.94      0.09     -3.17     -6.73    -12.00    -18.79    -23.77    -24.61
    -20.96    -15.21     -9.38     -2.98      2.91      5.61      7.21     10.36     11.53      9.61      3.38     -2.50      0.00
      0.00    -19.80    -31.75    -37.92    -42.18    -44.43    -44.69    -43.02    -41.84    -42.21    -42.23    -42.55    -42.21
    -41.44    -40.48    -38.76    -36.81    -34.19    -32.56    -36.21    -41.89    -44.90    -44.93    -41.47    -31.55    -16.86
     -5.04      1.68      5.79      9.33     11.60     12.10     11.33     10.15      8.50      5.17     -0.38     -4.93     -5.25
     -2.79      2.23      8.36     10.79      8.92      7.49     10.83     14.08     11.06      4.09     -2.55     -2.91      0.00
      0.00    -20.14    -32.42    -41.15    -41.91    -36.03    -26.57    -15.66     -9.56     -6.52     -4.49     -5.23     -7.68
    -13.20    -16.28    -16.22    -16.71    -19.46    -22.11    -26.20    -32.43    -37.76    -41.95    -44.94    -43.87    -35.20
    -20.45     -6.76      1.66      7.29     12.57     17.02     19.94     21.33     21.12     19.74     16.33     11.06      8.40
     11.20     16.71     22.57     25.96     21.15     16.22     16.91     15.75      9.44      0.41     -7.44     -6.11      0.00
      0.00    -19.87    -32.42    -31.88    -18.27     -3.11     11.48     15.95     19.63     25.60     28.76     31.86     29.52
     17.92      6.02     -2.25     -8.04    -11.13    -15.82    -21.48    -25.47    -26.69    -27.22    -27.34    -26.06    -24.22
    -18.93     -6.06      5.70     10.81     16.31     22.17     26.09     28.05     28.26     26.60     18.49     12.66     14.58
     18.58     23.44     29.66     28.37     21.60     19.88     19.98     17.22     16.10     13.82     12.10     13.74      0.00
      0.00    -14.33    -13.83     -5.52      6.03     17.00     23.89     25.58     27.63     30.64     33.59     34.33     31.79
     25.32     15.11      5.60     -0.89     -5.57    -10.43    -16.67    -20.97    -19.13    -15.19    -12.18    -12.62    -10.63
     -2.09      8.21     16.70     21.11     24.43     27.83     30.47     30.98     28.42     18.79     12.18     17.08     21.45
     25.73     29.64     30.43     26.19     19.99     17.25     15.09     14.49     15.77     17.13     18.87     15.85      0.00
      0.00      0.45      1.95      0.99      4.72     15.69     25.43     27.79     23.69     20.15     23.29     27.08     24.97
     18.98     12.14      6.93      0.08     -4.51     -6.67     -8.54    -10.38     -9.46     -5.63     -1.87      0.63      4.42
     12.35     20.02     24.51     28.77     31.03     34.68     39.57     38.60     30.62     16.45     13.61     22.26     29.08
     34.20     35.72     33.74     27.91     17.23     11.65     10.40      8.57      6.51      4.62      5.08      5.20      0.00
      0.00     11.28     15.46      8.42      8.64     17.67     24.70     22.47     16.43     13.05     15.99     20.09     19.45
     16.47     14.62     10.88      3.60      1.43      2.76      5.16      8.61      9.28     11.37     20.72     35.10     39.75
     38.44     35.38     33.26     34.30     35.15     41.42     49.33     47.33     33.99     23.02     23.26     27.46     31.29
     33.18     33.23     29.59     20.81     11.06      5.41      3.87      2.35     -1.36     -4.35     -5.71     -4.57      0.00
      0.00      7.52     14.13     17.01     18.98     18.52     16.24     14.67     15.11     19.12     22.53     22.20     19.75
     19.06     19.15     15.25     12.35     14.13     16.41     15.83     19.02     22.19     23.67     33.09     49.80     58.07
     52.03     45.93     45.24     43.82     40.60     44.36     51.51     48.56     37.41     35.21     37.75     33.20     25.44
     23.06     21.76     18.63     14.77      9.53      1.95     -4.48     -6.54     -7.39     -7.41     -7.05     -3.42      0.00
      0.00      2.49      5.10     12.17     17.40     17.55     15.70     18.05     24.33     30.31     31.83     31.04     30.82
     30.48     30.48     27.69     24.81     24.85     28.11     32.89     32.86     31.74     30.49     38.21     48.59     51.58
     48.18     48.49     52.93     54.79     55.78     56.54     56.12     48.75     40.75     42.45     43.58     36.22     27.22
     21.97     15.59      9.00      4.76      2.37     -2.13     -9.09    -15.15    -17.64    -16.87    -13.22     -5.62      0.00
      0.00      1.75      4.16     14.51     24.00     28.73     31.99     34.17     37.16     41.44     44.51     46.41     45.83
     43.73     42.95     39.29     37.36     42.94     49.60     53.88     52.47     46.09     39.32     43.34     46.97     47.49
     48.08     54.34     61.05     65.25     68.76     68.68     64.02     55.02     47.20     44.84     45.85     42.92     34.77
     27.16     19.64     12.57      7.28      0.31     -6.88    -12.89    -16.14    -18.58    -20.72    -22.62    -19.94      0.00
      0.00      4.79     17.64     28.89     34.70     36.24     37.66     42.37     46.13     49.76     54.81     56.53     54.54
     52.26     51.73     54.54     58.54     58.45     63.42     66.22     61.03     53.62     47.92     46.00     48.02     52.86
     58.36     61.17     57.86     57.70     62.29     67.58     70.16     66.04     60.52     54.71     49.79     46.90     40.21
     30.02     23.47     19.43     13.01      4.60     -3.26     -9.27    -15.50    -23.53    -32.87    -37.89    -30.69      0.00
      0.00     12.89     21.08     22.86     19.67     18.11     26.55     37.66     42.43     46.22     53.04     57.46     61.36
     65.55     69.84     69.64     68.40     66.83     64.55     59.74     52.56     48.64     50.82     53.85     60.44     65.64
     64.87     56.63     45.58     41.78     51.02     66.17     77.49     84.37     82.06     73.04     61.81     51.87     43.02
     31.08     21.61     13.48      5.25     -1.16     -5.06     -8.86    -15.84    -29.78    -42.98    -50.27    -42.27      0.00
      0.00      4.78     -0.83     -7.73    -15.52    -14.35     -4.36      5.40     19.47     31.04     38.98     49.88     62.51
     68.02     68.80     66.36     67.09     69.94     62.66     49.81     40.29     41.11     49.26     60.23     66.62     62.98
     63.56     59.36     55.38     53.92     61.92     72.54     80.44     90.66     98.70     95.92     83.07     65.59     49.70
     38.12     24.29      8.56      4.01      3.44      1.13     -6.06    -24.62    -40.05    -48.46    -47.93    -34.00      0.00
      0.00     -6.64    -19.45    -32.78    -46.31    -48.66    -36.57    -21.00      2.00     21.81     36.71     50.90     60.04
     63.83     61.46     58.50     61.25     64.38     58.56     43.00     35.30     40.06     44.07     54.84     62.23     64.54
     71.69     79.23     88.58     93.50     89.11     78.36     75.30     83.27     94.14     96.05     93.12     80.62     59.57
     42.00     28.84     15.41      7.60      4.66     -1.60    -17.22    -36.34    -44.41    -44.00    -34.06    -17.42      0.00
      0.00    -20.70    -35.62    -50.80    -63.22    -65.55    -50.64    -18.76     14.14     33.70     47.88     54.47     56.16
     56.50     51.15     48.90     54.47     57.80     51.11     35.15     32.11     39.80     40.10     45.92     54.61     60.45
     73.04     86.96     94.21     98.30     93.43     81.48     74.25     75.32     78.31     78.27     78.43     71.19     54.65
     38.38     28.47     18.16      9.81      2.57     -7.42    -20.38    -24.84    -25.69    -22.09    -16.53     -9.65      0.00
      0.00    -37.19    -53.11    -64.11    -74.37    -70.25    -46.36     -8.14     24.38     44.33     48.93     47.51     48.58
     47.00     43.21     44.96     52.00     56.58     46.34     25.88     20.01     25.62     30.11     34.89     45.83     54.92
     59.18     68.36     78.63     82.36     81.56     79.87     75.93     66.81     59.74     59.65     58.85     51.42     41.45
     33.23     24.06     14.21      7.43      1.92     -1.75      2.37      7.77      4.80      3.84      2.80     -1.09      0.00
      0.00    -46.50    -63.00    -70.38    -71.56    -53.64    -22.67     10.36     34.57     45.60     43.64     40.33     42.12
     41.50     41.13     44.67     48.81     53.50     46.68     20.61      5.87      4.83     11.62     28.44     50.06     56.19
     51.45     50.96     58.92     67.35     73.99     76.72     72.77     63.96     54.20     49.98     47.66     43.24     37.37
     33.29     27.51     20.74     18.03     23.13     29.41     35.54     28.72     24.41     20.53     17.60     10.94      0.00
      0.00    -46.21    -58.29    -58.76    -43.11    -14.27     10.13     32.74     47.67     44.25     36.27     34.99     37.95
     37.79     36.10     41.16     47.02     44.83     39.95     24.73      3.65      3.14     19.32     42.09     55.35     60.18
     55.82     48.48     50.27     58.76     68.04     72.15     73.96     73.04     67.00     55.92     47.57     46.59     45.40
     42.69     39.89     40.17     44.50     45.30     45.04     45.87     42.46     38.34     34.80     35.39     26.84      0.00
      0.00    -32.91    -33.98    -22.36     -1.76     14.20     31.63     45.12     48.93     35.13     25.25     30.76     34.75
     29.79     24.02     27.22     36.25     36.36     29.81     24.07     20.94     28.41     46.67     64.65     77.07     78.42
     70.81     57.99     54.53     63.12     67.80     73.48     82.78     89.32     85.34     69.44     57.56     55.45     55.08
     56.39     58.29     58.14     55.36     52.47     52.71     49.88     47.29     45.87     46.80     47.48     33.82      0.00
      0.00     -5.59      3.43     14.25     18.67     28.28     42.21     46.32     38.37     24.19     12.98     14.84     19.84
     17.06     12.71      9.31     10.97     13.20     14.75     20.22     32.68     50.17     72.85     95.78    105.71     95.05
     84.73     78.09     70.34     71.76     73.16     84.58     96.22     99.86     91.42     76.93     69.32     66.30     62.53
     58.26     56.29     57.24     59.45     57.69     51.63     47.69     49.07     50.87     49.72     45.01     33.27      0.00
      0.00     21.70     23.40     25.23     28.25     37.42     39.38     29.78     18.19     10.20      2.65     -0.21      4.47
      8.95      3.59     -2.61     -7.52     -7.83      3.15     22.35     35.77     50.04     71.45     89.44     93.04     89.79
     92.62     85.28     79.65     80.27     87.91     96.09    104.00    101.99     89.18     76.37     68.90     64.39     58.81
     52.84     49.17     52.71     59.64     57.55     50.48     45.67     45.07     46.06     44.98     37.02     21.59      0.00
      0.00     31.51     35.92     31.52     28.67     29.59     26.05      8.90     -4.42     -4.69     -0.48      9.97     26.66
     26.78      5.45    -11.59    -20.66    -18.19      3.78     17.26     12.81     13.86     27.25     45.94     60.26     78.75
     95.21     87.15     80.95     91.83     91.18     85.91     96.66     94.72     82.74     71.41     59.38     56.27     55.04
     47.95     39.47     42.90     54.55     56.46     48.08     42.00     39.68     35.88     30.96     23.27      9.66      0.00
      0.00     33.60     37.10     29.24     22.27     17.74     10.42     -5.41    -13.18     -7.39      3.63     29.27     59.40
     55.52     23.46     -4.94    -14.65    -11.10     -0.32     -4.13     -5.14     -6.87     -4.73     17.29     48.79     68.36
     70.98     73.91     82.86     91.90     87.07     80.78     81.65     79.78     65.92     49.40     48.16     55.48     54.26
     36.68     20.21     25.69     48.12     53.87     43.51     33.43     24.22     20.34     20.12     16.41      8.09      0.00
      0.00     19.18     20.51     15.82     13.05      9.92      1.08     -8.30    -11.62    -10.43     -1.89     16.07     35.46
     43.97     39.11     24.55     18.18     13.89      1.75    -13.16     -8.49     -9.77     -5.64     11.01     27.67     35.71
     37.43     43.47     56.71     64.87     64.75     59.98     57.55     52.31     40.59     28.66     29.10     35.27     36.82
     11.87      0.35      7.25     20.51     24.03     18.46     14.83     10.75      9.65      8.68      2.89     -3.75      0.00
      0.00      0.00      0.00      0.00      0.00      0.00      0.00      0.00      0.00      0.00      0.00      0.00      0.00
      0.00      0.00      0.00      0.00      0.00      0.00      0.00      0.00      0.00      0.00      0.00      0.00      0.00
      0.00      0.00      0.00      0.00      0.00      0.00      0.00      0.00      0.00      0.00      0.00      0.00      0.00
      0.00      0.00      0.00      0.00      0.00      0.00      0.00      0.00      0.00      0.00      0.00      0.00      0.00
      0.00      0.00      0.00      0.00      0.00      0.00      0.00      0.00      0.00      0.00      0.00      0.00      0.00
      0.00      0.00      0.00      0.00      0.00      0.00      0.00      0.00      0.00      0.00      0.00      0.00      0.00
      0.00      0.00      0.00      0.00      0.00      0.00      0.00      0.00      0.00      0.00      0.00      0.00      0.00
      0.00      0.00      0.00      0.00      0.00      0.00      0.00      0.00      0.00      0.00      0.00      0.00      0.00
      0.00      0.22      0.59      1.16      1.87      2.68      3.51      4.32      5.09      5.83      6.53      7.21      7.85
      8.44      8.96      9.38      9.68      9.85      9.89      9.79      9.56      9.24      8.83      8.36      7.84      7.27
      6.65      5.96      5.22      4.47      3.79      3.20      2.74      2.38      2.12      1.93      1.81      1.77      1.82
      1.94      2.16      2.45      2.80      3.15      3.44      3.60      3.59      3.37      2.90      2.17      1.19      0.00
      0.00     -0.09      0.27      1.03      2.05      3.18      4.26      5.18      5.96      6.70      7.51      8.43      9.49
     10.63     11.78     12.85     13.76     14.43     14.77     14.73     14.24     13.34     12.12     10.72      9.22      7.64
      6.00      4.40      2.98      1.88      1.14      0.75      0.68      0.85      1.12      1.41      1.69      1.98      2.34
      2.83      3.50      4.35      5.30      6.25      7.11      7.80      8.20      8.10      7.29      5.63      3.15      0.00
      0.00      0.85      1.85      2.82      3.64      4.16      4.31      4.17      4.00      4.01      4.28      4.83      5.64
      6.62      7.69      8.73      9.64     10.32     10.70     10.73     10.32      9.45      8.13      6.43      4.44      2.32
      0.28     -1.47     -2.91     -4.10     -5.08     -5.84     -6.27     -6.35     -6.31     -6.27     -6.20     -5.98     -5.47
     -4.58     -3.26     -1.49      0.51      2.60      4.78      6.95      8.60      9.13      8.30      6.34      3.55      0.00
      0.00      1.11      1.90      2.23      2.07      1.63      1.07      0.48     -0.14     -0.77     -1.37     -1.90     -2.30
     -2.55     -2.65     -2.61     -2.48     -2.35     -2.29     -2.40     -2.72     -3.29     -4.07     -5.03     -6.05     -7.00
     -7.80     -8.50     -9.18     -9.94    -10.88    -12.05    -13.34    -14.57    -15.63    -16.49    -17.06    -17.13    -16.38
    -14.64    -12.13     -9.23     -6.23     -3.19     -0.03      3.22      5.97      7.10      6.40      4.68      2.56      0.00
      0.00     -0.11     -1.21     -2.73     -4.21     -5.58     -6.98     -8.48    -10.07    -11.73    -13.38    -14.97    -16.48
    -17.86    -18.98    -19.74    -20.12    -20.16    -19.94    -19.55    -18.97    -18.22    -17.38    -16.50    -15.61    -14.74
    -13.91    -13.20    -12.83    -12.96    -13.69    -14.98    -16.56    -18.17    -19.71    -21.19    -22.48    -23.21    -22.91
    -21.19    -18.28    -14.75    -10.86     -6.95     -3.27      0.03      2.78      4.27      4.18      3.12      1.76      0.00
      0.00     -5.79    -10.88    -15.04    -18.55    -21.69    -24.48    -26.87    -28.86    -30.48    -31.83    -33.13    -34.45
    -35.65    -36.55    -37.11    -37.34    -37.29    -37.14    -36.87    -36.07    -34.52    -32.27    -29.41    -26.11    -22.64
    -19.31    -16.49    -14.39    -13.02    -12.40    -12.53    -13.25    -14.44    -16.03    -18.00    -19.97    -21.05    -20.56
    -18.43    -15.29    -11.69     -7.99     -4.67     -2.00      0.16      1.92      2.86      2.73      1.58      0.28      0.00
      0.00    -12.93    -22.10    -28.05    -31.75    -33.67    -34.31    -34.33    -34.58    -35.28    -36.12    -37.02    -37.87
    -38.71    -39.46    -39.97    -40.26    -40.47    -41.21    -42.90    -44.83    -45.90    -45.55    -43.40    -39.00    -32.92
    -26.69    -21.18    -16.67    -13.11    -10.48     -8.79     -7.98     -7.85     -8.31     -9.34    -10.64    -11.33    -10.69
     -8.80     -6.08     -3.29     -1.17      0.13      1.19      2.50      3.34      2.88      1.31     -0.38     -0.82      0.00
      0.00    -13.91    -23.35    -28.77    -29.99    -28.22    -25.10    -21.91    -19.92    -19.11    -19.26    -20.44    -22.46
    -25.19    -27.80    -29.89    -31.87    -34.16    -36.66    -39.45    -42.26    -44.52    -45.88    -45.94    -43.92    -39.17
    -32.23    -24.96    -18.67    -13.54     -9.28     -5.83     -3.30     -1.78     -1.22     -1.44     -2.17     -2.80     -2.34
     -0.49      2.03      4.37      5.83      6.01      5.79      5.81      5.26      3.58      1.17     -0.87     -1.12      0.00
      0.00    -12.58    -19.81    -20.92    -17.14    -12.09     -7.52     -4.79     -3.08     -2.04     -2.12     -3.19     -5.71
    -10.22    -15.51    -20.41    -24.60    -28.11    -31.53    -34.74    -37.08    -38.24    -38.45    -37.75    -35.97    -32.99
    -28.40    -21.96    -15.50    -10.27     -5.84     -2.01      0.91      2.62      3.04      2.32      0.94      0.52      1.94
      4.17      6.56      8.45      8.90      8.16      7.72      7.50      7.04      6.59      5.87      4.93      3.76      0.00
      0.00     -7.39     -9.19     -7.35     -3.63      0.20      2.89      4.09      4.51      4.52      4.12      2.82      0.15
     -3.97     -9.17    -14.47    -19.12    -23.07    -26.59    -29.68    -31.58    -31.49    -30.15    -28.39    -26.49    -23.54
    -18.81    -13.25     -7.98     -3.63     -0.05      2.95      5.12      5.87      4.85      2.42      1.33      3.04      5.43
      7.81      9.59     10.18      9.32      7.61      6.36      5.64      5.48      5.80      6.22      6.33      4.85      0.00
      0.00     -0.84     -1.47     -1.85     -0.23      3.26      5.87      6.10      4.59      3.14      2.85      2.32      0.16
     -3.31     -7.42    -11.64    -15.82    -19.11    -21.36    -22.93    -23.64    -22.98    -21.08    -18.55    -15.77    -12.42
     -8.13     -3.87     -0.21      3.05      5.82      8.45     10.59     10.48      7.68      4.06      3.66      6.12      8.86
     10.89     11.59     10.88      8.73      5.43      3.04      1.87      1.14      0.63      0.44      0.85      1.17      0.00
      0.00      3.51      4.08      2.73      2.94      5.10      6.20      5.02      2.95      1.61      1.62      1.56      0.19
     -2.08     -4.67     -7.86    -11.23    -13.18    -13.81    -13.58    -12.68    -11.49     -9.37     -5.60     -0.80      2.90
      5.29      6.77      7.95      9.50     11.23     13.89     16.42     15.79     12.04      8.91      8.69      9.78     10.81
     11.16     10.52      8.60      5.33      1.47     -1.42     -3.01     -4.00     -4.90     -5.27     -4.75     -3.02      0.00
      0.00      3.44      5.55      6.44      6.71      6.19      5.08      4.29      4.26      4.99      5.39      4.72      3.22
      1.69      0.05     -2.37     -4.30     -4.77     -4.51     -4.12     -3.10     -1.73      0.28      4.08      8.96     12.64
     14.25     14.84     15.70     16.52     17.17     18.97     20.93     19.97     16.87     15.40     14.92     13.28     10.75
      8.90      7.01      4.56      1.71     -1.57     -5.16     -8.15     -9.62     -9.90     -9.12     -7.32     -3.98      0.00
      0.00      1.62      3.37      5.88      7.44      7.41      6.91      7.65      9.59     11.35     11.90     11.47     10.57
      9.40      8.07      6.19      4.70      4.59      5.50      6.45      6.74      6.85      7.56     10.22     13.79     16.43
     17.76     19.22     21.43     23.43     25.05     26.26     26.37     24.18     21.42     20.59     19.60     16.68     12.76
      9.11      5.23      1.33     -1.97     -4.94     -8.34    -11.97    -14.79    -15.86    -14.92    -11.96     -6.63      0.00
      0.00      1.54      3.79      7.66     10.73     12.31     13.45     14.66     16.20     17.89     19.12     19.56     19.02
     17.82     16.57     15.07     14.38     15.16     16.21     16.69     16.15     14.89     14.05     15.06     17.00     18.78
     20.44     23.00     25.91     28.59     31.01     32.48     32.30     30.05     27.23     25.50     24.24     21.59     17.36
     12.66      7.88      3.30     -0.90     -5.41     -9.89    -13.76    -16.54    -18.40    -19.15    -18.04    -12.87      0.00
      0.00      3.59      7.87     10.61     11.84     12.55     13.97     16.20     18.49     20.79     22.98     24.32     24.55
     24.13     23.75     23.71     23.75     23.60     23.60     22.95     21.28     19.55     18.52     18.71     20.13     22.26
     24.44     25.99     26.60     27.99     31.20     34.99     37.51     37.63     35.97     33.31     30.23     26.83     22.08
     16.39     11.23      6.64      1.82     -3.32     -8.28    -12.80    -17.30    -21.98    -25.87    -26.26    -18.97      0.00
      0.00      4.44      4.97      3.28      1.37      1.54      4.71      9.23     13.73     17.88     21.80     25.02     27.40
     28.80     29.36     29.12     28.53     27.64     26.00     23.45     20.99     19.67     20.06     21.72     24.27     26.51
     27.57     26.74     25.00     25.38     30.12     36.99     42.76     46.23     46.47     43.73     39.02     33.34     26.99
     19.90     13.10      6.80      1.27     -3.50     -7.84    -12.62    -18.60    -25.39    -30.70    -31.68    -23.51      0.00
      0.00     -1.72     -7.36    -13.35    -17.64    -17.30    -12.66     -5.85      2.57     10.34     16.75     22.43     26.82
     28.97     29.48     29.05     28.59     27.67     24.84     20.88     17.77     17.00     19.07     22.96     26.46     28.41
     30.18     30.78     31.00     32.36     36.62     41.94     46.80     51.26     53.68     52.59     48.23     41.32     33.21
     25.14     16.68      8.36      2.95     -0.85     -5.53    -12.23    -20.72    -27.54    -30.72    -28.48    -19.02      0.00
      0.00     -9.52    -20.05    -29.34    -35.60    -35.73    -29.05    -18.23     -5.53      5.50     14.12     20.68     24.73
     26.54     26.58     26.06     25.76     24.62     21.48     17.04     13.80     13.88     16.19     20.71     25.30     29.11
     33.35     37.46     41.35     44.47     46.29     46.83     48.19     51.40     54.36     54.74     52.36     46.54     38.20
     29.47     21.25     13.36      6.98      1.78     -4.44    -12.54    -20.41    -24.49    -24.52    -20.54    -12.32      0.00
      0.00    -17.28    -30.48    -40.80    -46.98    -46.14    -36.46    -20.95     -5.54      6.02     14.15     19.20     21.83
     22.72     22.27     21.79     21.74     20.49     17.07     12.15      9.03      9.93     12.02     16.22     21.78     27.05
     32.77     38.49     43.43     47.21     48.99     48.92     48.78     49.59     50.48     50.54     49.20     45.09     38.46
     31.09     24.10     17.24     10.98      5.14     -0.90     -6.77    -10.51    -12.31    -12.09    -10.14     -6.20      0.00
      0.00    -23.94    -37.92    -47.04    -51.66    -48.03    -34.93    -17.44     -2.74      7.33     13.37     16.52     18.17
     18.48     18.02     17.90     17.93     16.54     12.54      6.48      2.10      2.45      5.51     10.86     18.15     24.35
     29.13     34.19     39.56     43.96     46.95     48.56     48.68     47.47     46.19     45.79     44.68     41.68     37.30
     32.28     26.67     20.95     15.92     11.62      8.04      5.75      4.10      2.43      1.28      0.64      0.08      0.00
      0.00    -25.16    -39.09    -45.84    -46.36    -38.20    -24.24     -9.78      1.39      8.28     11.83     13.52     14.49
     14.59     14.36     14.36     14.16     12.76      8.81      2.25     -4.08     -5.37     -0.98      8.36     18.14     24.20
     27.40     30.56     35.23     40.32     44.65     47.41     48.23     47.39     45.80     44.55     43.31     41.45     38.75
     35.52     31.71     27.80     24.54     22.27     20.38     18.62     16.50     14.24     11.94      9.44      5.81      0.00
      0.00    -20.43    -31.00    -34.10    -30.00    -21.11    -11.18     -1.72      5.07      8.45      9.68     10.34     10.77
     10.57     10.13     10.09      9.94      8.71      6.04      1.60     -3.57     -3.91      3.21     13.33     21.78     27.10
     29.41     30.97     34.07     38.70     43.32     46.79     48.94     49.53     48.62     46.83     45.11     43.86     42.32
     40.26     37.86     35.52     33.49     31.50     29.42     27.33     25.10     22.67     19.88     16.42     10.59      0.00
      0.00    -11.86    -16.94    -17.36    -13.61     -8.16     -2.16      3.24      6.30      6.83      6.43      6.64      6.65
      5.90      4.87      4.48      4.51      4.15      3.29      2.26      2.14      5.25     12.35     20.91     28.18     32.40
     33.75     34.19     36.01     39.65     43.50     47.14     50.09     51.59     51.23     49.47     47.65     46.35     45.11
     43.75     42.18     40.39     38.43     36.43     34.41     32.19     29.86     27.42     24.56     20.47     13.03      0.00
      0.00     -3.63     -5.33     -5.13     -3.26     -0.24      2.96      5.04      5.20      3.95      2.47      2.05      1.97
      1.09     -0.39     -1.58     -1.87     -1.41     -0.23      1.83      5.41     11.10     18.74     26.56     32.51     35.89
     37.20     37.71     38.71     41.03     44.03     47.41     50.11     51.40     51.04     49.60     48.05     46.57     45.06
     43.55     42.11     40.76     39.33     37.70     35.68     33.42     31.21     28.87     25.76     20.91     12.93      0.00
      0.00      1.17      1.07      1.41      2.45      3.75      4.41      3.86      2.28      0.52     -1.08     -1.88     -1.94
     -2.53     -4.42     -6.40     -7.39     -6.67     -3.80      0.61      5.66     11.63     18.68     25.63     31.12     34.91
     37.05     37.76     38.63     40.47     43.10     45.70     47.57     48.21     47.57     46.24     44.76     43.23     41.65
     40.14     38.85     37.88     37.05     35.85     33.98     31.75     29.46     26.94     23.62     18.43     10.52      0.00
      0.00      3.21      4.14      4.44      4.63      4.58      3.61      1.36     -1.05     -2.34     -2.78     -2.46     -1.82
     -2.72     -5.91     -8.93    -10.39     -9.51     -5.48     -0.98      2.67      6.83     12.37     18.86     24.85     29.63
     32.44     33.81     34.97     36.76     38.56     40.13     41.57     41.78     40.99     39.75     38.34     36.99     35.58
     34.03     32.63     31.97     31.85     31.23     29.62     27.44     25.04     22.23     18.76     14.01      7.45      0.00
      0.00      3.38      4.67      4.89      4.59      3.77      2.08     -0.59     -2.76     -3.17     -2.28     -0.23      1.46
      0.32     -3.67     -7.44     -9.15     -8.27     -5.13     -2.53     -0.39      2.19      6.12     11.92     17.85     22.20
     24.84     26.50     27.91     29.48     30.49     31.21     31.98     31.95     30.99     29.83     29.04     28.42     27.22
     25.16     23.37     23.03     23.81     23.88     22.56     20.45     17.98     15.48     12.86      9.43      4.94      0.00
      0.00      2.07      3.10      3.33      3.03      2.24      0.79     -1.03     -2.35     -2.47     -1.35      0.83      2.96
      3.05      0.77     -1.81     -3.18     -3.34     -2.88     -2.39     -1.15      0.33      2.80      6.37      9.96     12.67
     14.43     15.69     16.81     17.83     18.30     18.46     18.58     18.31     17.47     16.66     16.41     16.38     15.66
     13.37     11.75     11.81     12.83     13.06     12.17     10.89      9.39      7.97      6.46      4.46      2.08      0.00
      0.00      0.00      0.00      0.00      0.00      0.00      0.00      0.00      0.00      0.00      0.00      0.00      0.00
      0.00      0.00      0.00      0.00      0.00      0.00      0.00      0.00      0.00      0.00      0.00      0.00      0.00
      0.00      0.00      0.00      0.00      0.00      0.00      0.00      0.00      0.00      0.00      0.00      0.00      0.00
      0.00      0.00      0.00      0.00      0.00      0.00      0.00      0.00      0.00      0.00      0.00      0.00      0.00
      0.00      0.00      0.00      0.00      0.00      0.00      0.00      0.00      0.00      0.00      0.00      0.00      0.00
      0.00      0.00      0.00      0.00      0.00      0.00      0.00      0.00      0.00      0.00      0.00      0.00      0.00
      0.00      0.00      0.00      0.00      0.00      0.00      0.00      0.00      0.00      0.00      0.00      0.00      0.00
      0.00      0.00      0.00      0.00      0.00      0.00      0.00      0.00      0.00      0.00      0.00      0.00      0.00
      0.00      0.36      0.76      1.18      1.63      2.09      2.54      2.99      3.42      3.84      4.23      4.61      4.97
      5.29      5.56      5.79      5.97      6.08      6.13      6.11      6.03      5.89      5.69      5.44      5.15      4.82
      4.47      4.11      3.75      3.41      3.09      2.81      2.57      2.38      2.22      2.12      2.05      2.03      2.04
      2.09      2.16      2.25      2.35      2.43      2.48      2.47      2.39      2.20      1.88      1.41      0.79      0.00
      0.00      0.32      0.78      1.31      1.86      2.39      2.89      3.35      3.79      4.23      4.68      5.13      5.58
      6.01      6.41      6.76      7.04      7.22      7.30      7.24      7.03      6.68      6.20      5.62      4.96      4.28
      3.59      2.94      2.35      1.84      1.42      1.12      0.92      0.83      0.83      0.90      1.05      1.27      1.56
      1.91      2.32      2.77      3.23      3.67      4.05      4.34      4.48      4.39      3.99      3.17      1.86      0.00
      0.00      0.64      1.17      1.55      1.79      1.90      1.91      1.89      1.88      1.90      1.98      2.11      2.29
      2.52      2.76      2.98      3.16      3.28      3.31      3.24      3.05      2.70      2.20      1.56      0.85      0.10
     -0.65     -1.36     -2.00     -2.57     -3.07     -3.48     -3.78     -3.96     -4.05     -4.04     -3.92     -3.67     -3.24
     -2.64     -1.85     -0.91      0.12      1.17      2.21      3.15      3.88      4.26      4.15      3.44      2.07      0.00
      0.00      0.35      0.37      0.12     -0.30     -0.81     -1.36     -1.92     -2.47     -3.00     -3.49     -3.93     -4.31
     -4.63     -4.88     -5.05     -5.17     -5.24     -5.28     -5.31     -5.36     -5.45     -5.58     -5.74     -5.94     -6.15
     -6.38     -6.62     -6.91     -7.25     -7.68     -8.18     -8.73     -9.26     -9.72    -10.05    -10.18    -10.01     -9.46
     -8.49     -7.19     -5.62     -3.92     -2.18     -0.49      1.06      2.36      3.20      3.40      2.92      1.79      0.00
      0.00     -1.10     -2.50     -3.94     -5.32     -6.62     -7.84     -9.02    -10.16    -11.27    -12.35    -13.37    -14.31
    -15.14    -15.81    -16.28    -16.56    -16.66    -16.58    -16.35    -15.96    -15.42    -14.75    -13.98    -13.15    -12.32
    -11.54    -10.88    -10.42    -10.21    -10.27    -10.59    -11.10    -11.71    -12.33    -12.90    -13.28    -13.32    -12.84
    -11.73    -10.08     -8.12     -5.97     -3.84     -1.87     -0.13      1.30      2.27      2.63      2.35      1.47      0.00
      0.00     -4.66     -8.43    -11.46    -13.90    -15.88    -17.51    -18.90    -20.12    -21.22    -22.25    -23.23    -24.14
    -24.96    -25.64    -26.15    -26.49    -26.65    -26.67    -26.53    -26.14    -25.37    -24.19    -22.59    -20.66    -18.51
    -16.32    -14.27    -12.53    -11.18    -10.26     -9.77     -9.68     -9.90    -10.36    -10.93    -11.39    -11.42    -10.80
     -9.49     -7.72     -5.73     -3.74     -1.90     -0.31      1.00      1.98      2.55      2.62      2.13      1.14      0.00
      0.00     -8.86    -14.42    -17.88    -19.95    -21.04    -21.53    -21.86    -22.32    -22.99    -23.81    -24.66    -25.54
    -26.46    -27.39    -28.25    -28.98    -29.59    -30.28    -31.07    -31.73    -31.90    -31.32    -29.85    -27.43    -24.25
    -20.72    -17.25    -14.08    -11.34     -9.10     -7.42     -6.30     -5.67     -5.43     -5.44     -5.48     -5.23     -4.51
     -3.32     -1.88     -0.43      0.87      1.92      2.74      3.36      3.68      3.54      2.88      1.82      0.74      0.00
      0.00     -9.13    -14.47    -17.12    -17.82    -17.35    -16.39    -15.49    -15.00    -15.04    -15.53    -16.49    -17.82
    -19.48    -21.27    -23.04    -24.74    -26.41    -28.04    -29.56    -30.81    -31.61    -31.74    -31.03    -29.21    -26.19
    -22.26    -17.97    -13.87    -10.23     -7.10     -4.48     -2.43     -1.03     -0.19      0.24      0.49      0.86      1.57
      2.59      3.72      4.76      5.52      5.96      6.12      6.08      5.73      4.98      3.79      2.35      1.01      0.00
      0.00     -7.69    -11.06    -11.57    -10.37     -8.64     -7.03     -5.92     -5.36     -5.29     -5.82     -6.85     -8.49
    -10.85    -13.68    -16.60    -19.32    -21.71    -23.85    -25.62    -26.75    -27.16    -26.88    -25.85    -24.03    -21.48
    -18.22    -14.31    -10.23     -6.48     -3.19     -0.39      1.84      3.35      4.13      4.39      4.52      4.96      5.80
      6.83      7.78      8.43      8.67      8.52      8.21      7.83      7.35      6.75      5.93      4.78      3.09      0.00
      0.00     -3.65     -4.46     -3.78     -2.38     -0.91      0.21      0.81      0.93      0.61     -0.08     -1.26     -3.05
     -5.49     -8.42    -11.52    -14.45    -17.00    -19.12    -20.69    -21.49    -21.31    -20.30    -18.75    -16.80    -14.27
    -11.06     -7.47     -3.89     -0.58      2.33      4.79      6.64      7.67      7.82      7.50      7.61      8.36      9.36
     10.28     10.82     10.84     10.32      9.39      8.43      7.60      6.96      6.43      5.89      5.11      3.55      0.00
      0.00      0.05      0.11      0.41      1.36      2.71      3.60      3.70      3.21      2.58      2.01      1.12     -0.39
     -2.48     -4.96     -7.59    -10.13    -12.19    -13.66    -14.54    -14.67    -13.93    -12.46    -10.55     -8.31     -5.68
     -2.65      0.43      3.35      6.04      8.45     10.54     12.10     12.64     12.08     11.32     11.37     12.06     12.86
     13.31     13.12     12.32     10.93      9.07      7.33      5.95      4.85      3.95      3.21      2.58      1.76      0.00
      0.00      2.57      3.35      3.55      4.05      4.87      5.23      4.93      4.38      3.93      3.67      3.17      2.10
      0.56     -1.27     -3.30     -5.17     -6.43     -7.05     -7.05     -6.43     -5.29     -3.64     -1.45      1.17      3.84
      6.38      8.70     10.80     12.78     14.64     16.47     17.92     18.12     17.21     16.36     16.14     16.16     16.06
     15.51     14.39     12.67     10.43      7.83      5.46      3.55      2.08      0.94      0.17     -0.23     -0.28      0.00
      0.00      3.11      4.80      5.74      6.26      6.40      6.33      6.38      6.64      7.01      7.12      6.73      5.84
      4.71      3.42      1.97      0.84      0.34      0.35      0.74      1.50      2.59      4.16      6.32      8.88     11.43
     13.76     15.80     17.66     19.37     20.89     22.40     23.58     23.60     22.76     22.09     21.46     20.43     18.93
     17.20     15.13     12.68      9.92      6.93      3.88      1.19     -0.76     -1.92     -2.32     -2.05     -1.15      0.00
      0.00      2.47      4.49      6.24      7.37      7.92      8.34      9.13     10.26     11.25     11.76     11.71     11.18
     10.36      9.40      8.37      7.66      7.54      7.86      8.32      8.83      9.53     10.69     12.48     14.68     16.97
     19.15     21.27     23.44     25.51     27.34     28.79     29.56     29.27     28.44     27.79     26.83     25.12     22.73
     19.91     16.75     13.40     10.05      6.66      3.16     -0.21     -3.00     -4.81     -5.40     -4.81     -2.93      0.00
      0.00      2.57      4.88      7.06      8.70      9.90     11.01     12.24     13.59     14.88     15.87     16.35     16.27
     15.77     15.15     14.58     14.29     14.40     14.62     14.81     14.99     15.31     16.07     17.41     19.23     21.31
     23.46     25.78     28.18     30.56     32.78     34.58     35.62     35.62     34.88     34.01     32.85     30.85     27.99
     24.52     20.66     16.67     12.62      8.41      4.19      0.21     -3.24     -5.97     -7.71     -8.03     -6.08      0.00
      0.00      3.43      5.56      6.56      7.25      8.22      9.72     11.64     13.71     15.72     17.45     18.70     19.37
     19.54     19.50     19.44     19.41     19.43     19.35     19.17     18.99     19.14     19.86     21.14     22.95     25.11
     27.36     29.45     31.32     33.45     36.24     39.23     41.59     42.78     42.74     41.75     40.03     37.56     34.17
     30.08     25.71     21.26     16.70     11.98      7.20      2.44     -2.23     -6.59     -9.99    -11.19     -8.66      0.00
      0.00      2.37      1.80      0.58      0.04      0.95      3.33      6.66     10.25     13.59     16.51     18.83     20.47
     21.39     21.84     22.01     22.02     21.88     21.48     20.89     20.52     20.78     21.85     23.66     26.01     28.47
     30.68     32.33     33.69     35.75     39.33     43.68     47.49     50.06     51.01     50.37     48.38     45.27     41.17
     36.28     31.03     25.73     20.66     15.74     10.71      5.33     -0.36     -5.84    -10.09    -11.81     -9.48      0.00
      0.00     -2.28     -6.18     -9.53    -11.00     -9.81     -6.28     -1.23      4.38      9.53     13.83     17.30     19.76
     21.14     21.87     22.17     22.22     22.03     21.38     20.51     20.06     20.44     22.02     24.73     27.85     30.82
     33.69     36.21     38.56     41.30     45.01     49.14     52.98     56.10     57.85     57.94     56.38     53.22     48.76
     43.44     37.47     31.36     25.95     20.90     15.40      9.19      2.71     -2.88     -6.65     -8.04     -6.65      0.00
      0.00     -7.73    -14.42    -19.30    -21.48    -20.09    -15.16     -8.00     -0.50      6.06     11.32     15.32     18.04
     19.62     20.38     20.69     20.78     20.48     19.65     18.66     18.14     18.64     20.61     23.99     27.96     31.98
     36.07     40.07     43.93     47.60     51.05     54.20     57.24     60.22     62.50     63.42     62.69     60.07     55.86
     50.64     44.81     38.68     32.78     27.08     21.01     14.52      8.32      3.50      0.22     -1.83     -2.34      0.00
      0.00    -12.44    -20.77    -26.22    -28.33    -26.16    -19.74    -11.23     -2.79      4.14      9.43     13.23     15.77
     17.24     17.96     18.29     18.36     17.95     16.97     15.76     14.99     15.70     17.96     21.86     26.75     31.77
     36.72     41.57     46.20     50.52     54.34     57.57     60.44     63.10     65.27     66.57     66.60     64.94     61.68
     57.26     52.07     46.37     40.49     34.61     28.69     22.88     17.60     13.04      9.13      5.75      2.79      0.00
      0.00    -15.11    -24.03    -29.10    -30.58    -27.45    -19.95    -10.97     -2.91      3.38      7.99     11.23     13.34
     14.56     15.21     15.54     15.57     15.06     13.91     12.25     10.82     11.41     14.31     19.29     25.46     31.23
     36.42     41.41     46.39     51.17     55.54     59.36     62.54     65.13     67.22     68.83     69.51     68.80     66.70
     63.41     59.07     53.99     48.58     43.09     37.64     32.35     27.28     22.48     17.89     13.26      7.79      0.00
      0.00    -13.97    -22.56    -26.68    -26.85    -22.58    -15.48     -8.00     -1.57      3.33      6.87      9.32     10.91
     11.85     12.37     12.65     12.65     12.17     11.03      9.24      7.31      7.58     11.42     18.19     25.40     31.51
     36.58     41.29     46.17     51.16     55.92     60.17     63.77     66.72     69.06     70.83     71.89     71.99     70.87
     68.54     65.11     60.80     55.95     50.83     45.59     40.36     35.20     30.06     24.87     19.20     11.76      0.00
      0.00    -10.73    -16.87    -19.37    -18.36    -14.65     -9.68     -4.46     -0.00      3.37      5.78      7.43      8.48
      9.09      9.41      9.60      9.60      9.31      8.63      7.63      6.65      7.68     12.54     19.47     26.54     32.61
     37.50     41.84     46.33     51.11     55.86     60.25     64.11     67.32     69.85     71.72     72.99     73.55     73.12
     71.52     68.76     65.11     60.79     55.95     50.85     45.63     40.36     35.05     29.47     23.04     14.33      0.00
      0.00     -6.14     -9.42    -11.02    -10.55     -8.37     -5.24     -1.95      0.87      2.95      4.41      5.44      6.07
      6.35      6.40      6.43      6.44      6.41      6.36      6.46      7.24      9.70     14.47     20.90     27.70     33.73
     38.53     42.55     46.60     50.89     55.17     59.21     62.85     65.96     68.44     70.30     71.63     72.40     72.34
     71.20     69.00     65.88     61.98     57.59     52.85     47.89     42.71     37.32     31.50     24.59     15.09      0.00
      0.00     -2.51     -4.43     -5.57     -5.44     -4.23     -2.44     -0.57      0.97      2.07      2.85      3.42      3.77
      3.80      3.59      3.39      3.35      3.52      3.98      4.92      6.78     10.07     15.00     21.14     27.74     33.81
     38.60     42.42     45.93     49.46     53.01     56.42     59.50     62.16     64.38     66.09     67.39     68.21     68.31
     67.45     65.65     62.97     59.58     55.75     51.56     46.98     42.13     36.93     31.12     24.04     14.36      0.00
      0.00     -0.56     -1.57     -2.31     -2.36     -1.79     -0.93     -0.09      0.55      1.02      1.37      1.65      1.83
      1.76      1.38      0.96      0.76      0.93      1.72      3.28      5.76      9.40     14.29     20.08     26.34     32.16
     36.69     40.22     43.22     46.04     48.85     51.52     53.91     55.99     57.84     59.32     60.50     61.32     61.54
     60.94     59.41     57.06     54.14     50.81     47.08     43.01     38.62     33.77     28.31     21.63     12.60      0.00
      0.00      0.16     -0.20     -0.56     -0.63     -0.44     -0.19     -0.06     -0.00      0.11      0.28      0.54      0.74
      0.61      0.11     -0.43     -0.73     -0.56      0.41      2.24      4.86      8.50     13.17     18.51     24.07     29.11
     33.05     36.08     38.53     40.65     42.64     44.46     46.11     47.57     48.93     50.17     51.21     51.91     52.10
     51.57     50.22     48.24     45.79     42.98     39.83     36.34     32.48     28.18     23.37     17.60     10.07      0.00
      0.00      0.32      0.33      0.28      0.29      0.33      0.24     -0.04     -0.29     -0.33     -0.15      0.23      0.58
      0.49     -0.02     -0.56     -0.82     -0.56      0.50      2.17      4.53      7.81     11.99     16.64     21.17     25.04
     27.92     30.06     31.65     32.82     33.74     34.66     35.60     36.53     37.46     38.37     39.15     39.68     39.85
     39.38     38.25     36.69     34.85     32.65     30.11     27.24     24.07     20.63     16.84     12.40      6.88      0.00
      0.00      0.20      0.34      0.46      0.56      0.60      0.44      0.12     -0.21     -0.26     -0.05      0.36      0.78
      0.83      0.49      0.15      0.04      0.24      0.93      2.02      3.49      5.73      8.72     11.96     14.83     17.03
     18.63     19.79     20.47     20.70     20.63     20.76     21.05     21.52     22.06     22.62     23.08     23.55     23.78
     23.32     22.39     21.39     20.37     19.05     17.35     15.44     13.41     11.29      9.01      6.43      3.43      0.00
      0.00      0.00      0.00      0.00      0.00      0.00      0.00      0.00      0.00      0.00      0.00      0.00      0.00
      0.00      0.00      0.00      0.00      0.00      0.00      0.00      0.00      0.00      0.00      0.00      0.00      0.00
      0.00      0.00      0.00      0.00      0.00      0.00      0.00      0.00      0.00      0.00      0.00      0.00      0.00
      0.00      0.00      0.00      0.00      0.00      0.00      0.00      0.00      0.00      0.00      0.00      0.00      0.00
      0.00      0.00      0.00      0.00      0.00      0.00      0.00      0.00      0.00      0.00      0.00      0.00      0.00
      0.00      0.00      0.00      0.00      0.00      0.00      0.00      0.00      0.00      0.00      0.00      0.00      0.00
      0.00      0.00      0.00      0.00      0.00      0.00      0.00      0.00      0.00      0.00      0.00      0.00      0.00
      0.00      0.00      0.00      0.00      0.00      0.00      0.00      0.00      0.00      0.00      0.00      0.00      0.00
      0.00     -1.83     -3.43     -4.92     -6.35     -7.73     -9.06    -10.34    -11.55    -12.69    -13.77    -14.78    -15.72
    -16.61    -17.43    -18.20    -18.92    -19.58    -20.20    -20.77    -21.30    -21.77    -22.21    -22.59    -22.93    -23.22
    -23.46    -23.64    -23.76    -23.80    -23.76    -23.64    -23.43    -23.14    -22.76    -22.29    -21.72    -21.05    -20.29
    -19.43    -18.47    -17.40    -16.22    -14.94    -13.54    -12.03    -10.40     -8.65     -6.77     -4.73     -2.49      0.00
      0.00     -3.47     -6.53     -9.34    -11.94    -14.37    -16.62    -18.70    -20.62    -22.39    -24.02    -25.52    -26.89
    -28.15    -29.31    -30.36    -31.34    -32.23    -33.07    -33.84    -34.55    -35.20    -35.82    -36.38    -36.89    -37.34
    -37.70    -37.97    -38.14    -38.20    -38.16    -38.00    -37.72    -37.32    -36.78    -36.10    -35.28    -34.31    -33.18
    -31.90    -30.44    -28.82    -27.02    -25.03    -22.84    -20.44    -17.81    -14.93    -11.77     -8.30     -4.41      0.00
      0.00     -5.24     -9.87    -14.04    -17.83    -21.27    -24.40    -27.23    -29.78    -32.09    -34.19    -36.10    -37.84
    -39.41    -40.84    -42.13    -43.30    -44.37    -45.33    -46.20    -46.98    -47.70    -48.35    -48.93    -49.43    -49.86
    -50.19    -50.41    -50.53    -50.55    -50.46    -50.27    -49.96    -49.52    -48.94    -48.20    -47.28    -46.15    -44.81
    -43.23    -41.41    -39.36    -37.06    -34.50    -31.68    -28.55    -25.09    -21.25    -16.94    -12.07     -6.51      0.00
      0.00     -7.34    -13.74    -19.38    -24.35    -28.74    -32.64    -36.13    -39.28    -42.14    -44.74    -47.11    -49.25
    -51.19    -52.94    -54.52    -55.92    -57.16    -58.24    -59.17    -59.94    -60.58    -61.08    -61.45    -61.69    -61.83
    -61.87    -61.81    -61.67    -61.46    -61.18    -60.85    -60.46    -59.98    -59.39    -58.65    -57.70    -56.52    -55.04
    -53.25    -51.15    -48.74    -46.03    -43.03    -39.73    -36.10    -32.06    -27.50    -22.28    -16.21     -8.93      0.00
      0.00    -10.05    -18.44    -25.49    -31.49    -36.70    -41.28    -45.37    -49.06    -52.41    -55.47    -58.27    -60.80
    -63.10    -65.17    -67.01    -68.62    -70.01    -71.16    -72.08    -72.76    -73.21    -73.43    -73.42    -73.22    -72.84
    -72.34    -71.74    -71.09    -70.42    -69.75    -69.10    -68.47    -67.82    -67.11    -66.30    -65.30    -64.05    -62.49
    -60.55    -58.23    -55.60    -52.68    -49.49    -46.00    -42.15    -37.83    -32.89    -27.09    -20.07    -11.29      0.00
      0.00    -13.31    -23.55    -31.77    -38.59    -44.38    -49.37    -53.75    -57.66    -61.20    -64.43    -67.39    -70.12
    -72.63    -74.95    -77.05    -78.92    -80.53    -81.89    -82.99    -83.78    -84.23    -84.30    -83.98    -83.32    -82.36
    -81.18    -79.88    -78.52    -77.17    -75.87    -74.65    -73.51    -72.44    -71.41    -70.35    -69.16    -67.75    -66.03
    -63.97    -61.58    -58.96    -56.14    -53.07    -49.73    -46.01    -41.78    -36.83    -30.84    -23.28    -13.37      0.00
      0.00    -16.13    -27.75    -36.51    -43.40    -49.00    -53.76    -57.95    -61.79    -65.35    -68.68    -71.80    -74.75
    -77.57    -80.25    -82.78    -85.07    -87.10    -88.91    -90.46    -91.68    -92.45    -92.71    -92.37    -91.44    -89.99
    -88.15    -86.10    -83.99    -81.92    -79.93    -78.05    -76.29    -74.66    -73.14    -71.67    -70.17    -68.54    -66.71
    -64.66    -62.45    -60.07    -57.54    -54.80    -51.76    -48.29    -44.22    -39.31    -33.23    -25.42    -14.90      0.00
      0.00    -17.23    -29.19    -37.85    -44.41    -49.65    -54.04    -57.94    -61.56    -65.02    -68.38    -71.68    -74.95
    -78.19    -81.36    -84.41    -87.27    -89.89    -92.23    -94.23    -95.81    -96.87    -97.33    -97.14    -96.22    -94.59
    -92.38    -89.80    -87.11    -84.48    -81.97    -79.61    -77.42    -75.41    -73.57    -71.84    -70.14    -68.41    -66.57
    -64.63    -62.59    -60.46    -58.24    -55.85    -53.18    -50.04    -46.22    -41.44    -35.31    -27.23    -16.13      0.00
      0.00    -16.97    -28.47    -36.66    -42.81    -47.76    -51.99    -55.82    -59.43    -62.92    -66.39    -69.88    -73.43
    -77.05    -80.68    -84.24    -87.58    -90.63    -93.33    -95.54    -97.14    -98.08    -98.38    -97.94    -96.78    -95.02
    -92.80    -90.21    -87.40    -84.59    -81.91    -79.41    -77.10    -75.05    -73.26    -71.62    -70.00    -68.33    -66.55
    -64.68    -62.77    -60.89    -59.00    -57.02    -54.77    -52.01    -48.50    -43.90    -37.73    -29.30    -17.45      0.00
      0.00    -15.66    -26.57    -34.60    -40.79    -45.85    -50.21    -54.17    -57.93    -61.59    -65.18    -68.77    -72.42
    -76.15    -79.93    -83.64    -87.16    -90.33    -92.99    -95.04    -96.40    -97.00    -96.86    -96.08    -94.76    -92.93
    -90.65    -88.07    -85.37    -82.67    -80.10    -77.71    -75.57    -73.78    -72.33    -71.02    -69.61    -68.09    -66.47
    -64.78    -63.11    -61.55    -60.06    -58.53    -56.70    -54.28    -51.00    -46.52    -40.37    -31.71    -19.15      0.00
      0.00    -15.32    -26.13    -34.15    -40.34    -45.41    -49.87    -53.95    -57.79    -61.45    -64.96    -68.46    -72.02
    -75.65    -79.31    -82.87    -86.19    -89.08    -91.43    -93.12    -94.04    -94.22    -93.73    -92.67    -91.14    -89.20
    -86.94    -84.51    -82.03    -79.58    -77.23    -75.07    -73.21    -71.79    -70.74    -69.75    -68.61    -67.37    -66.07
    -64.78    -63.53    -62.41    -61.40    -60.31    -58.81    -56.66    -53.59    -49.20    -42.94    -33.93    -20.65      0.00
      0.00    -16.13    -27.04    -34.86    -40.85    -45.82    -50.26    -54.31    -58.01    -61.42    -64.70    -67.99    -71.37
    -74.81    -78.22    -81.49    -84.45    -86.93    -88.83    -90.04    -90.56    -90.42    -89.68    -88.42    -86.73    -84.75
    -82.61    -80.40    -78.18    -76.00    -73.93    -72.06    -70.53    -69.43    -68.64    -67.87    -67.02    -66.18    -65.39
    -64.66    -63.97    -63.41    -62.97    -62.44    -61.37    -59.49    -56.61    -52.36    -46.14    -36.92    -22.84      0.00
      0.00    -16.49    -27.43    -35.25    -41.31    -46.36    -50.72    -54.50    -57.82    -60.86    -63.85    -66.90    -70.03
    -73.21    -76.33    -79.29    -81.85    -83.89    -85.38    -86.31    -86.66    -86.39    -85.52    -84.15    -82.45    -80.55
    -78.53    -76.46    -74.41    -72.47    -70.73    -69.24    -68.00    -67.04    -66.28    -65.55    -64.94    -64.53    -64.34
    -64.25    -64.19    -64.21    -64.30    -64.33    -63.91    -62.63    -60.09    -55.92    -49.55    -39.97    -25.09      0.00
      0.00    -16.51    -27.48    -35.46    -41.70    -46.78    -50.94    -54.35    -57.22    -59.85    -62.45    -65.12    -67.89
    -70.70    -73.48    -76.10    -78.36    -80.16    -81.50    -82.38    -82.69    -82.38    -81.51    -80.22    -78.65    -76.89
    -75.01    -73.09    -71.23    -69.54    -68.09    -66.82    -65.68    -64.69    -63.79    -62.94    -62.33    -62.16    -62.41
    -62.89    -63.47    -64.12    -64.77    -65.34    -65.59    -65.10    -63.29    -59.54    -53.11    -42.93    -26.82      0.00
      0.00    -16.78    -28.19    -36.52    -42.86    -47.79    -51.61    -54.58    -57.02    -59.20    -61.30    -63.42    -65.64
    -67.99    -70.42    -72.75    -74.82    -76.52    -77.87    -78.77    -79.05    -78.75    -77.98    -76.86    -75.48    -73.91
    -72.27    -70.68    -69.20    -67.81    -66.42    -64.98    -63.53    -62.16    -60.93    -59.82    -59.01    -58.75    -59.13
    -59.96    -61.01    -62.18    -63.40    -64.64    -65.70    -66.18    -65.42    -62.65    -57.04    -47.35    -30.76      0.00
      0.00    -17.69    -30.24    -39.36    -45.97    -50.72    -54.03    -56.29    -57.95    -59.35    -60.76    -62.35    -64.08
    -66.00    -68.10    -70.22    -72.14    -73.75    -75.04    -75.89    -76.18    -75.94    -75.28    -74.31    -73.15    -71.92
    -70.77    -69.74    -68.71    -67.42    -65.63    -63.48    -61.20    -59.04    -57.19    -55.68    -54.60    -54.11    -54.36
    -55.27    -56.60    -58.16    -59.93    -61.82    -63.71    -65.27    -65.92    -64.75    -60.60    -51.88    -35.22      0.00
      0.00    -19.86    -33.96    -43.99    -50.97    -55.37    -57.83    -59.09    -59.76    -60.25    -60.93    -61.96    -63.25
    -64.88    -66.76    -68.67    -70.45    -71.96    -73.17    -74.03    -74.38    -74.26    -73.75    -73.00    -72.23    -71.56
    -70.94    -70.22    -69.17    -67.48    -64.94    -61.79    -58.45    -55.31    -52.58    -50.37    -48.77    -47.93    -47.92
    -48.76    -50.32    -52.32    -54.59    -57.09    -59.82    -62.54    -64.65    -65.22    -62.88    -55.48    -39.07      0.00
      0.00    -22.73    -38.50    -49.42    -56.47    -60.39    -62.01    -62.23    -61.91    -61.60    -61.60    -62.04    -63.01
    -64.51    -66.27    -68.03    -69.67    -71.09    -72.31    -73.31    -73.91    -74.09    -73.98    -73.77    -73.53    -73.16
    -72.43    -71.20    -69.42    -66.94    -63.65    -59.74    -55.50    -51.31    -47.47    -44.17    -41.62    -40.09    -39.68
    -40.34    -42.02    -44.39    -47.19    -50.35    -53.95    -57.81    -61.36    -63.74    -63.79    -59.62    -45.57      0.00
      0.00    -25.31    -42.49    -54.04    -61.04    -64.47    -65.22    -64.47    -63.42    -62.62    -62.28    -62.48    -63.33
    -64.73    -66.41    -68.11    -69.67    -71.09    -72.53    -73.90    -75.01    -75.84    -76.51    -76.87    -76.73    -75.94
    -74.44    -72.28    -69.50    -66.10    -62.08    -57.48    -52.42    -47.09    -41.83    -37.11    -33.32    -30.69    -29.49
    -29.78    -31.34    -33.98    -37.36    -41.26    -45.67    -50.50    -55.34    -59.50    -62.11    -61.01    -48.27      0.00
      0.00    -26.81    -44.64    -56.49    -63.42    -66.29    -66.30    -65.14    -63.81    -62.96    -62.69    -63.02    -63.96
    -65.39    -67.06    -68.73    -70.32    -71.94    -73.77    -75.73    -77.66    -79.42    -80.84    -81.32    -80.59    -78.87
    -76.45    -73.49    -69.93    -65.68    -60.67    -54.98    -48.72    -42.05    -35.39    -29.20    -23.88    -19.80    -17.33
    -16.70    -17.79    -20.49    -24.40    -29.09    -34.46    -40.43    -46.74    -52.77    -57.24    -57.35    -45.91      0.00
      0.00    -27.16    -44.85    -56.29    -62.97    -65.55    -65.19    -63.96    -62.90    -62.42    -62.57    -63.27    -64.52
    -66.18    -68.00    -69.80    -71.57    -73.50    -75.82    -78.54    -81.60    -84.49    -86.26    -86.09    -84.15    -81.36
    -78.25    -74.87    -70.86    -65.92    -59.95    -53.03    -45.35    -37.23    -29.04    -21.20    -14.16     -8.43     -4.49
     -2.61     -2.94     -5.53     -9.87    -15.45    -22.06    -29.45    -37.32    -45.02    -51.22    -53.12    -43.52      0.00
      0.00    -27.60    -44.03    -54.00    -59.62    -61.75    -61.78    -61.21    -60.88    -61.08    -61.86    -63.14    -64.86
    -66.93    -69.13    -71.29    -73.43    -75.78    -78.62    -82.04    -86.13    -90.01    -91.59    -90.21    -86.95    -83.22
    -79.81    -76.49    -72.46    -67.15    -60.46    -52.50    -43.52    -33.97    -24.38    -15.26     -6.92      0.41      6.10
      9.43      9.97      7.81      3.32     -3.06    -10.87    -19.74    -29.22    -38.61    -46.57    -50.41    -42.92      0.00
      0.00    -27.90    -42.35    -50.26    -54.59    -56.64    -57.48    -57.84    -58.32    -59.25    -60.73    -62.64    -64.96
    -67.64    -70.44    -73.17    -75.92    -78.89    -82.30    -86.21    -90.69    -94.92    -96.24    -94.07    -89.61    -84.94
    -81.52    -78.71    -75.03    -69.72    -62.75    -54.23    -44.54    -34.21    -23.88    -13.89     -4.36      4.43     11.72
     16.55     18.19     16.80     12.58      5.83     -2.82    -12.87    -23.76    -34.56    -43.99    -49.36    -43.19      0.00
      0.00    -26.35    -39.41    -45.88    -49.81    -52.14    -53.54    -54.61    -55.71    -57.24    -59.30    -61.80    -64.83
    -68.28    -71.87    -75.42    -79.03    -82.93    -87.28    -92.01    -96.91   -101.15   -102.66    -99.86    -93.64    -87.34
    -83.78    -81.85    -78.74    -73.93    -67.48    -59.35    -49.80    -39.41    -28.68    -17.93     -7.38      2.67     11.57
     18.05     21.02     20.49     16.72     10.03      0.96     -9.72    -21.40    -33.18    -43.40    -49.03    -42.82      0.00
      0.00    -23.56    -36.18    -42.20    -45.94    -48.42    -50.17    -51.64    -53.18    -55.12    -57.56    -60.54    -64.28
    -68.62    -73.19    -77.77    -82.50    -87.78    -93.83   -100.25   -106.26   -110.89   -112.61   -109.40   -100.65    -91.55
    -87.99    -86.80    -84.80    -81.17    -75.98    -68.93    -59.96    -49.52    -38.22    -26.86    -15.71     -4.61      5.73
     13.64     17.91     18.16     14.75      8.08     -1.24    -12.40    -24.47    -36.25    -45.67    -49.60    -41.72      0.00
      0.00    -20.16    -32.47    -38.66    -42.47    -45.02    -46.94    -48.68    -50.49    -52.63    -55.26    -58.59    -62.97
    -68.19    -73.87    -79.72    -85.87    -93.11   -101.86   -111.11   -119.17   -124.72   -127.01   -124.59   -113.33   -100.60
    -96.46    -96.10    -95.12    -93.06    -89.53    -83.75    -75.64    -65.52    -53.85    -42.35    -31.48    -19.91     -8.50
      0.94      6.54      7.75      4.84     -1.71    -11.15    -22.29    -33.88    -44.11    -50.32    -50.26    -39.43      0.00
      0.00    -16.55    -28.07    -34.62    -38.67    -41.30    -43.33    -45.28    -47.31    -49.49    -52.07    -55.52    -60.23
    -66.21    -73.15    -80.63    -88.73    -98.61   -110.87   -123.24   -133.30   -140.81   -145.78   -145.78   -134.88   -117.53
   -109.15   -109.00   -109.06   -107.63   -105.12   -101.54    -96.31    -89.16    -80.19    -71.09    -61.27    -49.11    -36.09
    -24.95    -17.62    -14.95    -16.85    -22.28    -30.33    -39.52    -48.20    -54.08    -54.34    -48.40    -33.97      0.00
      0.00    -12.16    -22.23    -28.77    -33.15    -36.08    -38.30    -40.45    -42.87    -45.36    -47.67    -50.45    -54.48
    -60.56    -68.72    -78.54    -89.65   -102.37   -115.98   -129.10   -140.95   -154.51   -170.29   -180.50   -177.77   -155.27
   -130.13   -119.98   -116.60   -114.81   -114.11   -114.68   -117.47   -122.83   -127.21   -123.23   -111.25    -95.85    -79.56
    -66.62    -57.74    -52.77    -51.65    -53.58    -57.02    -60.51    -62.15    -59.78    -52.47    -41.51    -25.97      0.00
      0.00     -6.26    -12.73    -17.86    -21.85    -24.87    -27.23    -29.57    -32.55    -35.71    -37.39    -38.19    -40.02
    -44.67    -52.78    -63.68    -75.49    -86.73    -96.08   -104.63   -113.72   -126.73   -142.06   -153.54   -160.23   -153.11
   -126.12   -103.45    -93.05    -90.63    -93.00    -99.46   -114.33   -134.48   -153.10   -157.23   -143.88   -123.83   -105.87
    -95.81    -88.25    -81.62    -77.25    -74.64    -71.53    -66.75    -59.83    -49.71    -37.94    -26.51    -14.64      0.00
      0.00      0.00      0.00      0.00      0.00      0.00      0.00      0.00      0.00      0.00      0.00      0.00      0.00
      0.00      0.00      0.00      0.00      0.00      0.00      0.00      0.00      0.00      0.00      0.00      0.00      0.00
      0.00      0.00      0.00      0.00      0.00      0.00      0.00      0.00      0.00      0.00      0.00      0.00      0.00
      0.00      0.00      0.00      0.00      0.00      0.00      0.00      0.00      0.00      0.00      0.00      0.00      0.00
      0.00      0.00      0.00      0.00      0.00      0.00      0.00      0.00      0.00      0.00      0.00      0.00      0.00
      0.00      0.00      0.00      0.00      0.00      0.00      0.00      0.00      0.00      0.00      0.00      0.00      0.00
      0.00      0.00      0.00      0.00      0.00      0.00      0.00      0.00      0.00      0.00      0.00      0.00      0.00
      0.00      0.00      0.00      0.00      0.00      0.00      0.00      0.00      0.00      0.00      0.00      0.00      0.00
      0.00     20.09     36.22     50.60     64.28     77.59     90.57    103.15    115.25    126.80    137.76    148.08    157.75
    166.76    175.11    182.81    189.86    196.26    202.03    207.16    211.65    215.49    218.67    221.20    223.07    224.31
    224.91    224.89    224.24    222.95    221.03    218.46    215.24    211.36    206.81    201.60    195.70    189.12    181.83
    173.82    165.08    155.59    145.35    134.32    122.48    109.80     96.20     81.55     65.54     47.57     26.39      0.00
      0.00     33.12     61.37     87.08    111.08    133.58    154.63    174.25    192.48    209.36    224.98    239.40    252.69
    264.91    276.10    286.29    295.51    303.79    311.15    317.61    323.17    327.85    331.65    334.61    336.75    338.08
    338.62    338.38    337.33    335.49    332.85    329.38    325.09    319.96    313.97    307.10    299.33    290.64    280.99
    270.33    258.59    245.70    231.55    216.05    199.04    180.35    159.72    136.76    110.87     81.04     45.36      0.00
      0.00     48.10     88.28    123.69    155.58    184.53    210.89    234.94    256.92    277.03    295.45    312.37    327.89
    342.09    355.02    366.73    377.28    386.71    395.06    402.35    408.58    413.78    417.97    421.18    423.45    424.77
    425.16    424.64    423.22    420.90    417.73    413.70    408.78    402.94    396.12    388.28    379.40    369.45    358.44
    346.31    332.98    318.28    301.98    283.86    263.66    241.07    215.61    186.60    153.02    113.24     64.33      0.00
      0.00     63.32    114.42    158.06    196.32    230.29    260.66    287.99    312.70    335.19    355.78    374.66    391.97
    407.78    422.18    435.24    447.03    457.59    466.96    475.12    482.10    487.90    492.56    496.09    498.48    499.76
    499.90    498.91    496.80    493.63    489.47    484.43    478.53    471.76    464.11    455.52    445.93    435.27    423.46
    410.44    396.11    380.40    363.04    343.66    321.83    297.04    268.62    235.51    196.03    147.49     85.21      0.00
      0.00     76.87    137.44    188.09    231.63    269.64    303.26    333.36    360.62    385.53    408.39    429.40    448.71
    466.45    482.70    497.49    510.88    522.87    533.49    542.72    550.55    557.00    562.09    565.83    568.22    569.27
    569.00    567.39    564.44    560.18    554.73    548.21    540.79    532.56    523.56    513.77    503.16    491.61    479.01
    465.27    450.29    433.89    415.76    395.39    372.28    345.81    315.10    278.81    234.75    179.20    105.28      0.00
      0.00     89.60    158.77    215.41    263.34    305.04    342.11    375.51    405.87    433.67    459.27    482.89    504.72
    524.82    543.23    559.99    575.06    588.41    600.01    609.92    618.25    625.06    630.36    634.16    636.46    637.25
    636.50    634.22    630.42    625.13    618.45    610.53    601.54    591.62    580.86    569.30    556.94    543.73    529.60
    514.42    497.90    479.68    459.54    437.18    412.06    383.33    349.77    309.73    260.90    199.42    117.73      0.00
      0.00    103.85    181.51    244.13    296.71    342.18    382.49    418.91    452.23    482.99    511.60    538.27    563.04
    585.82    606.41    624.64    640.55    654.32    666.25    676.56    685.32    692.54    698.21    702.28    704.69    705.40
    704.36    701.52    696.86    690.49    682.63    673.43    662.99    651.49    638.97    625.40    610.81    595.19    578.46
    560.49    541.03    519.83    496.74    471.49    443.50    411.77    374.97    331.25    278.18    212.17    125.52      0.00
      0.00    118.90    204.81    272.43    328.78    377.68    421.43    461.49    498.71    533.47    565.82    595.73    623.27
    648.20    670.14    688.93    704.92    718.89    731.47    742.82    752.63    760.65    766.78    770.99    773.29    773.69
    772.24    768.95    763.71    756.50    747.42    736.75    724.72    711.43    696.97    681.23    664.11    645.58    625.55
    603.89    580.68    556.00    529.65    501.27    470.26    435.51    395.53    348.42    291.88    222.18    131.51      0.00
      0.00    128.00    220.95    294.85    356.92    411.06    459.59    504.12    545.43    583.83    619.44    652.23    682.06
    708.56    731.55    751.28    768.46    784.04    798.40    811.07    821.68    830.12    836.31    840.42    842.67    842.89
    840.86    836.69    830.53    822.38    812.17    800.01    786.18    770.84    754.10    735.91    715.95    694.07    670.22
    644.51    617.27    588.68    558.78    527.36    493.64    456.54    414.52    365.61    307.12    235.10    140.82      0.00
      0.00    135.27    234.91    315.23    383.27    442.97    496.76    545.82    590.93    632.91    672.00    707.99    740.49
    769.34    794.56    816.48    835.75    852.96    868.28    881.57    892.57    901.03    907.28    911.58    913.67    913.29
    910.36    904.97    897.44    887.83    876.05    862.13    846.30    828.75    809.63    788.84    766.04    740.91    713.27
    683.43    651.83    618.86    585.00    550.12    513.33    473.65    429.88    380.13    321.41    248.50    150.92      0.00
      0.00    145.28    252.94    339.75    413.15    477.51    535.63    588.93    638.24    684.19    726.91    766.22    801.80
    833.51    861.32    885.34    906.10    924.32    940.26    953.75    964.60    973.23    979.89    983.92    984.79    982.84
    978.54    971.86    962.84    951.51    937.84    921.86    903.80    884.02    862.68    839.46    813.99    785.90    754.89
    721.15    685.25    647.81    609.46    570.43    530.11    487.47    441.17    389.40    328.94    254.34    155.14      0.00
      0.00    158.74    275.48    369.07    447.45    515.65    577.29    634.42    687.76    737.43    783.34    825.45    863.68
    897.72    927.35    952.82    974.87    994.18   1010.86   1024.92   1037.03   1047.09   1053.83   1056.44   1055.52   1051.79
   1045.66   1037.18   1026.29   1012.89    996.82    978.36    958.06    936.27    912.78    887.08    858.86    827.97    794.16
    757.10    717.31    675.70    633.09    589.84    545.55    499.56    450.67    396.67    334.21    257.78    156.23      0.00
      0.00    171.67    296.25    395.85    479.64    552.73    618.57    679.32    735.99    788.96    838.11    882.77    922.56
    957.50    987.99   1014.59   1038.06   1059.02   1077.66   1094.52   1109.51   1120.69   1126.52   1127.83   1125.81   1120.93
   1113.25   1102.96   1090.11   1074.47   1055.67   1034.07   1010.66    986.17    960.12    931.59    899.98    865.40    828.49
    789.06    746.70    702.14    656.26    609.43    561.49    511.97    460.19    404.43    341.11    263.91    160.93      0.00
      0.00    183.44    314.73    419.44    508.18    586.26    656.86    721.70    781.85    837.93    889.29    935.13    975.27
   1009.98   1040.53   1068.28   1094.24   1118.77   1141.34   1161.87   1178.93   1190.02   1195.27   1196.45   1194.58   1189.73
   1181.88   1170.98   1156.77   1138.90   1117.26   1091.89   1063.99   1035.07   1005.20    973.25    938.01    898.92    857.21
    814.46    770.25    724.00    676.45    627.88    577.87    526.01    471.98    414.61    350.26    271.46    165.12      0.00
      0.00    195.12    333.18    443.00    536.36    619.25    694.31    762.68    825.06    881.86    933.24    978.82   1018.07
   1051.88   1083.24   1113.82   1143.78   1172.91   1199.96   1223.92   1242.46   1253.89   1260.60   1263.83   1263.80   1260.49
   1253.82   1242.96   1227.24   1206.89   1182.12   1152.89   1119.73   1084.36   1048.18   1011.12    971.99    929.39    883.29
    835.81    788.47    741.00    693.23    644.74    594.52    542.01    487.28    429.81    365.83    286.93    177.43      0.00
      0.00    207.07    351.33    466.03    564.65    652.10    729.66    798.72    860.57    916.31    966.66   1011.46   1050.93
   1086.61   1120.92   1154.96   1189.05   1222.49   1253.36   1279.95   1300.73   1315.49   1326.35   1333.77   1337.17   1335.92
   1329.94   1318.33   1300.85   1277.98   1249.96   1216.98   1179.05   1137.07   1092.99   1048.14   1002.67    955.63    906.40
    855.82    805.36    756.26    708.30    660.10    610.60    559.29    506.20    450.82    389.55    313.56    203.60      0.00
      0.00    217.81    367.10    486.14    588.40    677.57    755.30    823.80    884.95    940.02    990.00   1035.57   1077.37
   1116.83   1155.52   1193.86   1232.00   1269.11   1303.50   1334.17   1360.25   1381.57   1398.67   1410.87   1416.80   1416.47
   1409.82   1396.79   1377.07   1350.72   1318.41   1280.90   1238.50   1191.60   1141.24   1088.83   1035.13    980.32    925.33
    871.44    818.33    767.15    719.23    673.10    626.27    577.66    527.73    476.21    419.39    347.67    234.51      0.00
      0.00    226.25    378.76    500.45    604.38    693.07    769.71    837.24    897.67    953.01   1004.42   1052.00   1097.09
   1141.35   1185.45   1229.28   1272.71   1315.05   1355.08   1392.93   1427.44   1457.38   1480.63   1495.12   1502.32   1502.86
   1495.60   1479.71   1455.26   1422.62   1383.19   1338.68   1290.40   1239.48   1185.77   1128.56   1068.02   1005.30    941.72
    880.41    823.00    769.70    721.99    678.85    636.14    591.79    546.96    501.92    453.57    389.84    274.47      0.00
      0.00    233.67    387.67    509.15    612.60    699.82    774.53    840.60    900.80    957.22   1010.81   1061.83   1111.43
   1161.06   1210.93   1261.20   1311.78   1361.62   1410.55   1458.70   1502.96   1539.83   1566.65   1584.64   1595.03   1596.40
   1587.23   1565.96   1533.46   1491.34   1442.21   1388.60   1332.70   1276.03   1218.42   1158.06   1093.55   1025.56    955.86
    887.03    823.54    767.23    719.00    677.53    638.14    598.56    559.66    521.90    480.74    418.87    296.10      0.00
      0.00    242.68    395.43    513.03    612.51    697.80    771.44    836.34    896.49    954.69   1011.39   1066.52   1120.96
   1175.90   1231.99   1289.91   1349.15   1408.66   1469.22   1529.19   1583.03   1625.98   1658.08   1681.68   1694.70   1694.40
   1678.48   1647.57   1604.02   1550.46   1490.24   1426.92   1363.02   1299.69   1237.11   1173.96   1107.82   1037.42    965.13
    893.42    826.77    768.18    718.77    677.24    638.45    599.73    562.69    528.54    490.64    430.20    305.88      0.00
      0.00    256.63    407.58    518.03    609.94    690.67    762.34    827.16    888.41    948.60   1008.31   1066.82   1125.16
   1185.31   1248.59   1315.71   1385.65   1457.45   1531.45   1603.81   1667.24   1718.86   1757.57   1785.02   1799.12   1792.14
   1763.07   1718.58   1661.85   1595.64   1522.90   1447.98   1374.73   1304.52   1237.01   1170.77   1102.89   1032.12    960.93
    891.78    827.51    770.51    721.46    678.40    636.74    594.19    554.61    522.14    491.72    442.21    323.47      0.00
      0.00    288.52    433.68    530.47    611.06    684.17    752.53    817.24    879.40    940.83   1002.05   1063.04   1125.24
   1191.21   1262.90   1340.99   1424.08   1510.91   1599.56   1685.32   1761.61   1823.26   1867.33   1899.06   1908.77   1886.57
   1839.67   1778.68   1707.73   1627.62   1540.91   1452.47   1366.37   1284.93   1207.77   1134.40   1063.04    994.53    930.00
    868.97    810.03    757.33    712.65    671.06    625.89    575.93    531.51    502.56    485.61    455.67    350.46      0.00
      0.00    333.31    475.97    551.37    616.48    679.96    743.50    806.48    868.86    931.01    993.26   1056.15   1122.01
   1194.43   1275.54   1366.03   1465.15   1570.45   1677.90   1782.16   1879.01   1960.46   2015.02   2041.08   2023.11   1971.27
   1905.82   1831.20   1749.40   1656.40   1553.92   1447.72   1340.10   1233.25   1130.80   1041.71    972.40    918.14    869.89
    818.46    762.83    716.11    677.26    639.02    592.14    535.88    489.05    469.64    473.89    467.92    374.37      0.00
      0.00    374.94    520.85    572.62    620.78    672.81    730.11    790.37    852.64    916.12    980.40   1045.72   1115.36
   1194.58   1285.93   1390.32   1507.21   1635.13   1771.80   1912.62   2050.87   2165.83   2228.15   2215.79   2128.11   2026.05
   1963.42   1895.76   1807.04   1699.22   1578.72   1447.84   1304.77   1150.39   1002.94    897.18    845.43    820.86    792.38
    747.10    687.59    638.80    602.96    569.05    523.52    470.24    436.21    441.17    475.99    494.74    404.64      0.00
      0.00    383.13    541.66    581.29    616.82    659.55    710.02    765.89    826.18    890.54    958.69   1028.63   1102.86
   1190.24   1293.58   1412.04   1545.89   1699.64   1879.99   2087.22   2296.80   2452.06   2510.88   2452.91   2222.19   2015.19
   2042.23   2018.41   1905.85   1772.26   1632.62   1474.55   1286.55   1068.11    857.03    742.81    741.26    759.98    745.49
    688.86    617.06    569.59    544.04    522.91    487.81    443.97    428.31    462.60    526.12    554.07    449.12      0.00
      0.00    356.03    521.30    572.49    606.05    643.35    688.21    737.79    790.51    849.11    918.78    996.97   1080.10
   1178.87   1295.86   1427.69   1575.12   1760.29   2012.49   2334.02   2656.45   2891.85   3024.86   3018.35   2578.07   2024.18
   2097.77   2178.44   2076.15   1899.31   1725.23   1543.65   1320.58   1039.95    757.37    683.09    792.08    856.35    829.83
    743.61    670.53    644.95    641.60    634.23    605.36    560.32    538.08    570.07    624.69    627.68    491.95      0.00
      0.00    311.19    479.23    555.37    603.08    641.54    679.69    721.19    761.53    802.23    856.29    942.46   1041.65
   1155.28   1290.46   1445.98   1629.73   1904.96   2289.49   2735.50   3151.62   3578.50   4170.96   4616.56   4292.98   2998.05
   2253.76   2299.82   2257.39   2050.98   1827.14   1648.58   1450.80   1201.63    986.14   1118.32   1328.94   1378.61   1290.92
   1165.52   1084.83   1073.38   1071.58   1042.72    983.59    894.47    808.42    761.62    730.44    658.29    479.79      0.00
      0.00    246.77    419.01    528.64    611.47    663.62    695.81    728.07    765.21    806.97    848.67    898.31    978.96
   1093.60   1263.63   1510.63   1906.89   2437.67   2870.91   3224.13   3607.31   4414.61   6077.07   7141.00   7887.49   6717.01
   3395.02   2409.55   2253.97   2050.23   1806.56   1702.53   1707.84   1888.09   2472.56   2886.93   2684.41   2472.02   2282.28
   2142.54   2077.50   2056.14   1975.55   1836.68   1656.89   1442.96   1209.82    978.51    786.49    612.70    393.80      0.00
      0.00    135.81    276.82    395.54    504.83    585.29    628.51    653.99    694.48    773.84    861.16    854.12    813.56
    865.57   1048.55   1393.39   2026.45   2706.39   2877.28   2917.59   3170.71   4209.59   6140.55   6956.20   8640.79   9429.19
   4845.99   2306.69   1730.60   1559.66   1381.39   1417.88   1779.99   2676.72   4165.18   4451.78   3617.77   3198.94   3031.64
   2960.85   2997.14   2973.77   2777.98   2505.57   2141.83   1748.85   1370.45    963.21    659.11    435.10    238.59      0.00
      0.00      0.00      0.00      0.00      0.00      0.00      0.00      0.00      0.00      0.00      0.00      0.00      0.00
      0.00      0.00      0.00      0.00      0.00      0.00      0.00      0.00      0.00      0.00      0.00      0.00      0.00
      0.00      0.00      0.00      0.00      0.00      0.00      0.00      0.00      0.00      0.00      0.00      0.00      0.00
      0.00      0.00      0.00      0.00      0.00      0.00      0.00      0.00      0.00      0.00      0.00      0.00      0.00
      0.00      0.00      0.00      0.00      0.00      0.00      0.00      0.00      0.00      0.00      0.00      0.00      0.00
      0.00      0.00      0.00      0.00      0.00      0.00      0.00      0.00      0.00      0.00      0.00      0.00      0.00
      0.00      0.00      0.00      0.00      0.00      0.00      0.00      0.00      0.00      0.00      0.00      0.00      0.00
      0.00      0.00      0.00      0.00      0.00      0.00      0.00      0.00      0.00      0.00      0.00      0.00      0.00
      0.00   -271.58   -510.44   -728.09   -938.56  -1146.77  -1352.21  -1551.96  -1742.44  -1920.48  -2083.72  -2230.41  -2360.44
  -2474.47  -2574.79  -2664.54  -2746.02  -2820.53  -2887.81  -2947.35  -3000.27  -3045.80  -3079.30  -3100.31  -3108.03  -3103.92
  -3092.46  -3075.83  -3055.82  -3034.72  -3012.66  -2988.63  -2959.82  -2924.56  -2880.86  -2827.52  -2764.06  -2690.62  -2607.69
  -2514.45  -2410.58  -2294.24  -2164.72  -2020.37  -1858.50  -1677.38  -1475.07  -1249.08   -996.28   -708.83   -376.75      0.00
      0.00   -385.32   -734.30  -1055.56  -1355.02  -1631.90  -1883.86  -2109.22  -2307.40  -2479.58  -2628.22  -2756.06  -2866.29
  -2961.13  -3042.18  -3111.21  -3169.80  -3219.50  -3261.38  -3296.44  -3325.22  -3347.86  -3363.96  -3373.07  -3375.36  -3371.12
  -3360.88  -3345.44  -3324.86  -3299.26  -3269.71  -3235.77  -3196.20  -3151.08  -3101.08  -3045.32  -2981.76  -2909.57  -2829.55
  -2740.39  -2640.61  -2530.03  -2406.74  -2267.87  -2111.05  -1931.77  -1724.01  -1480.36  -1191.92   -851.04   -452.85      0.00
      0.00   -474.53   -899.99  -1276.16  -1605.04  -1887.26  -2125.44  -2323.71  -2487.80  -2623.48  -2735.72  -2829.40  -2908.69
  -2976.71  -3035.01  -3084.27  -3124.93  -3157.50  -3182.60  -3200.73  -3212.57  -3218.78  -3219.83  -3215.95  -3207.25  -3193.82
  -3175.68  -3152.88  -3125.80  -3094.74  -3060.04  -3021.75  -2979.97  -2934.74  -2885.91  -2833.13  -2776.07  -2714.08  -2645.82
  -2570.28  -2486.48  -2392.61  -2285.96  -2164.64  -2026.34  -1866.37  -1678.11  -1453.68  -1183.69   -857.73   -464.44      0.00
      0.00   -551.52  -1028.38  -1428.53  -1759.02  -2026.35  -2239.16  -2408.64  -2545.49  -2657.87  -2751.36  -2829.54  -2894.73
  -2948.70  -2992.66  -3027.48  -3053.87  -3072.44  -3083.72  -3088.29  -3086.71  -3079.56  -3067.30  -3050.15  -3028.41  -3002.60
  -2973.21  -2940.81  -2905.88  -2868.76  -2829.61  -2788.46  -2745.54  -2701.10  -2655.10  -2607.67  -2558.68  -2508.03  -2455.56
  -2400.69  -2342.67  -2280.70  -2214.10  -2141.95  -2061.25  -1964.92  -1839.02  -1663.31  -1414.13  -1064.59   -591.16      0.00
      0.00   -573.67  -1057.19  -1455.14  -1779.68  -2041.64  -2251.92  -2421.42  -2559.43  -2672.22  -2763.68  -2836.46  -2892.99
  -2935.36  -2965.45  -2985.38  -2996.95  -3001.41  -2999.47  -2991.61  -2978.56  -2960.96  -2939.01  -2912.68  -2882.01  -2847.19
  -2808.46  -2766.53  -2722.20  -2676.18  -2629.19  -2582.21  -2535.71  -2490.53  -2446.91  -2405.16  -2366.28  -2331.19  -2300.56
  -2275.38  -2257.23  -2248.50  -2250.40  -2257.81  -2257.26  -2230.81  -2155.75  -2002.90  -1744.49  -1348.86   -771.62      0.00
      0.00   -579.67  -1073.30  -1481.21  -1814.09  -2084.10  -2302.38  -2477.26  -2614.16  -2717.25  -2791.80  -2844.13  -2879.50
  -2902.45  -2916.78  -2924.20  -2925.51  -2920.94  -2910.44  -2894.61  -2873.83  -2848.17  -2817.39  -2781.37  -2740.66  -2696.09
  -2648.36  -2598.00  -2544.81  -2489.22  -2432.47  -2375.71  -2320.03  -2267.42  -2220.51  -2180.48  -2148.60  -2126.70  -2116.16
  -2117.47  -2138.15  -2181.50  -2231.09  -2270.80  -2292.14  -2280.71  -2225.32  -2097.09  -1844.46  -1434.88   -832.69      0.00
      0.00   -636.53  -1173.87  -1606.05  -1938.98  -2188.12  -2377.75  -2523.52  -2633.38  -2713.76  -2771.16  -2812.63  -2842.71
  -2863.83  -2878.36  -2887.69  -2891.17  -2887.01  -2874.45  -2853.74  -2824.12  -2785.26  -2737.14  -2681.29  -2619.90  -2554.78
  -2487.60  -2419.75  -2351.60  -2283.28  -2214.47  -2145.10  -2077.16  -2012.67  -1955.41  -1909.58  -1877.59  -1861.11  -1862.42
  -1885.31  -1929.85  -1992.31  -2067.90  -2139.55  -2181.95  -2182.07  -2122.75  -1979.22  -1717.37  -1319.64   -759.03      0.00
      0.00   -701.53  -1256.96  -1670.08  -1973.66  -2196.34  -2364.87  -2497.63  -2603.61  -2687.36  -2752.40  -2802.90  -2842.04
  -2872.23  -2896.22  -2915.43  -2927.10  -2926.61  -2912.77  -2882.28  -2836.24  -2776.30  -2704.54  -2623.21  -2534.53  -2440.70
  -2343.60  -2245.60  -2149.86  -2057.44  -1967.75  -1880.94  -1797.70  -1719.59  -1649.67  -1593.21  -1553.69  -1534.53  -1538.60
  -1565.89  -1618.78  -1701.11  -1798.97  -1883.70  -1942.10  -1957.65  -1903.09  -1751.42  -1488.47  -1118.64   -629.61      0.00
      0.00   -666.57  -1192.68  -1589.88  -1892.76  -2129.99  -2320.43  -2475.54  -2602.15  -2703.35  -2783.08  -2846.62  -2897.48
  -2939.27  -2972.76  -2998.90  -3013.61  -3010.04  -2985.50  -2941.37  -2879.12  -2798.82  -2703.03  -2593.79  -2473.45  -2344.57
  -2211.10  -2076.82  -1945.88  -1820.95  -1702.69  -1591.13  -1487.15  -1390.93  -1304.28  -1232.22  -1180.14  -1152.22  -1148.04
  -1165.20  -1214.07  -1296.66  -1388.61  -1472.37  -1540.80  -1581.72  -1570.22  -1465.92  -1252.13   -943.40   -533.35      0.00
      0.00   -624.25  -1134.50  -1541.99  -1867.44  -2129.14  -2341.50  -2515.99  -2659.81  -2776.95  -2871.51  -2947.19  -3008.98
  -3059.25  -3098.51  -3125.36  -3135.35  -3126.93  -3095.81  -3040.74  -2960.71  -2858.69  -2735.23  -2591.75  -2432.26  -2262.94
  -2089.82  -1918.30  -1750.58  -1589.17  -1437.95  -1297.20  -1164.15  -1039.10   -925.07   -828.15   -755.89   -712.02   -692.42
   -695.81   -731.69   -798.93   -880.28   -963.98  -1045.69  -1109.65  -1132.31  -1089.15   -966.75   -759.93   -448.29      0.00
      0.00   -633.80  -1150.74  -1569.36  -1910.20  -2189.31  -2419.32  -2609.40  -2766.58  -2896.62  -3003.90  -3092.75  -3167.45
  -3228.41  -3275.06  -3305.04  -3316.70  -3305.50  -3265.48  -3194.08  -3094.15  -2966.88  -2809.59  -2627.44  -2427.41  -2216.89
  -2003.03  -1793.97  -1587.49  -1385.45  -1197.38  -1019.62   -844.54   -674.60   -517.33   -382.37   -279.35   -210.71   -169.28
   -157.01   -180.85   -238.19   -314.13   -396.41   -483.10   -565.62   -625.94   -645.92   -613.15   -510.77   -319.20      0.00
      0.00   -674.29  -1215.63  -1647.16  -1998.63  -2292.13  -2538.37  -2743.67  -2914.48  -3057.80  -3180.49  -3286.54  -3377.57
  -3454.25  -3514.33  -3554.05  -3571.47  -3559.81  -3511.12  -3425.29  -3298.86  -3135.49  -2939.39  -2721.41  -2486.45  -2237.54
  -1985.07  -1733.39  -1481.92  -1236.53  -1002.31   -768.55   -531.14   -297.04    -80.09    105.76    248.95    350.14    420.35
    454.23    444.30    393.44    312.40    214.53    106.32     -5.94   -111.50   -197.35   -250.07   -253.21   -180.74      0.00
      0.00   -723.06  -1295.88  -1751.69  -2124.09  -2436.46  -2701.15  -2924.98  -3114.83  -3277.61  -3419.63  -3546.56  -3660.83
  -3760.76  -3841.11  -3894.91  -3915.27  -3895.99  -3834.26  -3726.17  -3564.26  -3355.66  -3119.77  -2866.65  -2597.10  -2314.40
  -2025.68  -1733.48  -1436.97  -1142.66   -846.17   -537.47   -218.51     97.77    391.47    642.98    836.89    975.23   1079.95
   1144.32   1154.45   1111.96   1023.92    899.26    747.28    578.69    405.92    239.60     90.07    -25.41    -70.00      0.00
      0.00   -780.56  -1396.54  -1888.36  -2290.50  -2628.67  -2919.41  -3169.72  -3384.34  -3570.86  -3737.72  -3890.96  -4031.52
  -4158.08  -4261.84  -4327.87  -4344.35  -4309.94  -4229.88  -4093.63  -3891.55  -3631.79  -3352.77  -3063.01  -2758.95  -2442.72
  -2116.80  -1785.67  -1443.70  -1088.66   -711.68   -310.90    105.26    518.70    906.60   1244.53   1513.29   1709.21   1852.84
   1953.22   1989.42   1953.65   1851.62   1690.16   1478.68   1230.72    964.81    696.88    439.69    213.21     51.51      0.00
      0.00   -859.54  -1539.87  -2075.27  -2513.97  -2888.88  -3210.40  -3483.80  -3721.32  -3933.75  -4127.03  -4302.00  -4467.60
  -4635.55  -4794.44  -4905.00  -4923.46  -4856.47  -4746.29  -4571.76  -4312.41  -4003.96  -3693.54  -3367.53  -3021.41  -2665.33
  -2305.42  -1925.26  -1513.99  -1065.95   -580.88    -67.04    462.66    990.68   1492.94   1943.09   2317.94   2605.37   2809.08
   2948.05   3013.45   2981.47   2853.22   2637.03   2343.78   1990.61   1601.51   1199.39    804.67    443.27    153.29      0.00
      0.00   -962.52  -1715.58  -2307.18  -2798.71  -3214.33  -3559.71  -3854.28  -4112.61  -4338.87  -4538.14  -4733.61  -4927.10
  -5135.85  -5376.96  -5592.41  -5653.46  -5537.13  -5384.02  -5173.23  -4864.50  -4511.78  -4164.91  -3798.96  -3426.91  -3049.67
  -2635.40  -2166.26  -1640.54  -1060.90   -435.44    221.60    894.78   1566.69   2213.36   2805.14   3314.25   3718.25   4012.13
   4206.38   4298.92   4262.16   4090.45   3795.19   3388.09   2889.76   2330.25   1742.57   1164.06    638.21    219.73      0.00
      0.00  -1081.65  -1923.75  -2592.62  -3146.80  -3596.03  -3951.62  -4264.04  -4541.82  -4776.22  -4992.65  -5222.13  -5445.37
  -5684.48  -5947.67  -6170.70  -6269.08  -6202.20  -6064.02  -5852.93  -5541.79  -5187.74  -4817.82  -4444.78  -4057.00  -3610.74
  -3089.08  -2486.62  -1809.25  -1066.26   -270.33    566.94   1429.21   2293.56   3131.68   3907.47   4585.73   5133.73   5536.12
   5801.05   5919.50   5861.08   5623.10   5211.04   4638.40   3935.78   3143.48   2304.82   1474.41    721.05    161.92      0.00
      0.00  -1222.34  -2170.07  -2915.02  -3514.65  -3980.94  -4357.05  -4691.71  -4988.11  -5239.16  -5478.42  -5736.48  -5986.29
  -6246.86  -6515.85  -6747.30  -6854.40  -6826.97  -6740.42  -6572.10  -6315.13  -6008.91  -5695.82  -5327.91  -4872.40  -4307.32
  -3633.18  -2859.24  -2007.19  -1087.80   -101.99    950.24   2056.52   3184.81   4287.63   5314.46   6214.43   6947.12   7487.63
   7846.19   8002.75   7915.48   7571.41   6974.59   6151.45   5153.68   4040.71   2867.38   1690.15    594.43   -197.84      0.00
      0.00  -1405.10  -2464.18  -3264.90  -3888.33  -4376.29  -4782.83  -5139.46  -5457.78  -5753.49  -6028.48  -6295.11  -6561.12
  -6833.47  -7098.71  -7329.98  -7437.87  -7451.67  -7417.85  -7335.89  -7198.48  -7047.82  -6816.42  -6431.49  -5854.40  -5094.84
  -4204.80  -3235.51  -2219.53  -1151.18     14.66   1313.16   2737.51   4235.39   5718.36   7097.83   8304.91   9293.07  10039.13
  10542.46  10764.27  10629.44  10120.35   9253.21   8068.21   6654.57   5102.01   3501.92   1942.56    576.80   -205.97      0.00
      0.00  -1681.07  -2851.38  -3677.75  -4302.64  -4802.80  -5227.83  -5613.56  -5984.51  -6331.15  -6637.06  -6910.81  -7183.58
  -7460.15  -7710.23  -7906.08  -8015.83  -8078.09  -8128.12  -8188.02  -8278.28  -8362.50  -8248.54  -7806.13  -6970.55  -5855.70
  -4659.42  -3504.13  -2413.43  -1303.83    -16.16   1560.30   3422.33   5479.03   7556.13   9450.84  11062.93  12376.30  13409.26
  14144.36  14465.28  14240.92  13472.72  12217.68  10556.09   8611.24   6508.96   4402.38   2476.16    929.68     24.26      0.00
      0.00  -2128.22  -3404.65  -4203.03  -4783.75  -5272.27  -5732.18  -6172.03  -6588.50  -6976.56  -7310.66  -7597.77  -7874.11
  -8138.45  -8361.57  -8519.72  -8627.14  -8712.23  -8832.25  -9127.75  -9601.42 -10054.55 -10143.87  -9541.15  -8135.22  -6378.05
  -4820.30  -3633.53  -2697.84  -1684.13   -277.36   1670.91   4147.45   7033.02  10018.97  12552.27  14501.97  16105.90  17522.57
  18669.45  19193.84  18818.74  17636.01  15876.33  13733.12  11294.55   8572.14   5784.72   3291.85   1314.98     89.87      0.00
      0.00  -2956.90  -4325.38  -4960.26  -5376.31  -5764.86  -6239.39  -6771.54  -7275.01  -7715.30  -8078.53  -8370.37  -8631.10
  -8870.42  -9056.52  -9176.21  -9248.47  -9335.21  -9579.72 -10208.53 -11282.67 -12349.41 -12866.51 -11840.97  -9171.67  -6329.41
  -4527.38  -3793.38  -3407.33  -2571.22   -951.96   1537.80   4934.23   9065.36  13360.06  16419.35  18303.48  20051.59  22105.27
  24137.47  25058.17  24328.62  22554.79  20317.88  17912.44  15145.22  11720.45   8001.19   4544.88   1770.62     55.32      0.00
      0.00  -4582.15  -5883.26  -6037.59  -6093.71  -6215.00  -6598.08  -7227.91  -7875.70  -8426.33  -8874.63  -9206.99  -9450.84
  -9653.06  -9806.86  -9879.97  -9885.26  -9945.19 -10346.45 -11417.01 -13557.57 -15617.03 -17302.96 -15536.79 -10310.56  -5609.69
  -3488.63  -4333.17  -5279.21  -4520.08  -2498.39    787.73   5503.50  11408.48  17421.65  20370.18  21731.23  23681.93  26895.26
  30525.61  32153.57  30854.79  28342.36  25713.63  23564.70  20747.84  16351.10  11207.40   6291.01   2496.21    245.90      0.00
      0.00  -7177.81  -8024.44  -7349.06  -6999.05  -6697.04  -6780.07  -7326.04  -8077.80  -8849.20  -9552.47 -10058.58 -10296.60
 -10434.02 -10573.79 -10674.81 -10813.30 -11185.53 -12050.64 -13910.41 -17117.42 -20207.77 -25516.38 -23667.06 -14387.91  -2837.83
   1634.71  -6520.18 -10015.69  -7782.51  -5019.50   -693.66   5487.28  12835.29  19919.73  22879.85  23833.55  26537.45  31236.10
  37729.81  40445.82  37831.70  34527.07  31333.29  29468.24  26934.03  21558.53  14772.04   7955.92   3168.90    593.58      0.00
      0.00  -8548.01  -9560.87  -8782.32  -8174.23  -7370.40  -7165.74  -7442.24  -7977.19  -8772.14  -9820.54 -10680.88 -10987.43
 -11132.92 -11321.16 -11537.33 -11869.26 -12641.67 -14365.18 -18021.16 -22552.92 -25785.66 -42982.27 -46690.79 -29488.37  10353.48
  24527.88 -16049.17 -20173.83 -12511.85  -8369.67  -2943.39   4290.81  12374.61  19973.67  22982.86  23467.80  27301.05  34502.18
  46127.04  48403.38  43447.36  38854.48  35050.17  32483.21  29586.21  24008.41  16233.42   8376.37   3180.21    651.67      0.00
      0.00  -7786.59 -10111.75 -10181.91  -9729.05  -8585.05  -8145.42  -8091.13  -8040.52  -8152.34  -9058.38 -10433.73 -11239.93
 -11661.89 -12011.76 -12270.08 -12330.87 -13424.94 -16891.79 -25525.02 -30118.01 -29436.00 -77585.30 -97900.29 -86218.47  27270.45
  89584.37 -30812.20 -36739.25 -21273.78 -11844.29  -5833.94   1687.52   9112.51  15817.37  17665.89  16944.45  22401.07  32907.20
  47106.43  50124.37  43710.12  37753.61  33463.96  29986.83  26348.68  21087.93  13619.05   6387.34   1889.49     94.04      0.00
      0.00  -6795.70 -10433.86 -11668.25 -12040.16 -10942.41 -10118.11  -9748.75  -9336.46  -8332.49  -7727.55  -9563.30 -11392.46
 -12160.69 -12905.97 -13759.05 -14241.10 -19962.24 -28907.46 -42541.12 -39083.62 -36466.77-133773.91-165820.22-208562.08 -50470.25
 153310.81  -8533.68 -46263.21 -33924.15 -15858.22  -8573.28  -2952.77     64.89  -2918.94 -10408.78  -9213.77   1594.61  17339.38
  32870.41  34933.93  29633.59  24671.96  21543.52  19116.66  16209.99  12014.45   6341.91   2103.91   -173.77   -675.42      0.00
      0.00  -6053.11 -10327.49 -12322.59 -14094.55 -14058.87 -13180.98 -12314.16 -12386.40 -13203.33 -13446.37 -13281.15 -12628.15
 -12404.65 -14250.75 -19501.37 -32127.15 -51336.74 -58075.77 -55295.83 -46308.20 -67640.20-216471.44-235670.06-363341.84-301813.16
 101196.46  22706.12 -37145.63 -36215.35 -16952.99 -10189.16 -11993.31 -28942.90 -91282.87-107872.91 -60193.09 -35032.65 -19868.97
  -8673.63  -7682.51  -7799.78  -5788.23  -3582.41  -1164.18   -309.76  -2719.49  -4131.02  -2869.07  -2069.61  -1160.63      0.00
      0.00  -3940.53  -6806.00  -8815.17 -11215.31 -12515.73 -12633.97 -12202.19 -12334.58 -15845.35 -22145.56 -22025.80 -13605.89
 -10177.56 -11896.98 -20194.04 -42220.20 -68166.45 -53804.02 -45727.30 -43773.36 -80504.51-190141.83-208813.02-369558.56-448353.41
 -68985.05   5325.23 -18938.22 -25254.91 -11627.16  -9592.76 -25110.80 -69997.10-208798.33-186015.00 -81445.57 -60388.73 -54905.81
 -46974.39 -49121.52 -48306.29 -38759.52 -30328.97 -20944.08 -13648.29 -12298.93  -8417.45  -4233.39  -2043.66   -690.72      0.00
      0.00      0.00      0.00      0.00      0.00      0.00      0.00      0.00      0.00      0.00      0.00      0.00      0.00
      0.00      0.00      0.00      0.00      0.00      0.00      0.00      0.00      0.00      0.00      0.00      0.00      0.00
      0.00      0.00      0.00      0.00      0.00      0.00      0.00      0.00      0.00      0.00      0.00      0.00      0.00
      0.00      0.00      0.00      0.00      0.00      0.00      0.00      0.00      0.00      0.00      0.00      0.00      0.00
      0.00      0.00      0.00      0.00      0.00      0.00      0.00      0.00      0.00      0.00      0.00      0.00      0.00
      0.00      0.00      0.00      0.00      0.00      0.00      0.00      0.00      0.00      0.00      0.00      0.00      0.00
      0.00      0.00      0.00      0.00      0.00      0.00      0.00      0.00      0.00      0.00      0.00      0.00      0.00
      0.00      0.00      0.00      0.00      0.00      0.00      0.00      0.00      0.00      0.00      0.00      0.00      0.00
      0.00    -35.86    -66.32    -83.49    -91.88    -96.15    -99.57   -104.13   -110.74   -119.65   -130.65   -143.30   -157.12
   -171.60   -186.31   -200.86   -214.97   -228.44   -241.14   -252.98   -263.88   -273.75   -282.53   -290.13   -296.53   -301.72
   -305.74   -308.62   -310.39   -311.07   -310.67   -309.15   -306.45   -302.54   -297.38   -290.92   -283.20   -274.27   -264.24
   -253.18   -241.23   -228.50   -215.13   -201.21   -186.64   -171.05   -153.62   -133.10   -107.77    -75.71    -36.13      0.00
      0.00    -34.45    -64.01    -86.16   -106.18   -127.18   -150.39   -175.93   -203.36   -231.94   -260.89   -289.58   -317.55
   -344.52   -370.31   -394.75   -417.72   -439.10   -458.83   -476.85   -493.13   -507.61   -520.26   -531.04   -539.92   -546.89
   -551.95   -555.08   -556.28   -555.54   -552.89   -548.33   -541.79   -533.29   -522.85   -510.44   -496.00   -479.52   -461.04
   -440.53   -417.95   -393.26   -366.46   -337.49   -306.26   -272.63   -236.33   -196.92   -153.60   -105.53    -52.17      0.00
      0.00    -44.52    -88.18   -128.98   -169.86   -211.79   -254.51   -297.26   -339.31   -380.13   -419.41   -457.02   -492.95
   -527.18   -559.65   -590.23   -618.80   -645.26   -669.51   -691.50   -711.18   -728.49   -743.43   -755.96   -766.04   -773.63
   -778.68   -781.20   -781.20   -778.72   -773.80   -766.46   -756.69   -744.52   -729.94   -712.94   -693.49   -671.48   -646.80
   -619.29   -588.79   -555.07   -517.90   -477.05   -432.29   -383.36   -330.04   -272.15   -209.57   -142.29    -70.47      0.00
      0.00    -59.49   -120.35   -179.25   -238.11   -296.83   -354.59   -410.59   -464.50   -516.27   -566.00   -613.71   -659.35
   -702.75   -743.72   -782.10   -817.75   -850.57   -880.50   -907.46   -931.40   -952.27   -970.00   -984.55   -995.86  -1003.97
  -1008.91  -1010.75  -1009.56  -1005.37   -998.21   -988.08   -974.99   -958.94   -939.94   -917.98   -892.96   -864.80   -833.37
   -798.52   -760.05   -717.72   -671.17   -620.08   -564.23   -503.19   -436.13   -362.04   -280.09   -190.07    -93.34      0.00
      0.00    -74.88   -152.23   -228.23   -303.31   -376.87   -448.44   -517.85   -585.04   -649.92   -712.35   -772.14   -829.07
   -882.90   -933.44   -980.54  -1024.15  -1064.24  -1100.82  -1133.88  -1163.33  -1189.06  -1210.89  -1228.65  -1242.26  -1251.66
  -1256.91  -1258.15  -1255.52  -1249.11  -1239.01  -1225.27  -1207.91  -1187.03  -1162.65  -1134.69  -1103.07  -1067.71  -1028.59
   -985.70   -938.83   -887.72   -832.42   -772.63   -707.12   -634.20   -552.13   -459.51   -355.97   -241.55   -117.17      0.00
      0.00    -91.15   -184.96   -278.11   -369.92   -459.44   -546.20   -630.03   -710.81   -788.25   -862.17   -932.55   -999.45
  -1062.91  -1122.87  -1179.20  -1231.87  -1280.85  -1326.00  -1367.15  -1404.02  -1436.29  -1463.63  -1485.77  -1502.64  -1514.27
  -1520.72  -1522.09  -1518.48  -1510.01  -1496.73  -1478.69  -1456.03  -1428.88  -1397.39  -1361.59  -1321.39  -1276.85  -1228.00
  -1174.75  -1117.40  -1056.14   -989.48   -915.90   -834.93   -745.85   -647.76   -538.74   -417.11   -283.44   -138.23      0.00
      0.00   -108.43   -220.66   -331.81   -440.36   -544.86   -644.87   -740.58   -832.23   -920.18  -1004.92  -1086.83  -1165.91
  -1241.98  -1314.84  -1384.16  -1449.43  -1510.29  -1566.36  -1617.07  -1662.01  -1700.81  -1733.33  -1759.51  -1779.37  -1792.92
  -1800.30  -1801.66  -1797.13  -1786.67  -1770.16  -1747.59  -1718.98  -1684.34  -1643.86  -1597.77  -1546.33  -1489.87  -1428.64
  -1363.08  -1293.48  -1219.44  -1140.29  -1054.41   -959.57   -854.58   -738.44   -610.53   -471.00   -320.73   -159.90      0.00
      0.00   -125.40   -255.60   -382.49   -504.42   -621.02   -733.03   -841.43   -946.81  -1049.48  -1149.58  -1247.19  -1342.12
  -1434.06  -1522.77  -1607.72  -1687.73  -1761.61  -1829.16  -1889.66  -1942.77  -1988.27  -2026.22  -2056.66  -2079.50  -2094.59
  -2101.94  -2101.83  -2094.64  -2080.66  -2059.87  -2032.13  -1997.04  -1954.11  -1903.17  -1844.60  -1779.18  -1707.57  -1630.81
  -1550.73  -1467.75  -1381.21  -1290.09  -1191.81  -1084.34   -965.45   -832.96   -686.51   -528.03   -359.57   -181.71      0.00
      0.00   -142.10   -285.90   -425.64   -560.74   -691.76   -819.61   -944.96  -1068.09  -1188.86  -1306.97  -1422.21  -1534.52
  -1643.80  -1749.60  -1851.02  -1946.29  -2033.76  -2112.70  -2183.20  -2245.10  -2297.93  -2341.59  -2375.98  -2401.16  -2417.28
  -2424.22  -2422.52  -2412.47  -2394.05  -2368.05  -2334.48  -2292.10  -2239.79  -2176.94  -2104.23  -2022.73  -1933.45  -1839.02
  -1741.79  -1641.16  -1537.47  -1430.45  -1317.86  -1197.46  -1067.04   -923.79   -764.79   -590.63   -403.89   -205.54      0.00
      0.00   -158.74   -317.18   -471.90   -622.93   -770.77   -916.10  -1059.46  -1200.94  -1340.36  -1477.41  -1611.76  -1743.17
  -1871.29  -1995.32  -2114.02  -2225.74  -2328.87  -2421.86  -2504.40  -2575.84  -2636.26  -2685.55  -2723.75  -2750.95  -2767.24
  -2773.24  -2769.63  -2755.81  -2731.73  -2699.62  -2659.20  -2607.72  -2543.65  -2466.88  -2378.46  -2279.47  -2172.05  -2059.89
  -1943.51  -1822.18  -1697.73  -1571.17  -1440.81  -1304.58  -1159.76  -1003.32   -832.80   -647.22   -446.51   -229.68      0.00
      0.00   -176.37   -352.18   -524.06   -692.31   -857.72  -1021.11  -1182.97  -1343.40  -1502.34  -1659.60  -1814.90  -1967.76
  -2117.17  -2261.95  -2400.84  -2532.38  -2654.23  -2763.87  -2859.92  -2941.68  -3009.97  -3064.46  -3105.98  -3135.38  -3152.24
  -3156.69  -3150.12  -3131.14  -3100.12  -3060.49  -3010.63  -2946.79  -2868.01  -2775.09  -2669.31  -2552.03  -2426.75  -2297.06
  -2161.69  -2020.33  -1875.01  -1726.32  -1573.34  -1415.00  -1250.12  -1076.29   -890.84   -691.91   -477.83   -246.92      0.00
      0.00   -195.00   -389.37   -579.28   -765.50   -949.28  -1131.51  -1312.60  -1492.78  -1672.38  -1851.70  -2030.74  -2208.62
  -2383.59  -2553.56  -2716.89  -2872.06  -3016.38  -3145.30  -3256.80  -3350.35  -3425.65  -3483.76  -3528.07  -3558.34  -3574.03
  -3576.15  -3565.09  -3539.54  -3501.56  -3452.38  -3389.11  -3309.39  -3213.51  -3102.82  -2978.81  -2843.06  -2699.83  -2551.91
  -2397.67  -2237.15  -2071.95  -1902.19  -1726.81  -1545.06  -1356.75  -1161.12   -956.29   -739.73   -508.84   -261.75      0.00
      0.00   -214.30   -427.57   -635.98   -840.98  -1043.98  -1245.77  -1446.93  -1648.10  -1850.12  -2054.07  -2260.40  -2467.76
  -2673.63  -2874.77  -3067.85  -3250.05  -3418.63  -3569.31  -3697.30  -3802.22  -3884.29  -3946.70  -3993.07  -4022.85  -4036.23
  -4034.00  -4016.63  -3983.78  -3936.73  -3874.57  -3794.50  -3696.31  -3581.53  -3451.82  -3308.98  -3155.05  -2993.82  -2826.85
  -2652.68  -2471.93  -2286.21  -2095.50  -1898.84  -1695.29  -1484.52  -1266.34  -1039.84   -802.82   -551.88   -283.54      0.00
      0.00   -234.29   -467.25   -695.00   -919.26  -1142.14  -1365.25  -1588.89  -1813.40  -2040.49  -2271.69  -2507.48  -2746.50
  -2986.01  -3222.33  -3450.14  -3663.98  -3859.55  -4033.51  -4179.92  -4295.22  -4382.52  -4449.14  -4496.29  -4524.90  -4534.88
  -4527.56  -4503.79  -4462.51  -4403.67  -4325.40  -4226.81  -4109.38  -3975.03  -3825.75  -3663.38  -3490.49  -3310.06  -3122.87
  -2927.79  -2725.53  -2517.69  -2304.38  -2085.27  -1860.10  -1628.36  -1388.96  -1140.46   -880.75   -606.49   -312.97      0.00
      0.00   -256.22   -510.53   -758.60  -1002.99  -1247.47  -1493.63  -1741.42  -1992.18  -2247.85  -2508.41  -2772.40  -3039.68
  -3311.14  -3584.87  -3853.50  -4106.34  -4334.63  -4534.97  -4703.23  -4833.33  -4928.07  -4998.81  -5046.35  -5071.16  -5075.96
  -5062.52  -5029.41  -4975.81  -4901.20  -4804.67  -4687.07  -4550.31  -4396.52  -4227.60  -4045.08  -3851.39  -3648.96  -3438.97
  -3221.63  -2996.09  -2763.45  -2525.15  -2282.24  -2035.10  -1782.80  -1523.27  -1253.91   -971.97   -673.51   -351.60      0.00
      0.00   -281.26   -559.28   -829.33  -1095.85  -1362.89  -1631.67  -1903.37  -2181.15  -2466.12  -2754.12  -3042.14  -3333.37
  -3631.71  -3939.32  -4250.80  -4550.48  -4818.49  -5050.69  -5250.50  -5406.43  -5516.28  -5592.10  -5639.89  -5662.97  -5664.17
  -5642.75  -5596.56  -5526.05  -5431.41  -5313.62  -5175.14  -5018.56  -4845.94  -4658.38  -4456.36  -4241.20  -4014.52  -3778.21
  -3533.50  -3280.19  -3018.90  -2752.65  -2484.25  -2214.29  -1941.60  -1663.46  -1375.63  -1072.77   -748.33   -393.20      0.00
      0.00   -310.28   -614.90   -909.32  -1198.31  -1486.01  -1774.58  -2068.95  -2372.13  -2680.17  -2990.02  -3303.15  -3621.11
  -3947.57  -4284.41  -4626.61  -4961.45  -5272.97  -5550.56  -5794.31  -5989.19  -6125.94  -6217.94  -6275.73  -6305.39  -6304.69
  -6272.55  -6208.79  -6115.42  -5995.13  -5851.66  -5689.21  -5511.57  -5320.79  -5116.74  -4898.18  -4663.89  -4413.20  -4147.14
  -3868.81  -3581.28  -3285.65  -2986.23  -2687.34  -2391.55  -2099.06  -1806.08  -1505.52  -1187.26   -839.51   -446.29      0.00
      0.00   -343.01   -676.69   -995.80  -1305.00  -1609.96  -1916.22  -2230.54  -2552.64  -2879.43  -3211.37  -3549.81  -3895.90
  -4251.17  -4616.86  -4989.24  -5354.46  -5702.23  -6028.61  -6327.53  -6574.91  -6756.07  -6885.28  -6972.30  -7016.93  -7014.32
  -6965.62  -6875.01  -6748.87  -6594.13  -6418.08  -6227.93  -6029.02  -5822.77  -5606.78  -5376.86  -5127.22  -4852.63  -4553.77
  -4237.12  -3907.23  -3567.19  -3223.76  -2885.46  -2560.11  -2249.96  -1948.51  -1643.68  -1320.82   -961.85   -529.66      0.00
      0.00   -378.25   -742.29  -1084.28  -1409.84  -1728.65  -2049.76  -2379.78  -2718.11  -3065.20  -3419.63  -3782.40  -4155.77
  -4540.14  -4934.84  -5335.36  -5730.65  -6117.77  -6498.52  -6862.32  -7177.64  -7432.60  -7629.47  -7766.39  -7833.75  -7823.46
  -7744.37  -7610.51  -7434.90  -7230.26  -7009.84  -6786.06  -6567.25  -6354.75  -6141.21  -5913.12  -5654.03  -5351.75  -5010.05
  -4643.54  -4257.91  -3858.10  -3453.54  -3060.25  -2699.90  -2380.53  -2087.11  -1790.92  -1465.30  -1082.14   -586.80      0.00
      0.00   -414.36   -812.39  -1174.97  -1511.86  -1838.60  -2169.39  -2511.10  -2864.19  -3230.39  -3607.13  -3994.80  -4394.99
  -4808.71  -5233.01  -5659.87  -6086.85  -6523.22  -6971.93  -7417.67  -7830.78  -8199.97  -8496.99  -8705.09  -8794.01  -8753.64
  -8612.90  -8405.93  -8156.43  -7882.34  -7601.45  -7335.36  -7102.11  -6907.98  -6738.46  -6552.75  -6299.29  -5952.00  -5535.88
  -5090.01  -4625.54  -4144.87  -3652.01  -3171.22  -2759.77  -2455.57  -2211.71  -1947.85  -1613.25  -1185.20   -638.39      0.00
      0.00   -443.23   -890.28  -1273.16  -1614.92  -1938.68  -2269.00  -2616.45  -2980.37  -3362.11  -3760.27  -4174.72  -4603.42
  -5048.16  -5503.39  -5961.66  -6432.51  -6924.86  -7447.55  -7999.02  -8559.55  -9095.89  -9546.29  -9855.23  -9948.47  -9823.83
  -9559.32  -9231.29  -8879.01  -8517.98  -8160.47  -7842.43  -7603.87  -7469.51  -7427.01  -7373.30  -7148.91  -6712.82  -6162.94
  -5592.13  -5028.80  -4441.31  -3814.13  -3188.96  -2675.47  -2414.95  -2296.09  -2129.99  -1820.75  -1359.39   -740.13      0.00
      0.00   -438.51   -991.87  -1400.16  -1736.18  -2032.34  -2333.97  -2670.78  -3041.14  -3438.04  -3860.90  -4306.26  -4767.27
  -5245.71  -5736.23  -6243.08  -6768.52  -7318.27  -7920.02  -8613.01  -9398.83 -10172.98 -10875.69 -11340.37 -11403.85 -11104.13
 -10608.66 -10078.74  -9578.15  -9103.61  -8646.31  -8267.42  -8054.10  -8063.51  -8285.44  -8520.15  -8335.31  -7721.09  -6933.38
  -6193.09  -5560.92  -4852.88  -4025.60  -3189.40  -2476.66  -2277.44  -2349.74  -2342.51  -2105.85  -1618.18   -893.73      0.00
      0.00   -315.09  -1155.50  -1591.31  -1912.16  -2151.92  -2377.72  -2655.80  -3013.93  -3427.90  -3883.62  -4370.93  -4871.44
  -5386.13  -5929.43  -6509.63  -7111.97  -7737.37  -8453.39  -9340.18 -10414.06 -11490.21 -12649.86 -13417.08 -13453.20 -12832.77
 -11804.09 -10853.03 -10177.65  -9587.85  -8972.39  -8540.01  -8420.77  -8745.94  -9460.41 -10194.97  -9998.69  -9035.75  -7897.13
  -7006.42  -6365.26  -5535.97  -4495.69  -3517.48  -2516.43  -2259.92  -2549.64  -2708.88  -2510.12  -1931.62  -1058.29      0.00
      0.00     61.62  -1411.22  -1828.05  -2150.71  -2344.28  -2477.84  -2673.80  -2969.24  -3348.32  -3811.67  -4344.78  -4893.23
  -5452.69  -6075.36  -6767.08  -7517.30  -8350.03  -9321.71 -10471.94 -11690.49 -13018.03 -15067.41 -16473.21 -16823.97 -15541.95
 -12794.06 -11109.40 -10663.11 -10015.35  -9076.05  -8692.96  -8774.06  -9701.74 -11199.53 -12483.58 -12162.19 -10740.69  -9344.10
  -8217.99  -7623.62  -6811.81  -5649.65  -4598.45  -3512.06  -3107.36  -3372.72  -3537.60  -3218.25  -2373.26  -1254.32      0.00
      0.00    362.93  -1471.96  -2015.64  -2431.84  -2628.49  -2723.91  -2860.36  -3042.46  -3279.26  -3652.23  -4197.77  -4801.23
  -5421.56  -6143.01  -6997.13  -8005.53  -9189.62 -10558.51 -11968.47 -13016.30 -14454.98 -18434.62 -21018.60 -23732.11 -21095.20
 -12016.86  -9986.19 -11282.76 -10589.29  -8885.61  -8743.68  -9245.06 -10972.17 -13738.83 -15842.40 -15098.66 -13021.01 -11343.14
 -10104.64  -9920.75  -9162.11  -7900.77  -6696.43  -5644.26  -5115.45  -5048.94  -4875.60  -4146.12  -2911.30  -1484.99      0.00
      0.00    237.06  -1363.17  -2126.57  -2760.31  -3017.72  -3090.71  -3202.66  -3338.13  -3410.53  -3547.47  -4004.35  -4628.93
  -5266.17  -6065.32  -7139.60  -8641.76 -10564.59 -12605.67 -13863.26 -13572.50 -15205.92 -23056.65 -25340.29 -37151.05 -35533.27
  -8586.28  -6514.18 -11322.16 -11272.22  -8490.89  -8531.38  -9697.11 -12750.96 -17881.69 -21326.56 -19237.69 -16257.69 -14636.61
 -14069.17 -13998.28 -12960.73 -11330.10  -9796.25  -8522.62  -7707.03  -7189.35  -6343.99  -4942.20  -3301.08  -1618.53      0.00
      0.00     70.07  -1203.85  -2125.19  -3038.07  -3407.19  -3478.49  -3560.99  -3843.53  -4110.30  -4106.77  -4200.03  -4481.16
  -4920.57  -5758.86  -7287.52 -10094.60 -13667.47 -16209.72 -15307.93 -12685.68 -15798.07 -27821.47 -27078.37 -47953.80 -57342.82
 -12184.17  -2687.00  -8692.89 -10464.77  -7635.81  -7894.77 -10163.52 -15414.99 -25543.17 -30294.94 -24255.35 -20067.78 -19118.46
 -19682.55 -19759.76 -17985.56 -15503.56 -13326.54 -11464.14 -10088.38  -9187.47  -7533.57  -5231.43  -3231.07  -1490.45      0.00
      0.00    198.06   -827.80  -1675.25  -2604.92  -3199.48  -3408.23  -3490.82  -3939.76  -4916.23  -5902.47  -5238.72  -4249.22
  -4138.37  -4909.33  -7015.62 -12083.72 -16390.02 -16132.88 -12640.08 -10836.39 -15734.97 -27552.23 -21261.21 -41105.76 -73773.96
 -26375.15  -3310.13  -4983.67  -7187.33  -5815.73  -6510.77 -10001.21 -18021.29 -34633.89 -36780.91 -25185.01 -21302.95 -21831.73
 -23209.04 -23846.62 -21229.97 -17953.33 -15397.82 -12799.93 -10709.02  -9434.75  -7174.91  -4487.46  -2524.56  -1040.41      0.00
      0.00    285.10   -139.77   -573.39  -1010.58  -1434.17  -1758.76  -2029.36  -2376.33  -2964.23  -3559.42  -3418.31  -2746.75
  -2469.76  -2764.48  -3783.14  -6165.85  -8043.79  -8035.37  -6275.67  -6092.61  -7902.60  -5448.22    210.55  -4453.76 -30739.01
 -23584.51  -5807.63  -2244.34  -3233.78  -3123.53  -3950.18  -7159.68 -12697.61 -19808.83 -19151.91 -14761.05 -13857.09 -15082.57
 -16018.14 -16358.39 -14954.35 -12830.47 -11011.86  -9016.08  -7236.67  -5982.35  -4204.15  -2473.19  -1244.90   -411.10      0.00
      0.00      0.00      0.00      0.00      0.00      0.00      0.00      0.00      0.00      0.00      0.00      0.00      0.00
      0.00      0.00      0.00      0.00      0.00      0.00      0.00      0.00      0.00      0.00      0.00      0.00      0.00
      0.00      0.00      0.00      0.00      0.00      0.00      0.00      0.00      0.00      0.00      0.00      0.00      0.00
      0.00      0.00      0.00      0.00      0.00      0.00      0.00      0.00      0.00      0.00      0.00      0.00      0.00
      0.00      0.00      0.00      0.00      0.00      0.00      0.00      0.00      0.00      0.00      0.00      0.00      0.00
      0.00      0.00      0.00      0.00      0.00      0.00      0.00      0.00      0.00      0.00      0.00      0.00      0.00
      0.00      0.00      0.00      0.00      0.00      0.00      0.00      0.00      0.00      0.00      0.00      0.00      0.00
      0.00      0.00      0.00      0.00      0.00      0.00      0.00      0.00      0.00      0.00      0.00      0.00      0.00
      0.00     -0.24     -0.51     -0.79     -1.11     -1.45     -1.83     -2.23     -2.65     -3.09     -3.56     -4.04     -4.54
     -5.04     -5.55     -6.06     -6.57     -7.07     -7.56     -8.04     -8.51     -8.96     -9.40     -9.82    -10.22    -10.59
    -10.92    -11.21    -11.44    -11.61    -11.69    -11.69    -11.59    -11.41    -11.13    -10.75    -10.30     -9.76     -9.13
     -8.44     -7.68     -6.88     -6.03     -5.17     -4.32     -3.50     -2.73     -2.02     -1.38     -0.83     -0.37      0.00
      0.00     -0.35     -0.78     -1.28     -1.88     -2.55     -3.27     -4.05     -4.87     -5.74     -6.65     -7.60     -8.59
     -9.61    -10.65    -11.71    -12.78    -13.86    -14.93    -16.00    -17.06    -18.11    -19.15    -20.16    -21.13    -22.06
    -22.92    -23.70    -24.37    -24.91    -25.28    -25.47    -25.46    -25.25    -24.82    -24.17    -23.30    -22.21    -20.91
    -19.40    -17.70    -15.82    -13.86    -11.89     -9.94     -8.06     -6.32     -4.71     -3.24     -1.95     -0.87      0.00
      0.00     -0.48     -1.11     -1.90     -2.81     -3.80     -4.85     -5.97     -7.16     -8.40     -9.69    -11.04    -12.44
    -13.89    -15.39    -16.92    -18.47    -20.06    -21.67    -23.31    -24.97    -26.66    -28.35    -30.03    -31.69    -33.31
    -34.88    -36.37    -37.71    -38.82    -39.70    -40.34    -40.73    -40.82    -40.55    -39.91    -38.88    -37.51    -35.88
    -33.79    -31.24    -28.37    -25.22    -21.94    -18.63    -15.39    -12.29     -9.36     -6.63     -4.14     -1.91      0.00
      0.00     -0.91     -1.94     -3.07     -4.27     -5.54     -6.88     -8.28     -9.73    -11.23    -12.79    -14.41    -16.09
    -17.81    -19.59    -21.41    -23.28    -25.18    -27.12    -29.10    -31.12    -33.17    -35.26    -37.38    -39.53    -41.66
    -43.75    -45.79    -47.68    -49.37    -50.87    -52.09    -53.01    -53.47    -53.39    -52.86    -51.84    -50.44    -48.51
    -45.89    -42.65    -38.99    -34.98    -30.60    -25.97    -21.33    -16.91    -12.81     -9.06     -5.67     -2.65      0.00
      0.00     -1.48     -2.97     -4.46     -5.93     -7.40     -8.88    -10.37    -11.91    -13.50    -15.16    -16.91    -18.73
    -20.63    -22.59    -24.60    -26.64    -28.71    -30.80    -32.92    -35.06    -37.24    -39.46    -41.71    -43.99    -46.30
    -48.60    -50.87    -53.08    -55.09    -56.86    -58.39    -59.52    -60.05    -59.82    -58.84    -57.23    -55.15    -52.65
    -49.59    -46.11    -42.12    -37.71    -32.83    -27.56    -22.28    -17.35    -12.90     -8.93     -5.47     -2.50      0.00
      0.00     -2.06     -3.89     -5.53     -7.03     -8.43     -9.80    -11.19    -12.63    -14.14    -15.76    -17.53    -19.47
    -21.54    -23.70    -25.91    -28.12    -30.34    -32.55    -34.79    -37.03    -39.27    -41.50    -43.70    -45.88    -48.06
    -50.22    -52.35    -54.37    -56.20    -57.78    -59.11    -60.05    -60.36    -60.00    -59.00    -57.37    -54.98    -51.82
    -48.05    -43.80    -39.19    -34.33    -29.13    -23.89    -18.79    -14.06     -9.87     -6.35     -3.56     -1.42      0.00
      0.00     -2.45     -4.30     -5.67     -6.80     -7.82     -8.84     -9.99    -11.32    -12.82    -14.52    -16.43    -18.52
    -20.73    -23.07    -25.49    -27.91    -30.32    -32.71    -35.08    -37.47    -39.84    -42.13    -44.30    -46.35    -48.31
    -50.20    -52.02    -53.72    -55.24    -56.49    -57.41    -57.91    -57.87    -57.18    -55.86    -53.85    -51.11    -47.70
    -43.69    -39.21    -34.36    -29.30    -24.15    -19.03    -14.19     -9.78     -5.93     -2.96     -1.06     -0.03      0.00
      0.00     -1.90     -3.31     -4.33     -5.09     -5.77     -6.53     -7.48     -8.70    -10.19    -11.97    -14.04    -16.34
    -18.83    -21.43    -24.09    -26.75    -29.38    -31.98    -34.56    -37.08    -39.52    -41.85    -44.05    -46.09    -47.96
    -49.66    -51.26    -52.73    -54.02    -55.05    -55.71    -55.91    -55.55    -54.54    -52.83    -50.42    -47.33    -43.62
    -39.38    -34.78    -29.94    -25.07    -20.29    -15.65    -11.18     -6.89     -3.20     -0.79      0.36      0.58      0.00
      0.00     -1.19     -2.00     -2.47     -2.76     -3.08     -3.59     -4.34     -5.42     -6.89     -8.75    -10.97    -13.50
    -16.27    -19.19    -22.19    -25.17    -28.10    -30.96    -33.73    -36.37    -38.88    -41.21    -43.38    -45.39    -47.25
    -48.98    -50.57    -52.03    -53.33    -54.38    -55.04    -55.17    -54.68    -53.50    -51.59    -48.95    -45.64    -41.72
    -37.28    -32.52    -27.74    -23.20    -18.79    -14.45    -10.17     -6.02     -2.59     -0.31      0.79      0.87      0.00
      0.00     -0.22     -0.26     -0.14     -0.02     -0.07     -0.39     -0.98     -2.03     -3.56     -5.56     -7.91    -10.58
    -13.54    -16.73    -20.01    -23.31    -26.57    -29.74    -32.76    -35.58    -38.18    -40.58    -42.80    -44.88    -46.84
    -48.71    -50.50    -52.15    -53.65    -54.90    -55.73    -56.01    -55.61    -54.46    -52.55    -49.87    -46.50    -42.54
    -38.13    -33.39    -28.73    -24.41    -20.15    -15.85    -11.56     -7.42     -4.08     -1.73     -0.20      0.49      0.00
      0.00      1.02      1.65      2.11      2.43      2.47      2.25      1.68      0.63     -0.92     -2.99     -5.50     -8.36
    -11.49    -14.82    -18.27    -21.77    -25.25    -28.64    -31.89    -34.94    -37.77    -40.40    -42.84    -45.12    -47.28
    -49.39    -51.47    -53.44    -55.22    -56.72    -57.77    -58.25    -58.04    -57.06    -55.31    -52.79    -49.56    -45.81
    -41.70    -37.35    -33.02    -28.73    -24.40    -19.98    -15.56    -11.37     -7.65     -4.50     -1.96     -0.28      0.00
      0.00      1.98      3.23      3.95      4.26      4.23      3.88      3.21      2.18      0.62     -1.58     -4.23     -7.19
    -10.39    -13.80    -17.35    -20.97    -24.60    -28.14    -31.60    -34.91    -38.06    -41.04    -43.84    -46.49    -49.00
    -51.41    -53.75    -55.96    -57.97    -59.63    -60.84    -61.48    -61.49    -60.78    -59.33    -57.14    -54.30    -50.97
    -47.31    -43.46    -39.50    -35.41    -31.10    -26.58    -21.95    -17.39    -13.06     -8.99     -5.26     -2.09      0.00
      0.00      2.23      3.80      4.71      5.05      4.99      4.59      3.77      2.54      0.86     -1.28     -3.87     -6.82
    -10.08    -13.57    -17.20    -20.93    -24.72    -28.46    -32.17    -35.81    -39.34    -42.72    -45.96    -49.08    -51.98
    -54.69    -57.22    -59.52    -61.58    -63.28    -64.55    -65.33    -65.55    -65.19    -64.16    -62.46    -60.14    -57.34
    -54.20    -50.84    -47.29    -43.51    -39.44    -35.03    -30.33    -25.41    -20.36    -15.16     -9.88     -4.70      0.00
      0.00      1.94      3.39      4.29      4.65      4.60      4.17      3.30      2.00      0.32     -1.75     -4.26     -7.19
    -10.46    -13.98    -17.67    -21.48    -25.47    -29.59    -33.67    -37.74    -41.76    -45.63    -49.30    -52.78    -55.95
    -58.82    -61.39    -63.65    -65.60    -67.23    -68.49    -69.35    -69.78    -69.69    -69.00    -67.69    -65.88    -63.68
    -61.17    -58.43    -55.45    -52.14    -48.40    -44.19    -39.51    -34.38    -28.73    -22.40    -15.45     -8.00      0.00
      0.00      1.32      2.33      2.94      3.15      3.03      2.61      1.88      0.76     -0.77     -2.74     -5.16     -8.03
    -11.30    -14.86    -18.63    -22.60    -26.86    -31.47    -36.15    -40.73    -45.27    -49.62    -53.65    -57.31    -60.56
    -63.36    -65.77    -67.83    -69.58    -71.02    -72.15    -72.98    -73.47    -73.52    -73.03    -72.07    -70.71    -69.08
    -67.23    -65.16    -62.79    -60.10    -56.83    -52.76    -47.94    -42.41    -36.09    -28.74    -20.29    -10.73      0.00
      0.00      0.57      0.88      0.94      0.84      0.62      0.25     -0.32     -1.19     -2.48     -4.25     -6.50     -9.27
    -12.51    -16.14    -20.10    -24.48    -29.25    -34.32    -39.54    -44.71    -49.72    -54.39    -58.57    -62.20    -65.24
    -67.74    -69.84    -71.63    -73.11    -74.27    -75.11    -75.68    -76.01    -76.07    -75.79    -75.15    -74.17    -73.03
    -71.76    -70.32    -68.71    -66.54    -63.47    -59.50    -54.50    -48.51    -41.60    -33.71    -24.59    -13.53      0.00
      0.00     -0.33     -0.97     -1.72     -2.33     -2.75     -3.03     -3.33     -3.84     -4.78     -6.23     -8.25    -10.88
    -14.13    -17.93    -22.26    -27.09    -32.31    -37.87    -43.63    -49.31    -54.68    -59.50    -63.60    -66.92    -69.50
    -71.49    -73.11    -74.51    -75.70    -76.55    -77.03    -77.22    -77.22    -77.08    -76.78    -76.31    -75.66    -74.98
    -74.33    -73.64    -72.78    -71.04    -67.98    -63.84    -58.72    -52.54    -45.53    -37.79    -28.70    -16.42      0.00
      0.00     -1.80     -3.74     -5.42     -6.59     -7.13     -7.17     -6.98     -6.95     -7.42     -8.51    -10.33    -12.94
    -16.28    -20.26    -24.86    -29.99    -35.58    -41.61    -47.89    -54.00    -59.54    -64.29    -68.04    -70.85    -72.88
    -74.15    -75.11    -75.98    -76.78    -77.30    -77.42    -77.26    -76.91    -76.51    -76.07    -75.55    -75.14    -74.89
    -74.65    -74.38    -73.77    -72.18    -69.43    -65.50    -60.52    -54.62    -47.83    -39.72    -29.20    -15.98      0.00
      0.00     -3.88     -7.24     -9.81    -11.51    -12.13    -11.66    -10.76    -10.06    -10.05    -10.90    -12.65    -15.20
    -18.53    -22.57    -27.26    -32.57    -38.47    -44.90    -51.67    -58.10    -63.59    -68.18    -71.49    -73.71    -74.90
    -75.39    -75.58    -75.79    -76.10    -76.17    -75.96    -75.59    -75.09    -74.51    -73.87    -73.25    -72.83    -72.54
    -72.35    -72.16    -71.52    -69.95    -67.30    -63.53    -58.89    -53.43    -46.22    -36.98    -26.08    -13.71      0.00
      0.00     -5.87    -10.32    -13.55    -15.68    -16.29    -15.35    -13.70    -12.53    -12.27    -12.98    -14.59    -17.05
    -20.32    -24.33    -29.04    -34.41    -40.43    -47.09    -54.17    -60.70    -66.14    -70.49    -73.26    -74.69    -75.12
    -74.85    -74.38    -74.03    -73.81    -73.47    -73.02    -72.51    -71.93    -71.25    -70.40    -69.57    -68.90    -68.36
    -67.94    -67.34    -66.32    -64.58    -61.90    -58.29    -53.66    -47.92    -40.64    -31.80    -21.89    -11.24      0.00
      0.00     -7.28    -12.12    -15.39    -17.47    -18.13    -16.78    -14.81    -13.66    -13.45    -14.18    -15.80    -18.22
    -21.41    -25.32    -29.91    -35.16    -41.06    -47.68    -54.70    -61.38    -66.75    -70.71    -73.21    -73.59    -73.18
    -72.44    -71.55    -70.75    -70.10    -69.47    -68.81    -68.15    -67.45    -66.62    -65.59    -64.58    -63.68    -62.87
    -62.02    -60.94    -59.49    -57.50    -54.76    -51.15    -46.60    -40.88    -34.00    -26.24    -17.82     -8.99      0.00
      0.00     -7.50    -12.15    -14.97    -16.48    -16.70    -15.53    -14.17    -13.49    -13.62    -14.54    -16.22    -18.62
    -21.70    -25.42    -29.75    -34.66    -40.19    -46.36    -52.97    -59.38    -64.62    -68.23    -70.09    -70.00    -69.33
    -68.36    -67.22    -66.07    -65.09    -64.19    -63.35    -62.54    -61.69    -60.72    -59.64    -58.56    -57.49    -56.39
    -55.18    -53.76    -52.01    -49.79    -46.99    -43.43    -38.98    -33.69    -27.72    -21.18    -14.23     -7.08      0.00
      0.00     -6.08     -9.95    -12.38    -13.60    -13.74    -13.14    -12.59    -12.53    -13.06    -14.21    -15.95    -18.29
    -21.19    -24.62    -28.55    -32.96    -37.86    -43.24    -48.94    -54.50    -59.16    -62.30    -63.96    -64.19    -63.51
    -62.62    -61.41    -60.13    -58.93    -57.86    -56.90    -55.96    -55.01    -54.02    -52.93    -51.76    -50.58    -49.30
    -47.89    -46.27    -44.35    -42.04    -39.21    -35.78    -31.78    -27.24    -22.23    -16.84    -11.21     -5.51      0.00
      0.00     -4.17     -7.13     -9.10    -10.18    -10.54    -10.60    -10.73    -11.17    -12.02    -13.31    -15.05    -17.24
    -19.87    -22.94    -26.40    -30.23    -34.39    -38.82    -43.37    -47.76    -51.53    -54.27    -55.87    -56.37    -56.03
    -55.38    -54.35    -53.11    -51.90    -50.77    -49.70    -48.70    -47.70    -46.69    -45.64    -44.48    -43.26    -41.92
    -40.43    -38.75    -36.80    -34.54    -31.90    -28.88    -25.45    -21.66    -17.54    -13.18     -8.68     -4.20      0.00
      0.00     -2.61     -4.71     -6.24     -7.24     -7.87     -8.36     -8.90     -9.63    -10.63    -11.94    -13.57    -15.54
    -17.84    -20.48    -23.43    -26.64    -30.04    -33.54    -37.07    -40.41    -43.29    -45.46    -46.83    -47.46    -47.51
    -47.09    -46.27    -45.14    -44.10    -43.06    -41.99    -40.99    -40.01    -39.03    -38.01    -36.92    -35.74    -34.47
    -33.06    -31.47    -29.68    -27.65    -25.35    -22.79    -19.95    -16.85    -13.54    -10.09     -6.57     -3.12      0.00
      0.00     -1.56     -2.99     -4.16     -5.07     -5.79     -6.45     -7.15     -7.98     -8.97    -10.17    -11.60    -13.27
    -15.19    -17.35    -19.73    -22.29    -24.95    -27.63    -30.28    -32.77    -34.89    -36.51    -37.58    -38.18    -38.35
    -38.09    -37.47    -36.62    -35.73    -34.86    -33.95    -33.03    -32.13    -31.24    -30.31    -29.34    -28.30    -27.18
    -25.95    -24.58    -23.05    -21.35    -19.47    -17.39    -15.12    -12.68    -10.10     -7.46     -4.80     -2.24      0.00
      0.00     -0.94     -1.88     -2.72     -3.45     -4.11     -4.75     -5.43     -6.19     -7.06     -8.06     -9.21    -10.51
    -11.99    -13.64    -15.44    -17.33    -19.29    -21.23    -23.11    -24.85    -26.35    -27.55    -28.30    -28.71    -28.91
    -28.88    -28.39    -27.66    -26.95    -26.31    -25.65    -24.91    -24.17    -23.43    -22.66    -21.87    -21.02    -20.10
    -19.12    -18.04    -16.85    -15.53    -14.09    -12.51    -10.81     -8.99     -7.10     -5.20     -3.31     -1.52      0.00
      0.00     -0.54     -1.11     -1.65     -2.16     -2.65     -3.15     -3.69     -4.27     -4.92     -5.64     -6.45     -7.35
     -8.34     -9.45    -10.66    -11.92    -13.21    -14.48    -15.67    -16.74    -17.71    -18.48    -18.95    -19.20    -19.36
    -19.33    -18.99    -18.49    -18.00    -17.58    -17.12    -16.61    -16.10    -15.59    -15.06    -14.50    -13.90    -13.26
    -12.57    -11.82    -10.99    -10.09     -9.11     -8.05     -6.90     -5.69     -4.46     -3.24     -2.05     -0.93      0.00
      0.00     -0.25     -0.51     -0.77     -1.03     -1.29     -1.57     -1.88     -2.21     -2.57     -2.96     -3.37     -3.83
     -4.33     -4.88     -5.49     -6.13     -6.78     -7.41     -7.97     -8.47     -8.92     -9.30     -9.53     -9.65     -9.73
     -9.68     -9.49     -9.24     -9.01     -8.80     -8.53     -8.27     -8.02     -7.77     -7.52     -7.23     -6.92     -6.60
     -6.25     -5.85     -5.41     -4.94     -4.43     -3.90     -3.31     -2.70     -2.09     -1.51     -0.95     -0.43      0.00
      0.00      0.00      0.00      0.00      0.00      0.00      0.00      0.00      0.00      0.00      0.00      0.00      0.00
      0.00      0.00      0.00      0.00      0.00      0.00      0.00      0.00      0.00      0.00      0.00      0.00      0.00
      0.00      0.00      0.00      0.00      0.00      0.00      0.00      0.00      0.00      0.00      0.00      0.00      0.00
      0.00      0.00      0.00      0.00      0.00      0.00      0.00      0.00      0.00      0.00      0.00      0.00      0.00
      0.00      0.00      0.00      0.00      0.00      0.00      0.00      0.00      0.00      0.00      0.00      0.00      0.00
      0.00      0.00      0.00      0.00      0.00      0.00      0.00      0.00      0.00      0.00      0.00      0.00      0.00
      0.00      0.00      0.00      0.00      0.00      0.00      0.00      0.00      0.00      0.00      0.00      0.00      0.00
      0.00      0.00      0.00      0.00      0.00      0.00      0.00      0.00      0.00      0.00      0.00      0.00      0.00
      0.00     -0.24     -0.51     -0.79     -1.11     -1.45     -1.83     -2.23     -2.65     -3.09     -3.56     -4.04     -4.54
     -5.04     -5.55     -6.06     -6.57     -7.07     -7.56     -8.04     -8.51     -8.96     -9.40     -9.82    -10.22    -10.59
    -10.92    -11.21    -11.44    -11.61    -11.69    -11.69    -11.59    -11.41    -11.13    -10.75    -10.30     -9.76     -9.13
     -8.44     -7.68     -6.88     -6.03     -5.17     -4.32     -3.50     -2.73     -2.02     -1.38     -0.83     -0.37      0.00
      0.00     -0.35     -0.78     -1.28     -1.88     -2.55     -3.27     -4.05     -4.87     -5.74     -6.65     -7.60     -8.59
     -9.61    -10.65    -11.71    -12.78    -13.86    -14.93    -16.00    -17.06    -18.11    -19.15    -20.16    -21.13    -22.06
    -22.92    -23.70    -24.37    -24.91    -25.28    -25.47    -25.46    -25.25    -24.82    -24.17    -23.30    -22.21    -20.91
    -19.40    -17.70    -15.82    -13.86    -11.89     -9.94     -8.06     -6.32     -4.71     -3.24     -1.95     -0.87      0.00
      0.00     -0.48     -1.11     -1.90     -2.81     -3.80     -4.85     -5.97     -7.16     -8.40     -9.69    -11.04    -12.44
    -13.89    -15.39    -16.92    -18.47    -20.06    -21.67    -23.31    -24.97    -26.66    -28.35    -30.03    -31.69    -33.31
    -34.88    -36.37    -37.71    -38.82    -39.70    -40.34    -40.73    -40.82    -40.55    -39.91    -38.88    -37.51    -35.88
    -33.79    -31.24    -28.37    -25.22    -21.94    -18.63    -15.39    -12.29     -9.36     -6.63     -4.14     -1.91      0.00
      0.00     -0.91     -1.94     -3.07     -4.27     -5.54     -6.88     -8.28     -9.73    -11.23    -12.79    -14.41    -16.09
    -17.81    -19.59    -21.41    -23.28    -25.18    -27.12    -29.10    -31.12    -33.17    -35.26    -37.38    -39.53    -41.66
    -43.75    -45.79    -47.68    -49.37    -50.87    -52.09    -53.01    -53.47    -53.39    -52.86    -51.84    -50.44    -48.51
    -45.89    -42.65    -38.99    -34.98    -30.60    -25.97    -21.33    -16.91    -12.81     -9.06     -5.67     -2.65      0.00
      0.00     -1.48     -2.97     -4.46     -5.93     -7.40     -8.88    -10.37    -11.91    -13.50    -15.16    -16.91    -18.73
    -20.63    -22.59    -24.60    -26.64    -28.71    -30.80    -32.92    -35.06    -37.24    -39.46    -41.71    -43.99    -46.30
    -48.60    -50.87    -53.08    -55.09    -56.86    -58.39    -59.52    -60.05    -59.82    -58.84    -57.23    -55.15    -52.65
    -49.59    -46.11    -42.12    -37.71    -32.83    -27.56    -22.28    -17.35    -12.90     -8.93     -5.47     -2.50      0.00
      0.00     -2.06     -3.89     -5.53     -7.03     -8.43     -9.80    -11.19    -12.63    -14.14    -15.76    -17.53    -19.47
    -21.54    -23.70    -25.91    -28.12    -30.34    -32.55    -34.79    -37.03    -39.27    -41.50    -43.70    -45.88    -48.06
    -50.22    -52.35    -54.37    -56.20    -57.78    -59.11    -60.05    -60.36    -60.00    -59.00    -57.37    -54.98    -51.82
    -48.05    -43.80    -39.19    -34.33    -29.13    -23.89    -18.79    -14.06     -9.87     -6.35     -3.56     -1.42      0.00
      0.00     -2.45     -4.30     -5.67     -6.80     -7.82     -8.84     -9.99    -11.32    -12.82    -14.52    -16.43    -18.52
    -20.73    -23.07    -25.49    -27.91    -30.32    -32.71    -35.08    -37.47    -39.84    -42.13    -44.30    -46.35    -48.31
    -50.20    -52.02    -53.72    -55.24    -56.49    -57.41    -57.91    -57.87    -57.18    -55.86    -53.85    -51.11    -47.70
    -43.69    -39.21    -34.36    -29.30    -24.15    -19.03    -14.19     -9.78     -5.93     -2.96     -1.06     -0.03      0.00
      0.00     -1.90     -3.31     -4.33     -5.09     -5.77     -6.53     -7.48     -8.70    -10.19    -11.97    -14.04    -16.34
    -18.83    -21.43    -24.09    -26.75    -29.38    -31.98    -34.56    -37.08    -39.52    -41.85    -44.05    -46.09    -47.96
    -49.66    -51.26    -52.73    -54.02    -55.05    -55.71    -55.91    -55.55    -54.54    -52.83    -50.42    -47.33    -43.62
    -39.38    -34.78    -29.94    -25.07    -20.29    -15.65    -11.18     -6.89     -3.20     -0.79      0.36      0.58      0.00
      0.00     -1.19     -2.00     -2.47     -2.76     -3.08     -3.59     -4.34     -5.42     -6.89     -8.75    -10.97    -13.50
    -16.27    -19.19    -22.19    -25.17    -28.10    -30.96    -33.73    -36.37    -38.88    -41.21    -43.38    -45.39    -47.25
    -48.98    -50.57    -52.03    -53.33    -54.38    -55.04    -55.17    -54.68    -53.50    -51.59    -48.95    -45.64    -41.72
    -37.28    -32.52    -27.74    -23.20    -18.79    -14.45    -10.17     -6.02     -2.59     -0.31      0.79      0.87      0.00
      0.00     -0.22     -0.26     -0.14     -0.02     -0.07     -0.39     -0.98     -2.03     -3.56     -5.56     -7.91    -10.58
    -13.54    -16.73    -20.01    -23.31    -26.57    -29.74    -32.76    -35.58    -38.18    -40.58    -42.80    -44.88    -46.84
    -48.71    -50.50    -52.15    -53.65    -54.90    -55.73    -56.01    -55.61    -54.46    -52.55    -49.87    -46.50    -42.54
    -38.13    -33.39    -28.73    -24.41    -20.15    -15.85    -11.56     -7.42     -4.08     -1.73     -0.20      0.49      0.00
      0.00      1.02      1.65      2.11      2.43      2.47      2.25      1.68      0.63     -0.92     -2.99     -5.50     -8.36
    -11.49    -14.82    -18.27    -21.77    -25.25    -28.64    -31.89    -34.94    -37.77    -40.40    -42.84    -45.12    -47.28
    -49.39    -51.47    -53.44    -55.22    -56.72    -57.77    -58.25    -58.04    -57.06    -55.31    -52.79    -49.56    -45.81
    -41.70    -37.35    -33.02    -28.73    -24.40    -19.98    -15.56    -11.37     -7.65     -4.50     -1.96     -0.28      0.00
      0.00      1.98      3.23      3.95      4.26      4.23      3.88      3.21      2.18      0.62     -1.58     -4.23     -7.19
    -10.39    -13.80    -17.35    -20.97    -24.60    -28.14    -31.60    -34.91    -38.06    -41.04    -43.84    -46.49    -49.00
    -51.41    -53.75    -55.96    -57.97    -59.63    -60.84    -61.48    -61.49    -60.78    -59.33    -57.14    -54.30    -50.97
    -47.31    -43.46    -39.50    -35.41    -31.10    -26.58    -21.95    -17.39    -13.06     -8.99     -5.26     -2.09      0.00
      0.00      2.23      3.80      4.71      5.05      4.99      4.59      3.77      2.54      0.86     -1.28     -3.87     -6.82
    -10.08    -13.57    -17.20    -20.93    -24.72    -28.46    -32.17    -35.81    -39.34    -42.72    -45.96    -49.08    -51.98
    -54.69    -57.22    -59.52    -61.58    -63.28    -64.55    -65.33    -65.55    -65.19    -64.16    -62.46    -60.14    -57.34
    -54.20    -50.84    -47.29    -43.51    -39.44    -35.03    -30.33    -25.41    -20.36    -15.16     -9.88     -4.70      0.00
      0.00      1.94      3.39      4.29      4.65      4.60      4.17      3.30      2.00      0.32     -1.75     -4.26     -7.19
    -10.46    -13.98    -17.67    -21.48    -25.47    -29.59    -33.67    -37.74    -41.76    -45.63    -49.30    -52.78    -55.95
    -58.82    -61.39    -63.65    -65.60    -67.23    -68.49    -69.35    -69.78    -69.69    -69.00    -67.69    -65.88    -63.68
    -61.17    -58.43    -55.45    -52.14    -48.40    -44.19    -39.51    -34.38    -28.73    -22.40    -15.45     -8.00      0.00
      0.00      1.32      2.33      2.94      3.15      3.03      2.61      1.88      0.76     -0.77     -2.74     -5.16     -8.03
    -11.30    -14.86    -18.63    -22.60    -26.86    -31.47    -36.15    -40.73    -45.27    -49.62    -53.65    -57.31    -60.56
    -63.36    -65.77    -67.83    -69.58    -71.02    -72.15    -72.98    -73.47    -73.52    -73.03    -72.07    -70.71    -69.08
    -67.23    -65.16    -62.79    -60.10    -56.83    -52.76    -47.94    -42.41    -36.09    -28.74    -20.29    -10.73      0.00
      0.00      0.57      0.88      0.94      0.84      0.62      0.25     -0.32     -1.19     -2.48     -4.25     -6.50     -9.27
    -12.51    -16.14    -20.10    -24.48    -29.25    -34.32    -39.54    -44.71    -49.72    -54.39    -58.57    -62.20    -65.24
    -67.74    -69.84    -71.63    -73.11    -74.27    -75.11    -75.68    -76.01    -76.07    -75.79    -75.15    -74.17    -73.03
    -71.76    -70.32    -68.71    -66.54    -63.47    -59.50    -54.50    -48.51    -41.60    -33.71    -24.59    -13.53      0.00
      0.00     -0.33     -0.97     -1.72     -2.33     -2.75     -3.03     -3.33     -3.84     -4.78     -6.23     -8.25    -10.88
    -14.13    -17.93    -22.26    -27.09    -32.31    -37.87    -43.63    -49.31    -54.68    -59.50    -63.60    -66.92    -69.50
    -71.49    -73.11    -74.51    -75.70    -76.55    -77.03    -77.22    -77.22    -77.08    -76.78    -76.31    -75.66    -74.98
    -74.33    -73.64    -72.78    -71.04    -67.98    -63.84    -58.72    -52.54    -45.53    -37.79    -28.70    -16.42      0.00
      0.00     -1.80     -3.74     -5.42     -6.59     -7.13     -7.17     -6.98     -6.95     -7.42     -8.51    -10.33    -12.94
    -16.28    -20.26    -24.86    -29.99    -35.58    -41.61    -47.89    -54.00    -59.54    -64.29    -68.04    -70.85    -72.88
    -74.15    -75.11    -75.98    -76.78    -77.30    -77.42    -77.26    -76.91    -76.51    -76.07    -75.55    -75.14    -74.89
    -74.65    -74.38    -73.77    -72.18    -69.43    -65.50    -60.52    -54.62    -47.83    -39.72    -29.20    -15.98      0.00
      0.00     -3.88     -7.24     -9.81    -11.51    -12.13    -11.66    -10.76    -10.06    -10.05    -10.90    -12.65    -15.20
    -18.53    -22.57    -27.26    -32.57    -38.47    -44.90    -51.67    -58.10    -63.59    -68.18    -71.49    -73.71    -74.90
    -75.39    -75.58    -75.79    -76.10    -76.17    -75.96    -75.59    -75.09    -74.51    -73.87    -73.25    -72.83    -72.54
    -72.35    -72.16    -71.52    -69.95    -67.30    -63.53    -58.89    -53.43    -46.22    -36.98    -26.08    -13.71      0.00
      0.00     -5.87    -10.32    -13.55    -15.68    -16.29    -15.35    -13.70    -12.53    -12.27    -12.98    -14.59    -17.05
    -20.32    -24.33    -29.04    -34.41    -40.43    -47.09    -54.17    -60.70    -66.14    -70.49    -73.26    -74.69    -75.12
    -74.85    -74.38    -74.03    -73.81    -73.47    -73.02    -72.51    -71.93    -71.25    -70.40    -69.57    -68.90    -68.36
    -67.94    -67.34    -66.32    -64.58    -61.90    -58.29    -53.66    -47.92    -40.64    -31.80    -21.89    -11.24      0.00
      0.00     -7.28    -12.12    -15.39    -17.47    -18.13    -16.78    -14.81    -13.66    -13.45    -14.18    -15.80    -18.22
    -21.41    -25.32    -29.91    -35.16    -41.06    -47.68    -54.70    -61.38    -66.75    -70.71    -73.21    -73.59    -73.18
    -72.44    -71.55    -70.75    -70.10    -69.47    -68.81    -68.15    -67.45    -66.62    -65.59    -64.58    -63.68    -62.87
    -62.02    -60.94    -59.49    -57.50    -54.76    -51.15    -46.60    -40.88    -34.00    -26.24    -17.82     -8.99      0.00
      0.00     -7.50    -12.15    -14.97    -16.48    -16.70    -15.53    -14.17    -13.49    -13.62    -14.54    -16.22    -18.62
    -21.70    -25.42    -29.75    -34.66    -40.19    -46.36    -52.97    -59.38    -64.62    -68.23    -70.09    -70.00    -69.33
    -68.36    -67.22    -66.07    -65.09    -64.19    -63.35    -62.54    -61.69    -60.72    -59.64    -58.56    -57.49    -56.39
    -55.18    -53.76    -52.01    -49.79    -46.99    -43.43    -38.98    -33.69    -27.72    -21.18    -14.23     -7.08      0.00
      0.00     -6.08     -9.95    -12.38    -13.60    -13.74    -13.14    -12.59    -12.53    -13.06    -14.21    -15.95    -18.29
    -21.19    -24.62    -28.55    -32.96    -37.86    -43.24    -48.94    -54.50    -59.16    -62.30    -63.96    -64.19    -63.51
    -62.62    -61.41    -60.13    -58.93    -57.86    -56.90    -55.96    -55.01    -54.02    -52.93    -51.76    -50.58    -49.30
    -47.89    -46.27    -44.35    -42.04    -39.21    -35.78    -31.78    -27.24    -22.23    -16.84    -11.21     -5.51      0.00
      0.00     -4.17     -7.13     -9.10    -10.18    -10.54    -10.60    -10.73    -11.17    -12.02    -13.31    -15.05    -17.24
    -19.87    -22.94    -26.40    -30.23    -34.39    -38.82    -43.37    -47.76    -51.53    -54.27    -55.87    -56.37    -56.03
    -55.38    -54.35    -53.11    -51.90    -50.77    -49.70    -48.70    -47.70    -46.69    -45.64    -44.48    -43.26    -41.92
    -40.43    -38.75    -36.80    -34.54    -31.90    -28.88    -25.45    -21.66    -17.54    -13.18     -8.68     -4.20      0.00
      0.00     -2.61     -4.71     -6.24     -7.24     -7.87     -8.36     -8.90     -9.63    -10.63    -11.94    -13.57    -15.54
    -17.84    -20.48    -23.43    -26.64    -30.04    -33.54    -37.07    -40.41    -43.29    -45.46    -46.83    -47.46    -47.51
    -47.09    -46.27    -45.14    -44.10    -43.06    -41.99    -40.99    -40.01    -39.03    -38.01    -36.92    -35.74    -34.47
    -33.06    -31.47    -29.68    -27.65    -25.35    -22.79    -19.95    -16.85    -13.54    -10.09     -6.57     -3.12      0.00
      0.00     -1.56     -2.99     -4.16     -5.07     -5.79     -6.45     -7.15     -7.98     -8.97    -10.17    -11.60    -13.27
    -15.19    -17.35    -19.73    -22.29    -24.95    -27.63    -30.28    -32.77    -34.89    -36.51    -37.58    -38.18    -38.35
    -38.09    -37.47    -36.62    -35.73    -34.86    -33.95    -33.03    -32.13    -31.24    -30.31    -29.34    -28.30    -27.18
    -25.95    -24.58    -23.05    -21.35    -19.47    -17.39    -15.12    -12.68    -10.10     -7.46     -4.80     -2.24      0.00
      0.00     -0.94     -1.88     -2.72     -3.45     -4.11     -4.75     -5.43     -6.19     -7.06     -8.06     -9.21    -10.51
    -11.99    -13.64    -15.44    -17.33    -19.29    -21.23    -23.11    -24.85    -26.35    -27.55    -28.30    -28.71    -28.91
    -28.88    -28.39    -27.66    -26.95    -26.31    -25.65    -24.91    -24.17    -23.43    -22.66    -21.87    -21.02    -20.10
    -19.12    -18.04    -16.85    -15.53    -14.09    -12.51    -10.81     -8.99     -7.10     -5.20     -3.31     -1.52      0.00
      0.00     -0.54     -1.11     -1.65     -2.16     -2.65     -3.15     -3.69     -4.27     -4.92     -5.64     -6.45     -7.35
     -8.34     -9.45    -10.66    -11.92    -13.21    -14.48    -15.67    -16.74    -17.71    -18.48    -18.95    -19.20    -19.36
    -19.33    -18.99    -18.49    -18.00    -17.58    -17.12    -16.61    -16.10    -15.59    -15.06    -14.50    -13.90    -13.26
    -12.57    -11.82    -10.99    -10.09     -9.11     -8.05     -6.90     -5.69     -4.46     -3.24     -2.05     -0.93      0.00
      0.00     -0.25     -0.51     -0.77     -1.03     -1.29     -1.57     -1.88     -2.21     -2.57     -2.96     -3.37     -3.83
     -4.33     -4.88     -5.49     -6.13     -6.78     -7.41     -7.97     -8.47     -8.92     -9.30     -9.53     -9.65     -9.73
     -9.68     -9.49     -9.24     -9.01     -8.80     -8.53     -8.27     -8.02     -7.77     -7.52     -7.23     -6.92     -6.60
     -6.25     -5.85     -5.41     -4.94     -4.43     -3.90     -3.31     -2.70     -2.09     -1.51     -0.95     -0.43      0.00
      0.00      0.00      0.00      0.00      0.00      0.00      0.00      0.00      0.00      0.00      0.00      0.00      0.00
      0.00      0.00      0.00      0.00      0.00      0.00      0.00      0.00      0.00      0.00      0.00      0.00      0.00
      0.00      0.00      0.00      0.00      0.00      0.00      0.00      0.00      0.00      0.00      0.00      0.00      0.00
      0.00      0.00      0.00      0.00      0.00      0.00      0.00      0.00      0.00      0.00      0.00      0.00      0.00
      0.00      0.00      0.00      0.00      0.00      0.00      0.00      0.00      0.00      0.00      0.00      0.00      0.00
      0.00      0.00      0.00      0.00      0.00      0.00      0.00      0.00      0.00      0.00      0.00      0.00      0.00
      0.00      0.00      0.00      0.00      0.00      0.00      0.00      0.00      0.00      0.00      0.00      0.00      0.00
      0.00      0.00      0.00      0.00      0.00      0.00      0.00      0.00      0.00      0.00      0.00      0.00      0.00
      0.00     -0.14     -0.28     -0.42     -0.58     -0.77     -1.00     -1.27     -1.58     -1.93     -2.33     -2.76     -3.24
     -3.75     -4.29     -4.84     -5.40     -5.96     -6.50     -7.02     -7.53     -8.02     -8.49     -8.97     -9.44     -9.90
    -10.33    -10.73    -11.05    -11.26    -11.36    -11.33    -11.16    -10.86    -10.43     -9.85     -9.15     -8.34     -7.45
     -6.50     -5.53     -4.56     -3.61     -2.72     -1.92     -1.24     -0.68     -0.28     -0.03      0.07      0.06      0.00
      0.00     -0.07     -0.12     -0.22     -0.43     -0.78     -1.25     -1.82     -2.48     -3.24     -4.10     -5.05     -6.07
     -7.16     -8.32     -9.54    -10.80    -12.09    -13.40    -14.70    -16.01    -17.32    -18.64    -19.99    -21.39    -22.80
    -24.21    -25.52    -26.68    -27.62    -28.29    -28.64    -28.63    -28.25    -27.50    -26.36    -24.87    -23.06    -20.93
    -18.59    -16.05    -13.42    -10.81     -8.35     -6.07     -4.09     -2.59     -1.47     -0.68     -0.22     -0.07      0.00
      0.00      0.09      0.18      0.03     -0.41     -1.05     -1.82     -2.75     -3.86     -5.11     -6.47     -7.92     -9.47
    -11.12    -12.85    -14.67    -16.57    -18.56    -20.64    -22.79    -25.03    -27.35    -29.78    -32.32    -34.96    -37.66
    -40.39    -43.12    -45.78    -48.27    -50.44    -52.21    -53.43    -54.00    -53.83    -52.88    -51.12    -48.52    -45.21
    -41.15    -36.47    -31.36    -26.15    -21.21    -16.67    -12.62     -9.10     -6.14     -3.78     -2.07     -0.97      0.00
      0.00     -0.38     -0.89     -1.58     -2.42     -3.42     -4.64     -6.04     -7.57     -9.22    -10.98    -12.85    -14.82
    -16.88    -18.99    -21.15    -23.36    -25.65    -28.05    -30.56    -33.22    -36.02    -38.97    -42.04    -45.23    -48.53
    -51.95    -55.55    -59.32    -63.18    -66.96    -70.42    -73.35    -75.46    -76.60    -76.76    -75.76    -73.60    -70.05
    -64.93    -58.49    -51.17    -43.28    -35.28    -27.75    -20.97    -15.07    -10.14     -6.33     -3.58     -1.64      0.00
      0.00     -1.34     -2.79     -4.35     -6.00     -7.67     -9.36    -11.07    -12.78    -14.52    -16.32    -18.21    -20.20
    -22.29    -24.47    -26.69    -28.95    -31.25    -33.61    -36.04    -38.58    -41.26    -44.09    -47.09    -50.24    -53.54
    -57.02    -60.74    -64.78    -69.13    -73.68    -78.08    -81.88    -84.72    -86.29    -86.52    -85.20    -82.64    -78.86
    -73.44    -66.41    -58.04    -48.78    -39.07    -29.79    -21.75    -15.05     -9.59     -5.61     -2.98     -1.29      0.00
      0.00     -2.77     -5.38     -7.70     -9.71    -11.44    -12.95    -14.29    -15.56    -16.86    -18.33    -20.04    -22.04
    -24.25    -26.58    -28.96    -31.36    -33.76    -36.12    -38.48    -40.92    -43.39    -45.89    -48.44    -51.10    -53.93
    -56.99    -60.29    -63.78    -67.42    -71.16    -74.82    -78.11    -80.65    -82.09    -82.26    -80.92    -77.84    -72.94
    -66.48    -58.75    -50.13    -40.92    -31.72    -23.10    -15.53     -9.42     -4.81     -1.81     -0.28      0.29      0.00
      0.00     -3.98     -7.06     -8.93    -10.06    -10.77    -11.29    -11.95    -12.91    -14.29    -16.06    -18.12    -20.43
    -22.95    -25.60    -28.27    -30.82    -33.19    -35.51    -37.93    -40.46    -43.06    -45.65    -48.09    -50.28    -52.32
    -54.46    -56.90    -59.68    -62.60    -65.43    -67.97    -70.01    -71.29    -71.59    -70.69    -68.40    -64.62    -59.40
    -52.92    -45.45    -37.37    -29.13    -21.12    -13.73     -7.39     -2.23      1.49      3.27      3.14      1.98      0.00
      0.00     -2.74     -5.20     -6.82     -7.47     -7.44     -7.22     -7.28     -7.89     -9.17    -11.12    -13.59    -16.52
    -19.77    -23.16    -26.42    -29.37    -31.99    -34.39    -36.79    -39.36    -42.12    -44.95    -47.62    -49.80    -51.34
    -52.49    -53.80    -55.60    -57.82    -60.09    -62.04    -63.36    -63.81    -63.17    -61.30    -58.11    -53.65    -47.99
    -41.33    -34.01    -26.43    -19.14    -12.56     -6.72     -1.49      3.05      6.19      6.78      5.25      2.69      0.00
      0.00     -2.18     -4.06     -4.74     -4.12     -3.01     -2.14     -1.70     -1.91     -3.10     -5.15     -8.03    -11.59
    -15.70    -20.00    -24.09    -27.69    -30.78    -33.69    -36.56    -39.15    -41.46    -43.61    -45.60    -47.36    -48.81
    -50.00    -51.11    -52.49    -54.43    -56.66    -58.61    -59.90    -60.19    -59.24    -56.97    -53.35    -48.36    -42.10
    -34.84    -27.13    -20.07    -13.90     -8.34     -3.32      1.46      5.79      8.51      8.93      7.11      3.68      0.00
      0.00     -0.94     -1.41     -0.70      0.90      2.54      3.68      4.27      3.88      2.64      0.49     -2.42     -6.04
    -10.29    -14.89    -19.44    -23.74    -27.86    -31.81    -35.39    -38.25    -40.28    -41.83    -43.32    -44.82    -46.22
    -47.55    -49.00    -50.85    -53.24    -55.98    -58.42    -60.04    -60.50    -59.60    -57.23    -53.25    -47.69    -41.02
    -33.71    -26.37    -19.95    -14.66     -9.60     -4.65      0.15      4.39      7.04      7.79      6.81      4.15      0.00
      0.00      1.75      2.54      2.91      4.13      5.86      7.18      7.68      7.10      5.70      3.64      0.94     -2.43
     -6.47    -10.98    -15.65    -20.26    -24.76    -29.02    -32.78    -35.79    -38.00    -39.86    -41.64    -43.34    -44.82
    -46.40    -48.61    -51.39    -54.59    -57.86    -60.65    -62.49    -63.09    -62.26    -59.88    -55.81    -50.26    -43.93
    -37.36    -31.09    -25.72    -20.98    -16.17    -11.11     -6.18     -1.91      1.28      3.29      4.12      3.23      0.00
      0.00      3.56      6.21      7.19      7.59      8.44      9.18      9.25      8.55      6.95      4.69      1.89     -1.61
     -5.62     -9.99    -14.53    -18.89    -22.94    -26.73    -30.32    -33.52    -36.24    -38.73    -41.12    -43.34    -45.49
    -47.88    -50.90    -54.37    -58.05    -61.50    -64.31    -66.19    -66.92    -66.33    -64.17    -60.47    -55.58    -50.10
    -44.54    -39.46    -35.00    -30.74    -26.12    -20.91    -15.64    -11.00     -7.24     -4.21     -1.84     -0.08      0.00
      0.00      3.93      7.55      9.62     10.33     10.43     10.13      9.44      8.47      7.11      5.03      2.04     -1.81
     -6.07    -10.45    -14.82    -18.78    -22.21    -25.47    -28.88    -32.50    -35.96    -39.36    -42.56    -45.83    -49.12
    -52.53    -56.03    -59.52    -62.95    -66.09    -68.73    -70.68    -71.75    -71.65    -70.00    -66.99    -63.11    -58.88
    -54.51    -50.29    -46.37    -42.37    -37.92    -32.98    -27.89    -22.92    -18.04    -13.12     -8.21     -3.57      0.00
      0.00      3.24      6.27      8.41      9.44      9.56      9.03      8.30      7.71      6.71      4.76      1.71     -2.20
     -6.46    -10.71    -14.90    -18.65    -21.72    -24.89    -28.65    -33.13    -37.81    -42.40    -46.77    -51.24    -55.55
    -59.42    -62.77    -65.67    -68.29    -70.75    -73.15    -75.37    -77.07    -77.72    -76.75    -74.42    -71.39    -68.20
    -65.14    -62.22    -59.30    -55.85    -51.70    -47.20    -42.64    -37.92    -32.51    -25.85    -17.94     -9.22      0.00
      0.00      2.08      4.21      6.28      7.64      8.18      8.27      8.18      7.78      6.75      4.83      1.90     -1.95
     -6.19    -10.28    -13.97    -17.30    -20.82    -25.23    -30.51    -36.29    -42.32    -48.40    -54.04    -59.25    -63.79
    -67.46    -70.27    -72.45    -74.26    -75.92    -77.70    -79.77    -81.88    -83.21    -83.01    -81.29    -78.73    -76.24
    -74.29    -72.80    -71.14    -68.66    -65.12    -60.88    -56.09    -50.59    -44.20    -36.20    -26.14    -14.13      0.00
      0.00      1.21      3.02      4.64      5.77      6.40      6.74      6.96      6.88      6.14      4.60      2.13     -1.23
     -5.19     -9.19    -12.99    -17.17    -22.26    -28.31    -35.26    -42.66    -50.15    -57.23    -63.50    -68.54    -72.44
    -75.37    -77.70    -79.58    -80.94    -81.87    -82.61    -83.56    -84.93    -86.24    -86.75    -85.91    -84.07    -82.43
    -81.59    -81.32    -80.96    -79.59    -76.64    -72.19    -66.56    -60.01    -52.59    -43.91    -33.01    -18.57      0.00
      0.00      0.57      1.11      1.21      1.18      1.30      1.80      2.47      3.00      3.05      2.40      0.90     -1.58
     -5.04     -9.22    -14.07    -19.81    -26.42    -33.99    -42.67    -51.90    -60.72    -68.30    -74.05    -78.13    -80.75
    -82.56    -84.31    -86.00    -87.25    -87.62    -87.33    -86.89    -86.72    -86.95    -87.20    -87.09    -86.63    -86.45
    -87.14    -88.63    -90.23    -90.30    -87.38    -82.05    -75.20    -67.50    -59.42    -50.62    -39.41    -22.74      0.00
      0.00     -1.39     -3.43     -5.64     -7.09     -7.43     -6.53     -4.68     -2.60     -1.17     -0.90     -1.76     -3.71
     -7.05    -11.73    -17.55    -24.31    -31.97    -40.97    -51.59    -62.78    -72.69    -79.86    -84.24    -86.69    -87.90
    -88.22    -88.60    -89.33    -90.04    -90.08    -89.51    -88.72    -87.71    -86.94    -86.56    -86.55    -86.95    -88.05
    -90.16    -93.26    -96.71    -98.25    -95.14    -89.04    -81.25    -73.03    -64.54    -54.38    -40.08    -21.50      0.00
      0.00     -5.09    -10.63    -15.27    -18.26    -19.08    -16.80    -12.55     -8.04     -4.92     -3.79     -4.30     -6.33
    -10.07    -15.37    -21.90    -29.39    -37.95    -48.20    -60.54    -73.50    -83.68    -90.20    -93.10    -93.85    -93.29
    -91.95    -90.63    -89.87    -89.50    -89.14    -88.79    -88.34    -87.42    -86.30    -85.44    -85.10    -85.51    -86.90
    -89.29    -92.61    -96.18    -97.69    -95.03    -89.16    -81.87    -73.97    -63.68    -50.50    -35.04    -17.88      0.00
      0.00     -9.45    -17.94    -24.51    -28.58    -29.01    -24.87    -18.04    -11.81     -7.82     -6.27     -6.78     -9.17
    -13.37    -19.08    -26.05    -34.03    -43.27    -54.49    -68.08    -81.76    -91.78    -97.84    -99.43    -98.36    -96.21
    -93.48    -90.81    -88.74    -87.29    -86.35    -85.90    -85.62    -85.05    -84.16    -83.10    -82.39    -82.36    -83.17
    -84.79    -86.91    -88.88    -89.34    -86.96    -81.93    -74.98    -66.11    -54.84    -41.82    -28.08    -13.98      0.00
      0.00    -13.58    -23.57    -30.15    -34.10    -33.98    -27.81    -19.38    -12.93     -9.18     -7.98     -9.08    -11.98
    -16.43    -22.32    -29.35    -37.42    -46.89    -58.56    -72.76    -87.08    -96.63   -102.09   -103.14    -99.74    -95.82
    -92.20    -88.87    -85.96    -83.62    -81.96    -81.03    -80.54    -80.10    -79.47    -78.51    -77.57    -77.03    -76.96
    -77.29    -77.72    -77.86    -76.97    -74.23    -69.32    -62.42    -53.56    -43.35    -32.51    -21.50    -10.59      0.00
      0.00    -16.04    -26.07    -31.23    -33.13    -30.73    -23.91    -16.67    -11.71     -9.41     -9.36    -11.17    -14.40
    -18.89    -24.58    -31.28    -39.02    -48.11    -59.22    -72.71    -86.76    -96.57   -101.56   -101.15    -96.81    -92.23
    -88.31    -84.64    -81.29    -78.38    -76.10    -74.57    -73.62    -72.96    -72.27    -71.36    -70.30    -69.32    -68.41
    -67.57    -66.65    -65.36    -63.26    -59.88    -54.95    -48.54    -41.03    -32.86    -24.39    -16.00     -7.85      0.00
      0.00    -13.20    -21.93    -25.84    -25.88    -22.34    -17.06    -12.61     -9.95     -9.46    -10.58    -12.89    -16.20
    -20.43    -25.62    -31.70    -38.69    -46.77    -56.27    -67.32    -78.88    -87.89    -91.91    -91.81    -89.01    -85.26
    -81.76    -78.13    -74.68    -71.53    -68.95    -66.98    -65.55    -64.49    -63.57    -62.52    -61.28    -59.92    -58.43
    -56.84    -55.08    -52.93    -50.16    -46.46    -41.84    -36.47    -30.54    -24.24    -17.79    -11.53     -5.65      0.00
      0.00     -7.97    -13.74    -16.31    -15.93    -13.66    -11.04     -9.17     -8.66     -9.56    -11.43    -13.96    -17.11
    -20.91    -25.46    -30.77    -36.79    -43.57    -51.12    -59.31    -67.48    -74.13    -77.92    -78.88    -77.73    -75.39
    -72.72    -69.68    -66.43    -63.34    -60.69    -58.49    -56.73    -55.30    -54.04    -52.78    -51.39    -49.82    -48.09
    -46.22    -44.12    -41.68    -38.78    -35.31    -31.32    -26.90    -22.16    -17.28    -12.43     -7.89     -3.84      0.00
      0.00     -3.86     -6.93     -8.37     -8.38     -7.73     -7.12     -7.07     -7.90     -9.55    -11.71    -14.22    -17.05
    -20.32    -24.19    -28.69    -33.75    -39.22    -45.01    -50.96    -56.62    -61.24    -64.23    -65.50    -65.29    -64.07
    -62.08    -59.59    -56.72    -54.00    -51.50    -49.30    -47.45    -45.86    -44.42    -43.00    -41.53    -39.98    -38.30
    -36.48    -34.47    -32.17    -29.51    -26.47    -23.08    -19.41    -15.61    -11.86     -8.30     -5.12     -2.43      0.00
      0.00     -1.59     -3.00     -3.87     -4.22     -4.48     -4.97     -5.91     -7.36     -9.19    -11.23    -13.41    -15.79
    -18.49    -21.66    -25.35    -29.48    -33.85    -38.18    -42.42    -46.37    -49.60    -51.78    -52.84    -52.97    -52.27
    -50.54    -48.32    -45.96    -43.69    -41.58    -39.68    -38.03    -36.55    -35.16    -33.78    -32.38    -31.00    -29.59
    -28.01    -26.24    -24.24    -22.00    -19.42    -16.58    -13.61    -10.63     -7.79     -5.26     -3.10     -1.39      0.00
      0.00     -0.60     -1.20     -1.73     -2.16     -2.79     -3.71     -4.93     -6.45     -8.08     -9.73    -11.40    -13.21
    -15.29    -17.78    -20.63    -23.76    -27.02    -30.17    -33.07    -35.78    -38.11    -39.69    -40.35    -40.34    -39.75
    -38.50    -36.67    -34.72    -32.95    -31.33    -29.91    -28.68    -27.50    -26.37    -25.19    -24.01    -22.89    -21.77
    -20.52    -19.09    -17.51    -15.75    -13.73    -11.48     -9.16     -6.90     -4.79     -3.03     -1.64     -0.64      0.00
      0.00     -0.22     -0.50     -0.82     -1.18     -1.76     -2.61     -3.66     -4.89     -6.10     -7.22     -8.36     -9.55
    -10.91    -12.59    -14.53    -16.66    -18.85    -20.91    -22.69    -24.35    -25.81    -26.84    -27.23    -27.08    -26.68
    -25.92    -24.77    -23.49    -22.25    -21.14    -20.19    -19.34    -18.55    -17.78    -16.95    -16.11    -15.27    -14.45
    -13.58    -12.60    -11.53    -10.33     -8.96     -7.41     -5.75     -4.10     -2.68     -1.54     -0.71     -0.20      0.00
      0.00     -0.09     -0.22     -0.40     -0.62     -0.94     -1.40     -1.99     -2.70     -3.38     -3.94     -4.47     -5.04
     -5.69     -6.49     -7.45     -8.52     -9.63    -10.65    -11.54    -12.30    -12.97    -13.42    -13.61    -13.55    -13.39
    -13.09    -12.56    -11.94    -11.41    -10.87    -10.30     -9.84     -9.42     -9.05     -8.69     -8.24     -7.74     -7.34
     -6.88     -6.39     -5.86     -5.25     -4.55     -3.73     -2.84     -1.96     -1.22     -0.65     -0.24      0.01      0.00
      0.00      0.00      0.00      0.00      0.00      0.00      0.00      0.00      0.00      0.00      0.00      0.00      0.00
      0.00      0.00      0.00      0.00      0.00      0.00      0.00      0.00      0.00      0.00      0.00      0.00      0.00
      0.00      0.00      0.00      0.00      0.00      0.00      0.00      0.00      0.00      0.00      0.00      0.00      0.00
      0.00      0.00      0.00      0.00      0.00      0.00      0.00      0.00      0.00      0.00      0.00      0.00      0.00
      0.00      0.00      0.00      0.00      0.00      0.00      0.00      0.00      0.00      0.00      0.00      0.00      0.00
      0.00      0.00      0.00      0.00      0.00      0.00      0.00      0.00      0.00      0.00      0.00      0.00      0.00
      0.00      0.00      0.00      0.00      0.00      0.00      0.00      0.00      0.00      0.00      0.00      0.00      0.00
      0.00      0.00      0.00      0.00      0.00      0.00      0.00      0.00      0.00      0.00      0.00      0.00      0.00
      0.00     -0.04      0.05      0.29      0.62      0.96      1.24      1.42      1.51      1.48      1.34      1.06      0.64
      0.07     -0.63     -1.42     -2.26     -3.07     -3.81     -4.46     -5.01     -5.49     -5.98     -6.52     -7.15     -7.85
     -8.60     -9.34    -10.01    -10.50    -10.71    -10.55    -10.03     -9.17     -8.04     -6.69     -5.15     -3.49     -1.75
      0.00      1.71      3.31      4.72      5.88      6.72      7.16      7.15      6.63      5.59      4.05      2.11      0.00
      0.00      0.91      1.98      3.05      3.94      4.53      4.81      4.79      4.48      3.88      3.04      2.05      0.98
     -0.21     -1.56     -3.13     -4.89     -6.79     -8.75    -10.70    -12.63    -14.54    -16.51    -18.68    -21.16    -23.97
    -26.97    -29.93    -32.55    -34.61    -35.94    -36.42    -36.00    -34.69    -32.58    -29.76    -26.40    -22.58    -18.38
    -13.92     -9.41     -5.04     -0.97      2.54      5.35      7.26      8.17      8.10      7.14      5.37      2.89      0.00
      0.00      2.53      4.83      6.44      7.32      7.62      7.46      6.88      5.78      4.21      2.41      0.61     -1.21
     -3.12     -5.24     -7.62    -10.27    -13.20    -16.42    -19.90    -23.60    -27.54    -31.75    -36.35    -41.41    -46.94
    -52.75    -58.65    -64.73    -71.01    -77.09    -82.32    -85.90    -87.20    -86.27    -83.32    -78.40    -71.71    -63.54
    -54.40    -44.86    -35.24    -25.97    -17.60    -10.45     -4.64     -0.20      2.83      4.36      4.17      2.37      0.00
      0.00      1.46      2.56      3.19      3.41      3.13      2.27      0.86     -1.00     -3.21     -5.68     -8.37    -11.27
    -14.30    -17.34    -20.32    -23.28    -26.34    -29.68    -33.45    -37.68    -42.37    -47.50    -52.96    -58.61    -64.37
    -70.53    -77.60    -85.95    -95.61   -106.01   -116.08   -124.68   -131.01   -134.75   -135.92   -134.33   -129.18   -119.70
   -106.29    -90.70    -74.31    -57.95    -42.72    -29.28    -17.89     -8.92     -2.47      1.09      2.04      1.32      0.00
      0.00     -0.59     -1.82     -3.64     -5.94     -8.48    -11.05    -13.52    -15.81    -17.90    -19.91    -22.02    -24.36
    -26.95    -29.69    -32.45    -35.19    -37.96    -40.81    -43.80    -47.05    -50.74    -54.97    -59.76    -64.96    -70.42
    -76.23    -82.83    -90.85   -100.76   -112.63   -125.53   -137.57   -147.13   -153.78   -157.48   -157.70   -153.86   -144.88
   -129.74   -110.33    -89.60    -68.41    -48.20    -30.91    -17.27     -7.11     -0.10      3.36      3.51      1.89      0.00
      0.00     -5.35    -10.45    -14.81    -18.40    -21.25    -23.16    -24.08    -24.34    -24.61    -25.35    -26.76    -28.94
    -31.57    -34.27    -37.01    -39.88    -42.68    -45.30    -47.91    -50.58    -53.35    -56.15    -59.03    -62.20    -66.10
    -71.18    -77.29    -84.27    -92.16   -101.01   -110.70   -120.62   -129.79   -137.07   -141.40   -141.54   -136.12   -124.91
   -108.73    -89.75    -69.48    -49.24    -31.33    -16.38     -4.30      4.37      9.35     10.89      9.36      5.27      0.00
      0.00    -10.21    -16.51    -19.18    -19.78    -18.98    -17.40    -16.13    -15.96    -17.12    -19.28    -21.93    -24.93
    -28.33    -32.01    -35.58    -38.33    -39.99    -41.51    -43.81    -46.81    -50.19    -53.82    -57.15    -59.34    -60.49
    -61.95    -65.15    -70.61    -77.46    -84.67    -91.60    -97.71   -102.51   -105.48   -105.88   -102.92    -95.93    -85.00
    -70.73    -54.33    -37.76    -22.47     -9.12      2.30     11.62     18.21     21.38     20.36     15.64      8.53      0.00
      0.00     -5.46    -10.73    -14.11    -14.13    -11.47     -7.91     -4.79     -3.37     -4.28     -7.07    -10.66    -15.14
    -20.88    -27.41    -33.07    -36.71    -38.52    -39.35    -40.62    -43.13    -47.08    -52.15    -57.19    -60.44    -60.71
    -58.74    -57.40    -58.88    -63.28    -69.23    -75.24    -80.03    -82.81    -83.15    -80.70    -75.36    -67.12    -55.56
    -41.22    -26.17    -12.24     -0.67      8.89     16.74     23.17     27.96     29.78     26.80     19.59     10.50      0.00
      0.00     -5.82    -11.18    -11.97     -7.53     -1.46      3.89      7.48      9.00      8.44      5.97      1.54     -4.93
    -13.01    -22.03    -29.77    -34.61    -37.48    -40.69    -44.23    -46.44    -47.91    -49.36    -50.76    -51.99    -52.64
    -52.32    -50.94    -50.67    -53.27    -58.49    -64.74    -70.08    -72.97    -72.80    -69.84    -64.00    -53.91    -39.70
    -24.06     -9.26      2.37     11.09     18.14     24.45     30.31     34.83     36.02     32.60     24.66     13.66      0.00
      0.00     -3.76     -5.26     -2.05      4.56     11.44     16.28     18.95     19.68     18.86     16.52     12.42      6.63
     -0.80     -9.12    -17.03    -23.94    -30.69    -37.53    -43.28    -46.44    -46.15    -44.53    -43.77    -44.04    -44.12
    -43.45    -43.02    -44.49    -48.81    -55.57    -63.16    -69.57    -73.14    -73.24    -69.94    -61.72    -48.56    -33.75
    -19.02     -5.75      3.88     10.18     16.10     22.72     29.07     33.52     34.93     32.70     26.78     16.19      0.00
      0.00      5.24      5.52      4.30      7.94     14.94     20.65     23.22     23.09     21.66     19.81     17.13     12.74
      6.72     -0.34     -7.94    -15.53    -23.05    -29.95    -35.50    -38.08    -38.06    -37.57    -37.85    -38.41    -37.75
    -36.72    -38.27    -42.91    -50.11    -58.51    -66.75    -73.27    -76.78    -76.56    -72.16    -62.44    -49.69    -36.28
    -23.73    -13.27     -6.27     -1.89      3.06      9.72     16.17     20.69     22.72     22.30     19.74     13.70      0.00
      0.00      9.92     15.31     15.43     15.12     18.67     22.64     24.47     24.06     21.89     19.46     16.56     11.75
      5.70     -1.01     -8.02    -14.14    -18.81    -22.95    -26.41    -28.36    -29.68    -31.28    -32.98    -33.89    -34.41
    -35.98    -40.32    -47.32    -55.88    -64.45    -72.18    -78.00    -81.00    -80.90    -76.22    -67.20    -56.71    -45.80
    -35.39    -27.57    -22.89    -19.70    -15.12     -7.66     -0.40      4.30      6.34      6.60      5.72      5.00      0.00
      0.00     10.36     18.80     22.92     23.85     23.93     23.54     22.86     22.47     22.23     20.44     16.24      9.64
      2.66     -3.82    -10.02    -14.34    -15.98    -16.92    -18.43    -21.55    -25.92    -29.76    -32.13    -34.90    -39.15
    -44.40    -50.78    -57.56    -64.63    -71.67    -78.17    -83.51    -87.25    -88.31    -84.15    -76.78    -69.06    -61.89
    -54.21    -47.46    -43.29    -39.25    -34.06    -27.63    -21.60    -16.69    -12.20     -8.11     -4.08     -0.49      0.00
      0.00      7.84     14.29     18.92     21.22     21.30     19.98     19.26     20.99     22.28     20.44     15.69      8.96
      2.19     -3.57     -8.96    -12.33    -11.99    -11.51    -13.94    -19.13    -26.29    -32.58    -37.98    -44.44    -52.19
    -59.79    -65.65    -69.70    -73.33    -77.17    -82.20    -88.54    -94.90    -98.80    -96.64    -90.51    -83.99    -78.62
    -74.68    -71.38    -68.79    -65.00    -59.55    -54.36    -50.47    -47.04    -42.45    -34.88    -24.28    -12.20      0.00
      0.00      4.42      8.94     14.73     18.86     20.81     22.09     23.94     25.66     25.85     23.85     19.24     12.39
      5.35      0.35     -2.06     -2.83     -4.09     -7.61    -14.19    -22.81    -32.31    -42.70    -52.81    -62.50    -71.48
    -78.19    -81.75    -83.33    -84.29    -85.51    -88.28    -93.88   -101.61   -108.18   -109.40   -104.68    -97.89    -92.50
    -90.62    -91.57    -92.18    -89.85    -85.27    -80.79    -76.67    -71.22    -64.73    -55.62    -41.97    -23.79      0.00
      0.00      3.13      9.27     15.25     19.53     21.88     23.80     26.31     28.44     29.09     27.99     24.84     19.39
     13.22      8.71      6.14      2.85     -2.88    -11.64    -22.32    -34.48    -48.17    -62.23    -74.49    -84.11    -90.80
    -94.75    -97.17    -98.88    -99.78    -99.71    -99.24   -100.37   -104.63   -110.08   -113.64   -112.92   -107.68   -103.84
   -104.32   -107.82   -111.17   -111.87   -108.99   -103.32    -96.20    -88.25    -80.10    -70.60    -56.11    -33.21      0.00
      0.00      3.71      7.58      9.38     10.26     11.43     14.27     17.31     20.16     22.65     24.32     24.32     22.49
     18.74     13.52      7.54     -0.33    -10.54    -22.71    -37.47    -55.02    -73.37    -88.86    -99.37   -105.34   -108.40
   -110.19   -112.22   -115.10   -117.40   -116.58   -113.05   -109.38   -107.55   -108.23   -110.00   -111.50   -111.89   -113.41
   -117.75   -125.09   -133.59   -138.98   -136.40   -127.49   -115.85   -104.33    -94.35    -83.63    -66.85    -40.20      0.00
      0.00     -0.25     -2.93     -6.95     -9.28     -9.19     -5.87      0.43      7.83     14.13     17.47     19.07     19.90
     17.12     10.62      1.67     -9.15    -21.74    -36.69    -56.72    -81.39   -104.44   -118.45   -123.81   -124.88   -123.86
   -122.57   -122.03   -121.98   -122.38   -121.33   -119.10   -116.41   -112.57   -109.81   -109.00   -110.15   -113.34   -118.91
   -127.24   -139.22   -154.97   -166.17   -159.90   -146.73   -131.16   -117.57   -105.65    -90.40    -66.89    -35.91      0.00
      0.00     -9.46    -20.70    -30.55    -36.96    -38.67    -31.58    -17.47     -2.38      8.75     14.57     17.54     17.59
     12.65      3.60     -8.16    -20.83    -34.52    -52.42    -77.69   -108.77   -133.75   -145.17   -145.61   -141.91   -136.91
   -131.65   -126.60   -122.50   -119.96   -118.74   -119.17   -119.67   -117.48   -114.19   -112.12   -111.80   -114.08   -119.98
   -129.32   -141.88   -156.74   -166.54   -162.47   -149.87   -135.90   -122.76   -104.98    -82.19    -56.23    -27.82      0.00
      0.00    -21.29    -39.41    -54.20    -62.32    -61.99    -48.87    -28.30     -8.34      5.60     12.82     15.24     13.08
      5.91     -5.21    -18.70    -32.48    -47.43    -67.82    -97.42   -131.76   -154.83   -164.19   -162.44   -154.76   -146.26
   -137.97   -129.72   -122.70   -117.62   -115.16   -115.58   -117.13   -117.38   -116.13   -114.40   -113.37   -114.31   -118.02
   -124.35   -132.63   -141.53   -146.84   -144.73   -135.88   -123.46   -107.12    -86.60    -63.87    -41.42    -19.76      0.00
      0.00    -33.60    -55.17    -68.76    -76.37    -73.73    -54.95    -28.65     -7.43      5.15     10.48     10.41      5.80
     -2.60    -14.49    -28.21    -42.50    -58.53    -80.54   -113.28   -149.78   -169.58   -177.78   -174.71   -161.69   -149.45
   -139.61   -130.16   -121.34   -114.16   -109.73   -108.50   -109.25   -110.16   -110.91   -110.55   -109.50   -109.22   -110.13
   -112.35   -115.34   -118.26   -119.17   -115.84   -107.66    -95.35    -79.90    -62.56    -44.79    -28.13    -13.23      0.00
      0.00    -43.39    -64.50    -73.09    -74.95    -63.88    -41.94    -18.56     -2.25      5.26      6.24      3.15     -2.68
    -10.98    -22.04    -34.99    -49.23    -65.52    -87.09   -118.68   -155.34   -176.62   -183.31   -174.41   -158.79   -145.82
   -135.78   -126.47   -117.20   -108.91   -102.72    -99.43    -98.53    -98.76    -99.33    -99.23    -98.20    -96.78    -95.44
    -94.45    -93.69    -92.55    -90.03    -85.14    -77.44    -67.17    -54.89    -41.80    -28.95    -17.52     -8.10      0.00
      0.00    -34.25    -53.80    -59.07    -53.60    -39.33    -22.01     -7.17      1.31      3.15      0.31     -4.57    -10.25
    -17.54    -27.20    -38.85    -52.09    -67.38    -86.04   -110.33   -138.96   -159.47   -162.77   -155.95   -145.65   -135.81
   -126.92   -118.26   -109.79   -101.61    -94.57    -89.73    -87.11    -85.89    -85.17    -84.29    -82.75    -80.45    -77.75
    -75.07    -72.43    -69.43    -65.44    -59.92    -52.86    -44.54    -35.38    -25.90    -16.94     -9.51     -4.15      0.00
      0.00    -16.99    -27.87    -30.37    -25.43    -16.22     -6.75     -0.19      1.45     -0.95     -5.77    -10.94    -16.21
    -22.55    -30.73    -40.58    -52.11    -65.33    -80.37    -97.20   -114.56   -128.05   -133.33   -131.97   -126.82   -120.33
   -113.58   -106.45    -99.02    -91.48    -84.51    -78.92    -75.01    -72.39    -70.39    -68.54    -66.39    -63.71    -60.71
    -57.62    -54.33    -50.56    -46.07    -40.70    -34.55    -27.73    -20.50    -13.31     -7.10     -2.83     -0.84      0.00
      0.00     -5.64     -9.29     -9.46     -6.26     -2.00      1.07      1.75     -0.75     -5.52    -10.94    -15.98    -20.72
    -26.02    -32.83    -41.13    -50.77    -61.59    -73.19    -85.16    -96.33   -104.78   -109.10   -109.31   -106.63   -102.56
    -97.71    -91.80    -85.10    -78.24    -71.79    -66.28    -62.05    -58.85    -56.15    -53.64    -51.14    -48.50    -45.76
    -42.90    -39.74    -36.08    -31.92    -27.09    -21.59    -15.69     -9.83     -4.57     -0.47      1.71      1.46      0.00
      0.00     -0.27     -0.08      0.86      2.37      3.31      2.92      0.51     -4.06     -9.45    -14.60    -19.20    -23.08
    -27.14    -32.55    -39.51    -47.76    -56.78    -65.63    -73.79    -81.13    -86.73    -89.86    -90.38    -88.82    -85.67
    -80.69    -74.52    -68.17    -62.35    -57.13    -52.67    -49.10    -46.09    -43.32    -40.74    -38.36    -36.13    -33.98
    -31.66    -28.90    -25.65    -21.97    -17.66    -12.76     -7.67     -3.00      0.68      3.02      3.77      2.62      0.00
      0.00      1.49      3.01      4.21      4.66      3.94      1.82     -1.76     -6.79    -11.68    -15.71    -18.97    -21.51
    -24.51    -28.89    -34.61    -41.48    -48.86    -55.23    -60.62    -65.73    -69.69    -71.85    -71.73    -69.73    -65.80
    -60.73    -55.54    -50.59    -46.33    -42.34    -39.08    -36.66    -34.29    -32.07    -29.90    -27.84    -26.13    -24.58
    -22.80    -20.55    -17.96    -14.99    -11.40     -7.22     -2.97      0.86      3.74      5.26      5.13      3.30      0.00
      0.00      1.60      3.02      3.92      3.88      2.67      0.38     -3.06     -7.47    -11.10    -13.65    -15.38    -16.49
    -18.20    -21.20    -25.56    -30.64    -35.69    -39.96    -43.56    -46.45    -48.80    -50.09    -49.28    -46.82    -43.74
    -40.41    -37.25    -34.15    -31.18    -28.60    -26.59    -24.81    -23.21    -21.70    -20.08    -18.62    -17.43    -16.43
    -15.26    -13.76    -12.06    -10.08     -7.50     -4.40     -1.09      2.12      4.49      5.43      5.03      3.18      0.00
      0.00      0.93      1.66      1.98      1.71      0.94     -0.29     -2.33     -5.03     -7.21     -8.32     -8.87     -9.13
     -9.77    -11.18    -13.31    -15.89    -18.50    -20.88    -22.76    -23.89    -24.78    -25.06    -24.43    -23.20    -21.83
    -20.45    -19.04    -17.58    -16.23    -15.04    -13.94    -12.94    -12.11    -11.37    -10.64     -9.82     -9.06     -8.65
     -8.17     -7.46     -6.67     -5.74     -4.42     -2.68     -0.80      1.00      2.37      3.01      2.97      2.04      0.00
      0.00      0.00      0.00      0.00      0.00      0.00      0.00      0.00      0.00      0.00      0.00      0.00      0.00
      0.00      0.00      0.00      0.00      0.00      0.00      0.00      0.00      0.00      0.00      0.00      0.00      0.00
      0.00      0.00      0.00      0.00      0.00      0.00      0.00      0.00      0.00      0.00      0.00      0.00      0.00
      0.00      0.00      0.00      0.00      0.00      0.00      0.00      0.00      0.00      0.00      0.00      0.00      0.00
      0.00      0.00      0.00      0.00      0.00      0.00      0.00      0.00      0.00      0.00      0.00      0.00      0.00
      0.00      0.00      0.00      0.00      0.00      0.00      0.00      0.00      0.00      0.00      0.00      0.00      0.00
      0.00      0.00      0.00      0.00      0.00      0.00      0.00      0.00      0.00      0.00      0.00      0.00      0.00
      0.00      0.00      0.00      0.00      0.00      0.00      0.00      0.00      0.00      0.00      0.00      0.00      0.00
      0.00     -1.02     -1.09     -0.38      0.80      2.12      3.32      4.21      4.82      5.29      5.65      5.73      5.42
      4.67      3.48      1.93      0.19     -1.37     -2.52     -3.12     -3.16     -2.96     -2.91     -3.19     -3.83     -4.73
     -5.90     -7.46     -9.32    -11.05    -11.96    -11.55     -9.99     -7.80     -5.42     -2.86     -0.07      2.72      5.36
      7.81     10.18     12.54     14.80     16.76     18.13     18.73     18.43     17.16     14.90     11.46      6.59      0.00
      0.00      1.58      4.01      6.46      8.58     10.41     11.81     12.59     12.66     11.75     10.18      8.76      7.91
      7.25      6.30      4.75      2.45     -0.38     -3.44     -6.39     -8.88    -10.83    -12.56    -14.78    -18.02    -22.56
    -28.32    -34.38    -39.33    -42.76    -44.78    -45.11    -43.16    -38.97    -33.72    -28.32    -22.90    -17.47    -12.11
     -6.53     -0.47      5.78     11.35     15.99     19.63     21.79     22.09     20.63     17.95     14.24      8.61      0.00
      0.00      7.13     12.11     15.25     17.28     18.72     19.53     19.23     17.35     14.12     10.98      8.92      7.60
      6.26      4.43      2.09     -0.73     -4.06     -8.19    -13.22    -18.79    -24.37    -29.97    -36.18    -43.83    -53.13
    -62.54    -70.56    -78.89    -89.60   -101.74   -112.94   -120.44   -122.06   -118.30   -111.21   -101.36    -89.16    -75.80
    -62.22    -48.80    -34.62    -21.28    -10.55     -1.55      5.83     11.17     14.73     16.31     14.97      9.60      0.00
      0.00      4.03      6.81      9.09     11.06     12.04     11.67     10.25      7.95      4.88      1.35     -2.61     -7.08
    -11.78    -16.17    -19.84    -22.96    -25.86    -29.31    -34.15    -40.18    -47.00    -54.76    -63.18    -70.90    -77.28
    -83.64    -91.71   -103.11   -119.08   -138.77   -158.64   -174.27   -184.80   -191.12   -193.65   -191.42   -182.06   -164.26
   -140.73   -116.12    -91.18    -66.45    -45.16    -27.14    -11.50      1.33     10.10     12.95     10.81      6.07      0.00
      0.00      1.96      1.21     -1.07     -4.59     -8.83    -13.26    -17.42    -20.74    -23.15    -24.93    -26.65    -29.01
    -32.23    -35.83    -38.99    -41.90    -44.91    -48.00    -50.83    -53.86    -57.84    -63.31    -70.22    -77.75    -84.79
    -91.00    -97.69   -106.88   -120.53   -140.52   -165.14   -188.74   -206.62   -219.10   -227.51   -230.84   -226.36   -210.43
   -180.91   -146.20   -113.66    -79.83    -48.82    -24.93     -7.47      5.14     13.91     16.61     13.12      6.81      0.00
      0.00     -8.99    -17.08    -24.04    -30.28    -35.51    -38.09    -37.32    -34.75    -32.75    -32.12    -32.85    -35.61
    -39.11    -41.72    -44.37    -48.10    -51.80    -54.33    -56.71    -59.29    -62.09    -64.42    -65.99    -67.50    -70.77
    -78.20    -87.84    -97.78   -108.69   -121.19   -136.28   -153.66   -171.57   -187.62   -199.38   -203.44   -195.73   -175.35
   -144.91   -112.59    -79.74    -47.13    -22.51     -3.90     11.76     22.42     26.58     26.46     22.59     13.55      0.00
      0.00    -21.65    -29.17    -30.81    -30.13    -26.81    -21.45    -17.27    -16.26    -18.26    -21.98    -25.65    -29.10
    -32.82    -37.64    -43.00    -45.90    -44.16    -42.28    -45.06    -49.75    -54.20    -59.86    -65.69    -67.95    -64.05
    -59.35    -61.20    -70.90    -83.89    -96.88   -108.87   -119.10   -127.53   -133.80   -136.76   -134.12   -123.55   -105.70
    -81.61    -53.71    -27.92     -8.82      5.81     19.71     32.69     41.70     43.90     39.61     31.18     18.48      0.00
      0.00     -7.63    -16.21    -22.79    -22.05    -15.67     -7.58      0.60      5.15      3.47     -2.21     -6.61    -11.90
    -20.44    -32.28    -42.28    -46.01    -44.37    -40.01    -37.93    -40.56    -47.09    -57.32    -68.62    -75.09    -74.15
    -64.97    -54.00    -51.67    -58.93    -70.54    -82.97    -92.92    -98.69   -100.13    -96.60    -89.31    -79.06    -60.32
    -34.72     -9.92     10.60     23.82     31.56     38.33     45.84     52.14     53.82     48.07     35.66     21.04      0.00
      0.00    -10.36    -21.52    -22.27    -11.55      1.18     12.49     18.86     21.70     22.30     20.78     15.66      4.06
     -9.85    -26.79    -40.18    -44.58    -44.06    -47.51    -53.63    -54.39    -54.24    -54.72    -54.71    -55.67    -56.80
    -56.49    -50.21    -42.43    -43.22    -51.60    -64.38    -77.16    -84.58    -84.54    -81.34    -77.41    -60.59    -33.02
     -6.81     16.58     32.35     38.48     42.12     49.03     57.52     63.99     64.92     58.79     46.04     28.40      0.00
      0.00     -8.17    -10.91     -3.66     10.39     24.23     32.03     35.04     36.24     36.35     34.43     29.35     21.77
     10.72     -2.48    -14.02    -22.45    -32.52    -45.30    -55.28    -59.17    -54.20    -45.76    -41.55    -42.59    -42.69
    -39.08    -34.09    -31.98    -36.43    -47.99    -63.57    -78.29    -87.26    -88.96    -86.72    -72.73    -46.08    -21.63
      1.03     21.52     32.38     33.45     37.85     47.83     57.40     62.79     63.75     59.51     50.59     33.66      0.00
      0.00     12.17      9.02      2.53      9.47     24.38     35.95     39.38     37.23     34.95     34.19     33.53     29.35
     21.39     12.45      2.69     -8.85    -21.00    -32.24    -41.44    -42.67    -38.17    -34.08    -33.88    -35.67    -31.78
    -23.79    -22.72    -28.79    -40.05    -54.83    -70.50    -84.10    -92.66    -94.00    -87.48    -68.39    -45.07    -23.93
     -4.86     10.37     16.46     14.02     16.78     27.18     36.64     41.43     42.39     39.87     35.87     28.19      0.00
      0.00     21.11     28.14     22.91     18.93     26.96     36.45     39.71     38.17     33.44     30.78     29.55     23.43
     15.33      6.41     -4.01    -12.35    -16.22    -20.16    -23.86    -22.25    -20.95    -23.19    -25.82    -22.76    -18.48
    -17.42    -23.59    -35.60    -50.17    -64.70    -78.32    -89.45    -95.01    -96.78    -88.71    -70.95    -54.33    -37.27
    -20.15     -9.77     -8.50    -12.37     -9.35      3.68     14.88     19.18     18.49     15.33     10.40     10.10      0.00
      0.00     20.74     33.84     38.80     38.02     36.92     35.29     33.56     33.28     35.89     35.46     29.38     17.90
      7.74     -0.41     -9.14    -14.10    -12.10     -7.43     -4.42     -6.56    -14.66    -22.16    -21.10    -18.27    -20.80
    -30.12    -42.41    -53.04    -64.06    -75.40    -85.92    -94.57   -101.54   -105.90    -96.27    -81.50    -71.44    -64.48
    -51.91    -39.96    -38.43    -35.50    -29.70    -21.04    -14.14     -9.39     -5.05     -2.01      1.08      4.05      0.00
      0.00     14.32     22.79     29.06     31.86     30.68     26.67     24.36     30.20     36.00     33.42     26.10     15.79
      6.62      0.26     -7.61    -11.68     -3.78      6.27      8.28      0.90    -12.99    -21.20    -25.08    -31.19    -43.47
    -58.84    -68.83    -72.17    -75.21    -77.79    -84.22    -96.33   -110.80   -121.67   -116.13   -102.05    -92.28    -86.42
    -83.94    -79.66    -77.81    -73.52    -65.23    -58.98    -56.99    -56.04    -53.01    -44.40    -30.40    -14.62      0.00
      0.00      7.02     12.32     22.39     29.18     31.57     33.77     38.90     43.50     44.27     41.53     34.31     22.40
     11.03      5.64      8.03     13.67     17.19     17.02      9.61     -1.36    -13.32    -29.03    -44.84    -60.62    -77.89
    -90.20    -93.29    -91.57    -89.04    -86.20    -87.68    -98.92   -117.63   -134.56   -138.58   -127.32   -112.37   -102.22
   -101.59   -108.43   -112.28   -108.47   -101.39    -97.46    -95.71    -89.79    -83.83    -74.95    -58.27    -34.83      0.00
      0.00      5.07     17.35     29.74     37.56     40.06     42.35     48.61     54.03     56.04     54.89     49.45     38.84
     28.90     25.49     28.54     28.94     21.35      9.54     -2.24    -15.25    -34.71    -58.96    -81.33    -99.10   -109.69
   -112.33   -112.94   -114.24   -114.41   -112.76   -109.16   -108.54   -117.56   -130.08   -139.71   -140.90   -126.82   -116.63
   -119.13   -128.27   -135.81   -138.25   -135.17   -128.34   -119.96   -110.71   -102.90    -95.42    -79.71    -50.44      0.00
      0.00      9.05     18.42     21.47     21.19     21.73     28.87     32.97     35.38     39.83     45.61     47.80     48.46
     46.50     40.99     34.08     23.18      6.88     -8.51    -22.87    -46.32    -77.64   -105.49   -124.29   -132.75   -134.76
   -133.82   -135.74   -142.63   -149.15   -147.52   -137.79   -126.63   -118.99   -118.88   -123.30   -129.23   -131.66   -134.53
   -141.71   -154.89   -170.99   -183.39   -181.31   -167.46   -149.89   -133.89   -124.63   -115.29    -93.79    -60.27      0.00
      0.00      2.51     -0.94     -7.39    -10.43    -10.51     -6.60      2.87     15.03     26.83     30.93     34.48     45.26
     46.04     36.69     23.65      7.82     -8.48    -24.03    -49.01    -90.02   -135.46   -159.22   -161.76   -159.61   -155.66
   -153.23   -151.84   -150.53   -151.51   -149.03   -145.06   -141.14   -130.44   -120.97   -117.32   -120.51   -130.03   -142.64
   -157.49   -178.52   -211.16   -236.08   -221.15   -200.21   -173.48   -155.57   -144.52   -125.20    -92.51    -51.16      0.00
      0.00    -14.18    -31.03    -46.04    -56.33    -62.31    -51.02    -23.89      4.00     24.22     32.75     40.92     47.17
     40.63     25.12      4.82    -12.39    -24.16    -43.12    -79.18   -134.53   -186.90   -201.52   -193.43   -182.84   -173.55
   -166.61   -156.04   -144.52   -138.18   -137.04   -143.16   -149.35   -145.61   -136.82   -131.78   -129.11   -131.72   -144.21
   -162.06   -185.14   -214.94   -235.21   -227.32   -205.08   -184.50   -169.53   -144.32   -110.81    -75.76    -36.43      0.00
      0.00    -35.75    -61.34    -85.30    -97.04    -97.01    -74.09    -39.11     -0.09     26.75     39.40     45.34     43.28
     31.19     10.48    -13.36    -30.48    -42.12    -64.81   -109.71   -173.40   -216.05   -225.38   -217.91   -202.94   -188.60
   -176.54   -161.03   -146.68   -136.70   -133.20   -137.82   -144.35   -147.71   -147.13   -144.04   -141.42   -142.41   -148.66
   -159.16   -172.73   -188.14   -197.95   -196.91   -184.70   -167.48   -144.15   -113.53    -79.72    -49.87    -22.51      0.00
      0.00    -59.04    -87.51   -107.02   -119.32   -115.93    -84.24    -32.61     10.22     32.45     39.35     38.33     29.52
     14.64     -6.77    -29.32    -47.11    -60.58    -84.80   -139.53   -209.09   -236.18   -246.81   -239.58   -214.20   -193.17
   -180.01   -164.97   -148.62   -134.86   -127.27   -127.12   -131.49   -134.98   -139.87   -142.34   -139.96   -139.40   -140.89
   -143.42   -146.30   -150.35   -152.65   -148.66   -137.37   -119.79    -97.64    -73.88    -49.09    -27.17    -11.45      0.00
      0.00    -81.69   -107.71   -115.85   -118.74    -96.58    -55.47     -7.73     22.54     33.48     30.31     21.66     11.42
     -0.73    -18.57    -38.92    -58.61    -76.06    -99.69   -154.26   -223.50   -254.07   -260.49   -239.42   -209.18   -188.69
   -175.30   -162.13   -146.45   -131.25   -119.55   -114.62   -115.59   -118.61   -122.22   -124.10   -123.62   -121.04   -117.13
   -114.08   -112.36   -110.62   -107.49   -101.17    -91.22    -77.30    -60.55    -42.38    -24.58    -10.61     -2.88      0.00
      0.00    -62.22    -91.60    -94.33    -79.29    -46.57    -12.46     14.90     28.52     26.04     14.33      2.74     -2.75
    -10.34    -25.16    -43.16    -62.05    -82.86   -107.17   -144.45   -195.67   -229.75   -226.10   -208.97   -191.02   -177.36
   -165.07   -153.53   -141.07   -126.93   -113.16   -104.97   -102.36   -102.50   -102.70   -102.73   -101.37    -96.93    -90.74
    -85.63    -82.05    -78.77    -74.04    -66.40    -56.30    -44.77    -33.14    -20.73     -8.63      0.77      3.86      0.00
      0.00    -22.28    -36.55    -37.71    -23.99     -3.92     14.64     25.04     24.31     12.61     -1.09     -9.14    -12.51
    -19.40    -31.71    -45.07    -60.99    -80.85   -103.98   -129.18   -154.97   -174.76   -180.02   -175.87   -166.47   -156.60
   -148.03   -139.56   -130.76   -118.97   -105.05    -94.32    -87.92    -84.54    -82.49    -81.09    -78.17    -73.29    -68.01
    -63.28    -58.84    -53.57    -47.15    -39.62    -31.10    -22.27    -12.16     -1.17      8.15     13.10     11.00      0.00
      0.00     -2.37     -2.38      1.72     10.00     18.96     24.22     22.99     14.20     -0.00    -12.34    -19.23    -22.73
    -28.09    -37.90    -49.53    -62.61    -78.32    -96.02   -114.76   -131.37   -143.08   -147.93   -145.30   -138.69   -132.89
   -128.49   -121.91   -114.28   -102.15    -89.03    -77.67    -69.88    -65.25    -62.18    -59.27    -55.58    -50.92    -46.73
    -43.20    -39.49    -34.86    -28.95    -22.17    -14.63     -6.03      3.43     11.66     17.58     19.39     14.33      0.00
      0.00      6.62     12.09     17.49     22.45     25.21     23.52     15.94      3.02    -10.28    -20.22    -27.80    -31.98
    -35.36    -41.46    -51.18    -63.08    -76.66    -90.33   -102.67   -113.56   -121.43   -125.21   -124.25   -121.11   -117.38
   -109.77    -96.69    -85.15    -75.63    -67.56    -59.51    -53.25    -48.86    -44.83    -41.29    -37.74    -34.53    -32.39
    -30.79    -28.17    -23.11    -17.02    -10.64     -3.15      4.98     11.97     16.55     18.17     17.00     11.45      0.00
      0.00      8.69     15.95     21.14     23.83     22.72     17.24      7.31     -6.74    -18.13    -25.22    -30.59    -32.57
    -35.10    -40.32    -48.13    -59.10    -72.22    -82.53    -89.30    -96.44   -102.92   -106.64   -105.34   -100.62    -89.70
    -76.99    -66.71    -58.57    -51.84    -45.35    -40.89    -38.10    -34.64    -31.51    -28.27    -25.23    -23.40    -22.47
    -21.53    -18.90    -14.53     -9.06     -2.94      3.72     10.71     16.83     20.32     20.78     17.65     10.83      0.00
      0.00      8.56     15.13     18.86     19.14     16.17     10.27      0.44    -13.06    -21.91    -26.08    -27.51    -24.77
    -24.78    -28.91    -36.95    -47.38    -56.88    -63.53    -67.86    -71.70    -75.65    -77.75    -73.95    -64.26    -55.04
    -47.23    -41.20    -36.14    -31.54    -27.66    -25.36    -23.56    -21.50    -19.55    -17.01    -15.00    -14.29    -14.63
    -14.28    -12.11     -9.06     -5.14     -0.36      5.10     11.09     17.25     21.67     22.33     18.89     11.99      0.00
      0.00      6.34     10.07     11.54     10.68      7.95      4.48     -2.08    -12.96    -18.23    -18.04    -17.39    -14.48
    -12.94    -14.28    -18.49    -25.45    -31.63    -36.70    -39.05    -38.38    -38.35    -37.23    -33.73    -28.90    -24.93
    -21.87    -19.66    -17.50    -15.58    -14.11    -12.71    -11.41    -10.70     -9.84     -8.74     -7.49     -6.74     -7.81
     -8.48     -7.36     -6.46     -6.17     -4.19      0.74      5.79     10.06     13.09     13.67     11.55      7.43      0.00
      0.00      0.00      0.00      0.00      0.00      0.00      0.00      0.00      0.00      0.00      0.00      0.00      0.00
      0.00      0.00      0.00      0.00      0.00      0.00      0.00      0.00      0.00      0.00      0.00      0.00      0.00
      0.00      0.00      0.00      0.00      0.00      0.00      0.00      0.00      0.00      0.00      0.00      0.00      0.00
      0.00      0.00      0.00      0.00      0.00      0.00      0.00      0.00      0.00      0.00      0.00      0.00      0.00
      0.00      0.00      0.00      0.00      0.00      0.00      0.00      0.00      0.00      0.00      0.00      0.00      0.00
      0.00      0.00      0.00      0.00      0.00      0.00      0.00      0.00      0.00      0.00      0.00      0.00      0.00
      0.00      0.00      0.00      0.00      0.00      0.00      0.00      0.00      0.00      0.00      0.00      0.00      0.00
      0.00      0.00      0.00      0.00      0.00      0.00      0.00      0.00      0.00      0.00      0.00      0.00      0.00
      0.00     -2.64     -3.27     -2.51     -1.16      0.50      2.30      4.08      5.74      7.08      7.90      8.17      8.12
      7.73      6.67      4.81      2.28     -0.31     -2.28     -3.44     -3.94     -4.12     -4.26     -4.58     -5.25     -6.45
     -8.37    -10.99    -13.67    -15.24    -14.75    -12.56     -9.85     -6.74     -2.90      1.52      6.15     10.44     14.10
     17.21     20.10     22.70     24.81     26.40     27.15     27.21     26.70     25.08     22.12     17.48     10.52      0.00
      0.00      2.80      7.82     12.20     15.06     16.48     16.29     14.97     13.51     12.97     13.55     14.21     14.30
     13.82     12.67     10.28      6.09      0.65     -4.91     -9.55    -12.79    -15.11    -16.98    -18.72    -21.35    -25.99
    -32.36    -38.66    -43.06    -46.26    -49.64    -52.39    -52.86    -50.48    -45.40    -38.21    -29.77    -20.72    -11.73
     -3.01      5.31     12.38     17.85     22.28     25.91     27.94     27.69     25.27     21.63     16.82      9.91      0.00
      0.00     12.10     17.53     19.42     21.30     23.53     24.67     24.18     22.62     20.67     18.62     16.48     14.38
     11.87      8.28      3.70     -1.59     -7.37    -13.66    -20.34    -26.97    -32.97    -38.07    -43.64    -50.67    -58.12
    -65.73    -73.66    -83.63    -97.75   -115.24   -130.86   -139.77   -141.72   -138.12   -130.51   -119.74   -106.00    -89.56
    -71.28    -52.65    -34.65    -18.80     -7.45      0.45      7.26     13.11     17.81     20.88     20.53     13.92      0.00
      0.00      3.14      4.73      7.67     11.56     14.86     16.72     17.00     15.11     10.31      3.46     -3.97    -11.54
    -19.05    -25.72    -31.09    -35.20    -38.35    -41.72    -46.55    -52.52    -58.62    -65.38    -73.12    -80.05    -84.32
    -88.01    -95.37   -108.36   -128.12   -154.61   -180.06   -198.59   -211.45   -219.39   -221.13   -215.45   -201.32   -178.87
   -152.46   -128.41   -103.96    -74.31    -46.82    -25.92     -8.06      6.73     17.06     23.40     24.73     17.98      0.00
      0.00      1.48      0.30     -1.87     -5.04     -9.20    -13.87    -18.44    -22.86    -26.58    -29.10    -30.72    -32.46
    -35.29    -38.87    -42.17    -45.56    -49.17    -52.35    -55.63    -59.77    -65.00    -71.22    -78.32    -86.11    -94.84
   -102.84   -108.51   -115.29   -128.23   -150.49   -179.71   -208.42   -231.40   -248.07   -258.52   -260.79   -251.64   -229.27
   -193.48   -156.97   -123.86    -83.34    -44.73    -17.62     -0.26     10.41     17.88     23.12     25.04     19.46      0.00
      0.00    -11.28    -19.78    -26.86    -31.85    -36.18    -37.21    -34.19    -29.65    -26.36    -24.61    -25.23    -28.59
    -32.03    -34.53    -39.09    -45.40    -50.75    -54.87    -58.32    -61.03    -63.68    -66.20    -68.38    -70.57    -75.07
    -84.31    -97.73   -111.38   -122.85   -134.22   -148.59   -167.65   -189.60   -210.41   -224.20   -224.44   -209.50   -184.49
   -153.63   -119.12    -79.40    -42.15    -15.53      5.11     21.15     31.60     36.65     37.95     35.68     27.16      0.00
      0.00    -23.52    -28.97    -29.39    -26.06    -20.47    -14.04    -10.77    -11.45    -13.29    -16.02    -19.75    -25.15
    -31.01    -37.06    -46.60    -54.72    -52.31    -47.24    -45.97    -48.34    -51.02    -54.72    -62.02    -69.10    -68.34
    -63.01    -62.17    -70.17    -85.66   -105.88   -124.40   -135.78   -144.17   -151.98   -154.67   -148.78   -134.82   -113.57
    -83.04    -49.20    -19.92      1.21     16.04     29.11     42.00     53.56     58.37     54.98     47.13     31.49      0.00
      0.00     -8.11    -15.54    -19.20    -17.88     -9.90     -0.49      6.92     10.24      5.50     -1.27     -2.32     -5.89
    -17.95    -37.82    -59.29    -67.17    -57.03    -46.42    -41.53    -39.58    -41.40    -47.87    -59.39    -70.24    -72.07
    -65.94    -54.52    -48.13    -51.92    -66.21    -89.51   -109.30   -117.16   -118.04   -114.66   -105.26    -88.34    -59.50
    -27.38     -0.22     21.07     32.65     38.47     45.20     54.03     62.31     65.09     60.69     51.00     34.62      0.00
      0.00    -13.24    -20.38    -20.06     -9.57      3.71     15.37     24.07     25.21     22.52     20.18     13.06      4.46
    -10.12    -35.53    -55.96    -60.28    -51.27    -49.02    -55.85    -52.44    -53.79    -58.77    -57.82    -51.48    -48.89
    -49.52    -45.11    -38.69    -38.48    -47.16    -66.73    -90.27   -104.35   -106.47   -101.48    -87.38    -59.48    -26.71
      5.06     32.91     47.28     46.92     47.62     60.47     74.19     80.77     81.78     75.23     60.40     40.07      0.00
      0.00    -12.22    -14.83     -4.71     11.93     28.43     35.93     37.10     37.66     37.19     34.11     28.41     19.00
      6.41     -6.07    -14.36    -21.90    -32.44    -46.11    -55.03    -59.45    -56.14    -44.72    -34.76    -32.66    -35.08
    -32.35    -27.03    -24.48    -31.51    -46.94    -70.53    -94.70   -110.17   -112.54    -99.55    -73.68    -43.73    -16.52
     10.98     35.79     46.08     41.92     44.45     58.64     71.97     77.07     77.35     72.96     63.30     46.11      0.00
      0.00     16.68      6.59      0.12     10.63     27.51     37.92     40.86     40.96     40.89     40.06     36.15     28.42
     20.83     14.44      6.12     -6.05    -17.26    -27.89    -42.16    -47.18    -37.93    -27.16    -24.24    -27.92    -28.85
    -17.56    -10.98    -17.50    -34.80    -59.25    -84.64   -105.92   -119.18   -115.84    -96.61    -69.42    -45.38    -24.48
      0.88     23.17     28.96     18.23     19.78     34.55     43.33     48.99     49.58     45.33     41.62     35.11      0.00
      0.00     40.59     43.58     28.30     19.95     28.35     40.47     46.70     45.67     39.55     35.37     32.73     26.03
     17.36      5.57     -6.11     -9.59    -11.47    -20.68    -28.49    -18.22     -9.06    -12.82    -24.10    -26.74    -17.68
    -11.07    -14.13    -28.67    -51.45    -74.59    -94.83   -113.59   -119.93   -113.44    -95.69    -74.22    -60.32    -42.10
    -17.41      0.85      4.53     -8.28     -8.82      8.87     19.18     23.19     25.60     18.54     11.26     14.19      0.00
      0.00     36.86     50.11     49.40     45.95     45.94     45.83     42.35     39.64     40.45     38.84     33.14     19.49
      6.05     -6.36    -16.52    -18.94    -14.82     -7.74      2.15      6.16     -3.00    -16.36    -23.07    -20.92    -19.38
    -27.48    -41.81    -58.37    -74.42    -83.78    -94.82   -113.88   -122.92   -121.21   -104.81    -85.96    -82.84    -82.14
    -62.93    -39.43    -30.80    -29.71    -26.74    -18.12    -10.94     -7.16     -1.87      0.24      1.89      5.41      0.00
      0.00     20.47     30.80     34.78     36.41     34.78     27.79     21.15     26.91     35.23     31.93     22.46      8.40
     -4.90    -14.38    -20.82    -18.69     -1.95     14.65     18.27      8.00    -13.33    -22.39    -22.88    -29.45    -43.33
    -62.47    -81.12    -88.46    -88.86    -88.05    -92.38   -111.09   -130.44   -138.66   -132.89   -113.49   -105.28   -108.27
   -108.53    -95.69    -87.45    -82.45    -73.37    -66.07    -62.82    -61.67    -59.62    -48.96    -32.03    -16.09      0.00
      0.00     10.67     14.66     25.80     32.26     32.09     30.14     38.41     50.12     51.69     45.65     32.47      9.94
     -4.57     -2.79     10.01     22.15     27.05     24.33     12.19     -8.74    -20.38    -28.21    -41.54    -61.73    -87.18
   -108.63   -116.08   -112.91   -108.52   -102.92    -98.86   -110.95   -138.34   -156.43   -165.32   -153.10   -130.88   -121.35
   -123.52   -132.01   -137.93   -132.66   -117.41   -109.33   -107.11    -99.92    -90.75    -79.13    -59.12    -32.81      0.00
      0.00      6.45     23.25     38.45     44.50     45.77     50.47     56.93     62.25     64.46     62.17     54.87     40.06
     26.36     25.56     32.13     35.00     27.36     14.43     -6.46    -24.76    -38.55    -61.45    -89.49   -116.51   -136.11
   -142.44   -141.27   -140.57   -137.57   -130.89   -124.35   -123.39   -134.75   -150.33   -162.32   -166.14   -149.76   -137.82
   -140.33   -148.91   -161.82   -163.92   -155.89   -145.07   -133.80   -123.13   -113.56   -104.93    -88.63    -56.71      0.00
      0.00     15.30     29.01     28.53     23.36     28.08     35.80     36.54     38.38     48.63     55.57     56.24     53.87
     48.40     38.76     30.54     22.38      9.30     -5.92    -26.85    -49.55    -81.96   -119.76   -152.89   -170.40   -172.29
   -166.10   -163.43   -167.26   -169.28   -167.51   -160.51   -149.82   -141.94   -141.11   -144.37   -150.19   -153.07   -158.39
   -166.88   -181.96   -202.21   -217.36   -214.89   -195.17   -173.57   -155.15   -142.63   -132.13   -110.26    -73.35      0.00
      0.00      6.78      2.45     -1.21     -3.44     -6.61     -3.90      7.67     12.50     24.27     41.07     47.76     52.05
     50.44     36.66     21.82      8.45     -9.93    -28.30    -51.34    -91.23   -148.63   -197.74   -209.39   -203.54   -194.98
   -188.12   -182.73   -179.18   -178.68   -177.61   -173.75   -170.64   -164.35   -155.60   -150.02   -151.64   -157.94   -171.17
   -189.92   -213.51   -249.05   -289.84   -279.46   -246.26   -212.86   -186.18   -169.82   -146.10   -103.81    -51.09      0.00
      0.00    -17.04    -36.58    -47.33    -48.23    -58.66    -51.78    -20.61      7.71     23.19     35.67     46.56     49.58
     41.61     25.16      6.00    -14.72    -32.73    -51.50    -83.97   -144.80   -224.78   -262.46   -244.67   -229.29   -216.55
   -206.02   -192.87   -179.63   -173.25   -173.12   -176.89   -181.51   -183.67   -180.80   -174.64   -170.75   -171.05   -179.71
   -197.95   -224.20   -255.04   -282.00   -276.24   -246.46   -218.57   -200.04   -168.38   -123.08    -79.99    -34.90      0.00
      0.00    -42.01    -70.56    -95.50   -101.16    -99.87    -73.09    -38.76     -1.62     27.69     44.21     52.08     45.53
     29.24      6.97    -17.51    -39.75    -56.03    -75.22   -121.10   -201.47   -273.98   -282.07   -270.45   -254.30   -235.74
   -221.69   -202.62   -184.59   -173.27   -168.54   -173.00   -181.32   -188.55   -191.56   -188.76   -183.37   -181.30   -186.69
   -196.76   -208.69   -221.38   -230.93   -227.27   -210.10   -188.50   -160.38   -124.12    -87.58    -54.98    -25.01      0.00
      0.00    -77.89    -96.34   -117.33   -130.18   -127.72    -89.96    -32.01     12.28     36.48     45.01     41.80     29.65
     10.48    -15.83    -42.50    -63.26    -78.18   -101.16   -160.93   -255.57   -297.72   -309.29   -301.27   -271.24   -248.21
   -230.38   -210.47   -189.15   -171.71   -161.75   -161.20   -167.89   -174.48   -178.71   -182.64   -182.26   -179.36   -178.03
   -178.34   -178.12   -177.98   -177.00   -169.63   -155.36   -136.33   -113.39    -88.75    -61.32    -32.56    -11.00      0.00
      0.00   -109.03   -131.52   -133.40   -133.84   -107.63    -59.10     -7.38     28.09     40.81     34.71     23.02     10.40
     -6.11    -29.02    -54.54    -79.41    -99.88   -125.48   -185.93   -281.00   -326.06   -333.62   -305.51   -271.50   -248.82
   -230.50   -212.58   -192.51   -173.50   -159.31   -152.40   -152.54   -154.73   -157.43   -161.90   -164.92   -162.19   -154.29
   -147.22   -143.00   -138.77   -132.63   -124.14   -113.04    -98.54    -80.29    -57.52    -34.06    -13.40     -1.07      0.00
      0.00    -61.29    -98.98   -101.60    -83.58    -44.60     -7.06     22.54     39.89     36.27     18.51      4.52     -3.60
    -16.16    -34.34    -56.18    -81.09   -110.36   -141.97   -185.99   -254.16   -302.07   -301.33   -283.47   -261.91   -243.41
   -227.42   -210.56   -194.26   -178.28   -161.87   -151.02   -145.23   -143.07   -143.70   -144.44   -143.11   -137.64   -128.93
   -120.06   -112.83   -105.98    -98.19    -89.21    -78.34    -63.80    -47.15    -29.80    -13.22      1.06      7.41      0.00
      0.00    -12.79    -21.69    -18.05     -7.01      9.80     25.46     38.42     39.18     22.49      3.51     -6.95    -13.17
    -23.96    -39.44    -55.47    -77.63   -107.13   -141.64   -177.27   -212.78   -241.14   -257.08   -258.92   -248.86   -235.12
   -222.39   -208.85   -194.67   -178.30   -157.60   -140.96   -130.91   -126.25   -123.16   -118.73   -113.03   -107.08    -99.13
    -90.18    -82.63    -75.41    -67.31    -57.88    -46.86    -34.98    -20.64     -6.07      6.02     14.44     14.99      0.00
      0.00      5.34     10.60     17.85     25.09     31.37     37.70     38.50     28.96      9.08     -9.86    -20.97    -25.54
    -32.55    -45.34    -60.21    -79.39   -102.34   -129.91   -160.39   -188.29   -210.68   -225.58   -232.37   -230.08   -222.56
   -213.39   -200.92   -178.43   -151.88   -130.25   -115.13   -105.45    -99.84    -95.64    -90.05    -83.37    -76.22    -69.15
    -62.81    -57.14    -51.49    -45.36    -38.06    -27.95    -14.20      0.18     11.63     19.74     22.12     15.54      0.00
      0.00     11.75     22.11     31.06     36.94     39.75     39.33     32.52     18.71     -2.24    -21.32    -33.37    -39.60
    -43.35    -50.99    -63.63    -79.82   -100.01   -121.61   -143.91   -167.08   -189.70   -205.75   -210.08   -204.33   -193.12
   -177.80   -159.97   -135.78   -112.62    -95.66    -84.14    -78.11    -74.71    -71.48    -66.65    -61.44    -56.25    -51.91
    -48.78    -45.07    -40.08    -34.56    -26.33    -13.35      1.60     13.56     21.52     26.84     24.54     14.52      0.00
      0.00     10.40     21.83     31.10     36.65     38.80     35.30     25.59     11.81    -10.08    -26.94    -36.58    -45.49
    -51.69    -56.37    -63.56    -76.30    -93.62   -113.78   -133.76   -152.38   -164.73   -169.83   -168.95   -158.86   -139.53
   -121.00   -104.13    -88.36    -74.78    -65.49    -59.55    -56.75    -53.98    -51.01    -47.89    -44.20    -41.27    -39.51
    -37.74    -32.96    -26.94    -20.41    -12.48     -1.63     11.57     23.39     31.17     34.61     31.92     22.51      0.00
      0.00     10.12     18.84     26.33     31.17     31.39     26.48     19.15      6.66    -13.92    -27.61    -36.92    -43.82
    -47.68    -50.35    -53.87    -65.26    -81.98    -98.04   -111.66   -118.86   -120.37   -117.30   -110.25    -97.04    -79.86
    -65.21    -53.18    -44.53    -39.58    -37.41    -36.99    -35.87    -34.52    -32.56    -30.77    -28.34    -25.71    -24.04
    -21.37    -16.98    -13.26    -10.23     -6.37     -0.08      9.99     21.88     32.05     36.83     34.48     24.94      0.00
      0.00      7.34     13.54     17.79     19.21     17.39     14.05     10.69      0.08    -12.89    -20.69    -29.20    -34.73
    -34.53    -30.98    -30.22    -40.39    -55.89    -65.03    -65.71    -68.11    -63.76    -56.81    -48.28    -38.70    -30.68
    -23.12    -16.04    -11.65    -10.94    -13.22    -15.21    -15.88    -16.18    -15.24    -13.46    -12.20    -10.81    -10.11
     -8.80     -8.94    -11.03    -10.29     -9.37     -6.52      0.14      9.22     16.87     20.58     19.84     15.01      0.00
      0.00      0.00      0.00      0.00      0.00      0.00      0.00      0.00      0.00      0.00      0.00      0.00      0.00
      0.00      0.00      0.00      0.00      0.00      0.00      0.00      0.00      0.00      0.00      0.00      0.00      0.00
      0.00      0.00      0.00      0.00      0.00      0.00      0.00      0.00      0.00      0.00      0.00      0.00      0.00
      0.00      0.00      0.00      0.00      0.00      0.00      0.00      0.00      0.00      0.00      0.00      0.00      0.00
      0.00      0.00      0.00      0.00      0.00      0.00      0.00      0.00      0.00      0.00      0.00      0.00      0.00
      0.00      0.00      0.00      0.00      0.00      0.00      0.00      0.00      0.00      0.00      0.00      0.00      0.00
      0.00      0.00      0.00      0.00      0.00      0.00      0.00      0.00      0.00      0.00      0.00      0.00      0.00
      0.00      0.00      0.00      0.00      0.00      0.00      0.00      0.00      0.00      0.00      0.00      0.00      0.00
      0.00      1.33      3.58      5.51      6.86      7.67      8.02      8.02      7.75      7.26      6.58      5.74      4.76
      3.64      2.39      1.02     -0.44     -1.93     -3.39     -4.79     -6.11     -7.36     -8.55     -9.70    -10.81    -11.88
    -12.88    -13.73    -14.33    -14.58    -14.43    -13.89    -12.95    -11.63     -9.94     -7.94     -5.73     -3.41     -1.05
      1.32      3.63      5.81      7.77      9.43     10.72     11.58     11.90     11.52     10.22      7.77      4.13      0.00
      0.00      3.18      6.63      8.99     10.27     10.66     10.38      9.63      8.56      7.25      5.72      3.96      1.95
     -0.28     -2.74     -5.43     -8.32    -11.38    -14.50    -17.61    -20.66    -23.66    -26.62    -29.60    -32.61    -35.64
    -38.60    -41.36    -43.80    -45.85    -47.44    -48.36    -48.42    -47.49    -45.52    -42.52    -38.59    -33.87    -28.57
    -22.95    -17.24    -11.68     -6.44     -1.67      2.52      5.98      8.50      9.83      9.70      7.92      4.37      0.00
      0.00      4.25      7.10      8.64      9.21      8.95      7.96      6.45      4.57      2.35     -0.20     -3.08     -6.23
     -9.58    -13.12    -16.86    -20.80    -24.91    -29.17    -33.56    -38.07    -42.70    -47.45    -52.37    -57.52    -62.85
    -68.40    -74.30    -80.64    -87.30    -93.79    -99.07   -102.44   -103.66   -102.69    -99.61    -94.54    -87.62    -79.08
    -69.21    -58.48    -47.44    -36.68    -26.74    -17.94    -10.39     -4.16      0.65      3.87      5.15      3.89      0.00
      0.00      1.54      2.86      3.34      2.92      1.74     -0.03     -2.27     -4.98     -8.18    -11.78    -15.67    -19.76
    -23.96    -28.14    -32.22    -36.20    -40.19    -44.32    -48.76    -53.52    -58.59    -63.98    -69.69    -75.64    -81.80
    -88.42    -96.02   -104.99   -115.38   -126.68   -137.53   -146.62   -153.31   -156.91   -156.85   -152.71   -144.42   -132.53
   -118.07   -102.36    -85.90    -68.67    -51.95    -37.14    -24.51    -14.01     -5.63      0.53      4.12      4.28      0.00
      0.00     -1.05     -2.56     -4.59     -6.94     -9.48    -12.11    -14.74    -17.40    -20.10    -22.85    -25.74    -28.89
    -32.34    -36.01    -39.80    -43.67    -47.58    -51.52    -55.57    -59.84    -64.42    -69.39    -74.81    -80.73    -87.24
    -94.34   -102.09   -110.83   -121.09   -133.11   -146.26   -159.06   -169.89   -177.44   -180.61   -178.59   -171.06   -158.27
   -140.63   -119.93    -98.15    -76.11    -55.74    -38.28    -23.89    -12.45     -3.71      2.45      5.84      5.56      0.00
      0.00     -6.05     -9.99    -13.00    -15.04    -16.24    -16.99    -17.76    -18.91    -20.61    -22.97    -26.00    -29.61
    -33.59    -37.77    -42.09    -46.31    -50.18    -53.74    -57.16    -60.54    -64.02    -67.69    -71.67    -76.07    -81.13
    -87.11    -94.15   -102.25   -111.14   -120.60   -130.53   -140.60   -149.92   -157.03   -160.05   -157.61   -149.34   -135.95
   -118.05    -97.04    -75.55    -55.50    -37.78    -22.67    -10.25     -0.50      6.54     10.82     12.08      9.42      0.00
      0.00     -7.87    -10.01    -10.45    -10.19     -9.75     -9.64    -10.36    -12.11    -14.78    -18.26    -22.47    -27.34
    -32.80    -38.57    -44.20    -48.59    -50.90    -52.22    -53.80    -56.05    -58.87    -62.29    -66.22    -70.06    -73.29
    -76.34    -80.25    -85.62    -92.41   -100.22   -108.26   -115.25   -120.32   -122.92   -122.14   -117.18   -107.81    -94.31
    -77.83    -60.28    -43.11    -27.34    -13.58     -1.90      7.79     15.45     20.60     22.56     20.84     14.35      0.00
      0.00     -3.49     -5.20     -5.19     -3.96     -2.23     -0.80     -0.47     -1.76     -4.77     -9.02    -14.08    -20.34
    -28.12    -36.92    -45.10    -49.87    -50.47    -50.01    -50.45    -51.72    -53.97    -57.20    -61.01    -64.59    -67.05
    -68.49    -69.76    -72.27    -76.59    -82.40    -88.83    -94.68    -98.42    -99.00    -95.98    -88.99    -77.92    -63.45
    -47.35    -31.47    -17.11     -4.61      6.14     15.29     22.83     28.43     31.51     31.33     27.29     18.31      0.00
      0.00     -3.38     -3.56     -1.25      2.48      6.33      9.34     10.73      9.98      7.26      2.97     -3.03    -10.49
    -19.56    -29.77    -38.21    -42.60    -44.17    -46.02    -48.55    -50.15    -51.77    -53.52    -54.79    -55.72    -57.04
    -58.60    -60.16    -62.42    -66.52    -72.25    -78.73    -84.82    -89.09    -89.72    -85.67    -76.60    -63.09    -46.79
    -29.35    -13.83     -1.35      8.94     17.94     26.18     33.00     37.15     38.21     36.42     31.18     20.92      0.00
      0.00     -1.12      1.12      6.05     12.02     17.22     20.38     21.49     20.52     17.59     13.03      7.08      0.05
     -7.65    -15.26    -21.95    -27.89    -33.48    -38.82    -43.18    -46.12    -46.98    -46.50    -46.63    -47.86    -49.73
    -51.62    -53.96    -57.53    -63.35    -71.15    -79.77    -87.96    -93.62    -93.89    -87.51    -75.79    -61.00    -44.25
    -27.40    -12.73     -0.81      8.52     16.48     23.84     30.28     34.76     36.30     34.84     30.46     21.59      0.00
      0.00      8.12      9.06     11.56     16.75     22.36     25.91     26.79     25.37     22.21     17.74     12.16      5.86
     -0.64     -6.85    -12.65    -18.50    -24.22    -29.75    -34.88    -37.90    -38.83    -39.80    -41.99    -44.80    -47.45
    -49.65    -53.13    -58.87    -67.29    -77.50    -88.17    -97.97   -103.83   -102.75    -94.97    -83.16    -69.44    -54.54
    -39.74    -26.47    -15.46     -7.02      0.89      8.89     15.33     20.14     22.87     23.02     21.05     16.08      0.00
      0.00     16.57     19.39     20.46     22.53     26.13     28.95     29.25     27.27     23.51     18.71     13.05      6.36
     -0.47     -6.90    -12.16    -15.70    -18.78    -22.63    -26.42    -28.98    -32.50    -37.47    -42.75    -47.23    -50.80
    -54.69    -60.25    -68.03    -77.74    -88.19    -98.99   -108.68   -113.50   -112.25   -105.98    -96.69    -85.89    -73.82
    -61.51    -50.03    -40.30    -32.02    -23.41    -13.61     -5.89     -0.62      3.13      4.74      4.92      5.13      0.00
      0.00     18.29     24.34     27.64     29.91     31.09     30.78     29.15     26.90     23.83     19.01     12.41      4.37
     -3.22     -9.30    -13.34    -15.16    -15.89    -17.28    -20.40    -25.94    -33.83    -42.34    -50.00    -56.30    -62.29
    -69.20    -76.86    -84.86    -92.66   -100.07   -108.23   -117.45   -123.83   -125.40   -122.01   -115.84   -108.91   -101.43
    -91.50    -81.01    -71.64    -62.60    -53.04    -43.18    -34.71    -28.06    -22.09    -16.57    -10.67     -3.95      0.00
      0.00     14.83     21.79     26.34     28.73     28.94     27.29     25.52     25.04     23.39     18.39     10.80      2.02
     -5.23     -9.86    -12.32    -13.18    -13.74    -16.65    -23.04    -32.32    -43.78    -55.06    -65.17    -74.19    -83.33
    -92.53   -100.70   -106.65   -110.40   -113.63   -118.95   -127.37   -136.44   -142.45   -143.13   -138.84   -133.34   -128.38
   -123.52   -116.84   -110.18   -102.38    -92.54    -82.43    -73.17    -64.83    -56.86    -46.89    -33.97    -18.36      0.00
      0.00     11.30     18.39     24.41     27.60     28.21     27.52     27.29     26.72     24.28     19.46     12.07      2.99
     -3.84     -6.77     -7.84     -9.62    -14.50    -22.92    -34.27    -47.96    -62.38    -76.49    -89.39   -101.52   -112.88
   -122.40   -129.04   -131.98   -132.48   -132.68   -134.74   -140.72   -150.12   -159.18   -164.54   -162.56   -156.20   -151.41
   -148.93   -148.46   -147.40   -141.99   -131.99   -120.79   -109.27    -97.13    -85.03    -71.70    -54.04    -30.42      0.00
      0.00     11.08     19.03     23.57     25.42     25.36     24.55     23.76     22.92     21.68     18.75     13.36      6.65
      0.21     -4.91     -9.61    -15.94    -25.36    -38.04    -53.75    -71.82    -90.30   -107.71   -123.63   -137.32   -147.84
   -154.82   -157.86   -158.65   -158.18   -157.13   -156.80   -158.52   -163.12   -169.40   -174.89   -177.02   -174.26   -172.16
   -173.07   -175.55   -178.15   -176.63   -169.12   -156.57   -141.23   -125.16   -109.60    -93.69    -73.20    -43.70      0.00
      0.00     10.79     14.31     13.95     11.67     10.62     10.62     10.87     11.56     12.61     12.04      8.98      4.20
     -2.41    -10.29    -19.09    -30.08    -44.13    -60.81    -80.81   -103.62   -126.98   -148.79   -166.55   -178.52   -183.70
   -183.82   -182.94   -182.70   -182.70   -182.43   -181.49   -180.72   -181.00   -182.83   -185.61   -188.09   -189.57   -191.97
   -196.62   -203.56   -211.31   -215.53   -209.65   -193.36   -172.88   -152.20   -132.41   -111.94    -86.60    -51.04      0.00
      0.00      3.38      0.39     -4.18     -8.63    -10.73     -9.42     -5.29     -1.25      2.04      3.81      2.95     -1.12
     -9.27    -20.33    -32.92    -48.13    -66.61    -87.51   -112.71   -142.06   -172.85   -200.23   -215.19   -217.08   -213.75
   -209.46   -205.24   -201.79   -200.00   -199.51   -199.83   -201.08   -202.22   -203.03   -203.93   -205.06   -206.84   -210.13
   -216.05   -225.43   -237.59   -247.96   -241.16   -220.52   -195.83   -171.47   -146.80   -118.56    -83.55    -42.82      0.00
      0.00     -8.99    -19.33    -28.10    -33.80    -35.28    -30.09    -19.90    -10.89     -4.91     -1.98     -2.28     -7.25
    -17.57    -31.99    -49.21    -68.87    -90.85   -116.77   -148.14   -185.21   -225.16   -253.11   -255.22   -250.17   -243.42
   -236.12   -228.00   -220.17   -214.75   -212.76   -214.06   -217.56   -221.53   -224.43   -225.54   -225.17   -224.58   -225.01
   -227.57   -233.33   -240.69   -245.38   -238.44   -220.35   -197.55   -173.42   -144.25   -109.38    -72.53    -35.18      0.00
      0.00    -22.46    -38.97    -52.26    -57.97    -54.67    -42.96    -29.22    -16.88     -9.34     -6.64     -8.50    -15.61
    -27.96    -45.23    -66.22    -89.88   -115.90   -146.19   -183.13   -227.73   -269.52   -286.90   -288.25   -283.01   -274.72
   -265.01   -253.44   -241.93   -233.00   -228.09   -227.98   -231.39   -236.44   -240.99   -243.00   -242.01   -239.10   -235.69
   -232.46   -230.31   -228.28   -224.30   -214.96   -199.01   -178.13   -153.30   -124.75    -93.93    -61.78    -29.02      0.00
      0.00    -37.18    -54.67    -67.29    -72.74    -66.90    -47.91    -29.56    -16.61    -10.74    -10.87    -15.65    -25.20
    -39.78    -59.13    -82.77   -109.56   -139.20   -173.18   -215.10   -266.61   -302.89   -318.90   -322.66   -316.19   -306.32
   -293.64   -278.47   -263.01   -250.17   -241.68   -238.30   -239.22   -242.47   -246.19   -248.56   -247.96   -243.70   -236.85
   -229.09   -221.08   -212.19   -201.83   -189.02   -172.96   -153.83   -131.76   -107.04    -80.27    -51.76    -22.97      0.00
      0.00    -42.84    -62.14    -69.60    -69.92    -57.77    -37.53    -21.32    -11.96     -9.71    -13.87    -22.15    -34.02
    -50.02    -70.88    -96.58   -126.04   -158.60   -195.10   -238.73   -292.06   -330.31   -348.14   -352.81   -347.95   -336.70
   -319.20   -299.16   -279.69   -262.99   -250.67   -243.65   -241.37   -242.03   -243.34   -243.32   -240.76   -235.60   -227.72
   -217.78   -206.74   -194.79   -181.69   -167.14   -150.94   -132.87   -112.80    -90.71    -67.01    -42.08    -17.52      0.00
      0.00    -21.36    -38.27    -46.26    -42.92    -31.29    -19.04    -10.36     -6.95     -9.24    -16.74    -27.24    -40.50
    -57.64    -79.57   -106.49   -137.73   -172.42   -210.03   -251.71   -298.85   -339.21   -365.09   -378.01   -377.35   -363.18
   -339.33   -313.86   -290.32   -269.51   -253.13   -242.43   -236.66   -233.94   -231.76   -228.75   -224.37   -218.23   -209.72
   -199.24   -187.35   -174.67   -161.16   -146.59   -130.89   -113.83    -95.29    -75.49    -54.78    -33.57    -13.25      0.00
      0.00     -5.62    -12.57    -15.96    -14.63    -10.15     -5.56     -3.34     -4.67    -10.30    -19.27    -30.40    -44.11
    -61.81    -84.36   -111.77   -143.67   -179.21   -216.84   -255.88   -296.64   -337.84   -374.97   -397.08   -399.29   -381.91
   -351.48   -319.73   -291.18   -265.74   -245.07   -230.36   -221.01   -214.87   -209.95   -205.15   -199.78   -193.30   -185.48
   -175.94   -164.81   -152.77   -140.09   -126.64   -112.18    -96.58    -79.73    -61.81    -43.55    -25.79     -9.57      0.00
      0.00      0.43     -1.23     -2.15     -1.52      0.10      1.02     -0.16     -4.27    -11.37    -20.65    -31.80    -45.25
    -62.62    -84.80   -111.93   -143.51   -178.20   -213.71   -250.58   -289.25   -330.64   -371.67   -399.10   -408.17   -384.77
   -344.28   -306.15   -273.34   -245.78   -223.23   -206.63   -195.62   -188.26   -182.62   -177.14   -171.55   -165.67   -158.90
   -150.49   -140.65   -129.82   -118.48   -106.57    -93.81    -79.80    -64.53    -48.51    -32.87    -18.70     -6.76      0.00
      0.00      2.36      3.18      3.81      4.49      4.92      4.16      1.52     -3.70    -11.14    -20.28    -31.05    -43.72
    -59.87    -80.47   -105.88   -135.39   -167.46   -199.66   -232.66   -267.86   -305.38   -341.17   -366.05   -371.54   -339.85
   -300.04   -266.28   -236.20   -209.34   -188.05   -172.81   -162.60   -155.82   -150.87   -146.07   -141.04   -135.92   -129.97
   -123.10   -114.90   -105.89    -96.42    -86.28    -75.12    -62.67    -49.10    -35.37    -22.83    -12.41     -4.24      0.00
      0.00      2.65      4.81      6.37      7.36      7.55      6.47      3.52     -1.80     -9.00    -17.35    -26.89    -38.16
    -52.36    -70.07    -91.61   -115.99   -142.16   -169.76   -196.85   -224.01   -249.48   -270.57   -282.80   -280.03   -262.02
   -234.69   -206.87   -181.60   -160.45   -144.00   -131.83   -123.88   -118.97   -115.32   -111.31   -107.04   -102.37    -97.63
    -92.65    -87.00    -80.59    -73.20    -65.03    -55.83    -45.46    -34.10    -22.97    -13.74     -6.69     -1.38      0.00
      0.00      2.88      5.06      6.87      8.18      8.71      8.18      5.84      1.13     -5.06    -11.34    -18.50    -27.75
    -38.95    -51.87    -67.03    -84.47   -103.25   -122.75   -141.98   -160.08   -173.17   -184.18   -188.18   -182.98   -171.46
   -153.91   -135.25   -118.35   -104.47    -93.66    -85.84    -80.78    -76.96    -73.59    -70.38    -67.19    -64.12    -62.13
    -60.20    -57.32    -53.54    -49.01    -43.35    -36.62    -28.90    -20.73    -12.97     -7.05     -2.86      0.10      0.00
      0.00      1.59      3.33      4.96      6.31      7.27      7.41      6.11      2.75     -1.38     -4.69     -8.45    -14.26
    -21.15    -26.95    -34.26    -43.87    -55.36    -65.24    -73.56    -82.40    -88.97    -91.56    -90.51    -85.99    -79.23
    -70.57    -61.80    -53.89    -47.58    -42.73    -38.66    -36.11    -35.73    -33.64    -29.75    -27.35    -27.17    -28.45
    -28.37    -27.31    -26.38    -24.72    -21.98    -18.25    -13.86     -9.53     -5.66     -2.84     -1.03      0.17      0.00
      0.00      0.00      0.00      0.00      0.00      0.00      0.00      0.00      0.00      0.00      0.00      0.00      0.00
      0.00      0.00      0.00      0.00      0.00      0.00      0.00      0.00      0.00      0.00      0.00      0.00      0.00
      0.00      0.00      0.00      0.00      0.00      0.00      0.00      0.00      0.00      0.00      0.00      0.00      0.00
      0.00      0.00      0.00      0.00      0.00      0.00      0.00      0.00      0.00      0.00      0.00      0.00      0.00
      0.00      0.00      0.00      0.00      0.00      0.00      0.00      0.00      0.00      0.00      0.00      0.00      0.00
      0.00      0.00      0.00      0.00      0.00      0.00      0.00      0.00      0.00      0.00      0.00      0.00      0.00
      0.00      0.00      0.00      0.00      0.00      0.00      0.00      0.00      0.00      0.00      0.00      0.00      0.00
      0.00      0.00      0.00      0.00      0.00      0.00      0.00      0.00      0.00      0.00      0.00      0.00      0.00
      0.00     30.96     36.75     34.98     30.95     26.63     22.66     19.16     16.06     13.26     10.65      8.13      5.66
      3.17      0.66     -1.87     -4.40     -6.87     -9.23    -11.50    -13.72    -15.90    -18.00    -19.93    -21.64    -23.07
    -24.19    -24.92    -25.29    -25.34    -25.07    -24.45    -23.42    -21.96    -20.03    -17.63    -14.83    -11.66     -8.14
     -4.31     -0.24      3.97      8.23     12.47     16.70     20.96     25.25     29.42     32.94     34.24     28.73      0.00
      0.00     17.74     18.21     15.46     12.38      9.56      6.99      4.51      1.98     -0.68     -3.47     -6.40     -9.41
    -12.50    -15.66    -18.88    -22.13    -25.37    -28.56    -31.69    -34.73    -37.70    -40.60    -43.41    -46.12    -48.70
    -51.11    -53.30    -55.26    -56.90    -58.06    -58.60    -58.44    -57.51    -55.75    -53.19    -49.88    -45.88    -41.22
    -36.03    -30.47    -24.66    -18.74    -12.88     -7.15     -1.69      3.41      8.12     12.42     15.87     15.93      0.00
      0.00      8.54      6.60      3.53      0.68     -1.85     -4.25     -6.71     -9.32    -12.14    -15.20    -18.48    -21.89
    -25.33    -28.76    -32.19    -35.67    -39.22    -42.87    -46.62    -50.46    -54.37    -58.37    -62.47    -66.67    -70.95
    -75.30    -79.70    -84.06    -88.26    -92.01    -94.96    -96.89    -97.57    -96.85    -94.63    -90.91    -85.78    -79.42
    -72.09    -64.07    -55.66    -47.15    -38.83    -31.01    -23.89    -17.58    -11.96     -6.78     -1.88      2.35      0.00
      0.00      2.07     -1.88     -5.47     -8.49    -11.21    -13.80    -16.32    -18.84    -21.49    -24.37    -27.47    -30.70
    -34.01    -37.37    -40.82    -44.42    -48.18    -52.11    -56.23    -60.53    -65.06    -69.83    -74.88    -80.24    -85.92
    -91.90    -98.17   -104.69   -111.34   -117.88   -123.92   -129.00   -132.67   -134.48   -134.05   -131.11   -125.57   -117.68
   -107.90    -96.82    -85.09    -73.32    -61.94    -51.34    -41.73    -33.20    -25.65    -18.69    -11.76     -4.16      0.00
      0.00     -3.96     -9.22    -12.70    -14.93    -16.51    -17.91    -19.47    -21.36    -23.56    -26.10    -29.02    -32.33
    -36.00    -39.96    -44.09    -48.29    -52.52    -56.77    -61.03    -65.34    -69.73    -74.25    -79.00    -84.06    -89.53
    -95.50   -102.00   -109.02   -116.44   -124.01   -131.27   -137.75   -142.89   -146.22   -147.15   -145.07   -139.88   -131.95
   -121.44   -108.67    -94.60    -80.24    -66.67    -54.52    -43.93    -34.89    -27.49    -21.27    -15.05     -6.83      0.00
      0.00     -8.47    -13.03    -14.38    -14.49    -14.67    -15.30    -16.51    -18.44    -21.18    -24.66    -28.75    -33.30
    -38.17    -43.17    -48.13    -52.82    -57.09    -60.98    -64.56    -67.97    -71.33    -74.76    -78.38    -82.27    -86.49
    -91.07    -96.06   -101.53   -107.44   -113.62   -119.76   -125.39   -129.85   -132.38   -132.56   -129.98   -124.49   -116.29
   -105.89    -92.89    -78.60    -65.05    -52.99    -42.66    -34.16    -27.05    -21.18    -16.68    -12.75     -6.87      0.00
      0.00     -8.43    -10.44    -10.00     -9.54     -9.78    -10.76    -12.48    -15.11    -18.70    -23.33    -28.82    -34.83
    -41.07    -47.07    -52.25    -56.07    -58.72    -60.79    -62.74    -64.96    -67.57    -70.63    -74.00    -77.48    -80.95
    -84.39    -87.88    -91.46    -95.13    -98.93   -102.68   -106.01   -108.66   -109.76   -108.52   -104.70    -98.37    -89.67
    -79.01    -67.18    -54.88    -43.01    -32.44    -23.88    -17.36    -12.70     -9.33     -7.22     -6.67     -5.19      0.00
      0.00     -7.12     -7.77     -6.06     -4.45     -3.77     -4.26     -6.12     -9.42    -14.06    -19.70    -26.04    -32.89
    -39.78    -45.82    -49.88    -51.64    -52.29    -53.17    -55.07    -57.65    -60.61    -63.73    -66.91    -70.08    -73.18
    -76.31    -79.53    -82.70    -85.70    -88.30    -90.51    -92.10    -92.63    -92.44    -90.66    -86.44    -79.69    -70.49
    -58.95    -46.50    -34.88    -24.05    -14.29     -6.24     -0.41      2.83      3.80      2.11     -1.84     -4.79      0.00
      0.00     -7.42     -5.78     -2.63     -0.17      1.50      2.34      1.47     -1.45     -6.09    -11.99    -18.69    -25.80
    -32.28    -37.32    -40.15    -41.43    -42.99    -45.62    -48.66    -51.51    -54.24    -56.76    -59.37    -62.46    -65.87
    -69.24    -72.84    -76.74    -80.72    -84.20    -86.78    -88.40    -88.51    -87.62    -85.48    -80.64    -72.91    -61.85
    -48.27    -35.64    -24.07    -12.48     -2.47      5.30     10.51     12.76     11.17      6.38     -0.13     -5.47      0.00
      0.00     -8.79     -4.34      2.10      7.24     10.46     11.60     10.87      8.32      3.61     -2.85    -10.09    -16.98
    -22.85    -27.34    -30.54    -33.31    -36.01    -39.09    -42.44    -45.70    -48.38    -51.17    -54.79    -58.93    -63.19
    -67.46    -71.72    -76.54    -81.95    -87.12    -91.42    -94.65    -96.17    -95.77    -93.03    -87.30    -78.23    -65.07
    -50.67    -38.01    -25.43    -12.89     -3.01      4.48      9.60     11.74     10.47      5.85     -0.23     -5.23      0.00
      0.00     -7.90     -2.25      5.90     12.80     17.14     18.46     17.10     13.58      8.05      1.00     -6.52    -13.39
    -19.18    -23.57    -26.66    -28.84    -30.92    -33.63    -37.03    -40.27    -44.03    -49.14    -54.69    -59.90    -65.08
    -70.51    -75.86    -81.84    -88.79    -95.46   -101.36   -106.29   -109.54   -110.32   -108.11   -102.64    -93.46    -80.46
    -66.68    -54.11    -41.04    -27.20    -16.14     -8.72     -3.46      0.26      1.56      0.10     -3.92     -8.86      0.00
      0.00     -6.25     -1.08      6.48     13.52     18.58     20.23     18.29     13.76      7.58      0.57     -6.83    -13.98
    -19.71    -23.33    -25.04    -25.48    -26.28    -28.22    -31.19    -36.60    -44.41    -52.63    -59.57    -65.99    -72.28
    -78.51    -84.90    -91.92    -99.47   -106.24   -112.37   -118.34   -123.59   -126.65   -126.60   -123.06   -115.55   -104.83
    -92.97    -80.80    -67.72    -53.48    -40.17    -30.12    -23.23    -18.54    -15.65    -15.48    -18.57    -20.45      0.00
      0.00     -5.38      1.34      9.49     15.61     19.30     20.29     18.31     13.95      7.62     -0.14     -7.97    -14.52
    -18.84    -20.49    -19.94    -19.38    -20.71    -23.81    -29.88    -40.39    -52.11    -62.50    -71.53    -79.62    -87.20
    -94.22   -101.04   -107.88   -113.93   -118.48   -122.73   -129.04   -137.12   -144.19   -147.68   -146.42   -140.44   -131.86
   -123.38   -113.62   -101.73    -88.05    -73.78    -60.58    -49.59    -42.06    -37.68    -35.97    -35.89    -33.34      0.00
      0.00     -5.15      4.62     13.96     19.29     21.58     21.12     18.29     13.12      6.03     -1.59     -8.78    -14.68
    -17.66    -18.00    -17.00    -17.30    -21.03    -27.92    -38.58    -52.65    -66.89    -79.41    -90.75   -101.04   -110.22
   -118.41   -125.34   -130.57   -133.40   -134.61   -136.54   -141.97   -150.93   -161.35   -169.26   -171.09   -166.31   -157.87
   -150.82   -145.00   -136.79   -125.88   -112.61    -97.73    -82.75    -70.15    -61.86    -57.29    -53.28    -44.81      0.00
      0.00     -3.50      7.76     16.51     21.37     21.71     17.39     10.88      4.90     -0.68     -7.26    -14.54    -20.00
    -22.76    -24.06    -24.92    -26.63    -31.97    -40.33    -54.10    -72.05    -88.92   -104.06   -118.18   -130.91   -141.63
   -150.06   -155.83   -158.11   -157.40   -156.57   -157.18   -160.03   -165.96   -175.07   -185.22   -191.69   -191.00   -184.80
   -177.40   -172.62   -168.50   -161.90   -150.96   -135.28   -116.56    -98.51    -85.23    -76.30    -68.04    -53.00      0.00
      0.00     -1.17      9.47     15.75     14.65      9.39      3.74     -1.51     -6.23    -11.38    -17.45    -22.85    -27.45
    -31.43    -35.26    -39.47    -44.91    -52.90    -62.65    -77.23    -98.41   -119.31   -138.47   -155.73   -169.46   -178.82
   -184.68   -186.81   -185.85   -184.21   -183.75   -184.90   -186.81   -189.21   -192.91   -198.93   -205.82   -209.65   -209.20
   -206.37   -203.59   -201.81   -198.08   -188.69   -172.27   -150.70   -128.28   -109.49    -96.10    -85.98    -69.79      0.00
      0.00     -1.57      8.06      8.18      1.74     -4.27     -9.94    -14.43    -18.21    -22.14    -26.16    -29.85    -34.36
    -39.87    -46.49    -54.56    -64.51    -76.80    -90.70   -109.05   -134.43   -160.30   -184.08   -202.43   -212.58   -215.49
   -213.62   -210.91   -209.18   -209.30   -211.05   -214.20   -217.75   -220.55   -222.76   -225.60   -229.05   -230.77   -231.10
   -231.93   -232.24   -232.81   -232.63   -226.13   -209.43   -184.70   -158.21   -134.75   -116.35   -103.22    -82.40      0.00
      0.00     -4.82      2.69     -3.16    -12.68    -18.74    -23.73    -26.29    -27.85    -29.94    -32.52    -35.28    -40.23
    -47.56    -57.63    -70.19    -84.86   -102.68   -122.68   -149.07   -181.08   -213.45   -238.85   -250.52   -250.14   -245.32
   -239.34   -234.60   -231.54   -230.77   -232.60   -236.72   -242.89   -250.44   -257.15   -261.12   -261.87   -260.02   -254.94
   -250.43   -249.02   -248.98   -249.88   -246.65   -232.33   -207.53   -180.43   -155.29   -134.02   -113.90    -80.06      0.00
      0.00    -10.18     -7.68    -17.51    -28.21    -33.90    -35.52    -35.09    -34.50    -34.50    -36.03    -39.47    -45.70
    -55.29    -69.00    -86.35   -106.86   -131.09   -159.06   -194.47   -233.49   -268.47   -287.06   -288.23   -284.39   -280.75
   -277.22   -271.38   -264.69   -259.39   -257.86   -260.19   -266.72   -277.27   -288.63   -296.18   -297.39   -293.33   -283.85
   -270.58   -259.77   -251.69   -247.62   -243.88   -232.74   -213.67   -190.36   -166.71   -143.48   -116.55    -77.02      0.00
      0.00    -17.29    -19.51    -31.43    -41.57    -44.82    -43.20    -40.07    -36.94    -36.03    -38.41    -43.49    -51.37
    -62.98    -79.86   -102.56   -130.86   -162.43   -198.60   -240.39   -281.78   -310.62   -320.82   -324.88   -328.80   -332.51
   -329.75   -321.03   -310.51   -301.48   -296.83   -298.15   -304.83   -314.94   -326.08   -335.19   -338.73   -334.14   -321.90
   -303.54   -284.10   -266.11   -252.20   -242.28   -230.11   -213.05   -192.08   -169.03   -143.94   -115.80    -80.10      0.00
      0.00    -22.71    -29.10    -41.42    -50.68    -51.28    -45.04    -39.26    -35.71    -35.36    -39.53    -46.55    -56.37
    -70.61    -91.10   -119.75   -156.03   -196.09   -239.76   -283.69   -322.25   -343.89   -354.19   -370.21   -392.18   -400.96
   -392.47   -375.87   -357.57   -342.62   -334.00   -334.27   -343.16   -357.37   -371.50   -380.91   -382.58   -375.10   -359.23
   -337.71   -313.78   -290.09   -268.89   -250.99   -233.88   -215.01   -192.85   -167.87   -141.80   -115.09    -80.55      0.00
      0.00    -24.60    -29.85    -39.75    -47.12    -46.18    -40.19    -35.25    -32.78    -33.71    -39.01    -47.75    -60.09
    -77.53   -102.91   -138.61   -182.95   -231.68   -281.06   -324.64   -356.21   -370.92   -394.41   -444.70   -487.38   -491.28
   -463.59   -428.61   -397.46   -373.58   -360.18   -359.46   -370.92   -391.07   -408.19   -415.02   -409.94   -396.45   -379.08
   -357.80   -331.98   -305.77   -282.33   -261.22   -240.44   -218.06   -192.84   -165.40   -137.87   -110.53    -75.39      0.00
      0.00     -9.13    -16.14    -26.71    -34.12    -35.32    -33.03    -30.54    -29.64    -31.78    -37.93    -47.44    -61.29
    -82.54   -114.58   -157.93   -210.90   -269.49   -326.38   -374.15   -403.38   -428.18   -497.12   -585.28   -630.09   -602.12
   -531.61   -469.23   -429.06   -398.65   -379.58   -376.32   -384.99   -400.27   -409.90   -407.97   -398.58   -386.91   -376.21
   -358.83   -333.59   -309.98   -287.74   -266.70   -245.13   -220.66   -191.81   -160.92   -132.26   -106.25    -72.89      0.00
      0.00      4.00     -3.45    -16.75    -23.90    -26.50    -26.85    -26.56    -27.45    -30.58    -36.55    -45.12    -58.55
    -82.62   -120.54   -172.03   -234.91   -304.45   -373.18   -432.28   -478.03   -541.06   -664.40   -773.44   -811.58   -733.16
   -589.11   -506.12   -460.86   -420.43   -390.80   -380.14   -379.22   -383.10   -386.73   -383.93   -375.35   -367.76   -359.62
   -343.97   -320.40   -296.70   -275.13   -254.82   -235.00   -212.96   -184.82   -152.75   -123.50   -101.95    -75.90      0.00
      0.00      5.81     -0.91    -10.00    -15.76    -19.07    -20.28    -21.79    -24.89    -29.26    -34.60    -41.40    -53.45
    -79.75   -122.67   -181.88   -255.58   -338.54   -417.90   -483.93   -544.02   -637.89   -812.52   -949.25  -1025.65   -884.21
   -656.51   -555.52   -487.07   -433.24   -395.78   -376.01   -365.68   -363.03   -366.16   -366.11   -356.93   -346.84   -335.64
   -319.07   -295.99   -272.14   -251.25   -232.00   -212.52   -190.09   -163.41   -133.86   -108.69    -93.38    -76.01      0.00
      0.00      3.65      0.56     -4.13     -8.41    -11.11    -12.49    -15.00    -19.68    -25.66    -31.83    -38.29    -49.72
    -77.96   -124.90   -192.71   -280.83   -373.14   -450.56   -504.44   -556.72   -659.58   -858.70  -1011.59  -1102.40   -900.27
   -677.79   -580.85   -497.63   -437.09   -396.08   -369.19   -351.61   -345.18   -352.95   -349.90   -330.26   -313.65   -301.82
   -289.67   -273.42   -254.78   -236.00   -216.01   -193.08   -166.42   -136.10   -105.39    -85.76    -78.09    -66.99      0.00
      0.00     -0.98      0.45     -0.76     -2.59     -3.87     -4.39     -6.25    -10.29    -16.82    -24.50    -33.26    -46.26
    -74.32   -119.47   -189.93   -274.72   -343.19   -394.36   -438.43   -495.96   -577.05   -702.59   -774.15   -802.66   -730.39
   -626.84   -565.89   -488.46   -427.33   -389.66   -360.19   -337.78   -329.74   -329.48   -308.39   -291.18   -293.10   -293.43
   -283.58   -266.08   -247.14   -226.99   -203.60   -175.65   -142.45   -105.19    -70.27    -58.42    -58.64    -51.02      0.00
      0.00      0.02     -1.65     -4.09     -4.60     -1.17      3.24      1.97     -0.52     -1.58     -3.17    -10.25    -34.90
    -66.29   -108.69   -162.90   -225.99   -283.29   -321.73   -370.26   -431.29   -483.55   -633.98   -759.16   -789.80   -730.48
   -583.62   -517.20   -442.13   -384.60   -352.60   -335.02   -320.06   -311.77   -327.33   -322.00   -301.04   -306.14   -302.06
   -282.68   -261.32   -246.90   -224.12   -194.77   -161.71   -123.88    -83.26    -50.84    -43.30    -41.70    -33.18      0.00
      0.00      2.72     -3.60     -8.52     -8.63     -3.33      2.76      3.45     -0.10      3.02      8.89      8.11    -17.75
    -67.15   -114.45   -150.17   -194.86   -236.47   -260.77   -291.13   -358.84   -444.75   -564.63   -667.38   -744.46   -759.88
   -546.22   -394.12   -299.37   -260.28   -251.03   -249.48   -236.06   -273.48   -285.99   -288.96   -292.07   -280.89   -258.78
   -241.82   -229.88   -208.05   -182.76   -160.41   -134.71   -103.95    -78.15    -52.76    -37.89    -27.52    -18.21      0.00
      0.00      0.00      0.00      0.00      0.00      0.00      0.00      0.00      0.00      0.00      0.00      0.00      0.00
      0.00      0.00      0.00      0.00      0.00      0.00      0.00      0.00      0.00      0.00      0.00      0.00      0.00
      0.00      0.00      0.00      0.00      0.00      0.00      0.00      0.00      0.00      0.00      0.00      0.00      0.00
      0.00      0.00      0.00      0.00      0.00      0.00      0.00      0.00      0.00      0.00      0.00      0.00      0.00
      0.00      0.00      0.00      0.00      0.00      0.00      0.00      0.00      0.00      0.00      0.00      0.00      0.00
      0.00      0.00      0.00      0.00      0.00      0.00      0.00      0.00      0.00      0.00      0.00      0.00      0.00
      0.00      0.00      0.00      0.00      0.00      0.00      0.00      0.00      0.00      0.00      0.00      0.00      0.00
      0.00      0.00      0.00      0.00      0.00      0.00      0.00      0.00      0.00      0.00      0.00      0.00      0.00
      0.00   -270.75   -195.40   -110.76    -51.55    -14.14      7.98     19.96     25.55     27.12     26.44     24.54     21.91
     18.75     15.23     11.77      8.86      6.59      4.80      3.15      1.71      0.63     -0.53     -1.64     -2.79     -4.11
     -5.31     -6.30     -7.11     -7.57     -7.57     -7.08     -6.37     -5.48     -4.31     -2.89     -1.04      1.41      4.19
      7.47     11.18     15.17     19.26     21.88     21.26     14.79     -1.06    -29.75    -79.57   -153.24   -235.31      0.00
      0.00   -165.50    -67.62      2.95     43.72     63.85     71.25     71.22     66.26     59.09     51.82     44.49     38.36
     32.86     27.30     22.15     17.35     13.12      9.15      5.74      2.82      0.39     -1.92     -4.58     -7.21     -9.90
    -12.61    -14.62    -16.49    -18.75    -19.54    -19.04    -18.71    -18.14    -15.68    -11.42     -7.22     -3.68      1.80
      8.09     13.90     21.21     29.48     37.24     45.87     53.33     56.06     47.87     20.02    -29.52   -101.51      0.00
      0.00    -81.57    -12.66     27.32     45.67     49.21     45.17     37.04     27.77     18.89     10.11      2.03     -5.09
    -10.71    -15.20    -19.20    -23.21    -27.31    -31.34    -35.66    -40.04    -44.31    -48.42    -52.46    -56.50    -60.55
    -64.69    -69.33    -74.00    -78.58    -82.64    -85.97    -88.15    -88.81    -87.89    -85.39    -80.84    -74.04    -66.31
    -57.54    -47.29    -35.77    -25.17    -14.68     -2.59      9.57     19.49     26.05     25.93     12.95    -31.64      0.00
      0.00    -39.35     15.43     38.51     43.08     37.71     27.27     15.98      6.02     -2.22     -8.92    -14.54    -19.51
    -23.83    -27.78    -31.70    -35.73    -39.89    -44.26    -48.78    -53.51    -58.40    -63.30    -68.56    -74.34    -80.51
    -87.07    -93.88   -100.92   -107.87   -114.59   -121.15   -126.67   -130.49   -132.56   -132.14   -129.05   -123.12   -114.19
   -102.88    -89.70    -75.42    -60.91    -46.30    -29.39     -7.92     15.09     35.32     49.13     43.49     -8.50      0.00
      0.00     -5.39     25.97     31.68     28.45     21.76     13.61      5.44     -1.23     -6.13    -10.07    -14.20    -18.55
    -23.39    -28.99    -34.80    -40.41    -45.66    -50.60    -55.58    -60.42    -64.88    -69.14    -73.54    -78.30    -83.53
    -89.73    -96.72   -104.24   -112.34   -120.92   -128.65   -135.72   -140.84   -144.12   -145.53   -143.55   -138.06   -129.89
   -118.49   -103.91    -88.36    -68.87    -44.95    -20.99      3.55     29.02     49.59     65.55     70.33     15.31      0.00
      0.00     13.61     28.62     29.08     24.53     19.07     14.89     11.38      7.23      1.34     -6.14    -14.18    -22.63
    -31.15    -38.70    -45.62    -51.72    -56.79    -61.29    -64.95    -67.97    -70.46    -72.91    -75.76    -79.05    -82.66
    -86.50    -90.33    -95.18   -101.04   -107.32   -113.75   -120.79   -127.32   -130.31   -130.47   -128.06   -122.22   -112.82
   -104.37    -90.39    -65.69    -42.16    -24.57     -6.33      9.75     33.02     62.41     76.12     77.18     37.75      0.00
      0.00     28.97     45.45     48.44     42.87     31.50     21.99     14.18      6.08     -2.84    -12.98    -22.65    -31.39
    -40.38    -48.97    -55.28    -58.37    -60.12    -61.75    -62.14    -63.27    -65.01    -68.33    -72.31    -76.01    -79.60
    -82.77    -85.17    -87.34    -89.18    -91.21    -94.49    -98.11   -103.47   -107.59   -107.56   -103.86    -97.46    -88.38
    -75.06    -60.06    -44.50    -23.45      0.36     17.00     33.37     50.44     67.47     72.08     72.19     54.87      0.00
      0.00     48.99     67.84     59.96     47.70     33.88     21.90     12.43      4.06     -4.44    -13.58    -22.50    -31.79
    -41.64    -49.56    -52.36    -50.52    -48.20    -46.01    -47.99    -51.62    -55.73    -59.57    -63.05    -66.33    -69.55
    -73.36    -77.52    -80.05    -81.28    -82.65    -83.98    -84.95    -86.34    -89.10    -89.45    -86.81    -80.42    -69.93
    -55.66    -40.09    -21.50      0.69     19.10     36.57     54.42     68.71     74.43     67.09     62.66     58.34      0.00
      0.00     57.84     65.36     52.24     38.35     28.44     21.78     16.24     10.96      3.14     -6.46    -15.62    -25.80
    -33.48    -39.27    -39.23    -35.23    -34.74    -38.50    -42.89    -45.52    -48.48    -50.58    -52.91    -55.80    -60.05
    -64.23    -69.59    -74.92    -78.49    -81.22    -84.30    -85.64    -85.25    -85.46    -85.37    -81.56    -73.09    -59.78
    -46.23    -31.50     -9.68     10.88     25.62     40.16     57.76     77.84     84.30     73.65     67.13     64.74      0.00
      0.00     55.71     54.93     48.79     42.97     37.44     31.40     26.02     20.83     13.76      5.08     -6.04    -15.51
    -22.52    -26.61    -27.54    -30.35    -31.13    -32.55    -35.12    -39.36    -41.39    -43.59    -47.60    -53.38    -58.70
    -64.15    -69.77    -75.96    -81.94    -87.95    -92.98    -96.78    -97.85    -97.52    -95.99    -90.19    -78.76    -62.30
    -48.96    -35.96    -16.44      2.58     16.42     33.53     52.07     68.01     76.60     77.94     81.19     81.26      0.00
      0.00     62.15     56.50     50.99     47.80     44.57     40.25     34.08     26.35     17.73      7.27     -4.06    -12.49
    -18.81    -22.50    -25.53    -26.17    -25.38    -26.19    -30.99    -32.71    -34.17    -40.17    -47.13    -54.69    -62.24
    -70.44    -76.60    -82.87    -92.03   -100.72   -106.45   -111.17   -114.26   -115.87   -114.99   -109.33    -96.36    -79.90
    -66.88    -54.36    -35.27    -15.67     -4.99      5.62     22.56     40.08     52.77     64.25     72.98     82.19      0.00
      0.00     71.74     64.52     53.05     45.08     42.75     40.28     33.80     24.06     13.17      3.42     -6.10    -15.56
    -21.52    -23.94    -25.01    -21.40    -18.46    -19.32    -18.59    -24.71    -32.57    -42.44    -50.35    -58.10    -68.68
    -77.80    -85.27    -93.54   -105.73   -113.27   -118.86   -123.99   -130.38   -135.46   -136.97   -133.30   -121.27   -108.02
    -97.21    -85.26    -67.35    -45.71    -29.26    -19.15     -8.96      4.73     20.67     36.81     52.70     63.16      0.00
      0.00     78.61     67.98     55.57     46.25     41.30     37.62     31.61     23.36     13.89      3.22     -7.03    -13.77
    -17.18    -16.45    -10.90     -6.22     -7.60    -10.80    -13.22    -26.47    -41.45    -52.82    -63.13    -73.63    -84.51
    -93.16   -101.25   -113.25   -122.57   -125.56   -126.98   -132.37   -143.70   -155.69   -162.94   -161.49   -146.59   -133.95
   -128.34   -120.18   -106.03    -87.23    -67.21    -49.20    -34.48    -22.46     -8.78     11.35     41.21     64.55      0.00
      0.00     83.40     71.26     59.86     50.14     43.15     38.98     34.23     24.95     13.55      4.55     -2.36     -9.19
    -11.42     -9.81     -5.68     -4.73     -9.93    -17.13    -25.73    -37.27    -59.02    -75.41    -87.70   -101.62   -113.39
   -125.41   -135.89   -144.14   -144.72   -140.43   -136.66   -140.86   -153.20   -170.70   -185.61   -190.69   -178.54   -158.00
   -151.26   -149.00   -140.59   -127.60   -110.54    -89.71    -66.52    -46.83    -31.30    -10.37     24.36     64.29      0.00
      0.00     89.66     82.51     65.16     53.17     48.82     41.15     25.48     12.15      6.16      0.88    -11.24    -20.90
    -22.05    -18.98    -12.87    -11.41    -23.71    -30.52    -42.18    -63.10    -86.92   -103.60   -121.51   -142.07   -159.82
   -171.01   -176.39   -173.86   -166.53   -159.80   -155.17   -155.02   -161.85   -175.38   -193.80   -207.21   -207.75   -192.82
   -176.08   -171.78   -169.44   -164.02   -151.16   -128.86    -99.93    -72.20    -51.55    -28.30     11.05     69.03      0.00
      0.00    102.30     88.00     63.48     49.51     39.37     22.88      8.52     -0.56     -8.60    -21.93    -30.27    -36.33
    -39.18    -30.34    -14.60    -15.68    -41.07    -53.46    -67.25    -98.56   -127.16   -151.19   -182.65   -203.65   -208.70
   -208.89   -204.96   -197.89   -190.25   -186.56   -186.21   -185.82   -186.01   -188.60   -198.14   -212.12   -221.08   -220.20
   -211.61   -206.24   -205.08   -202.61   -192.05   -170.00   -138.22   -103.40    -72.56    -44.22     -7.99     49.68      0.00
      0.00    108.57     84.44     56.72     44.07     29.21      5.39     -6.44    -12.72    -22.46    -34.00    -34.40    -40.61
    -44.90    -37.98    -32.07    -39.28    -65.93    -81.71   -103.97   -145.80   -182.28   -223.77   -247.33   -246.28   -239.19
   -228.17   -218.48   -212.54   -212.81   -215.29   -220.17   -225.10   -225.90   -225.10   -226.78   -233.42   -237.72   -238.49
   -240.91   -238.81   -239.19   -240.98   -235.30   -215.18   -179.25   -137.69    -96.55    -60.19    -14.83     67.86      0.00
      0.00    108.65     78.04     46.62     32.22     10.33    -12.74    -20.45    -23.75    -34.94    -42.97    -40.73    -47.41
    -50.81    -49.97    -46.83    -60.54    -93.05   -113.34   -153.71   -209.91   -263.68   -284.58   -283.04   -270.61   -254.85
   -237.30   -228.92   -224.90   -226.47   -231.65   -238.04   -247.62   -259.15   -267.99   -271.66   -271.18   -271.12   -260.86
   -254.32   -253.58   -253.44   -256.29   -255.84   -240.73   -205.27   -164.41   -121.86    -70.18     29.01    187.71      0.00
      0.00    106.66     69.41     28.12      5.51    -15.61    -24.55    -29.27    -38.39    -39.21    -40.86    -46.01    -52.95
    -56.99    -61.01    -61.85    -87.40   -120.61   -157.26   -215.61   -286.70   -318.22   -320.89   -306.57   -290.08   -277.96
   -271.78   -263.75   -255.12   -248.42   -249.56   -253.36   -261.73   -277.90   -296.70   -308.33   -307.71   -303.07   -291.42
   -268.59   -255.19   -243.42   -243.65   -247.56   -236.13   -213.01   -175.72   -128.64    -52.61     83.97    172.33      0.00
      0.00    102.08     59.00     10.24    -15.49    -29.79    -37.85    -43.24    -40.75    -34.91    -38.14    -50.65    -58.93
    -60.15    -66.82    -84.92   -118.51   -155.98   -206.56   -284.07   -338.21   -349.16   -340.85   -330.30   -325.89   -333.12
   -337.00   -327.00   -315.26   -303.32   -297.14   -299.97   -307.32   -320.19   -335.98   -349.17   -358.29   -356.85   -345.07
   -316.50   -291.67   -263.42   -244.63   -242.93   -233.84   -210.96   -177.15   -132.51    -53.65     57.24    131.53      0.00
      0.00     92.61     45.83     -5.10    -31.78    -41.22    -40.22    -38.69    -38.65    -34.02    -39.72    -51.64    -57.90
    -62.59    -76.29   -108.96   -148.62   -200.35   -277.95   -347.57   -371.43   -373.87   -358.22   -363.29   -393.81   -425.13
   -426.46   -412.31   -386.92   -367.70   -352.98   -354.83   -373.16   -399.25   -423.46   -442.52   -455.85   -454.60   -433.81
   -400.06   -367.83   -331.92   -290.31   -261.80   -242.84   -231.41   -202.68   -141.47    -61.25     41.88    152.74      0.00
      0.00    104.65     46.76     -4.72    -31.57    -40.60    -39.01    -35.19    -32.17    -29.50    -35.23    -47.74    -57.08
    -66.28    -90.55   -131.64   -187.28   -260.03   -341.92   -386.69   -398.30   -383.12   -379.17   -439.71   -535.81   -584.73
   -548.77   -494.32   -438.27   -402.74   -387.52   -394.37   -429.87   -500.93   -574.14   -620.51   -606.83   -564.95   -527.24
   -496.35   -444.03   -389.14   -350.49   -326.12   -300.87   -280.80   -247.59   -170.45    -65.36     64.79    178.38      0.00
      0.00    214.33     92.05     13.24    -21.52    -37.05    -38.40    -34.65    -28.45    -24.69    -32.54    -43.71    -51.79
    -67.74   -101.36   -160.35   -244.65   -339.17   -417.49   -472.96   -463.13   -450.90   -521.23   -695.71   -861.53   -791.35
   -618.96   -511.08   -474.22   -442.35   -417.50   -442.01   -507.50   -669.40   -811.98   -826.26   -775.07   -704.14   -683.79
   -585.97   -508.95   -495.39   -470.12   -448.93   -446.94   -422.56   -336.07   -204.20    -65.11     72.71    161.76      0.00
      0.00    431.55    239.89     15.46    -21.15    -36.48    -48.58    -41.30    -30.72    -28.25    -34.16    -33.31    -37.14
    -64.69   -107.89   -182.42   -277.92   -378.15   -484.01   -571.31   -580.79   -629.17   -914.31  -1230.87  -1353.02  -1090.23
   -600.01   -488.96   -556.92   -492.97   -384.60   -462.12   -591.18   -752.64   -933.22   -964.80   -861.83   -803.15   -717.68
   -681.73   -690.18   -667.30   -621.80   -571.03   -562.91   -526.82   -396.83   -213.60    -16.39     92.69    128.42      0.00
      0.00    463.68    309.61     32.48    -16.01    -49.86    -51.13    -44.29    -47.04    -53.31    -44.23    -18.83    -16.86
    -53.17   -106.63   -189.61   -305.90   -462.99   -620.62   -702.75   -725.82   -850.22  -1749.69  -2027.02  -2793.30  -2336.26
   -307.57   -466.72   -671.18   -495.95   -233.60   -351.58   -518.00   -765.82  -1126.45  -1269.03  -1087.17   -995.98   -972.65
  -1047.48   -933.72   -756.44   -640.55   -560.99   -501.83   -427.85   -292.88    -88.07     81.88    119.62    101.57      0.00
      0.00    303.11    280.00     72.98    -13.14    -48.75    -35.65    -29.14    -61.09   -110.92   -105.83    -32.53     -1.60
    -31.99    -97.14   -231.13   -512.99   -971.89  -1333.91  -1109.81   -725.94   -905.72  -3210.39  -4105.25  -7713.79  -6559.95
    108.57   -820.72   -501.75   -143.92     -9.27   -145.54   -409.60   -794.51  -1694.72  -2175.42  -1491.83  -1011.19   -919.82
   -939.71   -879.33   -687.95   -527.60   -419.80   -305.89   -203.85    -83.18     83.33    157.36    142.49     84.87      0.00
      0.00    197.64    267.65    204.84    137.61     65.18     50.49     53.76     21.89   -114.80   -265.21   -112.91      9.79
     30.65    -34.14   -291.64  -1313.64  -2148.58  -1579.39   -397.68     94.22    -52.17  -3347.41  -2301.69  -6878.65  -9381.63
   -498.92   -975.16    124.10    730.46    353.51     96.73   -214.55   -853.77  -2636.03  -1824.34    334.91    417.65    169.12
    100.97     -1.39     12.55     26.01     27.25     92.58    162.09    279.67    340.67    204.75    119.56     62.00      0.00
      0.00    187.61    436.59    533.25    610.47    588.15    511.80    409.47    414.17    519.05    639.48    341.45    163.48
    215.67    274.11    263.41    707.51   1884.69   3044.42   2641.11   1960.78   3425.90   6494.10   8964.64   7784.33   4879.75
   5186.26    358.42   1212.02   1517.20    745.52    507.48    756.87   1830.33   4313.12   6653.67   5394.15   3869.20   3267.56
   2995.33   2710.45   2020.46   1460.63   1211.67    973.97    794.39    800.83    606.23    264.12    119.64     51.63      0.00
      0.00     23.55    285.73    455.12    669.59    809.34    855.68    843.44    803.55   1077.11   1640.60   1569.74    810.49
    528.12    674.13   1508.21   4042.92   6211.57   5064.36   4064.81   3366.84   5634.35  13074.20  18258.46  20422.38  18566.88
  10731.63   2708.94   1995.63   1945.27   1013.25   1421.47   3513.75   6179.80   9329.97  10733.47   7619.62   5970.05   5086.63
   4300.99   3966.75   3424.85   2667.25   2075.10   1606.91   1150.37    869.03    545.37    283.84    128.62     30.23      0.00
      0.00      0.00      0.00      0.00      0.00      0.00      0.00      0.00      0.00      0.00      0.00      0.00      0.00
      0.00      0.00      0.00      0.00      0.00      0.00      0.00      0.00      0.00      0.00      0.00      0.00      0.00
      0.00      0.00      0.00      0.00      0.00      0.00      0.00      0.00      0.00      0.00      0.00      0.00      0.00
      0.00      0.00      0.00      0.00      0.00      0.00      0.00      0.00      0.00      0.00      0.00      0.00      0.00
      0.00      0.00      0.00      0.00      0.00      0.00      0.00      0.00      0.00      0.00      0.00      0.00      0.00
      0.00      0.00      0.00      0.00      0.00      0.00      0.00      0.00      0.00      0.00      0.00      0.00      0.00
      0.00      0.00      0.00      0.00      0.00      0.00      0.00      0.00      0.00      0.00      0.00      0.00      0.00
      0.00      0.00      0.00      0.00      0.00      0.00      0.00      0.00      0.00      0.00      0.00      0.00      0.00
      0.00   -270.75   -195.40   -110.76    -51.55    -14.14      7.98     19.96     25.55     27.12     26.44     24.54     21.91
     18.75     15.23     11.77      8.86      6.59      4.80      3.15      1.71      0.63     -0.53     -1.64     -2.79     -4.11
     -5.31     -6.30     -7.11     -7.57     -7.57     -7.08     -6.37     -5.48     -4.31     -2.89     -1.04      1.41      4.19
      7.47     11.18     15.17     19.26     21.88     21.26     14.79     -1.06    -29.75    -79.57   -153.24   -235.31      0.00
      0.00   -165.50    -67.62      2.95     43.72     63.85     71.25     71.22     66.26     59.09     51.82     44.49     38.36
     32.86     27.30     22.15     17.35     13.12      9.15      5.74      2.82      0.39     -1.92     -4.58     -7.21     -9.90
    -12.61    -14.62    -16.49    -18.75    -19.54    -19.04    -18.71    -18.14    -15.68    -11.42     -7.22     -3.68      1.80
      8.09     13.90     21.21     29.48     37.24     45.87     53.33     56.06     47.87     20.02    -29.52   -101.51      0.00
      0.00    -81.57    -12.66     27.32     45.67     49.21     45.17     37.04     27.77     18.89     10.11      2.03     -5.09
    -10.71    -15.20    -19.20    -23.21    -27.31    -31.34    -35.66    -40.04    -44.31    -48.42    -52.46    -56.50    -60.55
    -64.69    -69.33    -74.00    -78.58    -82.64    -85.97    -88.15    -88.81    -87.89    -85.39    -80.84    -74.04    -66.31
    -57.54    -47.29    -35.77    -25.17    -14.68     -2.59      9.57     19.49     26.05     25.93     12.95    -31.64      0.00
      0.00    -39.35     15.43     38.51     43.08     37.71     27.27     15.98      6.02     -2.22     -8.92    -14.54    -19.51
    -23.83    -27.78    -31.70    -35.73    -39.89    -44.26    -48.78    -53.51    -58.40    -63.30    -68.56    -74.34    -80.51
    -87.07    -93.88   -100.92   -107.87   -114.59   -121.15   -126.67   -130.49   -132.56   -132.14   -129.05   -123.12   -114.19
   -102.88    -89.70    -75.42    -60.91    -46.30    -29.39     -7.92     15.09     35.32     49.13     43.49     -8.50      0.00
      0.00     -5.39     25.97     31.68     28.45     21.76     13.61      5.44     -1.23     -6.13    -10.07    -14.20    -18.55
    -23.39    -28.99    -34.80    -40.41    -45.66    -50.60    -55.58    -60.42    -64.88    -69.14    -73.54    -78.30    -83.53
    -89.73    -96.72   -104.24   -112.34   -120.92   -128.65   -135.72   -140.84   -144.12   -145.53   -143.55   -138.06   -129.89
   -118.49   -103.91    -88.36    -68.87    -44.95    -20.99      3.55     29.02     49.59     65.55     70.33     15.31      0.00
      0.00     13.61     28.62     29.08     24.53     19.07     14.89     11.38      7.23      1.34     -6.14    -14.18    -22.63
    -31.15    -38.70    -45.62    -51.72    -56.79    -61.29    -64.95    -67.97    -70.46    -72.91    -75.76    -79.05    -82.66
    -86.50    -90.33    -95.18   -101.04   -107.32   -113.75   -120.79   -127.32   -130.31   -130.47   -128.06   -122.22   -112.82
   -104.37    -90.39    -65.69    -42.16    -24.57     -6.33      9.75     33.02     62.41     76.12     77.18     37.75      0.00
      0.00     28.97     45.45     48.44     42.87     31.50     21.99     14.18      6.08     -2.84    -12.98    -22.65    -31.39
    -40.38    -48.97    -55.28    -58.37    -60.12    -61.75    -62.14    -63.27    -65.01    -68.33    -72.31    -76.01    -79.60
    -82.77    -85.17    -87.34    -89.18    -91.21    -94.49    -98.11   -103.47   -107.59   -107.56   -103.86    -97.46    -88.38
    -75.06    -60.06    -44.50    -23.45      0.36     17.00     33.37     50.44     67.47     72.08     72.19     54.87      0.00
      0.00     48.99     67.84     59.96     47.70     33.88     21.90     12.43      4.06     -4.44    -13.58    -22.50    -31.79
    -41.64    -49.56    -52.36    -50.52    -48.20    -46.01    -47.99    -51.62    -55.73    -59.57    -63.05    -66.33    -69.55
    -73.36    -77.52    -80.05    -81.28    -82.65    -83.98    -84.95    -86.34    -89.10    -89.45    -86.81    -80.42    -69.93
    -55.66    -40.09    -21.50      0.69     19.10     36.57     54.42     68.71     74.43     67.09     62.66     58.34      0.00
      0.00     57.84     65.36     52.24     38.35     28.44     21.78     16.24     10.96      3.14     -6.46    -15.62    -25.80
    -33.48    -39.27    -39.23    -35.23    -34.74    -38.50    -42.89    -45.52    -48.48    -50.58    -52.91    -55.80    -60.05
    -64.23    -69.59    -74.92    -78.49    -81.22    -84.30    -85.64    -85.25    -85.46    -85.37    -81.56    -73.09    -59.78
    -46.23    -31.50     -9.68     10.88     25.62     40.16     57.76     77.84     84.30     73.65     67.13     64.74      0.00
      0.00     55.71     54.93     48.79     42.97     37.44     31.40     26.02     20.83     13.76      5.08     -6.04    -15.51
    -22.52    -26.61    -27.54    -30.35    -31.13    -32.55    -35.12    -39.36    -41.39    -43.59    -47.60    -53.38    -58.70
    -64.15    -69.77    -75.96    -81.94    -87.95    -92.98    -96.78    -97.85    -97.52    -95.99    -90.19    -78.76    -62.30
    -48.96    -35.96    -16.44      2.58     16.42     33.53     52.07     68.01     76.60     77.94     81.19     81.26      0.00
      0.00     62.15     56.50     50.99     47.80     44.57     40.25     34.08     26.35     17.73      7.27     -4.06    -12.49
    -18.81    -22.50    -25.53    -26.17    -25.38    -26.19    -30.99    -32.71    -34.17    -40.17    -47.13    -54.69    -62.24
    -70.44    -76.60    -82.87    -92.03   -100.72   -106.45   -111.17   -114.26   -115.87   -114.99   -109.33    -96.36    -79.90
    -66.88    -54.36    -35.27    -15.67     -4.99      5.62     22.56     40.08     52.77     64.25     72.98     82.19      0.00
      0.00     71.74     64.52     53.05     45.08     42.75     40.28     33.80     24.06     13.17      3.42     -6.10    -15.56
    -21.52    -23.94    -25.01    -21.40    -18.46    -19.32    -18.59    -24.71    -32.57    -42.44    -50.35    -58.10    -68.68
    -77.80    -85.27    -93.54   -105.73   -113.27   -118.86   -123.99   -130.38   -135.46   -136.97   -133.30   -121.27   -108.02
    -97.21    -85.26    -67.35    -45.71    -29.26    -19.15     -8.96      4.73     20.67     36.81     52.70     63.16      0.00
      0.00     78.61     67.98     55.57     46.25     41.30     37.62     31.61     23.36     13.89      3.22     -7.03    -13.77
    -17.18    -16.45    -10.90     -6.22     -7.60    -10.80    -13.22    -26.47    -41.45    -52.82    -63.13    -73.63    -84.51
    -93.16   -101.25   -113.25   -122.57   -125.56   -126.98   -132.37   -143.70   -155.69   -162.94   -161.49   -146.59   -133.95
   -128.34   -120.18   -106.03    -87.23    -67.21    -49.20    -34.48    -22.46     -8.78     11.35     41.21     64.55      0.00
      0.00     83.40     71.26     59.86     50.14     43.15     38.98     34.23     24.95     13.55      4.55     -2.36     -9.19
    -11.42     -9.81     -5.68     -4.73     -9.93    -17.13    -25.73    -37.27    -59.02    -75.41    -87.70   -101.62   -113.39
   -125.41   -135.89   -144.14   -144.72   -140.43   -136.66   -140.86   -153.20   -170.70   -185.61   -190.69   -178.54   -158.00
   -151.26   -149.00   -140.59   -127.60   -110.54    -89.71    -66.52    -46.83    -31.30    -10.37     24.36     64.29      0.00
      0.00     89.66     82.51     65.16     53.17     48.82     41.15     25.48     12.15      6.16      0.88    -11.24    -20.90
    -22.05    -18.98    -12.87    -11.41    -23.71    -30.52    -42.18    -63.10    -86.92   -103.60   -121.51   -142.07   -159.82
   -171.01   -176.39   -173.86   -166.53   -159.80   -155.17   -155.02   -161.85   -175.38   -193.80   -207.21   -207.75   -192.82
   -176.08   -171.78   -169.44   -164.02   -151.16   -128.86    -99.93    -72.20    -51.55    -28.30     11.05     69.03      0.00
      0.00    102.30     88.00     63.48     49.51     39.37     22.88      8.52     -0.56     -8.60    -21.93    -30.27    -36.33
    -39.18    -30.34    -14.60    -15.68    -41.07    -53.46    -67.25    -98.56   -127.16   -151.19   -182.65   -203.65   -208.70
   -208.89   -204.96   -197.89   -190.25   -186.56   -186.21   -185.82   -186.01   -188.60   -198.14   -212.12   -221.08   -220.20
   -211.61   -206.24   -205.08   -202.61   -192.05   -170.00   -138.22   -103.40    -72.56    -44.22     -7.99     49.68      0.00
      0.00    108.57     84.44     56.72     44.07     29.21      5.39     -6.44    -12.72    -22.46    -34.00    -34.40    -40.61
    -44.90    -37.98    -32.07    -39.28    -65.93    -81.71   -103.97   -145.80   -182.28   -223.77   -247.33   -246.28   -239.19
   -228.17   -218.48   -212.54   -212.81   -215.29   -220.17   -225.10   -225.90   -225.10   -226.78   -233.42   -237.72   -238.49
   -240.91   -238.81   -239.19   -240.98   -235.30   -215.18   -179.25   -137.69    -96.55    -60.19    -14.83     67.86      0.00
      0.00    108.65     78.04     46.62     32.22     10.33    -12.74    -20.45    -23.75    -34.94    -42.97    -40.73    -47.41
    -50.81    -49.97    -46.83    -60.54    -93.05   -113.34   -153.71   -209.91   -263.68   -284.58   -283.04   -270.61   -254.85
   -237.30   -228.92   -224.90   -226.47   -231.65   -238.04   -247.62   -259.15   -267.99   -271.66   -271.18   -271.12   -260.86
   -254.32   -253.58   -253.44   -256.29   -255.84   -240.73   -205.27   -164.41   -121.86    -70.18     29.01    187.71      0.00
      0.00    106.66     69.41     28.12      5.51    -15.61    -24.55    -29.27    -38.39    -39.21    -40.86    -46.01    -52.95
    -56.99    -61.01    -61.85    -87.40   -120.61   -157.26   -215.61   -286.70   -318.22   -320.89   -306.57   -290.08   -277.96
   -271.78   -263.75   -255.12   -248.42   -249.56   -253.36   -261.73   -277.90   -296.70   -308.33   -307.71   -303.07   -291.42
   -268.59   -255.19   -243.42   -243.65   -247.56   -236.13   -213.01   -175.72   -128.64    -52.61     83.97    172.33      0.00
      0.00    102.08     59.00     10.24    -15.49    -29.79    -37.85    -43.24    -40.75    -34.91    -38.14    -50.65    -58.93
    -60.15    -66.82    -84.92   -118.51   -155.98   -206.56   -284.07   -338.21   -349.16   -340.85   -330.30   -325.89   -333.12
   -337.00   -327.00   -315.26   -303.32   -297.14   -299.97   -307.32   -320.19   -335.98   -349.17   -358.29   -356.85   -345.07
   -316.50   -291.67   -263.42   -244.63   -242.93   -233.84   -210.96   -177.15   -132.51    -53.65     57.24    131.53      0.00
      0.00     92.61     45.83     -5.10    -31.78    -41.22    -40.22    -38.69    -38.65    -34.02    -39.72    -51.64    -57.90
    -62.59    -76.29   -108.96   -148.62   -200.35   -277.95   -347.57   -371.43   -373.87   -358.22   -363.29   -393.81   -425.13
   -426.46   -412.31   -386.92   -367.70   -352.98   -354.83   -373.16   -399.25   -423.46   -442.52   -455.85   -454.60   -433.81
   -400.06   -367.83   -331.92   -290.31   -261.80   -242.84   -231.41   -202.68   -141.47    -61.25     41.88    152.74      0.00
      0.00    104.65     46.76     -4.72    -31.57    -40.60    -39.01    -35.19    -32.17    -29.50    -35.23    -47.74    -57.08
    -66.28    -90.55   -131.64   -187.28   -260.03   -341.92   -386.69   -398.30   -383.12   -379.17   -439.71   -535.81   -584.73
   -548.77   -494.32   -438.27   -402.74   -387.52   -394.37   -429.87   -500.93   -574.14   -620.51   -606.83   -564.95   -527.24
   -496.35   -444.03   -389.14   -350.49   -326.12   -300.87   -280.80   -247.59   -170.45    -65.36     64.79    178.38      0.00
      0.00    214.33     92.05     13.24    -21.52    -37.05    -38.40    -34.65    -28.45    -24.69    -32.54    -43.71    -51.79
    -67.74   -101.36   -160.35   -244.65   -339.17   -417.49   -472.96   -463.13   -450.90   -521.23   -695.71   -861.53   -791.35
   -618.96   -511.08   -474.22   -442.35   -417.50   -442.01   -507.50   -669.40   -811.98   -826.26   -775.07   -704.14   -683.79
   -585.97   -508.95   -495.39   -470.12   -448.93   -446.94   -422.56   -336.07   -204.20    -65.11     72.71    161.76      0.00
      0.00    431.55    239.89     15.46    -21.15    -36.48    -48.58    -41.30    -30.72    -28.25    -34.16    -33.31    -37.14
    -64.69   -107.89   -182.42   -277.92   -378.15   -484.01   -571.31   -580.79   -629.17   -914.31  -1230.87  -1353.02  -1090.23
   -600.01   -488.96   -556.92   -492.97   -384.60   -462.12   -591.18   -752.64   -933.22   -964.80   -861.83   -803.15   -717.68
   -681.73   -690.18   -667.30   -621.80   -571.03   -562.91   -526.82   -396.83   -213.60    -16.39     92.69    128.42      0.00
      0.00    463.68    309.61     32.48    -16.01    -49.86    -51.13    -44.29    -47.04    -53.31    -44.23    -18.83    -16.86
    -53.17   -106.63   -189.61   -305.90   -462.99   -620.62   -702.75   -725.82   -850.22  -1749.69  -2027.02  -2793.30  -2336.26
   -307.57   -466.72   -671.18   -495.95   -233.60   -351.58   -518.00   -765.82  -1126.45  -1269.03  -1087.17   -995.98   -972.65
  -1047.48   -933.72   -756.44   -640.55   -560.99   -501.83   -427.85   -292.88    -88.07     81.88    119.62    101.57      0.00
      0.00    303.11    280.00     72.98    -13.14    -48.75    -35.65    -29.14    -61.09   -110.92   -105.83    -32.53     -1.60
    -31.99    -97.14   -231.13   -512.99   -971.89  -1333.91  -1109.81   -725.94   -905.72  -3210.39  -4105.25  -7713.79  -6559.95
    108.57   -820.72   -501.75   -143.92     -9.27   -145.54   -409.60   -794.51  -1694.72  -2175.42  -1491.83  -1011.19   -919.82
   -939.71   -879.33   -687.95   -527.60   -419.80   -305.89   -203.85    -83.18     83.33    157.36    142.49     84.87      0.00
      0.00    197.64    267.65    204.84    137.61     65.18     50.49     53.76     21.89   -114.80   -265.21   -112.91      9.79
     30.65    -34.14   -291.64  -1313.64  -2148.58  -1579.39   -397.68     94.22    -52.17  -3347.41  -2301.69  -6878.65  -9381.63
   -498.92   -975.16    124.10    730.46    353.51     96.73   -214.55   -853.77  -2636.03  -1824.34    334.91    417.65    169.12
    100.97     -1.39     12.55     26.01     27.25     92.58    162.09    279.67    340.67    204.75    119.56     62.00      0.00
      0.00    187.61    436.59    533.25    610.47    588.15    511.80    409.47    414.17    519.05    639.48    341.45    163.48
    215.67    274.11    263.41    707.51   1884.69   3044.42   2641.11   1960.78   3425.90   6494.10   8964.64   7784.33   4879.75
   5186.26    358.42   1212.02   1517.20    745.52    507.48    756.87   1830.33   4313.12   6653.67   5394.15   3869.20   3267.56
   2995.33   2710.45   2020.46   1460.63   1211.67    973.97    794.39    800.83    606.23    264.12    119.64     51.63      0.00
      0.00     23.55    285.73    455.12    669.59    809.34    855.68    843.44    803.55   1077.11   1640.60   1569.74    810.49
    528.12    674.13   1508.21   4042.92   6211.57   5064.36   4064.81   3366.84   5634.35  13074.20  18258.46  20422.38  18566.88
  10731.63   2708.94   1995.63   1945.27   1013.25   1421.47   3513.75   6179.80   9329.97  10733.47   7619.62   5970.05   5086.63
   4300.99   3966.75   3424.85   2667.25   2075.10   1606.91   1150.37    869.03    545.37    283.84    128.62     30.23      0.00
      0.00      0.00      0.00      0.00      0.00      0.00      0.00      0.00      0.00      0.00      0.00      0.00      0.00
      0.00      0.00      0.00      0.00      0.00      0.00      0.00      0.00      0.00      0.00      0.00      0.00      0.00
      0.00      0.00      0.00      0.00      0.00      0.00      0.00      0.00      0.00      0.00      0.00      0.00      0.00
      0.00      0.00      0.00      0.00      0.00      0.00      0.00      0.00      0.00      0.00      0.00      0.00      0.00
      0.00      0.00      0.00      0.00      0.00      0.00      0.00      0.00      0.00      0.00      0.00      0.00      0.00
      0.00      0.00      0.00      0.00      0.00      0.00      0.00      0.00      0.00      0.00      0.00      0.00      0.00
      0.00      0.00      0.00      0.00      0.00      0.00      0.00      0.00      0.00      0.00      0.00      0.00      0.00
      0.00      0.00      0.00      0.00      0.00      0.00      0.00      0.00      0.00      0.00      0.00      0.00      0.00
      0.00      0.15      0.29      0.41      0.51      0.59      0.64      0.67      0.67      0.65      0.59      0.51      0.41
      0.28      0.14     -0.03     -0.22     -0.42     -0.63     -0.85     -1.08     -1.31     -1.55     -1.78     -2.01     -2.23
     -2.44     -2.63     -2.79     -2.93     -3.03     -3.09     -3.11     -3.09     -3.03     -2.92     -2.78     -2.60     -2.38
     -2.14     -1.88     -1.61     -1.33     -1.06     -0.80     -0.56     -0.35     -0.18     -0.05      0.02      0.04      0.00
      0.00      0.38      0.71      0.98      1.18      1.31      1.40      1.43      1.41      1.34      1.22      1.05      0.82
      0.54      0.21     -0.16     -0.57     -1.02     -1.50     -2.01     -2.54     -3.09     -3.65     -4.23     -4.80     -5.37
     -5.92     -6.44     -6.91     -7.33     -7.67     -7.92     -8.09     -8.15     -8.10     -7.94     -7.67     -7.30     -6.82
     -6.26     -5.62     -4.92     -4.19     -3.45     -2.72     -2.04     -1.44     -0.92     -0.49     -0.19     -0.02      0.00
      0.00      0.60      1.09      1.46      1.73      1.92      2.04      2.08      2.05      1.95      1.79      1.55      1.23
      0.84      0.38     -0.15     -0.74     -1.40     -2.11     -2.88     -3.71     -4.58     -5.50     -6.46     -7.45     -8.44
     -9.44    -10.42    -11.35    -12.20    -12.95    -13.58    -14.07    -14.40    -14.53    -14.46    -14.17    -13.70    -13.05
    -12.20    -11.13     -9.93     -8.62     -7.28     -5.96     -4.70     -3.53     -2.47     -1.56     -0.82     -0.30      0.00
      0.00      0.59      1.08      1.48      1.81      2.06      2.22      2.32      2.34      2.29      2.16      1.94      1.64
      1.25      0.76      0.20     -0.46     -1.19     -2.02     -2.92     -3.91     -4.97     -6.11     -7.32     -8.59     -9.90
    -11.24    -12.59    -13.92    -15.19    -16.38    -17.44    -18.33    -18.99    -19.38    -19.50    -19.31    -18.86    -18.10
    -16.99    -15.58    -13.93    -12.12    -10.20     -8.27     -6.42     -4.73     -3.24     -1.99     -1.03     -0.36      0.00
      0.00      0.42      0.83      1.22      1.60      1.95      2.25      2.51      2.70      2.80      2.82      2.74      2.55
      2.25      1.84      1.33      0.72      0.01     -0.80     -1.71     -2.70     -3.80     -4.98     -6.26     -7.62     -9.05
    -10.54    -12.07    -13.62    -15.14    -16.57    -17.89    -19.01    -19.85    -20.31    -20.39    -20.10    -19.49    -18.57
    -17.30    -15.75    -13.92    -11.88     -9.69     -7.47     -5.41     -3.58     -2.05     -0.93     -0.22      0.09      0.00
      0.00      0.20      0.60      1.12      1.71      2.33      2.94      3.50      3.98      4.35      4.60      4.70      4.65
      4.46      4.13      3.68      3.12      2.46      1.69      0.83     -0.13     -1.18     -2.32     -3.54     -4.84     -6.21
     -7.65     -9.14    -10.65    -12.12    -13.52    -14.81    -15.92    -16.73    -17.19    -17.29    -17.02    -16.32    -15.19
    -13.71    -11.92     -9.94     -7.83     -5.65     -3.56     -1.69     -0.17      0.95      1.53      1.52      1.02      0.00
      0.00      0.24      0.87      1.78      2.83      3.93      5.00      5.97      6.78      7.42      7.85      8.09      8.14
      8.00      7.71      7.28      6.73      6.09      5.34      4.50      3.57      2.54      1.45      0.30     -0.89     -2.13
     -3.41     -4.74     -6.10     -7.43     -8.69     -9.81    -10.76    -11.43    -11.76    -11.75    -11.36    -10.56     -9.37
     -7.86     -6.09     -4.15     -2.14     -0.18      1.61      3.09      4.16      4.76      4.67      3.78      2.22      0.00
      0.00      0.88      2.06      3.49      5.07      6.69      8.23      9.61     10.76     11.65     12.26     12.60     12.67
     12.51     12.18     11.70     11.10     10.42      9.65      8.80      7.87      6.87      5.82      4.72      3.61      2.48
      1.33      0.15     -1.08     -2.30     -3.46     -4.50     -5.34     -5.91     -6.15     -6.03     -5.52     -4.64     -3.42
     -1.91     -0.21      1.58      3.32      4.90      6.23      7.27      8.00      8.17      7.42      5.69      3.18      0.00
      0.00      1.59      3.50      5.63      7.86     10.05     12.07     13.85     15.34     16.47     17.23     17.64     17.73
     17.53     17.11     16.52     15.82     15.05     14.20     13.30     12.37     11.40     10.41      9.40      8.35      7.27
      6.15      4.98      3.76      2.51      1.29      0.21     -0.67     -1.26     -1.52     -1.40     -0.88      0.01      1.22
      2.69      4.29      5.86      7.24      8.41      9.37     10.09     10.52     10.31      9.18      7.05      3.98      0.00
      0.00      2.56      5.31      8.16     10.98     13.65     16.07     18.21     19.94     21.26     22.14     22.65     22.81
     22.64     22.18     21.52     20.72     19.82     18.86     17.86     16.88     15.91     14.93     13.94     12.89     11.77
     10.57      9.27      7.91      6.49      5.10      3.83      2.79      2.05      1.68      1.70      2.12      2.92      4.02
      5.31      6.68      7.93      8.94      9.77     10.45     10.94     11.13     10.66      9.39      7.29      4.27      0.00
      0.00      3.75      7.27     10.63     13.85     16.85     19.58     21.96     23.92     25.43     26.48     27.09     27.32
     27.20     26.78     26.12     25.29     24.34     23.31     22.24     21.16     20.10     19.02     17.92     16.76     15.52
     14.15     12.63     11.02      9.37      7.74      6.26      5.01      4.07      3.50      3.33      3.56      4.14      4.95
      5.87      6.81      7.64      8.31      8.88      9.35      9.64      9.63      9.15      8.10      6.40      3.85      0.00
      0.00      4.78      9.01     12.80     16.26     19.44     22.31     24.84     27.01     28.70     29.88     30.59     30.92
     30.89     30.55     29.95     29.14     28.19     27.15     26.00     24.81     23.57     22.29     20.96     19.56     18.08
     16.48     14.75     12.93     11.06      9.24      7.56      6.10      4.95      4.13      3.69      3.61      3.82      4.22
      4.69      5.11      5.46      5.76      6.05      6.30      6.47      6.42      6.07      5.37      4.25      2.57      0.00
      0.00      5.30     10.00     14.15     17.83     21.17     24.18     26.82     29.09     30.93     32.31     33.22     33.69
     33.76     33.49     32.94     32.17     31.20     30.11     28.85     27.46     25.99     24.44     22.79     21.05     19.25
     17.41     15.51     13.58     11.63      9.72      7.92      6.30      4.92      3.83      3.05      2.58      2.34      2.22
      2.12      2.00      1.87      1.74      1.67      1.65      1.67      1.66      1.59      1.46      1.25      0.86      0.00
      0.00      5.28     10.07     14.39     18.27     21.79     24.98     27.80     30.25     32.29     33.89     34.99     35.61
     35.80     35.62     35.15     34.40     33.36     32.06     30.56     28.86     27.02     25.09     23.11     21.06     19.04
     17.05     15.11     13.20     11.30      9.42      7.60      5.86      4.27      2.89      1.77      0.87      0.13     -0.56
     -1.25     -1.95     -2.63     -3.23     -3.68     -3.99     -4.14     -4.15     -3.95     -3.46     -2.64     -1.49      0.00
      0.00      4.91      9.50     13.75     17.68     21.31     24.69     27.79     30.53     32.84     34.67     35.99     36.79
     37.09     36.98     36.52     35.72     34.51     32.85     30.90     28.78     26.49     24.16     21.88     19.68     17.60
     15.63     13.78     11.99     10.26      8.54      6.80      5.06      3.34      1.74      0.29     -1.00     -2.22     -3.45
     -4.74     -6.07     -7.33     -8.43     -9.27     -9.78     -9.96     -9.80     -9.22     -8.08     -6.29     -3.71      0.00
      0.00      4.33      8.43     12.32     16.08     19.74     23.28     26.66     29.74     32.39     34.54     36.13     37.13
     37.57     37.49     36.94     35.84     34.21     32.14     29.73     27.13     24.45     21.85     19.41     17.21     15.25
     13.48     11.83     10.27      8.76      7.26      5.74      4.14      2.46      0.74     -0.95     -2.60     -4.27     -6.03
     -7.90     -9.83    -11.69    -13.26    -14.38    -15.00    -15.08    -14.62    -13.60    -11.95     -9.48     -5.73      0.00
      0.00      3.39      6.63      9.89     13.29     16.87     20.57     24.27     27.76     30.84     33.37     35.29     36.52
     37.04     36.88     36.04     34.56     32.55     30.07     27.19     24.15     21.18     18.43     16.06     14.06     12.40
     10.96      9.65      8.39      7.14      5.91      4.64      3.27      1.75      0.08     -1.73     -3.66     -5.73     -7.97
    -10.40    -12.92    -15.35    -17.34    -18.63    -19.20    -19.11    -18.36    -17.02    -15.07    -12.14     -7.35      0.00
      0.00      1.82      3.83      6.25      9.20     12.70     16.64     20.78     24.79     28.35     31.30     33.47     34.79
     35.26     34.94     33.85     32.11     29.84     27.01     23.71     20.29     17.10     14.39     12.25     10.65      9.42
      8.46      7.59      6.72      5.81      4.85      3.81      2.63      1.27     -0.31     -2.12     -4.19     -6.50     -9.09
    -11.91    -14.84    -17.63    -19.88    -21.33    -21.91    -21.71    -20.83    -19.29    -16.85    -13.03     -7.51      0.00
      0.00     -0.33      0.21      1.73      4.22      7.68     11.98     16.68     21.26     25.27     28.47     30.73     32.08
     32.52     32.08     30.87     28.96     26.41     23.25     19.66     15.99     12.77     10.20      8.42      7.29      6.63
      6.22      5.86      5.43      4.88      4.20      3.36      2.32      1.08     -0.41     -2.16     -4.22     -6.58     -9.24
    -12.16    -15.19    -18.05    -20.34    -21.80    -22.36    -22.16    -21.23    -19.29    -16.21    -12.01     -6.67      0.00
      0.00     -2.61     -3.36     -2.59     -0.50      2.97      7.62     12.81     17.76     21.97     25.25     27.57     28.91
     29.30     28.79     27.46     25.39     22.63     19.31     15.56     11.82      8.67      6.33      4.97      4.38      4.28
      4.39      4.49      4.48      4.29      3.89      3.24      2.35      1.21     -0.17     -1.82     -3.76     -6.00     -8.51
    -11.23    -14.01    -16.59    -18.66    -19.99    -20.50    -20.17    -19.00    -16.86    -13.76     -9.89     -5.31      0.00
      0.00     -4.54     -6.08     -5.65     -3.69     -0.27      4.62      9.98     14.88     19.00     22.16     24.33     25.56
     25.87     25.28     23.88     21.75     18.97     15.64     11.90      8.20      5.23      3.20      2.17      2.16      2.57
      3.06      3.52      3.84      3.95      3.80      3.37      2.64      1.65      0.40     -1.10     -2.86     -4.86     -7.07
     -9.42    -11.76    -13.89    -15.60    -16.68    -17.02    -16.57    -15.29    -13.22    -10.53     -7.34     -3.79      0.00
      0.00     -5.54     -7.35     -6.88     -4.77     -1.26      3.42      8.32     12.75     16.44     19.23     21.14     22.18
     22.37     21.72     20.33     18.29     15.66     12.52      9.02      5.60      2.86      1.14      0.50      0.81      1.48
      2.22      2.91      3.44      3.77      3.84      3.61      3.09      2.27      1.20     -0.11     -1.63     -3.32     -5.17
     -7.08     -8.94    -10.60    -11.90    -12.67    -12.81    -12.26    -11.08     -9.36     -7.22     -4.81     -2.31      0.00
      0.00     -4.99     -6.55     -6.04     -3.98     -0.69      3.34      7.42     11.12     14.16     16.45     18.01     18.82
     18.89     18.26     16.98     15.12     12.77     10.02      7.02      4.11      1.78      0.38     -0.06      0.26      0.98
      1.80      2.58      3.22      3.67      3.90      3.86      3.53      2.92      2.06      0.99     -0.25     -1.63     -3.09
     -4.58     -6.00     -7.23     -8.14     -8.62     -8.60     -8.09     -7.13     -5.79     -4.20     -2.52     -1.00      0.00
      0.00     -3.46     -4.55     -4.01     -2.21      0.51      3.65      6.81      9.67     12.02     13.80     14.99     15.57
     15.56     14.98     13.85     12.25     10.25      7.97      5.57      3.28      1.45      0.33     -0.03      0.23      0.86
      1.64      2.42      3.09      3.61      3.94      4.03      3.86      3.44      2.81      2.01      1.04     -0.02     -1.14
     -2.26     -3.31     -4.18     -4.79     -5.07     -4.98     -4.53     -3.77     -2.77     -1.66     -0.62      0.09      0.00
      0.00     -1.86     -2.42     -1.87     -0.46      1.55      3.85      6.14      8.22      9.95     11.24     12.08     12.48
     12.41     11.89     10.94      9.61      7.98      6.17      4.30      2.58      1.21      0.38      0.10      0.32      0.85
      1.55      2.28      2.94      3.49      3.88      4.06      4.02      3.76      3.32      2.74      2.04      1.25      0.42
     -0.38     -1.13     -1.74     -2.12     -2.25     -2.11     -1.71     -1.11     -0.40      0.31      0.84      0.90      0.00
      0.00     -0.68     -0.80     -0.31      0.71      2.12      3.70      5.27      6.69      7.86      8.74      9.31      9.56
      9.46      9.01      8.23      7.17      5.89      4.50      3.10      1.84      0.86      0.27      0.11      0.30      0.78
      1.41      2.09      2.72      3.25      3.68      3.92      3.95      3.80      3.52      3.12      2.63      2.08      1.48
      0.92      0.41      0.03     -0.18     -0.18      0.01      0.35      0.81      1.29      1.67      1.79      1.40      0.00
      0.00     -0.00      0.12      0.55      1.27      2.18      3.19      4.18      5.06      5.79      6.33      6.69      6.83
      6.72      6.36      5.75      4.94      3.98      2.95      1.96      1.08      0.41      0.03     -0.04      0.17      0.59
      1.15      1.77      2.35      2.84      3.26      3.53      3.59      3.52      3.34      3.09      2.78      2.39      1.97
      1.59      1.29      1.10      1.03      1.11      1.32      1.62      1.96      2.26      2.38      2.22      1.58      0.00
      0.00      0.25      0.48      0.82      1.29      1.84      2.40      2.92      3.36      3.73      4.02      4.21      4.28
      4.20      3.94      3.51      2.93      2.27      1.58      0.94      0.39     -0.02     -0.24     -0.22     -0.01      0.33
      0.79      1.28      1.75      2.17      2.55      2.78      2.84      2.81      2.71      2.60      2.43      2.20      1.94
      1.72      1.57      1.49      1.51      1.62      1.81      2.06      2.30      2.44      2.41      2.12      1.44      0.00
      0.00      0.22      0.41      0.62      0.87      1.11      1.33      1.51      1.63      1.74      1.84      1.92      1.96
      1.93      1.79      1.55      1.23      0.87      0.50      0.19     -0.07     -0.26     -0.34     -0.29     -0.14      0.09
      0.37      0.67      0.95      1.22      1.45      1.60      1.67      1.66      1.63      1.61      1.55      1.48      1.39
      1.29      1.21      1.19      1.22      1.30      1.44      1.62      1.77      1.82      1.74      1.48      0.96      0.00
      0.00      0.00      0.00      0.00      0.00      0.00      0.00      0.00      0.00      0.00      0.00      0.00      0.00
      0.00      0.00      0.00      0.00      0.00      0.00      0.00      0.00      0.00      0.00      0.00      0.00      0.00
      0.00      0.00      0.00      0.00      0.00      0.00      0.00      0.00      0.00      0.00      0.00      0.00      0.00
      0.00      0.00      0.00      0.00      0.00      0.00      0.00      0.00      0.00      0.00      0.00      0.00      0.00
      0.00      0.00      0.00      0.00      0.00      0.00      0.00      0.00      0.00      0.00      0.00      0.00      0.00
      0.00      0.00      0.00      0.00      0.00      0.00      0.00      0.00      0.00      0.00      0.00      0.00      0.00
      0.00      0.00      0.00      0.00      0.00      0.00      0.00      0.00      0.00      0.00      0.00      0.00      0.00
      0.00      0.00      0.00      0.00      0.00      0.00      0.00      0.00      0.00      0.00      0.00      0.00      0.00
      0.00     -0.20     -0.43     -0.67     -0.94     -1.23     -1.55     -1.89     -2.25     -2.62     -3.02     -3.43     -3.86
     -4.29     -4.73     -5.17     -5.62     -6.05     -6.48     -6.90     -7.30     -7.69     -8.05     -8.39     -8.70     -8.97
     -9.20     -9.39     -9.53     -9.61     -9.63     -9.59     -9.48     -9.30     -9.06     -8.75     -8.38     -7.94     -7.45
     -6.92     -6.34     -5.73     -5.10     -4.46     -3.81     -3.17     -2.55     -1.96     -1.39     -0.88     -0.41      0.00
      0.00     -0.31     -0.68     -1.12     -1.62     -2.18     -2.80     -3.45     -4.15     -4.88     -5.64     -6.44     -7.27
     -8.11     -8.98     -9.86    -10.74    -11.63    -12.52    -13.39    -14.25    -15.08    -15.89    -16.66    -17.38    -18.05
    -18.65    -19.18    -19.61    -19.93    -20.12    -20.18    -20.09    -19.86    -19.48    -18.94    -18.24    -17.39    -16.40
    -15.28    -14.05    -12.72    -11.32     -9.89     -8.43     -7.00     -5.61     -4.28     -3.03     -1.90     -0.88      0.00
      0.00     -0.43     -0.97     -1.64     -2.41     -3.24     -4.15     -5.11     -6.13     -7.19     -8.29     -9.43    -10.60
    -11.82    -13.05    -14.32    -15.59    -16.88    -18.18    -19.48    -20.78    -22.06    -23.33    -24.57    -25.77    -26.92
    -28.00    -28.99    -29.86    -30.57    -31.12    -31.47    -31.62    -31.53    -31.18    -30.56    -29.65    -28.49    -27.11
    -25.45    -23.53    -21.40    -19.11    -16.74    -14.35    -11.97     -9.64     -7.40     -5.28     -3.32     -1.55      0.00
      0.00     -0.77     -1.65     -2.62     -3.67     -4.78     -5.95     -7.18     -8.45     -9.77    -11.12    -12.51    -13.95
    -15.42    -16.92    -18.45    -20.00    -21.57    -23.15    -24.74    -26.34    -27.94    -29.53    -31.10    -32.65    -34.16
    -35.61    -36.98    -38.23    -39.34    -40.27    -40.98    -41.42    -41.55    -41.31    -40.71    -39.72    -38.38    -36.65
    -34.48    -31.93    -29.07    -25.98    -22.70    -19.35    -16.02    -12.80     -9.74     -6.90     -4.31     -2.01      0.00
      0.00     -1.28     -2.58     -3.89     -5.21     -6.55     -7.91     -9.29    -10.70    -12.15    -13.65    -15.19    -16.79
    -18.43    -20.10    -21.81    -23.53    -25.27    -27.02    -28.77    -30.53    -32.28    -34.02    -35.75    -37.46    -39.14
    -40.77    -42.33    -43.80    -45.11    -46.23    -47.12    -47.71    -47.88    -47.57    -46.75    -45.46    -43.74    -41.62
    -39.04    -36.08    -32.74    -29.11    -25.24    -21.26    -17.35    -13.62    -10.15     -7.03     -4.30     -1.95      0.00
      0.00     -1.82     -3.46     -4.98     -6.42     -7.81     -9.19    -10.58    -12.00    -13.48    -15.04    -16.69    -18.41
    -20.21    -22.07    -23.95    -25.84    -27.74    -29.63    -31.52    -33.38    -35.22    -37.04    -38.81    -40.53    -42.20
    -43.81    -45.35    -46.76    -48.00    -49.04    -49.83    -50.29    -50.32    -49.86    -48.90    -47.44    -45.43    -42.85
    -39.78    -36.31    -32.51    -28.49    -24.29    -20.09    -16.02    -12.22     -8.77     -5.79     -3.37     -1.42      0.00
      0.00     -2.11     -3.83     -5.29     -6.59     -7.82     -9.05    -10.34    -11.74    -13.26    -14.92    -16.71    -18.62
    -20.61    -22.67    -24.77    -26.88    -28.98    -31.05    -33.10    -35.11    -37.09    -38.99    -40.80    -42.50    -44.10
    -45.60    -46.99    -48.24    -49.32    -50.17    -50.72    -50.93    -50.70    -49.98    -48.75    -46.98    -44.65    -41.78
    -38.42    -34.67    -30.60    -26.35    -22.02    -17.76    -13.71     -9.97     -6.64     -3.92     -1.96     -0.65      0.00
      0.00     -1.78     -3.27     -4.52     -5.60     -6.62     -7.68     -8.86    -10.22    -11.78    -13.56    -15.53    -17.68
    -19.95    -22.30    -24.69    -27.07    -29.42    -31.73    -33.99    -36.18    -38.29    -40.30    -42.19    -43.93    -45.51
    -46.93    -48.21    -49.35    -50.30    -51.01    -51.41    -51.43    -50.99    -50.05    -48.55    -46.49    -43.86    -40.71
    -37.10    -33.13    -28.91    -24.57    -20.27    -16.08    -12.07     -8.29     -4.98     -2.51     -0.95     -0.14      0.00
      0.00     -1.36     -2.43     -3.27     -4.00     -4.74     -5.61     -6.68     -8.00     -9.61    -11.52    -13.69    -16.09
    -18.67    -21.36    -24.10    -26.82    -29.49    -32.09    -34.59    -36.98    -39.24    -41.34    -43.29    -45.08    -46.72
    -48.19    -49.51    -50.67    -51.65    -52.39    -52.78    -52.76    -52.25    -51.19    -49.54    -47.29    -44.46    -41.08
    -37.26    -33.10    -28.78    -24.46    -20.18    -15.99    -11.92     -8.03     -4.67     -2.13     -0.52      0.19      0.00
      0.00     -0.67     -1.17     -1.58     -1.99     -2.53     -3.29     -4.30     -5.65     -7.35     -9.40    -11.73    -14.33
    -17.15    -20.13    -23.19    -26.25    -29.27    -32.21    -35.03    -37.66    -40.10    -42.35    -44.44    -46.37    -48.15
    -49.79    -51.29    -52.64    -53.80    -54.70    -55.23    -55.30    -54.84    -53.79    -52.11    -49.79    -46.84    -43.36
    -39.45    -35.23    -30.91    -26.62    -22.33    -18.04    -13.81     -9.74     -6.20     -3.36     -1.26     -0.02      0.00
      0.00      0.27      0.27      0.12     -0.15     -0.63     -1.35     -2.38     -3.77     -5.55     -7.70    -10.19    -12.98
    -16.00    -19.19    -22.49    -25.83    -29.14    -32.37    -35.47    -38.39    -41.11    -43.65    -46.00    -48.19    -50.22
    -52.12    -53.90    -55.53    -56.94    -58.05    -58.77    -58.98    -58.64    -57.68    -56.07    -53.78    -50.87    -47.45
    -43.65    -39.58    -35.39    -31.11    -26.75    -22.32    -17.89    -13.61     -9.65     -6.13     -3.16     -0.96      0.00
      0.00      1.08      1.57      1.62      1.34      0.80     -0.02     -1.15     -2.59     -4.44     -6.72     -9.36    -12.29
    -15.48    -18.85    -22.35    -25.90    -29.44    -32.92    -36.31    -39.56    -42.65    -45.56    -48.30    -50.85    -53.23
    -55.45    -57.52    -59.40    -61.03    -62.32    -63.18    -63.53    -63.32    -62.52    -61.07    -58.94    -56.23    -53.03
    -49.46    -45.65    -41.64    -37.45    -33.06    -28.49    -23.83    -19.19    -14.68    -10.38     -6.36     -2.78      0.00
      0.00      1.41      2.19      2.39      2.13      1.53      0.63     -0.60     -2.16     -4.08     -6.39     -9.09    -12.15
    -15.49    -19.04    -22.74    -26.50    -30.29    -34.06    -37.79    -41.46    -44.99    -48.37    -51.57    -54.57    -57.34
    -59.87    -62.15    -64.17    -65.89    -67.24    -68.17    -68.62    -68.55    -67.94    -66.70    -64.85    -62.44    -59.58
    -56.36    -52.86    -49.09    -45.06    -40.73    -36.12    -31.26    -26.23    -21.05    -15.75    -10.37     -5.02      0.00
      0.00      1.24      1.96      2.17      1.94      1.35      0.44     -0.79     -2.35     -4.27     -6.57     -9.30    -12.43
    -15.90    -19.62    -23.51    -27.53    -31.64    -35.84    -40.05    -44.25    -48.36    -52.28    -55.96    -59.37    -62.44
    -65.15    -67.50    -69.49    -71.14    -72.44    -73.36    -73.87    -73.93    -73.48    -72.46    -70.88    -68.82    -66.36
    -63.56    -60.47    -57.07    -53.28    -49.09    -44.48    -39.48    -34.11    -28.31    -22.01    -15.18     -7.85      0.00
      0.00      0.77      1.17      1.20      0.89      0.29     -0.56     -1.66     -3.08     -4.89     -7.13     -9.84    -13.00
    -16.57    -20.46    -24.60    -28.94    -33.51    -38.32    -43.21    -48.06    -52.79    -57.26    -61.37    -65.05    -68.24
    -70.94    -73.17    -75.00    -76.47    -77.58    -78.36    -78.82    -78.92    -78.57    -77.71    -76.37    -74.63    -72.57
    -70.25    -67.63    -64.64    -61.21    -57.22    -52.59    -47.36    -41.53    -35.05    -27.77    -19.62    -10.49      0.00
      0.00      0.13     -0.02     -0.42     -0.97     -1.63     -2.39     -3.32     -4.51     -6.10     -8.17    -10.75    -13.88
    -17.52    -21.60    -26.07    -30.94    -36.17    -41.67    -47.29    -52.84    -58.16    -63.08    -67.44    -71.18    -74.26
    -76.73    -78.70    -80.28    -81.47    -82.31    -82.80    -83.01    -82.96    -82.60    -81.88    -80.78    -79.34    -77.69
    -75.82    -73.69    -71.20    -68.12    -64.25    -59.58    -54.06    -47.71    -40.56    -32.55    -23.50    -12.91      0.00
      0.00     -0.83     -1.86     -2.91     -3.85     -4.62     -5.26     -5.91     -6.76     -7.99     -9.75    -12.12    -15.15
    -18.86    -23.19    -28.12    -33.59    -39.48    -45.69    -52.05    -58.27    -64.10    -69.31    -73.70    -77.25    -79.98
    -82.02    -83.58    -84.77    -85.64    -86.14    -86.27    -86.12    -85.77    -85.23    -84.49    -83.56    -82.43    -81.17
    -79.81    -78.24    -76.29    -73.55    -69.72    -64.88    -59.09    -52.35    -44.77    -36.36    -26.71    -14.82      0.00
      0.00     -2.37     -4.60     -6.47     -7.83     -8.66     -9.06     -9.25     -9.56    -10.32    -11.70    -13.86    -16.85
    -20.68    -25.29    -30.63    -36.59    -43.05    -49.93    -57.00    -63.83    -70.03    -75.32    -79.51    -82.64    -84.86
    -86.27    -87.22    -87.89    -88.33    -88.45    -88.22    -87.74    -87.08    -86.31    -85.47    -84.55    -83.63    -82.74
    -81.76    -80.59    -78.97    -76.44    -72.79    -67.97    -62.08    -55.24    -47.47    -38.50    -27.80    -15.07      0.00
      0.00     -4.45     -8.05    -10.73    -12.48    -13.28    -13.23    -12.78    -12.44    -12.68    -13.75    -15.77    -18.75
    -22.66    -27.47    -33.08    -39.41    -46.36    -53.82    -61.52    -68.85    -75.21    -80.47    -84.32    -86.92    -88.38
    -89.03    -89.24    -89.26    -89.18    -88.86    -88.30    -87.59    -86.74    -85.80    -84.81    -83.82    -82.93    -82.09
    -81.22    -80.20    -78.68    -76.24    -72.67    -67.91    -62.13    -55.37    -47.25    -37.63    -26.58    -14.12      0.00
      0.00     -6.58    -11.34    -14.62    -16.62    -17.26    -16.71    -15.59    -14.72    -14.62    -15.51    -17.42    -20.38
    -24.35    -29.27    -35.05    -41.62    -48.87    -56.71    -64.85    -72.47    -78.91    -84.03    -87.42    -89.31    -90.00
    -89.89    -89.41    -88.82    -88.20    -87.45    -86.60    -85.70    -84.73    -83.69    -82.53    -81.38    -80.33    -79.33
    -78.34    -77.11    -75.37    -72.84    -69.27    -64.63    -58.89    -52.03    -43.87    -34.43    -23.94    -12.50      0.00
      0.00     -8.31    -13.65    -17.05    -18.97    -19.44    -18.42    -16.90    -15.88    -15.72    -16.58    -18.52    -21.49
    -25.47    -30.40    -36.21    -42.81    -50.12    -58.06    -66.29    -74.08    -80.50    -85.30    -88.36    -89.36    -89.27
    -88.60    -87.60    -86.51    -85.41    -84.30    -83.18    -82.08    -80.97    -79.78    -78.48    -77.18    -75.95    -74.75
    -73.45    -71.86    -69.81    -67.10    -63.51    -58.92    -53.31    -46.56    -38.74    -30.06    -20.65    -10.60      0.00
      0.00     -9.06    -14.40    -17.48    -18.96    -19.04    -17.94    -16.63    -15.85    -15.91    -16.93    -18.95    -21.94
    -25.86    -30.69    -36.33    -42.72    -49.79    -57.45    -65.39    -72.94    -79.18    -83.62    -86.12    -86.66    -86.22
    -85.20    -83.83    -82.31    -80.84    -79.40    -78.04    -76.75    -75.47    -74.14    -72.75    -71.37    -69.99    -68.55
    -66.96    -65.09    -62.79    -59.90    -56.29    -51.79    -46.36    -40.04    -32.99    -25.32    -17.16     -8.65      0.00
      0.00     -8.20    -12.95    -15.66    -16.85    -16.81    -16.03    -15.24    -14.93    -15.35    -16.60    -18.70    -21.65
    -25.43    -30.01    -35.31    -41.26    -47.80    -54.79    -61.96    -68.76    -74.43    -78.40    -80.63    -81.24    -80.69
    -79.61    -78.05    -76.32    -74.56    -72.92    -71.38    -69.92    -68.51    -67.12    -65.68    -64.21    -62.72    -61.11
    -59.33    -57.28    -54.84    -51.89    -48.29    -43.99    -39.01    -33.40    -27.25    -20.65    -13.76     -6.78      0.00
      0.00     -6.30    -10.22    -12.51    -13.56    -13.71    -13.46    -13.27    -13.44    -14.21    -15.64    -17.77    -20.60
    -24.13    -28.34    -33.17    -38.53    -44.33    -50.39    -56.47    -62.18    -67.00    -70.50    -72.55    -73.26    -72.88
    -71.92    -70.44    -68.65    -66.83    -65.08    -63.41    -61.85    -60.37    -58.93    -57.51    -56.02    -54.48    -52.81
    -50.97    -48.86    -46.41    -43.53    -40.16    -36.28    -31.89    -27.04    -21.80    -16.27    -10.61     -5.05      0.00
      0.00     -4.29     -7.26     -9.13    -10.15    -10.60    -10.81    -11.07    -11.63    -12.63    -14.14    -16.19    -18.79
    -21.97    -25.70    -29.95    -34.61    -39.55    -44.60    -49.58    -54.19    -58.08    -60.95    -62.71    -63.43    -63.31
    -62.50    -61.15    -59.41    -57.72    -56.03    -54.36    -52.80    -51.32    -49.90    -48.51    -47.09    -45.59    -44.00
    -42.24    -40.23    -37.94    -35.32    -32.33    -28.94    -25.19    -21.11    -16.77    -12.27     -7.78     -3.54      0.00
      0.00     -2.66     -4.75     -6.24     -7.20     -7.81     -8.29     -8.84     -9.60    -10.68    -12.13    -13.98    -16.26
    -18.97    -22.13    -25.69    -29.55    -33.59    -37.64    -41.56    -45.18    -48.18    -50.41    -51.77    -52.41    -52.38
    -51.70    -50.51    -49.01    -47.46    -45.97    -44.47    -43.00    -41.62    -40.32    -39.04    -37.76    -36.43    -34.99
    -33.43    -31.67    -29.69    -27.43    -24.89    -22.07    -18.98    -15.67    -12.22     -8.72     -5.33     -2.27      0.00
      0.00     -1.52     -2.89     -3.97     -4.77     -5.39     -5.97     -6.61     -7.41     -8.42     -9.68    -11.22    -13.05
    -15.22    -17.72    -20.50    -23.48    -26.58    -29.65    -32.58    -35.22    -37.44    -39.11    -40.06    -40.44    -40.42
    -40.00    -38.96    -37.58    -36.24    -35.07    -33.88    -32.64    -31.48    -30.38    -29.33    -28.28    -27.18    -26.00
    -24.72    -23.31    -21.72    -19.92    -17.90    -15.67    -13.28    -10.75     -8.18     -5.65     -3.28     -1.25      0.00
      0.00     -0.77     -1.56     -2.23     -2.79     -3.29     -3.80     -4.38     -5.08     -5.90     -6.86     -7.97     -9.27
    -10.78    -12.52    -14.47    -16.54    -18.67    -20.76    -22.71    -24.41    -25.89    -26.99    -27.56    -27.71    -27.68
    -27.33    -26.51    -25.45    -24.41    -23.60    -22.72    -21.81    -20.97    -20.22    -19.51    -18.77    -17.97    -17.13
    -16.22    -15.21    -14.08    -12.80    -11.37     -9.79     -8.12     -6.40     -4.70     -3.09     -1.65     -0.50      0.00
      0.00     -0.30     -0.62     -0.92     -1.19     -1.47     -1.79     -2.18     -2.63     -3.14     -3.68     -4.27     -4.94
     -5.71     -6.62     -7.65     -8.74     -9.87    -10.96    -11.91    -12.75    -13.47    -14.01    -14.26    -14.29    -14.22
    -13.96    -13.46    -12.85    -12.34    -11.87    -11.29    -10.77    -10.32    -10.01     -9.70     -9.32     -8.91     -8.48
     -7.98     -7.44     -6.82     -6.13     -5.35     -4.49     -3.59     -2.69     -1.84     -1.08     -0.46     -0.05      0.00
      0.00      0.00      0.00      0.00      0.00      0.00      0.00      0.00      0.00      0.00      0.00      0.00      0.00
      0.00      0.00      0.00      0.00      0.00      0.00      0.00      0.00      0.00      0.00      0.00      0.00      0.00
      0.00      0.00      0.00      0.00      0.00      0.00      0.00      0.00      0.00      0.00      0.00      0.00      0.00
      0.00      0.00      0.00      0.00      0.00      0.00      0.00      0.00      0.00      0.00      0.00      0.00      0.00
      0.00      0.00      0.00      0.00      0.00      0.00      0.00      0.00      0.00      0.00      0.00      0.00      0.00
      0.00      0.00      0.00      0.00      0.00      0.00      0.00      0.00      0.00      0.00      0.00      0.00      0.00
      0.00      0.00      0.00      0.00      0.00      0.00      0.00      0.00      0.00      0.00      0.00      0.00      0.00
      0.00      0.00      0.00      0.00      0.00      0.00      0.00      0.00      0.00      0.00      0.00      0.00      0.00
      0.00     -0.16     -0.32     -0.49     -0.67     -0.87     -1.09     -1.34     -1.62     -1.94     -2.29     -2.67     -3.08
     -3.53     -4.00     -4.49     -5.00     -5.50     -6.00     -6.49     -6.97     -7.42     -7.86     -8.28     -8.67     -9.03
     -9.36     -9.63     -9.84     -9.96    -10.00     -9.94     -9.77     -9.50     -9.13     -8.68     -8.14     -7.53     -6.88
     -6.18     -5.47     -4.75     -4.03     -3.33     -2.67     -2.06     -1.52     -1.06     -0.69     -0.40     -0.18      0.00
      0.00     -0.12     -0.24     -0.39     -0.62     -0.95     -1.36     -1.85     -2.42     -3.05     -3.76     -4.53     -5.36
     -6.23     -7.16     -8.14     -9.17    -10.23    -11.30    -12.39    -13.48    -14.57    -15.66    -16.75    -17.84    -18.91
    -19.94    -20.88    -21.68    -22.30    -22.72    -22.89    -22.81    -22.48    -21.88    -21.02    -19.94    -18.65    -17.18
    -15.57    -13.86    -12.07    -10.25     -8.44     -6.70     -5.10     -3.76     -2.63     -1.70     -0.98     -0.47      0.00
      0.00     -0.03     -0.06     -0.25     -0.64     -1.18     -1.86     -2.67     -3.60     -4.64     -5.76     -6.93     -8.16
     -9.44    -10.78    -12.19    -13.65    -15.19    -16.79    -18.46    -20.17    -21.93    -23.75    -25.61    -27.52    -29.44
    -31.34    -33.21    -35.03    -36.73    -38.20    -39.32    -40.01    -40.23    -39.92    -39.10    -37.73    -35.83    -33.49
    -30.68    -27.50    -24.00    -20.39    -16.91    -13.64    -10.64     -7.94     -5.57     -3.61     -2.10     -1.01      0.00
      0.00     -0.41     -0.90     -1.52     -2.26     -3.14     -4.16     -5.32     -6.57     -7.93     -9.37    -10.89    -12.47
    -14.11    -15.79    -17.51    -19.26    -21.07    -22.95    -24.91    -26.95    -29.06    -31.23    -33.44    -35.69    -37.97
    -40.32    -42.76    -45.31    -47.87    -50.31    -52.43    -54.09    -55.16    -55.55    -55.24    -54.12    -52.23    -49.48
    -45.82    -41.39    -36.39    -31.01    -25.54    -20.36    -15.73    -11.60     -7.96     -5.07     -2.92     -1.35      0.00
      0.00     -1.23     -2.49     -3.81     -5.19     -6.60     -8.02     -9.44    -10.88    -12.34    -13.83    -15.37    -16.98
    -18.67    -20.43    -22.23    -24.07    -25.96    -27.88    -29.85    -31.88    -33.98    -36.15    -38.38    -40.67    -43.02
    -45.44    -47.99    -50.71    -53.56    -56.44    -59.15    -61.41    -62.99    -63.75    -63.62    -62.53    -60.48    -57.39
    -53.18    -47.94    -41.93    -35.35    -28.57    -22.07    -16.41    -11.61     -7.50     -4.46     -2.42     -1.07      0.00
      0.00     -2.36     -4.53     -6.47     -8.20     -9.73    -11.08    -12.31    -13.49    -14.70    -16.04    -17.53    -19.19
    -20.99    -22.87    -24.80    -26.78    -28.76    -30.75    -32.74    -34.74    -36.74    -38.75    -40.78    -42.84    -44.99
    -47.24    -49.60    -52.05    -54.52    -56.96    -59.29    -61.31    -62.78    -63.48    -63.26    -61.97    -59.49    -55.77
    -50.92    -45.12    -38.70    -31.94    -25.23    -18.84    -13.18     -8.55     -4.89     -2.37     -0.94     -0.18      0.00
      0.00     -3.08     -5.57     -7.31     -8.56     -9.51    -10.31    -11.13    -12.16    -13.44    -14.97    -16.71    -18.65
    -20.74    -22.94    -25.17    -27.34    -29.41    -31.44    -33.51    -35.64    -37.79    -39.90    -41.91    -43.75    -45.46
    -47.19    -49.07    -51.11    -53.19    -55.13    -56.80    -58.06    -58.74    -58.71    -57.81    -55.91    -52.93    -48.87
    -43.84    -38.01    -31.68    -25.24    -19.01    -13.26     -8.25     -4.09     -0.97      0.77      1.16      0.84      0.00
      0.00     -2.31     -4.37     -5.88     -6.74     -7.16     -7.41     -7.80     -8.53     -9.75    -11.46    -13.58    -16.08
    -18.84    -21.74    -24.57    -27.16    -29.49    -31.66    -33.80    -36.04    -38.39    -40.75    -42.97    -44.84    -46.29
    -47.46    -48.64    -50.06    -51.70    -53.32    -54.65    -55.50    -55.69    -55.08    -53.56    -51.07    -47.59    -43.12
    -37.75    -31.75    -25.45    -19.33    -13.72     -8.74     -4.29     -0.40      2.41      3.44      2.86      1.45      0.00
      0.00     -1.93     -3.58     -4.35     -4.24     -3.72     -3.35     -3.27     -3.72     -4.92     -6.83     -9.43    -12.58
    -16.20    -19.96    -23.54    -26.73    -29.54    -32.19    -34.77    -37.14    -39.30    -41.32    -43.20    -44.91    -46.37
    -47.60    -48.70    -49.91    -51.40    -53.00    -54.38    -55.24    -55.36    -54.56    -52.79    -49.98    -46.03    -40.95
    -34.98    -28.55    -22.38    -16.81    -11.78     -7.09     -2.66      1.33      4.22      5.39      4.68      2.48      0.00
      0.00     -1.02     -1.62     -1.36     -0.41      0.61      1.24      1.33      0.68     -0.65     -2.69     -5.37     -8.68
    -12.51    -16.59    -20.63    -24.49    -28.21    -31.80    -35.06    -37.76    -39.86    -41.59    -43.25    -44.91    -46.47
    -47.90    -49.34    -50.99    -52.93    -54.98    -56.75    -57.89    -58.14    -57.34    -55.42    -52.23    -47.69    -42.13
    -35.98    -29.67    -23.86    -18.84    -14.06     -9.28     -4.63     -0.49      2.55      4.19      4.34      2.86      0.00
      0.00      1.03      1.42      1.47      2.13      3.16      3.84      3.84      2.96      1.42     -0.62     -3.18     -6.33
    -10.05    -14.15    -18.43    -22.68    -26.85    -30.81    -34.34    -37.24    -39.57    -41.65    -43.67    -45.62    -47.41
    -49.19    -51.30    -53.75    -56.40    -58.95    -61.05    -62.39    -62.74    -61.96    -59.92    -56.51    -51.87    -46.42
    -40.64    -34.95    -29.82    -25.18    -20.52    -15.65    -10.81     -6.46     -2.89     -0.23      1.42      1.62      0.00
      0.00      2.54      4.40      4.85      4.88      5.24      5.48      5.12      4.05      2.29      0.02     -2.72     -6.06
     -9.87    -14.01    -18.33    -22.55    -26.50    -30.22    -33.69    -36.82    -39.65    -42.34    -44.95    -47.41    -49.81
    -52.37    -55.27    -58.39    -61.49    -64.27    -66.47    -67.88    -68.32    -67.67    -65.73    -62.49    -58.27    -53.41
    -48.26    -43.30    -38.74    -34.36    -29.74    -24.67    -19.51    -14.75    -10.60     -7.05     -4.02     -1.45      0.00
      0.00      2.93      5.61      6.99      7.23      6.97      6.37      5.41      4.15      2.55      0.33     -2.70     -6.46
    -10.61    -14.91    -19.25    -23.31    -26.95    -30.40    -33.88    -37.48    -41.11    -44.72    -48.11    -51.49    -54.95
    -58.42    -61.78    -64.93    -67.87    -70.47    -72.60    -74.10    -74.80    -74.48    -72.85    -70.03    -66.46    -62.50
    -58.22    -53.85    -49.60    -45.22    -40.51    -35.46    -30.29    -25.13    -19.96    -14.79     -9.58     -4.46      0.00
      0.00      2.46      4.71      6.15      6.68      6.46      5.70      4.75      3.83      2.53      0.34     -2.83     -6.80
    -11.13    -15.54    -19.96    -24.09    -27.73    -31.41    -35.54    -40.15    -44.96    -49.69    -54.24    -58.76    -63.11
    -66.99    -70.18    -72.75    -74.96    -76.95    -78.85    -80.57    -81.78    -82.04    -80.90    -78.54    -75.51    -72.24
    -68.91    -65.48    -61.88    -57.78    -53.13    -48.17    -43.10    -37.80    -31.96    -25.26    -17.58     -9.09      0.00
      0.00      1.58      3.14      4.61      5.48      5.64      5.41      5.05      4.40      3.12      0.94     -2.26     -6.36
    -10.92    -15.46    -19.76    -23.89    -28.29    -33.38    -39.21    -45.50    -51.82    -58.00    -63.81    -69.12    -73.69
    -77.26    -79.82    -81.65    -83.04    -84.21    -85.47    -87.00    -88.53    -89.31    -88.73    -86.81    -84.09    -81.23
    -78.67    -76.32    -73.67    -70.24    -65.91    -60.96    -55.49    -49.33    -42.40    -34.31    -24.67    -13.41      0.00
      0.00      0.83      2.21      3.46      4.18      4.37      4.37      4.35      4.09      3.17      1.37     -1.46     -5.30
     -9.84    -14.56    -19.30    -24.56    -30.75    -37.91    -45.83    -54.02    -62.07    -69.54    -76.05    -81.29    -85.23
    -87.98    -89.93    -91.30    -92.16    -92.56    -92.76    -93.17    -93.96    -94.63    -94.53    -93.32    -91.18    -88.99
    -87.31    -85.93    -84.30    -81.74    -77.83    -72.56    -66.19    -58.90    -50.83    -41.70    -30.80    -17.14      0.00
      0.00      0.01      0.29      0.25     -0.05     -0.25     -0.04      0.37      0.67      0.52     -0.37     -2.26     -5.27
     -9.42    -14.56    -20.61    -27.72    -35.86    -45.03    -55.15    -65.55    -75.22    -83.38    -89.48    -93.84    -96.64
    -98.38    -99.67   -100.61   -101.12   -100.93   -100.13    -99.15    -98.44    -98.06    -97.68    -97.02    -96.05    -95.20
    -94.79    -94.81    -94.78    -93.47    -89.71    -83.67    -76.03    -67.43    -58.33    -48.39    -36.20    -20.18      0.00
      0.00     -2.23     -4.47     -6.53     -7.91     -8.40     -7.83     -6.39     -4.67     -3.45     -3.34     -4.44     -6.81
    -10.91    -16.78    -24.15    -32.71    -42.40    -53.49    -66.03    -78.84    -90.01    -97.99   -102.87   -105.64   -107.00
   -107.35   -107.33   -107.21   -106.94   -106.27   -105.16   -103.80   -102.25   -100.90    -99.91    -99.29    -99.08    -99.36
   -100.26   -101.86   -103.71   -103.90   -100.08    -93.19    -84.35    -74.82    -64.89    -53.36    -38.48    -20.43      0.00
      0.00     -6.07    -11.73    -16.01    -18.54    -19.22    -17.44    -13.83     -9.72     -6.65     -5.46     -6.10     -8.65
    -13.44    -20.32    -28.80    -38.50    -49.49    -62.28    -77.00    -92.13   -104.07   -111.54   -115.02   -116.08   -115.66
   -114.29   -112.57   -111.01   -109.68   -108.51   -107.51   -106.43   -104.94   -103.28   -101.85   -100.90   -100.66   -101.27
   -102.70   -104.91   -107.30   -107.77   -104.17    -97.07    -88.08    -78.19    -66.40    -52.25    -36.22    -18.64      0.00
      0.00    -10.73    -19.44    -25.58    -28.82    -28.79    -24.98    -18.94    -12.89     -8.63     -6.96     -7.75    -10.95
    -16.56    -24.26    -33.59    -44.15    -56.13    -70.25    -86.72   -103.12   -115.07   -122.08   -124.46   -123.92   -121.84
   -119.00   -115.83   -112.93   -110.52   -108.71   -107.54   -106.63   -105.52   -104.15   -102.67   -101.42   -100.77   -100.91
   -101.80   -103.20   -104.40   -103.94   -100.28    -93.52    -84.51    -73.47    -60.38    -46.07    -31.24    -15.87      0.00
      0.00    -15.49    -26.17    -32.59    -35.56    -34.43    -28.49    -20.40    -13.61     -9.43     -8.23     -9.82    -13.79
    -19.94    -28.11    -37.82    -48.82    -61.40    -76.37    -93.77   -110.78   -122.44   -129.02   -130.84   -128.40   -124.69
   -120.77   -116.79   -112.96   -109.58   -106.96   -105.22   -104.06   -103.06   -102.01   -100.73    -99.35    -98.24    -97.53
    -97.21    -96.99    -96.33    -94.34    -90.09    -83.28    -74.05    -62.76    -50.45    -37.90    -25.39    -12.82      0.00
      0.00    -19.22    -30.68    -36.06    -37.21    -33.57    -26.15    -18.12    -12.29     -9.55     -9.73    -12.29    -16.80
    -23.14    -31.26    -40.84    -51.81    -64.41    -79.27    -96.31   -112.99   -124.56   -130.73   -131.52   -128.50   -124.05
   -119.58   -115.03   -110.62   -106.56   -103.14   -100.60    -98.87    -97.58    -96.44    -95.16    -93.70    -92.11    -90.52
    -88.92    -87.15    -84.79    -81.37    -76.29    -69.22    -60.33    -50.25    -39.80    -29.44    -19.45     -9.75      0.00
      0.00    -18.11    -28.99    -33.14    -32.22    -26.87    -20.00    -14.16    -10.57     -9.88    -11.56    -14.86    -19.57
    -25.69    -33.33    -42.41    -52.87    -64.80    -78.34    -93.27   -107.86   -118.69   -124.12   -125.13   -123.19   -119.46
   -115.08   -110.22   -105.56   -101.15    -97.20    -93.95    -91.51    -89.66    -88.09    -86.53    -84.78    -82.70    -80.37
    -77.88    -75.06    -71.60    -67.25    -61.59    -54.67    -46.76    -38.31    -29.72    -21.46    -13.80     -6.80      0.00
      0.00    -13.01    -21.32    -24.06    -22.21    -17.89    -13.55    -10.49     -9.49    -10.71    -13.44    -17.15    -21.74
    -27.40    -34.35    -42.62    -52.15    -62.87    -74.55    -86.63    -98.08   -107.05   -112.22   -114.00   -113.25   -110.70
   -106.93   -102.36    -97.69    -93.18    -88.94    -85.21    -82.15    -79.68    -77.57    -75.59    -73.50    -71.14    -68.49
    -65.57    -62.21    -58.24    -53.55    -48.01    -41.71    -34.81    -27.63    -20.59    -14.12     -8.61     -4.15      0.00
      0.00     -7.55    -12.39    -13.76    -12.52    -10.35     -8.57     -8.06     -9.20    -11.71    -15.03    -18.81    -23.04
    -28.02    -34.15    -41.47    -49.86    -59.06    -68.65    -78.17    -86.91    -93.91    -98.44   -100.50   -100.47    -98.79
    -95.56    -91.34    -86.76    -82.35    -78.12    -74.23    -70.87    -68.05    -65.61    -63.36    -61.13    -58.72    -56.04
    -53.09    -49.74    -45.88    -41.43    -36.35    -30.70    -24.66    -18.58    -12.89     -8.01     -4.32     -1.90      0.00
      0.00     -3.53     -5.76     -6.44     -6.05     -5.48     -5.58     -6.84     -9.26    -12.41    -15.80    -19.24    -22.84
    -27.02    -32.20    -38.47    -45.62    -53.29    -60.94    -68.22    -74.79    -80.15    -83.86    -85.79    -86.12    -84.83
    -81.62    -77.27    -72.84    -68.69    -64.84    -61.25    -58.08    -55.34    -52.93    -50.71    -48.56    -46.37    -44.05
    -41.48    -38.50    -35.02    -31.04    -26.53    -21.56    -16.37    -11.32     -6.84     -3.38     -1.15     -0.18      0.00
      0.00     -1.26     -1.95     -2.23     -2.34     -2.80     -4.00     -6.06     -8.92    -12.05    -15.04    -17.79    -20.51
    -23.75    -27.91    -32.99    -38.73    -44.78    -50.65    -56.01    -60.82    -64.87    -67.79    -69.23    -69.34    -68.01
    -64.88    -60.85    -56.74    -53.04    -49.83    -46.93    -44.36    -42.07    -40.07    -38.18    -36.37    -34.60    -32.80
    -30.78    -28.35    -25.50    -22.20    -18.43    -14.29     -9.99     -5.89     -2.42     -0.03      1.10      1.06      0.00
      0.00     -0.19     -0.25     -0.36     -0.67     -1.43     -2.81     -4.85     -7.42    -10.03    -12.34    -14.21    -15.88
    -17.96    -20.87    -24.55    -28.69    -32.99    -37.05    -40.63    -43.78    -46.51    -48.50    -49.32    -48.92    -47.59
    -45.09    -42.34    -39.57    -36.57    -34.09    -31.84    -29.93    -28.41    -27.16    -25.85    -24.53    -23.23    -21.95
    -20.57    -18.90    -16.94    -14.58    -11.85     -8.81     -5.55     -2.40      0.15      1.73      2.24      1.63      0.00
      0.00      0.12      0.17      0.09     -0.19     -0.68     -1.52     -2.78     -4.43     -6.08     -7.38     -8.21     -8.88
     -9.84    -11.29    -13.22    -15.43    -17.73    -19.89    -21.77    -23.34    -24.74    -25.68    -25.91    -25.47    -24.61
    -23.38    -22.08    -20.68    -19.22    -17.93    -16.30    -15.10    -14.32    -13.87    -13.35    -12.67    -11.90    -11.29
    -10.57     -9.76     -8.78     -7.54     -6.09     -4.36     -2.49     -0.67      0.81      1.69      1.89      1.33      0.00
      0.00      0.00      0.00      0.00      0.00      0.00      0.00      0.00      0.00      0.00      0.00      0.00      0.00
      0.00      0.00      0.00      0.00      0.00      0.00      0.00      0.00      0.00      0.00      0.00      0.00      0.00
      0.00      0.00      0.00      0.00      0.00      0.00      0.00      0.00      0.00      0.00      0.00      0.00      0.00
      0.00      0.00      0.00      0.00      0.00      0.00      0.00      0.00      0.00      0.00      0.00      0.00      0.00
      0.00      0.00      0.00      0.00      0.00      0.00      0.00      0.00      0.00      0.00      0.00      0.00      0.00
      0.00      0.00      0.00      0.00      0.00      0.00      0.00      0.00      0.00      0.00      0.00      0.00      0.00
      0.00      0.00      0.00      0.00      0.00      0.00      0.00      0.00      0.00      0.00      0.00      0.00      0.00
      0.00      0.00      0.00      0.00      0.00      0.00      0.00      0.00      0.00      0.00      0.00      0.00      0.00
      0.00     -0.13     -0.15     -0.07      0.07      0.22      0.35      0.41      0.40      0.31      0.13     -0.15     -0.55
     -1.07     -1.69     -2.40     -3.15     -3.91     -4.64     -5.32     -5.94     -6.53     -7.12     -7.73     -8.38     -9.05
     -9.74    -10.40    -10.98    -11.42    -11.65    -11.60    -11.27    -10.69     -9.92     -8.98     -7.92     -6.76     -5.54
     -4.29     -3.02     -1.78     -0.59      0.50      1.42      2.12      2.53      2.63      2.39      1.81      0.97      0.00
      0.00      0.61      1.35      2.11      2.75      3.18      3.39      3.36      3.12      2.65      1.99      1.22      0.38
     -0.54     -1.60     -2.83     -4.23     -5.77     -7.40     -9.07    -10.75    -12.45    -14.19    -16.06    -18.12    -20.36
    -22.71    -25.00    -27.03    -28.63    -29.69    -30.11    -29.86    -28.94    -27.46    -25.55    -23.31    -20.82    -18.12
    -15.24    -12.22     -9.12     -6.10     -3.32     -0.93      0.94      2.18      2.79      2.82      2.29      1.28      0.00
      0.00      1.92      3.73      5.06      5.84      6.16      6.09      5.62      4.73      3.49      2.11      0.75     -0.60
     -2.00     -3.53     -5.24     -7.15     -9.29    -11.67    -14.28    -17.09    -20.06    -23.22    -26.63    -30.31    -34.25
    -38.30    -42.38    -46.53    -50.74    -54.71    -58.02    -60.21    -60.94    -60.21    -58.16    -54.92    -50.63    -45.50
    -39.75    -33.64    -27.28    -20.95    -15.04     -9.81     -5.37     -1.78      0.87      2.42      2.62      1.52      0.00
      0.00      1.08      1.98      2.58      2.88      2.79      2.25      1.29     -0.03     -1.64     -3.47     -5.50     -7.69
     -9.97    -12.25    -14.49    -16.73    -19.06    -21.61    -24.46    -27.64    -31.08    -34.76    -38.59    -42.45    -46.32
    -50.40    -54.97    -60.22    -66.18    -72.42    -78.23    -82.96    -86.21    -87.84    -87.83    -86.03    -82.18    -76.09
    -68.05    -58.78    -48.78    -38.43    -28.45    -19.40    -11.67     -5.47     -0.89      1.61      2.08      1.22      0.00
      0.00     -0.47     -1.27     -2.48     -4.04     -5.80     -7.60     -9.36    -11.00    -12.54    -14.05    -15.63    -17.40
    -19.37    -21.48    -23.63    -25.81    -28.04    -30.33    -32.72    -35.28    -38.09    -41.22    -44.61    -48.17    -51.81
    -55.60    -59.80    -64.77    -70.76    -77.74    -85.09    -91.78    -96.95   -100.29   -101.68   -100.82    -97.42    -91.11
    -81.65    -69.99    -57.36    -44.17    -31.26    -19.94    -10.86     -4.04      0.71      3.00      2.86      1.46      0.00
      0.00     -3.93     -7.47    -10.50    -13.08    -15.16    -16.56    -17.25    -17.54    -17.90    -18.62    -19.80    -21.46
    -23.45    -25.54    -27.71    -30.00    -32.28    -34.44    -36.55    -38.70    -40.89    -43.08    -45.26    -47.59    -50.36
    -53.82    -57.88    -62.40    -67.42    -72.95    -78.86    -84.77    -90.06    -94.01    -95.96    -95.19    -90.98    -83.22
    -72.44    -59.91    -46.54    -33.13    -21.05    -10.74     -2.35      3.63      6.99      7.90      6.65      3.67      0.00
      0.00     -6.87    -11.07    -13.08    -13.84    -13.67    -12.93    -12.28    -12.27    -13.11    -14.68    -16.70    -19.04
    -21.65    -24.49    -27.31    -29.63    -31.23    -32.73    -34.78    -37.30    -40.01    -42.80    -45.31    -47.03    -48.00
    -49.19    -51.58    -55.46    -60.24    -65.22    -69.94    -74.01    -77.11    -78.88    -78.84    -76.46    -71.21    -63.05
    -52.39    -40.18    -27.95    -16.85     -7.17      1.29      8.41     13.51     15.89     15.02     11.40      6.11      0.00
      0.00     -3.85     -7.44     -9.75     -9.78     -7.98     -5.47     -3.23     -2.18     -2.91     -5.13     -8.07    -11.79
    -16.40    -21.58    -26.19    -29.37    -31.22    -32.35    -33.76    -36.09    -39.34    -43.20    -46.88    -49.33    -50.01
    -49.27    -48.75    -50.07    -53.43    -57.89    -62.38    -65.97    -68.07    -68.36    -66.60    -62.70    -56.46    -47.29
    -35.68    -23.39    -12.05     -2.76      4.65     10.84     16.24     20.48     22.31     20.30     14.84      7.85      0.00
      0.00     -4.02     -7.50     -7.72     -4.36      0.31      4.55      7.40      8.61      8.21      6.26      2.53     -3.13
    -10.04    -17.56    -24.09    -28.56    -31.67    -34.81    -38.05    -40.36    -42.10    -43.67    -45.07    -46.37    -47.32
    -47.59    -47.13    -47.31    -49.58    -53.78    -58.70    -62.90    -65.21    -65.16    -62.98    -58.62    -50.54    -38.91
    -26.00    -13.59     -3.57      3.73      9.50     15.09     20.63     25.26     27.37     25.67     19.92     11.19      0.00
      0.00     -2.61     -3.27     -0.49      4.89     10.58     14.59     16.67     17.20     16.51     14.50     10.88      5.64
     -1.04     -8.44    -15.46    -21.70    -27.80    -33.90    -39.00    -42.09    -42.75    -42.30    -42.36    -43.20    -43.93
    -44.10    -44.40    -45.97    -49.64    -55.20    -61.32    -66.41    -69.22    -69.27    -66.61    -60.02    -49.28    -36.94
    -24.52    -13.20     -4.86      0.66      5.89     11.96     18.02     22.81     25.32     24.82     21.03     13.00      0.00
      0.00      4.37      5.31      4.99      8.13     13.61     18.08     19.97     19.56     18.10     16.26     13.70      9.67
      4.10     -2.38     -9.34    -16.49    -23.49    -29.86    -34.99    -37.78    -38.71    -39.24    -40.25    -41.44    -41.77
    -41.89    -43.87    -48.02    -53.98    -60.85    -67.52    -72.74    -75.55    -75.35    -71.73    -63.79    -53.02    -41.45
    -30.34    -20.94    -14.58    -10.56     -5.99      0.25      6.50     11.23     13.96     14.69     13.59      9.61      0.00
      0.00      8.57     13.59     13.94     13.93     16.67     19.71     20.90     20.11     17.91     15.42     12.48      7.98
      2.31     -4.04    -10.79    -16.94    -21.84    -26.08    -29.66    -32.05    -34.17    -36.61    -38.84    -40.08    -41.26
    -43.64    -48.19    -54.48    -61.65    -68.72    -75.04    -79.80    -82.23    -82.12    -78.29    -70.78    -61.74    -51.94
    -42.24    -34.58    -29.75    -26.39    -21.84    -14.96     -8.08     -3.15     -0.31      1.09      1.54      2.11      0.00
      0.00      9.25     16.75     20.24     20.98     20.98     20.56     19.75     18.93     18.19     16.17     12.06      5.99
     -0.51     -6.82    -12.95    -17.74    -20.41    -22.23    -24.48    -28.25    -33.29    -38.13    -41.26    -44.01    -48.16
    -53.74    -60.03    -66.09    -72.06    -77.87    -83.24    -87.68    -90.67    -91.41    -87.83    -81.45    -74.67    -68.01
    -60.58    -53.59    -48.69    -44.09    -38.70    -32.42    -26.34    -20.96    -16.02    -11.39     -6.75     -2.34      0.00
      0.00      7.19     13.05     17.08     19.08     19.22     18.21     17.47     18.24     18.61     16.44     11.88      5.67
     -0.77     -6.64    -12.29    -16.42    -17.59    -18.47    -21.85    -28.19    -36.38    -43.78    -50.03    -56.58    -64.10
    -71.47    -76.94    -80.38    -83.20    -86.09    -90.08    -95.27   -100.31   -103.17   -101.09    -95.57    -89.67    -84.50
    -80.15    -75.85    -71.82    -67.02    -61.10    -55.32    -50.37    -45.55    -39.83    -32.16    -22.36    -11.32      0.00
      0.00      4.44      8.85     14.07     17.76     19.45     20.50     22.08     23.44     23.24     20.96     16.31      9.65
      2.67     -2.82     -6.29     -8.68    -11.59    -16.34    -24.02    -34.09    -45.29    -57.02    -68.00    -78.02    -86.84
    -93.07    -96.01    -96.84    -96.90    -97.08    -98.86   -103.34   -109.40   -114.16   -114.63   -110.36   -104.18    -98.84
    -95.97    -94.98    -93.44    -89.72    -84.39    -78.99    -73.56    -66.87    -59.22    -49.61    -36.65    -20.37      0.00
      0.00      3.43      9.56     15.47     19.37     21.16     22.65     25.10     27.32     28.06     26.88     23.42     17.68
     11.19      5.80      1.63     -3.68    -11.78    -22.35    -34.77    -49.03    -65.02    -80.89    -94.41   -104.60   -111.12
   -114.21   -115.49   -115.95   -115.58   -114.48   -113.27   -113.51   -116.23   -119.67   -121.63   -120.41   -115.60   -111.39
   -110.30   -111.40   -112.25   -111.05   -107.06   -100.75    -92.87    -83.89    -74.44    -63.72    -49.09    -28.31      0.00
      0.00      3.71      8.12     10.46     11.20     11.93     14.59     17.61     20.40     22.99     24.79     24.74     22.84
     18.70     12.23      3.95     -6.83    -20.29    -35.51    -53.08    -73.63    -94.95   -112.65   -124.61   -131.34   -134.20
   -134.91   -135.28   -135.97   -136.03   -134.00   -129.95   -125.58   -122.55   -121.64   -122.01   -122.65   -122.53   -122.91
   -125.12   -129.45   -134.41   -137.03   -133.68   -125.05   -113.44   -101.27    -90.09    -77.96    -60.59    -35.43      0.00
      0.00     -0.84     -2.64     -5.25     -6.80     -6.49     -3.44      2.31      9.35     15.87     19.65     21.53     22.49
     19.00     10.42     -1.63    -16.02    -32.36    -51.40    -75.60   -104.21   -130.79   -147.15   -153.82   -155.67   -154.95
   -153.13   -150.81   -148.29   -146.08   -143.20   -139.71   -135.78   -130.59   -126.26   -124.05   -124.28   -126.72   -130.99
   -137.13   -145.79   -156.64   -163.61   -158.11   -146.60   -131.36   -116.97   -103.97    -87.60    -64.07    -34.26      0.00
      0.00    -10.30    -20.13    -27.79    -32.24    -32.90    -26.39    -13.40      1.14     12.86     19.46     22.71     22.34
     15.70      3.50    -12.24    -28.96    -46.72    -69.33    -99.59   -135.04   -163.86   -177.36   -179.36   -176.78   -172.39
   -166.99   -160.28   -153.47   -148.23   -144.95   -143.86   -142.92   -139.43   -134.75   -131.39   -129.95   -131.22   -136.01
   -143.60   -153.58   -164.82   -171.36   -166.79   -154.66   -139.84   -125.01   -106.44    -82.98    -56.79    -28.33      0.00
      0.00    -22.40    -38.90    -51.09    -56.53    -54.53    -42.04    -22.58     -2.16     13.15     21.17     23.31     19.61
      9.45     -6.05    -24.46    -42.90    -62.35    -87.93   -122.67   -161.16   -187.85   -199.45   -199.78   -193.96   -186.05
   -177.38   -167.46   -157.89   -150.20   -145.59   -144.34   -144.39   -143.46   -141.18   -138.49   -136.56   -136.57   -139.26
   -144.17   -150.55   -156.93   -159.68   -155.72   -145.37   -131.03   -113.28    -91.11    -66.65    -43.35    -21.11      0.00
      0.00    -35.79    -56.44    -67.96    -72.24    -66.84    -48.39    -22.31      0.60     14.90     20.55     19.38     12.28
     -0.09    -17.20    -36.60    -56.30    -77.48   -105.19   -143.16   -182.98   -205.89   -216.67   -216.01   -205.77   -194.28
   -183.64   -172.32   -160.91   -150.95   -144.08   -140.86   -140.06   -139.76   -139.56   -138.56   -136.74   -135.59   -135.54
   -136.35   -137.52   -138.32   -136.87   -131.07   -120.34   -105.45    -87.09    -66.63    -46.36    -28.66    -13.77      0.00
      0.00    -48.82    -70.09    -76.83    -75.46    -61.87    -38.40    -12.57      6.33     15.15     15.60     10.58      1.86
    -10.54    -27.07    -46.28    -66.89    -89.49   -117.75   -155.49   -194.98   -218.01   -226.67   -221.53   -208.78   -196.21
   -184.83   -173.09   -160.74   -149.11   -139.79   -133.96   -131.28   -130.29   -129.97   -129.13   -127.29   -124.83   -122.05
   -119.32   -116.69   -113.53   -108.66   -101.01    -89.97    -75.72    -59.14    -42.20    -26.74    -14.79     -6.76      0.00
      0.00    -41.84    -63.55    -67.45    -59.49    -41.01    -18.98     -0.35     10.15     11.69      6.92     -0.52     -8.91
    -19.89    -34.89    -53.01    -73.39    -96.41   -123.35   -155.61   -189.09   -211.44   -216.91   -211.91   -202.16   -191.73
   -180.88   -169.16   -156.81   -144.43   -133.26   -125.03   -120.09   -117.38   -115.63   -113.86   -111.28   -107.51   -102.84
    -98.04    -93.28    -88.00    -81.29    -72.28    -60.98    -48.01    -34.33    -21.01     -9.76     -2.62     -0.43      0.00
      0.00    -24.01    -37.77    -39.32    -30.55    -15.71     -1.33      7.95      9.62      4.90     -3.05    -11.12    -18.97
    -28.74    -41.88    -57.91    -76.84    -98.68   -123.16   -149.06   -173.22   -190.21   -196.52   -194.90   -188.51   -180.21
   -170.96   -160.18   -148.18   -135.54   -123.32   -113.25   -106.14   -101.46    -98.13    -95.27    -91.81    -87.30    -82.16
    -76.86    -71.27    -64.76    -56.89    -47.46    -36.72    -25.12    -13.32     -2.46      5.49      8.40      5.32      0.00
      0.00    -10.07    -14.41    -12.39     -4.94      3.72      9.49     10.31      5.44     -3.23    -12.59    -20.96    -28.49
    -36.95    -48.15    -62.23    -79.10    -98.51   -119.42   -140.14   -158.09   -170.63   -176.26   -175.50   -170.48   -163.64
   -155.74   -145.62   -133.33   -120.35   -107.83    -97.12    -89.04    -83.31    -79.00    -75.25    -71.33    -66.88    -62.20
    -57.34    -51.87    -45.25    -37.34    -28.19    -18.00     -7.31      2.92     11.21     16.06     15.75      9.31      0.00
      0.00     -1.08      1.11      5.14     10.15     13.51     13.08      8.06     -0.96    -11.22    -20.61    -28.82    -35.74
    -42.67    -51.60    -63.71    -78.81    -95.96   -113.36   -129.15   -142.46   -151.97   -156.50   -155.96   -151.86   -145.39
   -136.04   -123.34   -110.05    -97.93    -87.18    -77.91    -70.69    -65.12    -60.55    -56.53    -52.71    -49.01    -45.48
    -41.65    -36.77    -30.41    -22.81    -14.12     -4.57      5.06     13.43     19.09     20.97     18.32     10.77      0.00
      0.00      3.47      8.51     12.99     15.83     15.56     11.24      3.31     -7.33    -17.40    -25.50    -32.04    -36.94
    -42.02    -49.13    -59.31    -72.61    -87.61   -101.69   -112.99   -122.50   -129.60   -133.02   -131.68   -126.57   -117.85
   -106.53    -94.14    -82.73    -73.11    -64.49    -57.54    -52.35    -47.87    -44.10    -40.52    -37.12    -34.40    -32.05
    -29.16    -25.00    -19.52    -12.89     -5.21      3.26     11.61     18.55     22.72     23.12     19.17     11.08      0.00
      0.00      4.89      9.75     13.11     14.18     12.15      6.93     -1.21    -11.26    -19.50    -25.17    -29.17    -31.09
    -33.25    -37.97    -46.14    -57.00    -68.66    -79.19    -86.79    -92.27    -96.43    -98.22    -95.90    -89.67    -81.68
    -72.72    -64.23    -56.56    -49.37    -43.40    -38.90    -35.05    -31.96    -29.33    -26.53    -24.05    -22.22    -20.90
    -19.02    -16.04    -12.23     -7.59     -1.81      4.90     11.74     17.69     21.20     21.17     17.43     10.14      0.00
      0.00      3.62      6.30      7.66      7.45      5.79      2.63     -2.63     -9.57    -14.75    -17.36    -18.92    -18.93
    -18.97    -20.82    -24.95    -31.18    -38.20    -45.00    -49.09    -50.95    -52.17    -52.17    -50.26    -46.53    -42.27
    -37.93    -33.83    -30.05    -26.68    -23.82    -21.06    -18.63    -16.92    -15.56    -14.17    -12.68    -11.44    -11.03
    -10.26     -8.78     -7.12     -5.03     -1.81      2.38      6.58     10.17     12.43     12.64     10.65      6.40      0.00
      0.00      0.00      0.00      0.00      0.00      0.00      0.00      0.00      0.00      0.00      0.00      0.00      0.00
      0.00      0.00      0.00      0.00      0.00      0.00      0.00      0.00      0.00      0.00      0.00      0.00      0.00
      0.00      0.00      0.00      0.00      0.00      0.00      0.00      0.00      0.00      0.00      0.00      0.00      0.00
      0.00      0.00      0.00      0.00      0.00      0.00      0.00      0.00      0.00      0.00      0.00      0.00      0.00
      0.00      0.00      0.00      0.00      0.00      0.00      0.00      0.00      0.00      0.00      0.00      0.00      0.00
      0.00      0.00      0.00      0.00      0.00      0.00      0.00      0.00      0.00      0.00      0.00      0.00      0.00
      0.00      0.00      0.00      0.00      0.00      0.00      0.00      0.00      0.00      0.00      0.00      0.00      0.00
      0.00      0.00      0.00      0.00      0.00      0.00      0.00      0.00      0.00      0.00      0.00      0.00      0.00
      0.00     -0.53     -0.42      0.20      1.12      2.14      3.08      3.81      4.34      4.75      5.06      5.14      4.92
      4.35      3.46      2.28      0.95     -0.29     -1.29     -1.95     -2.27     -2.46     -2.76     -3.31     -4.11     -5.08
     -6.21     -7.57     -9.13    -10.59    -11.45    -11.32    -10.31     -8.84     -7.21     -5.44     -3.50     -1.57      0.25
      1.96      3.65      5.42      7.24      8.94     10.29     11.15     11.37     10.87      9.65      7.54      4.38      0.00
      0.00      1.62      3.78      5.91      7.80      9.44     10.73     11.54     11.81     11.35     10.38      9.49      8.96
      8.55      7.89      6.75      5.02      2.85      0.46     -1.91     -4.00     -5.73     -7.31     -9.24    -11.88    -15.39
    -19.73    -24.29    -28.13    -30.95    -32.77    -33.29    -32.00    -28.89    -25.02    -21.34    -17.88    -14.59    -11.45
     -8.09     -4.15      0.21      4.29      7.86     10.78     12.69     13.27     12.62     11.16      8.99      5.51      0.00
      0.00      6.30     10.89     13.97     16.11     17.70     18.76     18.88     17.65     15.31     13.04     11.67     10.93
     10.19      9.08      7.61      5.80      3.58      0.69     -3.00     -7.12    -11.21    -15.24    -19.63    -24.96    -31.38
    -37.83    -43.37    -49.06    -56.07    -63.67    -70.39    -74.65    -75.32    -72.83    -68.42    -62.49    -55.29    -47.58
    -39.76    -31.84    -23.06    -14.55     -7.59     -1.60      3.44      7.25     10.00     11.45     10.73      6.95      0.00
      0.00      4.03      7.04      9.64     11.97     13.43     13.73     13.13     11.79      9.82      7.51      4.84      1.79
     -1.43     -4.43     -6.94     -9.09    -11.11    -13.56    -16.95    -21.12    -25.74    -30.87    -36.32    -41.26    -45.38
    -49.43    -54.43    -61.32    -70.73    -82.02    -93.09   -101.55   -106.96   -109.86   -110.47   -108.37   -102.64    -92.81
    -80.11    -66.65    -52.68    -38.43    -25.68    -14.45     -4.49      3.78      9.40     10.97      8.94      4.98      0.00
      0.00      3.03      3.70      3.03      1.28     -1.12     -3.74     -6.25     -8.21     -9.64    -10.70    -11.73    -13.19
    -15.25    -17.59    -19.69    -21.67    -23.74    -25.90    -27.90    -29.99    -32.62    -36.16    -40.53    -45.17    -49.44
    -53.16    -57.04    -62.26    -70.02    -81.35    -95.00   -107.80   -117.38   -123.80   -127.58   -128.23   -124.50   -114.86
    -98.54    -79.36    -60.74    -40.99    -22.37     -7.67      3.09     10.73     15.79     16.50     12.59      6.52      0.00
      0.00     -4.96     -9.42    -13.38    -17.00    -19.95    -21.07    -20.05    -17.97    -16.28    -15.51    -15.70    -17.24
    -19.27    -20.83    -22.48    -24.88    -27.32    -29.04    -30.62    -32.21    -33.86    -35.12    -35.77    -36.32    -38.23
    -43.11    -49.33    -55.64    -62.42    -70.02    -79.10    -89.51   -100.06   -109.14   -115.32   -116.72   -111.18    -98.33
    -79.54    -59.33    -38.60    -17.85     -2.14      9.69     19.69     26.09     27.57     25.86     21.30     12.60      0.00
      0.00    -12.80    -17.10    -17.93    -17.21    -14.45     -9.92     -6.00     -4.32     -4.90     -6.83     -8.91    -10.95
    -13.19    -16.18    -19.61    -21.41    -20.00    -18.42    -20.31    -23.62    -26.82    -30.70    -34.47    -35.66    -32.42
    -28.45    -29.82    -37.24    -46.91    -56.41    -65.08    -72.42    -78.44    -82.87    -84.94    -83.12    -75.55    -62.48
    -44.72    -24.33     -5.94      6.79     16.44     26.07     35.37     41.53     41.88     36.78     28.38     16.55      0.00
      0.00     -3.82     -8.76    -12.54    -11.04     -5.36      1.73      8.92     13.40     13.05      9.68      7.09      3.71
     -2.05    -10.26    -17.26    -19.82    -18.44    -14.76    -12.48    -14.47    -19.86    -27.61    -35.37    -39.76    -39.41
    -33.85    -26.77    -25.62    -31.73    -41.24    -51.41    -59.66    -64.62    -66.19    -63.97    -58.98    -51.46    -36.48
    -16.01      3.66     19.55     29.04     33.86     38.42     44.03     48.68     49.35     43.64     32.15     18.68      0.00
      0.00     -5.57    -11.85    -10.81     -1.78      9.07     19.01     25.07     28.32     29.87     29.97     26.82     18.08
      7.87     -4.22    -13.94    -17.98    -18.61    -21.44    -25.79    -26.97    -27.69    -28.38    -28.33    -29.15    -30.42
    -30.76    -27.06    -22.07    -23.22    -30.67    -41.87    -52.91    -59.35    -59.46    -57.01    -54.33    -40.93    -18.98
      2.00     20.90     33.28     37.22     39.34     44.74     51.85     57.55     58.53     53.30     42.01     26.05      0.00
      0.00     -3.94     -3.73      3.44     15.83     28.36     35.88     39.32     41.35     42.56     41.91     38.36     32.89
     24.58     14.52      5.72     -1.02     -9.28    -19.27    -26.96    -30.38    -27.88    -22.50    -19.85    -21.30    -22.21
    -20.65    -18.23    -17.52    -21.45    -31.29    -44.53    -56.98    -64.56    -66.00    -64.18    -53.36    -32.26    -12.68
      5.73     22.47     30.72     30.51     33.55     41.92     50.13     54.73     55.66     52.20     44.69     29.98      0.00
      0.00     12.21     12.63     10.42     17.49     30.07     40.14     43.90     43.24     42.40     42.59     42.91     40.49
     34.50     27.66     20.04      9.95     -0.72    -10.12    -17.49    -19.02    -16.58    -14.47    -15.18    -17.34    -15.49
    -10.89    -11.82    -17.83    -27.33    -39.57    -52.62    -64.06    -71.45    -72.98    -68.16    -53.12    -34.17    -16.66
     -0.64     12.08     16.77     13.95     15.89     24.28     31.88     35.69     36.36     34.04     30.16     23.00      0.00
      0.00     19.88     28.46     26.72     25.79     33.28     41.81     45.41     45.00     42.15     40.80     40.36     36.18
     30.08     22.90     14.11      6.46      2.28     -1.26     -4.05     -3.11     -2.89     -5.95     -9.37     -7.58     -5.13
     -6.11    -13.29    -24.65    -37.36    -49.74    -61.34    -70.98    -76.24    -78.32    -72.31    -58.09    -44.52    -29.87
    -14.49     -5.42     -4.44     -7.77     -5.49      4.40     13.12     16.52     15.96     13.30      9.08      7.76      0.00
      0.00     20.52     34.12     40.21     40.97     41.67     42.00     41.93     42.61     45.70     46.54     42.29     33.65
     25.83     19.15     11.99      7.46      8.08     11.50     13.91     10.70      1.49     -6.82     -6.85     -4.47     -7.75
    -18.36    -31.17    -41.44    -51.36    -61.19    -70.30    -78.15    -84.50    -88.48    -81.02    -69.06    -60.89    -54.81
    -43.79    -32.83    -31.11    -28.57    -23.84    -16.92    -11.26     -7.21     -3.79     -1.47      0.85      2.94      0.00
      0.00     15.42     25.20     32.48     36.80     38.02     37.00     37.11     42.41     47.56     46.36     41.46     34.29
     27.59     22.57     16.41     13.36     19.02     27.27     28.60     19.26      2.69     -8.12    -13.58    -19.93    -32.51
    -48.27    -58.42    -61.89    -64.61    -66.56    -71.85    -82.38    -94.50   -103.15    -98.90    -87.73    -80.15    -75.51
    -72.99    -68.42    -65.30    -60.94    -54.00    -48.53    -45.93    -43.83    -40.27    -33.42    -23.06    -11.29      0.00
      0.00      9.80     17.59     28.56     36.62     40.95     45.03     51.84     57.92     59.93     58.64     53.39     44.09
     35.21     31.23     33.38     37.73     39.47     39.11     30.73     17.77      3.33    -16.71    -35.44    -52.26    -70.27
    -82.59    -85.59    -83.64    -80.70    -76.84    -76.99    -87.02   -102.70   -115.57   -118.53   -110.35    -99.11    -90.91
    -89.64    -93.71    -95.21    -91.33    -85.36    -81.55    -78.89    -72.93    -66.52    -58.17    -44.62    -26.22      0.00
      0.00      8.79     23.48     37.93     47.32     51.04     55.20     64.26     72.83     77.55     78.23     73.50     63.86
     55.93     53.54     56.57     55.56     44.38     30.25     17.05      2.94    -19.93    -49.53    -75.77    -95.78   -107.28
   -109.40   -109.00   -109.19   -108.07   -105.53   -101.92   -101.28   -108.23   -116.78   -123.28   -124.25   -114.28   -105.63
   -106.63   -112.74   -117.43   -118.38   -115.50   -109.79   -102.31    -93.61    -85.64    -77.77    -63.68    -39.54      0.00
      0.00     12.81     26.15     32.56     34.58     36.85     46.61     52.64     57.11     63.90     71.96     75.74     78.30
     79.27     74.42     66.51     52.72     31.55     11.81     -6.36    -33.22    -68.53   -101.02   -123.84   -134.91   -137.59
   -135.98   -136.64   -140.86   -143.70   -140.49   -131.40   -120.93   -112.77   -110.29   -112.54   -118.12   -121.74   -124.47
   -129.50   -138.66   -149.58   -157.93   -156.35   -145.69   -131.17   -116.93   -108.00    -98.76    -79.67    -50.77      0.00
      0.00      6.21      7.79      6.47      7.41     10.00     15.30     25.27     39.00     53.58     61.48     68.54     81.08
     83.39     72.63     57.61     38.47     18.18     -1.93    -33.38    -80.22   -129.44   -157.57   -164.71   -165.70   -163.43
   -161.76   -159.47   -155.36   -152.36   -147.38   -142.11   -136.86   -125.06   -113.25   -107.66   -111.06   -121.63   -133.96
   -146.82   -163.22   -186.32   -202.38   -192.59   -177.10   -155.27   -139.71   -129.75   -111.95    -83.20    -46.41      0.00
      0.00     -9.56    -19.77    -28.03    -32.44    -34.09    -22.14      3.77     33.51     57.81     70.11     81.29     89.61
     81.27     61.68     36.81     16.69      4.21    -18.20    -62.13   -124.48   -180.77   -201.11   -198.89   -192.67   -186.05
   -180.23   -168.29   -153.04   -142.79   -139.01   -143.96   -148.50   -143.92   -134.33   -128.63   -125.68   -127.93   -140.32
   -156.57   -175.65   -197.65   -210.83   -204.62   -187.11   -169.85   -155.82   -133.09   -102.46    -70.98    -34.72      0.00
      0.00    -29.40    -47.12    -63.03    -67.92    -63.34    -40.11     -4.75     37.70     70.53     86.46     93.73     91.50
     75.44     46.98     15.61     -4.97    -16.06    -42.72    -95.09   -165.82   -214.07   -229.52   -227.84   -218.02   -206.25
   -194.26   -176.80   -159.38   -146.34   -140.47   -143.30   -148.34   -151.02   -150.45   -147.67   -145.46   -146.70   -152.84
   -161.99   -172.40   -182.92   -188.30   -185.36   -173.48   -156.74   -133.58   -103.61    -70.36    -44.00    -20.69      0.00
      0.00    -51.24    -71.63    -83.62    -88.08    -78.23    -45.48      7.44     58.34     85.31     91.24     88.87     76.33
     55.40     25.18     -5.73    -28.62    -42.73    -70.10   -133.86   -206.53   -240.57   -256.37   -254.66   -235.62   -216.69
   -203.20   -186.12   -166.46   -149.05   -138.31   -135.85   -139.11   -142.42   -148.04   -151.16   -149.42   -149.14   -150.12
   -150.77   -150.81   -151.84   -151.59   -145.05   -131.30   -110.86    -85.23    -59.50    -33.15    -13.67     -5.35      0.00
      0.00    -71.75    -92.31    -94.58    -90.07    -63.71    -21.32     31.68     69.82     85.21     78.70     65.75     51.39
     34.17      8.25    -21.26    -48.96    -71.73   -100.09   -164.63   -233.62   -267.11   -277.29   -263.44   -238.14   -218.65
   -204.65   -189.15   -169.36   -149.11   -132.15   -123.80   -124.12   -127.87   -132.82   -135.66   -135.61   -132.16   -125.81
   -120.02   -116.23   -112.49   -107.13    -97.20    -82.91    -63.87    -42.05    -18.92      2.53     13.40     10.32      0.00
      0.00    -57.53    -80.30    -77.42    -57.04    -17.17     22.10     52.16     71.45     68.99     52.10     35.95     29.82
     20.52     -2.48    -30.43    -59.10    -90.51   -126.05   -174.80   -231.62   -265.10   -264.18   -248.02   -229.99   -215.66
   -201.51   -187.04   -170.20   -149.74   -128.26   -115.04   -111.08   -111.69   -112.57   -113.62   -112.40   -105.46    -95.22
    -87.24    -82.36    -77.59    -69.87    -56.82    -39.91    -21.53     -5.23     12.17     27.49     34.33     24.89      0.00
      0.00    -17.72    -25.45    -20.96      0.23     28.87     55.79     65.42     63.17     45.08     24.64     13.86     12.77
      4.22    -16.16    -37.51    -62.67    -95.85   -135.15   -175.32   -210.94   -233.83   -236.45   -227.91   -213.56   -200.24
   -189.31   -177.80   -165.04   -146.30   -123.05   -104.83    -94.42    -89.94    -88.08    -87.66    -83.74    -75.49    -67.18
    -61.02    -55.63    -47.36    -35.51    -21.35     -5.35      9.80     26.35     44.24     57.78     59.46     41.52      0.00
      0.00     11.10     22.32     33.70     48.02     61.67     68.95     63.15     46.70     22.28      2.11     -7.72     -9.48
    -15.72    -32.13    -51.73    -74.20   -102.71   -135.97   -169.93   -196.19   -211.31   -214.31   -204.35   -188.18   -177.77
   -171.89   -161.29   -148.34   -127.55   -104.19    -83.06    -69.48    -63.50    -60.59    -57.49    -51.67    -43.39    -37.98
    -35.54    -31.81    -23.56    -10.67      3.41     18.62     35.10     52.50     66.05     73.92     70.94     48.35      0.00
      0.00     31.16     51.82     66.85     75.61     77.66     71.91     53.47     26.66      1.52    -15.87    -28.21    -33.40
    -37.22    -46.36    -63.17    -84.96   -111.20   -138.92   -163.19   -182.04   -193.58   -196.45   -188.61   -177.67   -168.15
   -152.05   -127.07   -104.95    -88.60    -74.06    -58.57    -47.41    -41.36    -35.71    -30.54    -23.84    -18.75    -18.66
    -21.07    -19.11     -8.44      6.04     20.13     36.67     54.05     67.31     73.49     71.56     61.34     38.30      0.00
      0.00     38.10     65.09     80.69     85.50     78.18     62.30     37.72      6.44    -16.98    -30.45    -39.81    -42.30
    -45.49    -53.45    -67.27    -88.51   -114.92   -137.18   -152.59   -166.39   -176.76   -180.05   -172.36   -157.49   -131.41
   -100.41    -78.91    -63.67    -52.69    -38.85    -31.23    -28.59    -22.90    -18.37    -12.20     -5.39     -4.24     -7.45
    -11.16     -7.96      2.00     15.83     30.93     46.88     62.88     75.33     79.66     75.03     60.29     35.33      0.00
      0.00     39.31     65.40     78.11     75.44     62.95     45.23     19.58    -10.83    -30.29    -39.61    -41.81    -34.08
    -30.95    -37.74    -54.43    -77.21    -98.76   -115.30   -126.44   -134.25   -140.00   -140.50   -128.02   -100.70    -75.60
    -53.88    -40.74    -31.36    -23.77    -14.14    -10.86    -10.17     -7.25     -4.74      1.23      6.08      4.69     -1.27
     -4.94     -1.37      5.82     16.22     29.31     43.68     58.88     73.49     81.91     78.56     63.15     38.76      0.00
      0.00     31.69     47.37     52.11     46.22     34.38     22.61      3.98    -19.83    -31.45    -32.99    -31.36    -23.37
    -16.04    -15.88    -25.51    -44.29    -60.42    -74.25    -80.77    -77.90    -75.23    -70.19    -59.25    -42.09    -29.49
    -18.89    -14.89    -11.01     -8.25     -5.14     -2.34     -0.11     -0.30      0.54      2.77      5.83      6.31      0.52
     -3.60     -1.85      0.16      1.19      7.24     21.16     36.03     47.29     53.81     52.40     42.06     26.42      0.00
      0.00      0.00      0.00      0.00      0.00      0.00      0.00      0.00      0.00      0.00      0.00      0.00      0.00
      0.00      0.00      0.00      0.00      0.00      0.00      0.00      0.00      0.00      0.00      0.00      0.00      0.00
      0.00      0.00      0.00      0.00      0.00      0.00      0.00      0.00      0.00      0.00      0.00      0.00      0.00
      0.00      0.00      0.00      0.00      0.00      0.00      0.00      0.00      0.00      0.00      0.00      0.00      0.00
      0.00      0.00      0.00      0.00      0.00      0.00      0.00      0.00      0.00      0.00      0.00      0.00      0.00
      0.00      0.00      0.00      0.00      0.00      0.00      0.00      0.00      0.00      0.00      0.00      0.00      0.00
      0.00      0.00      0.00      0.00      0.00      0.00      0.00      0.00      0.00      0.00      0.00      0.00      0.00
      0.00      0.00      0.00      0.00      0.00      0.00      0.00      0.00      0.00      0.00      0.00      0.00      0.00
      0.00     -1.93     -2.61     -2.39     -1.78     -0.95     -0.04      0.86      1.70      2.32      2.58      2.46      2.09
      1.47      0.38     -1.24     -3.31     -5.39     -7.06     -8.16     -8.83     -9.30     -9.76    -10.36    -11.22    -12.44
    -14.13    -16.28    -18.45    -19.83    -19.73    -18.37    -16.62    -14.56    -11.89     -8.69     -5.20     -1.87      1.05
      3.64      6.19      8.66     10.86     12.77     14.15     15.08     15.61     15.31     13.99     11.38      7.02      0.00
      0.00      1.75      4.89      7.62      9.34     10.07      9.66      8.48      7.20      6.53      6.64      6.81      6.59
      5.96      4.84      2.84     -0.48     -4.71     -9.04    -12.72    -15.44    -17.52    -19.28    -20.96    -23.23    -26.87
    -31.72    -36.58    -40.23    -43.03    -45.84    -47.98    -48.33    -46.56    -42.85    -37.65    -31.66    -25.33    -19.10
    -12.97     -6.95     -1.64      2.74      6.56      9.91     12.18     12.90     12.20     10.79      8.73      5.37      0.00
      0.00      9.00     12.91     14.07     15.25     16.69     17.27     16.56     15.02     13.23     11.45      9.71      8.10
      6.19      3.42     -0.12     -4.14     -8.47    -13.14    -18.08    -22.95    -27.31    -30.96    -34.85    -39.65    -44.69
    -49.87    -55.25    -61.81    -70.62    -80.97    -89.78    -94.52    -95.19    -92.63    -87.78    -81.21    -73.01    -63.25
    -52.29    -41.05    -30.13    -20.42    -13.37     -8.22     -3.41      1.13      5.28      8.64      9.96      7.32      0.00
      0.00      1.70      2.40      4.42      7.38     10.03     11.63     12.05     10.73      7.03      1.76     -3.83     -9.38
    -14.78    -19.59    -23.57    -26.79    -29.39    -32.02    -35.42    -39.37    -43.30    -47.53    -52.17    -56.20    -58.63
    -60.61    -64.74    -72.22    -83.53    -98.32   -112.22   -122.05   -128.48   -132.01   -132.12   -128.32   -120.22   -107.91
    -93.61    -80.56    -67.19    -50.74    -34.73    -21.55     -9.62      0.73      8.36     13.42     15.16     11.46      0.00
      0.00      0.60     -0.80     -2.67     -5.08     -8.10    -11.37    -14.46    -17.37    -19.83    -21.60    -22.85    -24.17
    -26.12    -28.51    -30.70    -32.95    -35.36    -37.49    -39.65    -42.30    -45.59    -49.44    -53.75    -58.36    -63.38
    -67.78    -70.63    -73.85    -80.59    -92.80   -108.79   -124.13   -136.11   -144.32   -148.72   -148.49   -142.35   -129.69
   -110.42    -90.20    -70.91    -47.26    -24.09     -7.39      3.25      9.61     14.06     17.23     18.34     14.30      0.00
      0.00     -9.15    -15.99    -21.57    -25.37    -28.24    -28.51    -26.07    -22.55    -19.73    -17.93    -17.79    -19.59
    -21.49    -22.71    -25.58    -29.94    -33.63    -36.32    -38.42    -39.88    -41.18    -42.24    -42.88    -43.40    -45.84
    -51.83    -60.38    -68.89    -76.09    -82.92    -91.26   -102.53   -115.44   -127.12   -134.24   -133.34   -123.61   -107.80
    -88.25    -66.38    -41.23    -17.31     -0.32     13.11     23.68     30.31     32.92     32.85     30.37     23.19      0.00
      0.00    -17.80    -22.92    -24.22    -22.33    -17.99    -12.18     -8.50     -7.90     -8.25     -9.37    -11.31    -14.45
    -17.91    -21.41    -27.48    -32.94    -31.19    -27.31    -25.96    -27.27    -28.87    -31.22    -36.06    -40.57    -39.40
    -34.60    -33.15    -39.01    -50.94    -66.29    -80.10    -88.76    -95.14   -100.93   -102.77    -98.14    -87.41    -71.25
    -48.60    -23.94     -3.36     10.74     20.48     29.60     39.16     47.97     51.01     47.03     39.72     26.38      0.00
      0.00     -7.66    -14.22    -17.34    -16.09     -9.24     -0.90      6.21     10.35      8.01      4.33      5.07      4.19
     -3.32    -16.50    -30.43    -35.66    -29.35    -22.07    -18.29    -16.73    -18.15    -23.14    -31.85    -39.58    -41.03
    -37.03    -29.00    -24.09    -27.27    -39.74    -60.30    -77.35    -84.54    -85.88    -83.68    -76.38    -62.59    -39.26
    -13.40      7.60     23.25     30.95     34.49     39.48     46.34     52.56     54.18     49.81     41.27     27.73      0.00
      0.00    -11.40    -17.17    -16.51     -8.07      2.93     13.08     21.09     23.18     22.41     22.15     18.11     12.79
      3.37    -12.64    -25.11    -28.41    -23.76    -22.93    -27.98    -26.29    -27.83    -31.40    -31.03    -27.21    -26.09
    -27.64    -25.57    -21.71    -22.22    -30.08    -47.98    -69.40    -81.68    -83.48    -79.40    -67.79    -45.25    -18.44
      8.05     31.40     41.64     38.80     38.37     49.48     61.85     67.61     68.62     62.96     50.13     33.33      0.00
      0.00    -10.02    -11.55     -3.50      9.77     23.59     30.71     32.96     34.81     36.07     35.33     32.50     26.62
     18.31     10.48      5.87      0.81     -7.57    -18.21    -25.28    -29.12    -27.61    -20.13    -13.43    -13.03    -16.02
    -15.53    -13.50    -13.42    -20.38    -33.81    -54.30    -75.25    -88.48    -90.60    -80.62    -60.31    -36.26    -14.04
      9.05     29.60     37.00     31.75     32.97     45.68     57.92     62.04     62.16     58.66     51.00     37.63      0.00
      0.00     11.39      5.76      2.90     11.75     25.26     34.29     38.22     40.24     42.14     43.48     42.32     37.91
     33.75     30.71     25.09     14.92      5.95     -2.19    -13.34    -17.38    -11.56     -4.78     -3.86     -8.46    -10.80
     -4.13     -1.09     -8.70    -24.54    -45.77    -67.39    -85.58    -97.10    -95.57    -81.20    -59.76    -40.36    -22.82
     -0.60     18.69     22.67     12.64     13.14     24.71     31.74     36.19     36.54     33.06     29.72     24.48      0.00
      0.00     35.04     38.85     26.43     21.05     28.71     39.28     46.00     46.99     43.88     42.49     42.38     39.18
     34.16     25.89     17.04     13.96     12.33      5.35      0.70      9.51     16.95     11.07     -2.35     -7.46     -2.27
      0.53     -4.69    -19.25    -40.13    -60.63    -78.33    -94.49   -101.38    -97.81    -84.20    -66.98    -55.96    -39.93
    -16.38      0.74      3.39     -8.36     -9.71      2.74     10.34     13.44     15.27     10.06      4.81      7.18      0.00
      0.00     31.91     43.77     42.79     40.42     42.38     44.98     44.73     44.51     47.29     48.65     46.40     37.51
     28.63     20.17     13.19     11.53     14.63     21.37     31.28     34.57     23.27      7.84     -1.54     -2.77     -4.20
    -15.22    -31.07    -47.88    -63.36    -73.05    -83.41    -99.63   -108.47   -108.12    -94.77    -78.71    -76.30    -74.53
    -57.73    -36.68    -29.37    -29.68    -28.22    -21.55    -15.68    -12.35     -7.91     -5.88     -3.80      0.37      0.00
      0.00     16.27     25.92     30.56     34.05     35.67     33.35     31.33     37.42     44.74     44.30     39.71     32.11
     24.42     18.88     16.06     19.52     32.96     47.85     51.04     39.27     14.26      2.37     -0.65    -10.91    -28.21
    -50.21    -70.85    -79.87    -81.92    -82.07    -85.93   -102.06   -118.50   -125.24   -120.15   -104.22    -97.93    -99.92
    -99.12    -88.63    -80.49    -75.51    -68.30    -62.11    -58.37    -55.66    -51.93    -43.18    -30.00    -16.06      0.00
      0.00      8.76     13.97     25.31     33.30     36.62     39.39     50.40     64.46     68.27     65.08     56.06     40.43
     31.59     34.70     47.76     60.27     63.45     58.95     44.58     20.54      6.68     -2.65    -20.04    -44.67    -75.04
    -99.63   -109.47   -108.16   -105.25   -100.46    -95.94   -106.11   -128.53   -142.03   -147.86   -139.47   -123.75   -115.90
   -116.53   -121.38   -123.56   -118.45   -107.12   -100.22    -96.63    -89.21    -79.87    -68.58    -51.26    -28.74      0.00
      0.00      6.07     23.26     40.16     47.64     51.69     61.36     72.88     82.90     88.84     89.65     84.83     72.12
     61.61     62.71     72.24     77.29     67.51     51.82     25.38      2.18    -13.72    -40.25    -73.68   -106.22   -130.32
   -139.63   -139.98   -139.96   -137.52   -131.54   -125.70   -125.15   -134.29   -145.16   -153.32   -156.35   -145.47   -135.60
   -135.83   -140.52   -148.79   -148.85   -141.74   -132.98   -123.22   -113.16   -103.26    -93.47    -77.52    -49.25      0.00
      0.00     14.69     31.57     34.27     32.50     40.87     53.66     57.71     63.23     77.01     86.96     90.26     90.62
     88.48     78.63     70.65     63.50     49.56     32.29      5.71    -24.23    -62.94   -104.16   -143.59   -167.20   -173.98
   -170.52   -169.13   -172.55   -173.30   -170.78   -164.23   -154.50   -146.61   -143.59   -144.52   -149.76   -153.89   -158.80
   -164.71   -174.54   -187.51   -196.37   -193.76   -179.00   -161.75   -145.53   -133.28   -122.15   -101.21    -66.87      0.00
      0.00      7.08      7.61      9.45     12.35     12.78     18.52     32.31     41.14     56.94     77.04     87.37     95.38
     97.42     80.88     64.23     51.64     31.43     11.49    -14.08    -63.16   -129.94   -183.10   -204.22   -207.22   -203.91
   -200.53   -197.07   -193.19   -190.61   -187.72   -182.81   -178.73   -172.06   -162.38   -155.79   -157.70   -164.40   -176.57
   -191.92   -209.07   -232.25   -255.75   -248.71   -226.47   -201.13   -178.26   -162.58   -139.94   -101.98    -51.92      0.00
      0.00    -13.80    -25.82    -29.25    -23.79    -30.50    -21.43     10.11     42.88     62.30     78.39     92.62     97.08
     88.74     69.50     47.62     24.43      6.35    -11.82    -46.56   -114.37   -202.43   -245.85   -244.42   -239.46   -233.33
   -226.78   -215.26   -201.34   -192.99   -190.71   -192.64   -196.04   -197.62   -194.82   -189.50   -186.43   -186.94   -194.24
   -209.12   -228.85   -249.22   -264.29   -258.02   -235.83   -212.98   -194.51   -164.83   -123.27    -84.30    -39.17      0.00
      0.00    -33.47    -52.41    -68.35    -67.78    -62.94    -36.97     -2.22     39.03     76.34     98.58    109.18     98.00
     75.84     47.14     16.82     -8.99    -24.29    -41.88    -93.67   -181.09   -259.76   -281.51   -281.37   -274.93   -262.59
   -251.37   -232.50   -212.96   -199.42   -192.41   -195.45   -203.13   -210.26   -213.77   -212.32   -208.27   -206.90   -211.81
   -219.37   -226.26   -232.22   -235.81   -229.70   -212.86   -191.34   -162.20   -124.56    -87.55    -58.40    -30.58      0.00
      0.00    -60.26    -68.50    -82.44    -88.62    -81.62    -47.00     10.63     62.28     92.61    103.16     97.32     79.77
     52.87     16.32    -19.42    -45.34    -59.74    -83.55   -152.92   -248.36   -300.43   -321.99   -324.31   -305.05   -287.03
   -270.39   -249.21   -224.69   -203.33   -190.38   -188.95   -196.72   -204.55   -210.15   -216.20   -217.27   -214.53   -211.63
   -208.31   -203.29   -198.76   -194.75   -184.25   -166.59   -143.65   -116.04    -88.84    -58.50    -27.81     -9.57      0.00
      0.00    -76.27    -91.81    -92.03    -89.15    -64.54    -20.89     32.10     75.47     93.36     84.53     68.64     52.20
     29.32     -3.82    -40.92    -76.40   -103.96   -135.59   -206.37   -296.46   -343.98   -360.56   -346.79   -320.61   -301.10
   -282.89   -262.80   -238.19   -213.68   -194.75   -185.74   -186.91   -190.74   -195.55   -203.65   -208.99   -204.65   -191.19
   -178.15   -170.52   -163.54   -154.05   -141.56   -125.82   -105.00    -80.00    -49.49    -19.83      3.51      9.60      0.00
      0.00    -36.31    -55.93    -59.44    -45.76     -6.68     31.23     62.39     84.40     79.81     54.35     36.76     29.79
     13.66    -13.65    -46.69    -84.65   -129.98   -176.99   -235.12   -310.96   -359.00   -366.08   -354.08   -333.67   -314.17
   -295.95   -274.56   -253.25   -231.50   -208.46   -193.79   -186.59   -185.31   -189.02   -192.37   -190.98   -181.74   -166.03
   -150.18   -139.20   -130.03   -118.72   -104.57    -86.58    -61.23    -33.65     -8.39     13.14     29.74     28.53      0.00
      0.00     31.97     47.37     30.36     27.71     50.75     68.89     85.84     83.55     54.24     25.13     13.41     12.85
     -0.77    -25.86    -49.09    -83.68   -134.23   -193.55   -250.92   -302.33   -337.58   -358.29   -360.76   -346.80   -327.19
   -308.85   -288.75   -268.03   -242.79   -211.88   -187.42   -173.80   -170.18   -169.53   -164.61   -155.18   -145.05   -130.37
   -113.75   -103.02    -94.32    -83.07    -66.83    -44.02    -19.57      8.38     32.43     47.87     54.88     44.26      0.00
      0.00     81.61    107.67     89.90     77.70     82.35     92.02     91.78     71.42     31.56     -1.61    -16.09    -13.96
    -20.42    -42.00    -65.81    -98.59   -139.93   -191.37   -246.64   -293.58   -328.70   -349.83   -356.58   -348.88   -333.64
   -314.83   -290.70   -254.58   -210.53   -174.57   -151.37   -139.29   -136.05   -135.34   -127.45   -114.65   -101.11    -88.29
    -76.93    -69.44    -63.09    -55.36    -42.28    -18.28     14.88     46.07     65.62     75.15     70.52     44.82      0.00
      0.00    102.24    128.47    122.65    109.64    106.68    103.74     88.22     57.96     12.00    -24.42    -42.98    -48.07
    -49.47    -61.15    -82.97   -112.17   -150.56   -193.20   -237.07   -281.03   -320.97   -344.61   -347.35   -333.16   -307.48
   -272.79   -235.55   -191.98   -148.88   -119.99   -102.37    -98.84   -100.88   -102.17    -94.44    -83.06    -72.21    -65.20
    -62.10    -57.07    -49.73    -42.65    -26.80      5.00     44.02     71.36     84.89     90.31     76.40     44.17      0.00
      0.00     81.93    119.37    126.17    119.18    115.59    104.26     80.03     48.13     -3.71    -38.27    -54.91    -68.17
    -76.76    -84.26    -96.88   -120.28   -154.25   -196.48   -239.04   -277.24   -300.21   -305.64   -298.13   -271.71   -222.02
   -174.24   -137.58   -110.31    -86.92    -74.39    -67.80    -70.08    -71.67    -71.33    -67.35    -58.16    -51.82    -51.15
    -51.10    -41.77    -30.77    -20.28     -4.01     24.47     61.31     91.15    106.09    108.49     95.14     65.31      0.00
      0.00     66.36     97.39    109.42    110.60    102.56     85.60     67.19     36.02    -15.89    -46.18    -63.98    -75.77
    -82.49    -87.88    -94.42   -116.33   -150.55   -187.13   -218.60   -235.05   -236.96   -225.55   -203.96   -164.45   -107.87
    -64.55    -35.92    -22.93    -22.91    -30.50    -38.19    -41.03    -44.59    -44.19    -42.56    -36.98    -30.53    -30.04
    -26.48    -15.48     -8.78     -5.35      3.20     21.28     50.76     83.00    107.21    115.24    105.04     75.61      0.00
      0.00     43.00     66.68     75.03     72.81     61.18     49.03     41.17      9.72    -24.43    -42.83    -58.67    -68.32
    -68.54    -62.22    -58.62    -81.72   -115.61   -137.94   -144.09   -148.21   -137.36   -116.82    -91.35    -56.96    -29.20
     -1.65     22.39     32.79     24.27      2.45     -9.26    -14.17    -21.79    -22.69    -18.60    -15.63    -11.98    -12.64
     -9.78    -10.29    -17.31    -16.78    -14.66     -5.70     14.20     40.20     60.73     69.39     65.49     49.96      0.00
      0.00      0.00      0.00      0.00      0.00      0.00      0.00      0.00      0.00      0.00      0.00      0.00      0.00
      0.00      0.00      0.00      0.00      0.00      0.00      0.00      0.00      0.00      0.00      0.00      0.00      0.00
      0.00      0.00      0.00      0.00      0.00      0.00      0.00      0.00      0.00      0.00      0.00      0.00      0.00
      0.00      0.00      0.00      0.00      0.00      0.00      0.00      0.00      0.00      0.00      0.00      0.00      0.00
      0.00      0.00      0.00      0.00      0.00      0.00      0.00      0.00      0.00      0.00      0.00      0.00      0.00
      0.00      0.00      0.00      0.00      0.00      0.00      0.00      0.00      0.00      0.00      0.00      0.00      0.00
      0.00      0.00      0.00      0.00      0.00      0.00      0.00      0.00      0.00      0.00      0.00      0.00      0.00
      0.00      0.00      0.00      0.00      0.00      0.00      0.00      0.00      0.00      0.00      0.00      0.00      0.00
      0.00      9.57     18.98     27.03     33.66     39.06     43.47     47.09     50.05     52.47     54.41     55.95     57.12
     57.95     58.49     58.78     58.84     58.73     58.48     58.12     57.67     57.14     56.55     55.91     55.24     54.56
     53.90     53.29     52.76     52.34     52.08     51.99     52.08     52.35     52.77     53.30     53.91     54.52     55.06
     55.46     55.64     55.52     54.99     53.91     52.15     49.52     45.80     40.68     33.80     24.74     13.24      0.00
      0.00     17.48     31.84     42.85     51.14     57.35     61.98     65.41     67.94     69.77     71.03     71.78     72.07
     71.94     71.43     70.57     69.40     67.98     66.38     64.68     62.92     61.11     59.27     57.38     55.44     53.44
     51.43     49.49     47.70     46.15     44.91     44.09     43.81     44.12     45.01     46.44     48.32     50.54     52.96
     55.45     57.83     59.93     61.56     62.55     62.66     61.62     59.05     54.46     47.24     36.51     21.08      0.00
      0.00     23.40     40.41     52.56     61.28     67.45     71.67     74.41     76.04     76.81     76.91     76.47     75.58
     74.29     72.67     70.74     68.55     66.14     63.53     60.75     57.85     54.84     51.74     48.53     45.17     41.69
     38.09     34.34     30.45     26.50     22.77     19.78     17.92     17.32     17.98     19.82     22.72     26.57     31.22
     36.46     41.99     47.45     52.46     56.69     59.82     61.52     61.39     58.86     53.13     42.93     26.24      0.00
      0.00     26.17     44.21     56.49     64.74     70.11     73.39     75.14     75.71     75.35     74.29     72.69     70.69
     68.40     65.95     63.41     60.81     58.14     55.34     52.33     49.13     45.73     42.16     38.42     34.57     30.65
     26.51     21.93     16.78     11.11      5.22     -0.20     -4.49     -7.32     -8.44     -7.65     -4.81      0.09      6.85
     14.96     23.77     32.92     42.17     50.80     58.09     63.57     66.73     66.85     62.85     52.93     33.83      0.00
      0.00     28.08     45.38     56.00     62.48     66.35     68.56     69.65     69.91     69.55     68.68     67.36     65.60
     63.44     61.00     58.35     55.57     52.71     49.79     46.80     43.68     40.39     36.89     33.18     29.24     25.07
     20.70     16.12     11.14      5.50     -0.84     -7.46    -13.53    -18.24    -21.00    -21.35    -18.90    -13.42     -5.01
      5.98     18.54     31.69     44.92     57.12     67.29     74.83     79.21     79.79     75.53     64.34     42.00      0.00
      0.00     27.33     43.14     52.85     59.33     63.84     67.00     69.06     70.08     70.09     69.14     67.32     64.79
     61.80     58.56     55.12     51.64     48.35     45.31     42.44     39.68     36.95     34.17     31.28     28.20     24.77
     20.84     16.37     11.48      6.32      0.98     -4.48     -9.83    -14.43    -17.34    -17.46    -14.02     -6.83      3.62
     16.66     31.38     46.48     60.72     73.24     83.55     91.23     95.67     95.99     90.79     77.53     51.04      0.00
      0.00     27.65     45.38     56.91     64.75     70.19     73.72     75.46     75.57     74.34     72.02     68.80     64.84
     60.34     55.55     50.80     46.78     44.09     42.11     40.11     37.78     35.15     32.19     28.98     25.94     23.45
     21.23     18.57     14.99     10.43      5.16     -0.18     -4.65     -7.56     -8.38     -6.35     -0.85      8.24     20.58
     35.17     50.42     65.10     78.36     89.68     98.86    105.58    109.21    108.54    101.75     86.19     56.51      0.00
      0.00     33.04     51.32     62.91     70.97     76.78     80.73     82.78     82.80     80.87     77.52     73.30     67.97
     61.42     54.15     47.33     42.60     40.27     38.74     36.90     34.61     31.70     28.19     24.41     20.98     18.53
     16.99     15.81     13.94     10.76      6.28      1.01     -3.85     -6.49     -5.87     -1.79      6.09     17.79     32.44
     48.33     63.93     78.07     90.29    100.62    109.09    115.31    118.34    116.75    108.65     91.37     59.71      0.00
      0.00     34.51     54.40     67.53     76.97     83.80     88.35     90.58     90.36     88.03     84.09     78.57     71.74
     63.69     54.93     47.21     41.78     38.07     34.36     30.40     27.14     24.00     21.00     18.63     16.71     14.67
     12.55     10.58      8.34      4.95      0.31     -5.21    -10.57    -13.70    -12.56     -6.70      3.91     18.46     35.11
     52.47     68.55     82.10     93.52    103.68    112.95    120.30    124.15    123.11    115.48     98.16     65.25      0.00
      0.00     36.83     59.13     74.51     85.60     93.21     97.40     98.76     97.85     94.98     90.34     84.13     76.67
     68.44     60.15     52.43     45.20     38.16     31.30     25.27     20.49     17.36     15.44     13.41     10.68      7.61
      4.80      1.93     -1.68     -6.80    -13.20    -20.15    -26.48    -29.76    -27.57    -19.26     -5.98     10.01     27.41
     45.00     60.91     74.23     85.32     95.58    105.39    113.46    118.25    118.38    112.35     97.39     66.87      0.00
      0.00     46.85     69.14     82.61     92.50     99.65    103.50    104.18    102.30     98.47     93.04     86.18     78.25
     69.83     61.38     52.99     44.69     36.68     28.88     21.50     15.88     12.00      8.31      3.88     -0.85     -5.09
     -8.47    -12.35    -17.80    -25.05    -33.29    -41.36    -47.88    -50.33    -46.54    -36.65    -22.80     -7.09      9.81
     27.00     42.53     55.42     66.02     76.36     86.66     94.99    100.49    101.84     97.40     84.97     58.79      0.00
      0.00     62.43     85.66     95.65    101.31    105.69    108.09    107.47    104.02     98.41     91.50     83.58     74.52
     64.89     55.15     46.09     38.42     31.32     23.90     16.85     10.92      4.34     -3.56    -11.65    -18.59    -24.06
    -29.11    -34.93    -42.11    -50.33    -58.50    -65.80    -71.13    -72.13    -67.56    -57.95    -45.31    -31.28    -15.69
      0.77     15.98     28.74     39.75     50.95     62.64     72.17     78.82     82.13     80.26     71.19     50.35      0.00
      0.00     65.91     92.13    103.66    108.97    111.12    110.61    107.67    103.01     96.96     89.12     79.52     68.43
     57.18     46.65     37.42     29.86     23.41     16.94      9.41     -0.27    -12.07    -24.17    -35.09    -44.30    -52.39
    -60.38    -68.27    -75.72    -82.25    -87.23    -91.21    -94.84    -95.81    -92.31    -83.92    -72.80    -61.02    -48.39
    -33.51    -18.08     -4.21      8.65     21.47     34.09     45.06     53.64     59.74     62.22     59.06     44.64      0.00
      0.00     59.89     87.29    101.49    108.42    110.34    108.62    104.96    100.64     94.55     85.58     74.28     61.65
     49.44     38.69     29.42     21.42     14.07      5.24     -6.82    -21.97    -38.83    -54.54    -68.45    -80.81    -92.27
   -102.66   -111.05   -116.34   -118.39   -118.30   -118.23   -119.88   -121.55   -120.31   -114.44   -104.44    -93.23    -81.86
    -70.14    -57.09    -43.91    -30.40    -16.05     -1.93     10.96     22.10     31.08     37.84     40.31     32.60      0.00
      0.00     56.97     85.27    101.37    109.15    111.29    110.04    107.31    102.87     95.66     85.43     72.33     57.51
     43.93     32.97     23.47     13.40      0.87    -14.74    -33.47    -54.68    -75.88    -95.67   -113.36   -129.28   -143.16
   -153.73   -159.77   -160.66   -157.95   -153.51   -149.41   -147.97   -148.82   -148.70   -145.55   -137.37   -125.66   -113.85
   -103.10    -93.48    -83.14    -70.10    -54.38    -38.01    -21.83     -6.14      7.74     19.19     27.42     27.01      0.00
      0.00     58.96     89.23    104.31    110.21    110.79    108.64    104.65     99.13     91.96     82.35     69.98     55.57
     40.55     26.15     11.86     -4.12    -23.17    -45.29    -70.54    -97.83   -124.66   -149.22   -170.88   -188.64   -201.41
   -208.18   -209.09   -206.13   -200.69   -193.79   -186.81   -181.15   -177.56   -174.86   -171.40   -165.54   -156.00   -145.76
   -136.68   -128.51   -120.19   -108.60    -92.75    -73.62    -52.74    -31.89    -12.85      3.42     16.75     22.94      0.00
      0.00     61.04     87.38     97.45     99.64     98.34     95.10     90.66     85.64     80.20     72.76     62.16     48.70
     32.26     13.33     -7.36    -30.40    -56.53    -85.16   -116.98   -151.04   -184.24   -214.02   -237.91   -253.86   -260.71
   -260.28   -256.22   -250.72   -244.10   -236.42   -227.85   -219.14   -211.12   -204.17   -198.02   -192.09   -185.47   -178.81
   -172.53   -166.77   -160.65   -151.14   -134.69   -111.52    -85.01    -58.03    -32.52     -9.13     11.50     23.85      0.00
      0.00     54.04     74.44     80.83     80.42     76.88     73.65     72.11     69.86     66.48     61.03     51.68     37.85
     18.61     -5.37    -32.24    -62.32    -95.75   -131.36   -170.52   -212.44   -253.26   -288.03   -308.97   -316.69   -315.92
   -310.33   -302.01   -292.43   -282.93   -273.77   -265.01   -256.96   -248.99   -240.84   -232.99   -225.77   -219.07   -213.00
   -207.60   -202.91   -198.34   -190.27   -171.20   -143.55   -111.75    -78.88    -45.86    -11.56     22.96     45.45      0.00
      0.00     41.29     55.01     57.60     55.25     51.30     51.06     54.78     57.38     56.45     51.45     41.58     25.31
      1.87    -27.71    -61.83    -99.48   -139.56   -182.77   -229.91   -279.82   -328.47   -362.97   -375.89   -377.47   -372.46
   -363.10   -350.05   -335.15   -320.97   -309.10   -300.07   -293.31   -287.55   -281.37   -274.00   -265.64   -256.84   -248.07
   -239.46   -231.06   -221.75   -208.70   -187.13   -157.60   -123.72    -87.30    -46.57     -2.12     39.78     61.90      0.00
      0.00     27.52     35.18     33.59     30.92     30.47     35.38     42.43     48.48     49.52     44.10     31.64     11.21
    -17.14    -52.80    -94.17   -139.39   -186.92   -237.52   -292.29   -349.97   -401.20   -430.56   -442.27   -442.72   -435.43
   -422.55   -404.35   -383.59   -363.74   -347.43   -336.16   -329.17   -324.64   -320.33   -314.32   -305.83   -295.10   -282.60
   -268.26   -252.40   -234.67   -214.01   -188.33   -156.80   -120.46    -79.79    -35.42      9.65     49.51     67.63      0.00
      0.00     15.63     20.65     18.34     15.58     17.54     27.40     38.64     45.89     45.52     36.84     20.29     -4.37
    -37.45    -78.66   -126.78   -179.49   -234.96   -293.26   -355.97   -420.93   -470.70   -501.01   -515.59   -515.81   -506.33
   -488.21   -462.93   -434.35   -407.23   -385.05   -369.71   -360.78   -355.83   -352.32   -347.86   -340.00   -327.51   -310.90
   -291.23   -269.02   -244.05   -216.31   -185.18   -150.08   -111.32    -69.15    -24.56     19.93     58.76     74.21      0.00
      0.00     15.46     15.92     14.91     15.01     21.43     32.92     43.10     47.51     43.49     30.16      9.24    -18.97
    -55.52   -101.32   -155.70   -216.21   -280.23   -346.66   -416.32   -486.81   -541.02   -577.22   -596.60   -598.83   -585.52
   -557.71   -521.39   -482.75   -446.95   -417.65   -397.08   -385.03   -378.96   -375.18   -370.13   -361.12   -347.21   -328.33
   -305.37   -279.13   -249.78   -217.37   -181.87   -143.33   -101.86    -57.90    -12.37     32.16     70.13     83.62      0.00
      0.00     41.06     36.45     31.65     32.92     39.72     47.00     51.70     50.79     41.80     24.33      0.56    -29.82
    -69.06   -118.66   -178.31   -245.94   -318.67   -393.69   -469.51   -543.89   -608.04   -657.60   -688.10   -693.11   -670.55
   -626.77   -575.04   -524.02   -477.82   -440.03   -413.30   -397.14   -388.62   -382.96   -376.21   -366.16   -351.74   -332.42
   -308.52   -280.47   -248.97   -214.03   -175.69   -134.37    -90.46    -44.72      1.33     45.24     81.67     92.35      0.00
      0.00     64.52     62.82     57.48     56.46     58.42     60.33     59.49     53.54     40.31     20.69     -4.10    -35.44
    -76.40   -128.79   -192.38   -265.64   -345.76   -428.83   -511.53   -591.76   -668.89   -739.14   -784.45   -790.55   -754.34
   -689.13   -617.64   -550.67   -491.25   -443.06   -409.05   -388.44   -377.38   -370.73   -364.17   -354.83   -341.40   -323.47
   -300.48   -272.56   -240.43   -204.40   -164.64   -121.68    -76.54    -30.20     15.64     57.91     90.67     96.37      0.00
      0.00     74.55     77.83     73.81     72.02     71.55     70.10     65.59     56.08     40.61     20.38     -4.50    -35.62
    -76.60   -129.90   -195.83   -272.83   -357.45   -444.97   -533.63   -622.76   -714.55   -804.81   -866.15   -879.31   -824.78
   -729.93   -634.12   -547.72   -474.35   -416.88   -377.71   -355.73   -346.37   -343.33   -339.95   -332.53   -320.43   -303.61
   -281.65   -254.75   -223.06   -186.96   -146.72   -103.03    -57.02    -10.59     33.49     71.51     97.39     95.24      0.00
      0.00     74.21     83.80     82.90     81.66     80.30     77.23     70.98     59.91     43.97     24.21      0.36    -29.06
    -67.84   -119.18   -184.44   -262.15   -347.80   -435.11   -523.38   -616.70   -720.40   -828.13   -905.26   -921.26   -842.35
   -717.92   -602.43   -501.22   -416.35   -352.81   -313.27   -295.46   -294.14   -301.35   -304.76   -297.63   -284.08   -266.81
   -246.59   -222.24   -192.93   -158.36   -118.59    -74.49    -28.28     16.79     56.57     86.60    101.81     90.59      0.00
      0.00     67.60     82.84     86.24     86.70     85.77     82.88     76.68     66.08     51.11     33.01     12.25    -13.05
    -46.58    -91.74   -151.23   -224.22   -303.02   -379.57   -454.89   -540.01   -643.73   -759.73   -843.12   -867.11   -797.22
   -647.41   -506.63   -394.19   -307.44   -245.43   -209.51   -199.93   -212.54   -236.34   -243.24   -228.28   -210.61   -195.15
   -179.49   -161.19   -137.76   -107.17    -70.41    -29.15     13.35     52.75     83.72    100.75    101.72     80.40      0.00
      0.00     54.82     74.63     82.77     86.24     87.30     86.26     82.40     75.12     63.54     48.49     32.25     13.54
     -9.69    -40.62    -83.79   -141.28   -200.36   -248.10   -294.83   -356.52   -440.38   -541.65   -608.36   -644.53   -611.12
   -468.47   -324.96   -219.04   -143.46    -89.99    -61.02    -54.07    -65.73    -88.98    -89.01    -68.60    -57.22    -55.16
    -51.98    -46.09    -35.05    -16.14      9.81     39.42     68.76     92.57    105.61    104.48     91.20     63.56      0.00
      0.00     34.19     53.69     65.33     72.57     76.69     78.69     79.40     79.21     76.69     67.66     54.71     41.78
     32.61     28.39     22.30      5.38    -13.66    -25.89    -38.09    -64.61    -90.03    -86.80    -71.48    -60.89    -80.84
    -97.98    -58.28     -6.20     36.82     69.28     95.00    131.64    170.89    205.41    222.44    206.32    170.54    136.54
    121.66    110.41    101.79    101.49    106.96    112.72    115.27    112.00     99.92     81.34     60.57     36.15      0.00
      0.00      0.00      0.00      0.00      0.00      0.00      0.00      0.00      0.00      0.00      0.00      0.00      0.00
      0.00      0.00      0.00      0.00      0.00      0.00      0.00      0.00      0.00      0.00      0.00      0.00      0.00
      0.00      0.00      0.00      0.00      0.00      0.00      0.00      0.00      0.00      0.00      0.00      0.00      0.00
      0.00      0.00      0.00      0.00      0.00      0.00      0.00      0.00      0.00      0.00      0.00      0.00      0.00
      0.00      0.00      0.00      0.00      0.00      0.00      0.00      0.00      0.00      0.00      0.00      0.00      0.00
      0.00      0.00      0.00      0.00      0.00      0.00      0.00      0.00      0.00      0.00      0.00      0.00      0.00
      0.00      0.00      0.00      0.00      0.00      0.00      0.00      0.00      0.00      0.00      0.00      0.00      0.00
      0.00      0.00      0.00      0.00      0.00      0.00      0.00      0.00      0.00      0.00      0.00      0.00      0.00
      0.00    -88.48   -161.32   -213.13   -247.93   -270.13   -283.33   -290.25   -292.89   -292.65   -290.49   -287.10   -282.97
   -278.46   -273.83   -269.27   -264.91   -260.87   -257.21   -253.95   -251.07   -248.56   -246.46   -244.80   -243.66   -243.06
   -243.05   -243.65   -244.82   -246.49   -248.63   -251.16   -254.06   -257.31   -260.88   -264.68   -268.63   -272.58   -276.43
   -280.02   -283.18   -285.67   -287.13   -286.99   -284.39   -278.05   -266.15   -246.07   -214.11   -165.25    -93.58      0.00
      0.00   -129.12   -205.34   -244.01   -258.56   -257.73   -247.25   -230.85   -211.03   -189.48   -167.30   -145.24   -123.76
   -103.15    -83.62    -65.36    -48.52    -33.23    -19.61     -7.72      2.45     10.92     17.60     22.39     25.26     26.19
     25.17     22.30     17.72     11.48      3.58     -6.00    -17.24    -30.06    -44.32    -59.93    -76.80    -94.79   -113.73
   -133.52   -153.93   -174.57   -194.94   -214.35   -231.82   -246.01   -254.85   -255.03   -241.08   -204.25   -130.63      0.00
      0.00   -131.01   -193.53   -214.21   -209.93   -190.64   -162.51   -129.40    -93.77    -57.27    -20.99     14.32     48.20
     80.38    110.65    138.82    164.67    188.07    208.90    227.08    242.57    255.31    265.23    272.28    276.43    277.65
    275.96    271.38    263.95    253.72    240.72    225.06    206.89    186.39    163.71    139.04    112.51     84.20     54.17
     22.55    -10.41    -44.27    -78.40   -111.98   -144.05   -173.17   -197.13   -212.48   -213.78   -192.09   -131.15      0.00
      0.00   -128.25   -175.30   -176.98   -153.86   -116.97    -72.52    -24.13     25.87     75.86    124.77    171.97    217.09
    259.86    300.02    337.34    371.62    402.71    430.46    454.79    475.60    492.79    506.29    515.98    521.82    523.75
    521.75    515.82    505.99    492.29    474.83    453.76    429.33    401.76    371.33    338.32    302.99    265.57    226.22
    184.97    141.81     96.75     50.04      2.23    -45.85    -92.94   -136.98   -174.38   -198.52   -197.07   -145.96      0.00
      0.00   -113.26   -141.73   -126.09    -86.61    -34.00     25.49     87.99    151.20    213.74    274.71    333.47    389.55
    442.59    492.35    538.70    581.46    620.50    655.64    686.74    713.66    736.24    754.32    767.75    776.39    780.14
    778.91    772.69    761.50    745.39    724.50    699.05    669.34    635.75    598.64    558.45    515.62    470.39    422.82
    372.90    320.47    265.14    206.74    145.20     80.72     14.15    -52.71   -116.34   -169.28   -195.99   -162.05      0.00
      0.00    -97.47   -106.77    -71.97    -14.31     54.69    128.98    205.25    281.45    356.17    428.52    498.01    564.34
    627.33    686.83    742.62    794.54    842.39    885.96    925.00    959.26    988.46   1012.33   1030.65   1043.24   1049.99
   1050.80   1045.63   1034.43   1017.25    994.22    965.57    931.64    892.96    850.15    803.73    754.11    701.57    646.08
    587.41    525.60    460.06    389.74    314.23    233.84    149.52     63.51    -20.58    -95.98   -147.74   -141.11      0.00
      0.00    -87.68    -75.12    -18.52     58.50    144.57    234.03    323.97    412.67    499.14    582.66    662.96    739.90
    813.38    883.35    949.77   1012.46   1070.93   1124.58   1172.96   1215.61   1252.16   1282.31   1305.90   1322.85   1333.06
   1336.41   1332.79   1322.16   1304.57   1280.04   1248.77   1211.18   1167.67   1119.10   1066.30   1009.66    949.36    885.47
    817.77    745.68    668.64    585.99    497.20    402.04    301.59    198.09     95.86      1.60    -72.69    -97.60      0.00
      0.00    -74.90    -39.19     40.14    136.27    238.42    341.90    444.47    545.00    642.92    737.98    829.94    918.44
   1003.41   1085.04   1163.56   1238.68   1309.23   1374.04   1432.22   1483.56   1527.84   1564.84   1594.31   1616.04   1629.90
   1635.70   1633.29   1622.71   1604.05   1577.50   1543.20   1501.53   1453.06   1398.27   1338.17   1273.42   1204.41   1131.18
   1053.53    970.75    881.80    786.41    684.20    574.98    459.32    339.03    218.39    103.62      6.07    -49.63      0.00
      0.00    -39.60     16.78    109.77    217.57    331.49    447.42    562.68    675.95    786.62    894.40    999.11   1100.52
   1198.77   1293.89   1385.90   1473.91   1556.18   1631.60   1699.95   1761.06   1814.35   1859.41   1895.74   1922.84   1940.48
   1948.59   1946.93   1935.59   1914.83   1885.01   1846.50   1799.72   1745.34   1683.62   1615.39   1541.77   1463.13   1379.51
   1290.52   1195.14   1093.24    984.86    868.95    745.36    614.49    477.38    336.56    198.63     74.80    -12.49      0.00
      0.00     -5.20     69.78    176.26    296.29    422.01    549.53    677.18    803.75    928.02   1049.56   1168.25   1284.22
   1397.34   1507.32   1613.54   1714.72   1809.90   1897.99   1978.28   2050.24   2113.54   2167.20   2210.36   2242.62   2263.78
   2273.73   2272.62   2260.25   2236.70   2202.70   2158.95   2105.92   2044.25   1974.37   1897.17   1813.67   1724.19   1628.82
   1526.53   1416.80   1300.49   1177.43   1046.50    908.11    762.28    609.13    450.28    290.51    140.65     22.71      0.00
      0.00     18.35    109.02    229.13    362.51    501.51    642.24    783.07    923.12   1061.60   1197.98   1332.13   1464.10
   1593.55   1719.96   1842.44   1959.88   2070.86   2173.87   2267.80   2352.33   2426.34   2488.46   2538.30   2575.66   2600.16
   2611.81   2611.08   2597.43   2570.73   2532.32   2482.99   2423.01   2352.82   2273.19   2185.37   2090.23   1988.16   1879.00
   1761.68   1636.25   1503.87   1364.49   1216.92   1061.85    900.07    731.88    558.11    382.25    212.06     64.89      0.00
      0.00     30.77    134.55    267.69    414.54    567.65    722.60    877.40   1031.61   1185.11   1337.73   1488.95   1638.40
   1785.97   1931.15   2072.80   2209.50   2339.01   2459.41   2569.45   2667.15   2751.47   2822.07   2879.18   2921.99   2950.25
   2964.19   2963.77   2948.64   2919.08   2876.63   2821.57   2753.82   2673.69   2582.68   2482.36   2373.61   2256.82   2131.56
   1997.27   1854.64   1704.76   1547.73   1382.76   1209.97   1030.55    845.34    655.43    462.99    273.44    102.51      0.00
      0.00     39.90    156.88    302.51    460.66    625.19    792.87    961.80   1131.29   1300.91   1470.30   1639.50   1808.57
   1977.08   2144.06   2307.88   2465.79   2614.96   2753.76   2879.99   2990.81   3086.17   3166.39   3231.19   3280.29   3313.24
   3330.11   3330.66   3314.84   3283.68   3238.06   3177.46   3100.94   3009.16   2904.48   2789.38   2665.30   2532.44   2389.57
   2236.03   2073.76   1904.22   1727.74   1544.03   1353.06   1155.42    951.91    743.82    533.19    324.61    130.63      0.00
      0.00     46.11    174.85    331.57    499.88    674.89    854.42   1037.12   1221.78   1407.74   1595.24   1784.31   1974.57
   2165.77   2356.26   2543.40   2723.65   2893.80   3051.95   3195.36   3321.36   3429.50   3520.76   3594.90   3651.42   3689.98
   3710.33   3712.86   3697.99   3666.44   3617.85   3551.05   3465.17   3361.20   3241.36   3108.94   2966.95   2816.26   2655.28
   2481.64   2297.19   2105.07   1906.21   1701.02   1489.92   1273.25   1051.05    823.98    594.55    367.96    155.71      0.00
      0.00     47.56    184.16    349.36    527.19    712.51    903.02   1097.77   1297.46   1501.74   1709.23   1918.86   2131.21
   2346.26   2561.33   2773.17   2978.05   3171.75   3353.05   3516.40   3658.58   3782.09   3887.60   3973.51   4039.21   4084.84
   4110.58   4116.49   4103.16   4070.38   4016.84   3942.10   3846.43   3730.68   3596.28   3445.72   3282.86   3110.53   2928.32
   2734.09   2526.93   2309.93   2085.90   1856.81   1623.75   1386.68   1144.66    897.08    646.44    398.62    167.14      0.00
      0.00     42.92    183.24    353.83    537.23    729.83    931.22   1140.77   1357.58   1580.34   1807.40   2039.32   2275.75
   2515.48   2756.32   2994.73   3225.99   3445.89   3654.12   3842.50   4005.22   4147.88   4270.72   4371.36   4450.17   4506.73
   4539.75   4549.54   4535.94   4498.15   4435.95   4350.37   4243.05   4115.14   3967.33   3800.37   3616.60   3419.66   3211.42
   2991.55   2759.52   2516.67   2266.49   2012.34   1755.80   1496.48   1232.72    962.88    687.55    411.82    153.71      0.00
      0.00     31.46    171.62    343.39    531.28    733.42    946.31   1169.66   1402.51   1643.37   1891.56   2147.14   2408.20
   2673.73   2941.79   3208.41   3468.84   3718.96   3957.07   4174.66   4364.87   4533.08   4678.18   4799.70   4896.85   4967.05
   5009.03   5020.66   5001.48   4952.68   4876.96   4776.83   4654.59   4511.70   4348.35   4164.45   3961.07   3741.01   3506.14
   3257.49   2997.34   2726.92   2448.95   2167.89   1886.40   1603.91   1317.44   1024.16    722.65    416.38    132.03      0.00
      0.00     13.72    150.41    321.52    513.29    723.79    947.18   1184.03   1432.71   1690.89   1959.17   2237.91   2524.14
   2817.10   3114.34   3412.26   3706.60   3991.58   4265.19   4516.95   4742.88   4944.46   5121.96   5273.92   5395.52   5480.70
   5526.91   5532.88   5501.36   5436.45   5343.02   5225.28   5085.42   4924.02   4741.36   4537.75   4313.71   4070.38   3810.92
   3536.12   3247.58   2948.66   2642.12   2332.79   2024.62   1717.22   1406.00   1087.01    756.37    415.42     96.37      0.00
      0.00    -12.53    117.87    288.61    483.47    700.44    935.02   1184.11   1446.09   1720.90   2008.35   2308.01   2619.04
   2940.60   3269.63   3602.75   3935.38   4262.08   4578.55   4874.97   5148.21   5397.91   5621.92   5813.44   5959.84   6053.27
   6093.13   6083.75   6031.53   5944.16   5828.85   5691.73   5534.46   5355.47   5153.28   4927.72   4679.71   4410.52   4124.06
   3823.67   3509.06   3183.38   2848.89   2510.70   2174.68   1840.11   1502.84   1156.44    794.95    421.94     82.80      0.00
      0.00    -52.25     75.05    248.38    447.88    670.09    911.89   1169.93   1443.33   1731.31   2033.69   2351.87   2687.18
   3038.94   3402.92   3774.77   4150.22   4526.73   4897.38   5253.85   5592.47   5910.00   6195.39   6429.14   6594.98   6685.86
   6705.92   6664.80   6576.22   6455.22   6313.50   6157.45   5987.47   5798.43   5582.96   5336.27   5059.75   4759.21   4440.53
   4109.13   3765.37   3411.85   3050.20   2684.40   2322.16   1964.12   1603.33   1230.26    840.96    443.85     87.51      0.00
      0.00   -108.00     20.25    200.06    405.51    632.54    879.63   1142.78   1421.74   1717.76   2031.08   2365.43   2723.55
   3104.73   3505.11   3919.75   4345.57   4780.37   5218.40   5654.92   6081.86   6489.80   6851.49   7132.74   7311.29   7387.54
   7367.36   7270.78   7126.81   6959.86   6787.33   6615.25   6439.32   6247.97   6026.32   5762.52   5458.23   5122.87   4765.99
   4394.75   4012.88   3624.13   3231.74   2839.48   2453.82   2075.95   1697.41   1303.90    886.65    456.16     74.96      0.00
      0.00   -204.06    -48.33    146.37    357.42    586.75    833.34   1095.72   1375.55   1675.05   1996.30   2343.56   2720.99
   3129.59   3566.36   4027.58   4510.90   5014.84   5537.91   6076.59   6618.57   7150.98   7614.58   7948.96   8136.58   8177.54
   8088.52   7907.07   7682.84   7455.04   7246.50   7063.64   6895.07   6716.91   6504.47   6236.36   5912.57   5539.43   5129.43
   4700.61   4267.92   3833.78   3400.19   2974.20   2564.38   2172.27   1783.44   1374.38    929.56    459.45     41.44      0.00
      0.00   -325.09   -118.97     90.06    301.25    526.17    765.82   1022.59   1299.02   1597.84   1922.02   2277.77   2670.73
   3103.32   3575.58   4086.27   4633.82   5217.95   5841.99   6503.70   7194.08   7892.45   8499.45   8918.06   9116.03   9097.16
   8896.05   8579.90   8232.13   7917.79   7666.32   7483.77   7355.56   7238.93   7085.98   6849.18   6503.46   6060.71   5556.51
   5043.73   4543.42   4048.63   3564.78   3099.37   2663.13   2260.06   1865.75   1442.52    967.76    458.45     14.77      0.00
      0.00   -476.20   -198.43     14.36    222.36    441.23    672.31    920.01   1188.06   1480.45   1801.73   2160.24   2562.59
   3014.32   3521.83   4086.11   4706.15   5381.23   6115.00   6917.50   7782.23   8690.25   9523.95  10129.21  10371.31  10209.79
   9782.99   9265.45   8739.46   8297.12   7993.56   7834.67   7812.68   7860.14   7856.68   7673.83   7267.94   6690.84   6045.26
   5410.73   4826.67   4274.54   3743.00   3238.72   2776.38   2358.56   1947.78   1495.20    978.14    427.92    -23.55      0.00
      0.00   -601.57   -317.22    -95.92    113.55    326.69    549.48    786.35   1041.52   1320.94   1630.55   1980.60   2379.61
   2840.37   3380.13   4003.14   4704.61   5475.43   6318.72   7268.26   8326.91   9540.13  10812.58  11832.83  12169.85  11629.85
  10661.30   9905.12   9124.83   8483.78   8094.05   7995.66   8179.89   8537.78   8826.06   8718.98   8157.09   7345.17   6493.49
   5720.48   5062.28   4460.98   3884.30   3336.67   2843.73   2407.65   1968.31   1468.23    898.62    324.06   -102.77      0.00
      0.00   -653.11   -449.72   -233.86    -26.83    178.68    388.93    611.12    853.78   1120.54   1407.95   1727.45   2096.75
   2544.62   3107.01   3797.05   4601.80   5482.05   6391.39   7425.67   8648.36  10298.92  12376.50  14113.61  15114.30  14322.16
  11820.47  10227.79   9105.54   8243.59   7725.98   7730.42   8254.00   9156.86  10010.35   9983.86   8992.29   7758.49   6660.24
   5773.26   5049.93   4390.29   3763.53   3178.85   2667.51   2228.87   1787.25   1262.35    675.82    131.67   -224.09      0.00
      0.00   -669.08   -572.68   -403.91   -220.17    -31.19    157.87    357.19    590.73    865.83   1146.87   1399.07   1680.51
   2074.38   2642.15   3423.49   4429.94   5474.53   6247.38   6982.19   8180.31  10438.73  13400.26  15808.27  18916.23  19676.13
  14512.41  10144.22   8210.55   7147.73   6571.45   6724.94   7694.51   9384.12  11225.26  10996.29   8947.66   7112.01   5821.87
   4934.60   4266.71   3623.17   3006.58   2462.32   1991.57   1610.69   1252.66    802.83    313.75    -93.00   -311.72      0.00
      0.00   -668.01   -702.24   -637.90   -532.53   -383.66   -222.61    -63.40    131.38    404.25    726.52    932.27   1057.79
   1338.37   1835.21   2622.30   3702.28   4527.99   4594.92   4763.14   5833.59   8197.20   9735.10  10714.13  15110.07  20813.29
  17116.59   9438.24   6017.85   4805.84   4402.81   4687.87   5829.57   7686.79   9430.33   8131.36   5561.12   3801.17   2781.78
   2184.23   1800.35   1390.00    999.78    706.12    458.82    295.99    202.13     52.11   -139.23   -291.59   -319.27      0.00
      0.00   -542.86   -724.05   -807.80   -863.55   -841.37   -762.44   -660.51   -571.24   -503.13   -407.60   -166.50     98.14
    302.22    504.59    736.50    726.41    237.20    243.54    393.59   1045.35    918.41  -3787.68  -6976.83  -7595.15    696.79
   9958.05   5755.41   2413.75   1476.76   1539.62   1723.51   1831.13    905.98  -2347.12  -3251.42  -2230.19  -2371.52  -2479.79
  -2447.52  -2524.45  -2561.65  -2414.21  -2191.38  -1844.90  -1461.83  -1094.93   -715.18   -489.75   -356.01   -232.24      0.00
      0.00      0.00      0.00      0.00      0.00      0.00      0.00      0.00      0.00      0.00      0.00      0.00      0.00
      0.00      0.00      0.00      0.00      0.00      0.00      0.00      0.00      0.00      0.00      0.00      0.00      0.00
      0.00      0.00      0.00      0.00      0.00      0.00      0.00      0.00      0.00      0.00      0.00      0.00      0.00
      0.00      0.00      0.00      0.00      0.00      0.00      0.00      0.00      0.00      0.00      0.00      0.00      0.00
      0.00      0.00      0.00      0.00      0.00      0.00      0.00      0.00      0.00      0.00      0.00      0.00      0.00
      0.00      0.00      0.00      0.00      0.00      0.00      0.00      0.00      0.00      0.00      0.00      0.00      0.00
      0.00      0.00      0.00      0.00      0.00      0.00      0.00      0.00      0.00      0.00      0.00      0.00      0.00
      0.00      0.00      0.00      0.00      0.00      0.00      0.00      0.00      0.00      0.00      0.00      0.00      0.00
      0.00   1931.79   3825.63   5379.40   6580.66   7472.43   8107.22   8535.69   8801.78   8941.50   8983.84   8947.87   8854.39
   8719.87   8565.75   8413.67   8276.03   8157.75   8054.10   7959.85   7880.04   7808.83   7719.33   7609.22   7474.35   7323.04
   7179.34   7053.97   6955.78   6895.95   6874.82   6887.12   6918.76   6961.73   7006.68   7048.24   7084.64   7117.12   7148.71
   7176.07   7197.58   7201.37   7179.21   7110.79   6960.42   6688.99   6247.90   5583.38   4644.30   3370.30   1743.33      0.00
      0.00   1834.55   3358.91   4384.45   4986.27   5261.88   5297.88   5164.65   4916.14   4595.34   4233.49   3850.60   3460.79
   3071.96   2689.96   2320.82   1969.19   1638.46   1330.78   1047.64    790.15    559.25    355.47    179.05     30.01    -91.53
   -184.78   -248.48   -281.80   -284.44   -255.49   -194.85   -103.35     17.47    166.43    342.67    543.74    766.50   1010.19
   1272.06   1548.91   1837.96   2131.47   2417.02   2680.63   2897.09   3025.41   3003.98   2747.28   2172.04   1224.42      0.00
      0.00   1334.20   2285.96   2756.39   2837.49   2632.67   2235.85   1716.89   1127.59    502.97   -135.07   -772.34  -1400.64
  -2014.03  -2606.82  -3173.84  -3711.01  -4214.90  -4682.46  -5111.20  -5499.10  -5844.34  -6145.49  -6401.56  -6611.84  -6775.26
  -6890.44  -6956.70  -6974.48  -6945.17  -6870.24  -6750.00  -6584.75  -6375.97  -6125.05  -5833.27  -5501.83  -5131.39  -4723.76
  -4280.23  -3800.90  -3287.90  -2746.00  -2180.48  -1600.29  -1022.30   -473.75      7.08    367.66    538.06    424.51      0.00
      0.00    926.24   1395.14   1362.60    966.10    327.16   -460.60  -1328.37  -2233.12  -3150.59  -4067.09  -4973.77  -5862.85
  -6725.98  -7555.21  -8344.04  -9087.52  -9781.96 -10424.37 -11012.00 -11542.09 -12011.93 -12419.04 -12761.72 -13038.62 -13248.82
 -13392.07 -13468.55 -13478.99 -13423.74 -13303.71 -13120.14 -12873.46 -12564.37 -12194.21 -11763.52 -11271.92 -10718.22 -10100.79
  -9418.49  -8670.04  -7852.24  -6959.64  -5989.08  -4945.67  -3845.04  -2721.41  -1634.37   -675.29     14.12    250.12      0.00
      0.00    355.20    244.78   -277.09  -1074.51  -2051.88  -3143.67  -4304.21  -5501.90  -6715.30  -7928.44  -9128.15 -10301.80
 -11437.65 -12525.41 -13556.30 -14524.27 -15426.21 -16260.74 -17026.29 -17719.61 -18336.08 -18871.06 -19320.50 -19681.48 -19952.15
 -20131.97 -20221.46 -20221.75 -20133.81 -19958.76 -19696.57 -19347.68 -18913.61 -18395.13 -17790.71 -17096.49 -16309.06 -15425.87
 -14443.88 -13353.53 -12140.27 -10799.67  -9339.71  -7777.06  -6136.92  -4462.62  -2834.28  -1363.78   -220.10    292.88      0.00
      0.00   -203.13   -815.49  -1766.59  -2950.51  -4284.56  -5712.73  -7200.52  -8723.92 -10261.33 -11790.92 -13294.01 -14757.32
 -16168.64 -17516.75 -18795.76 -20003.38 -21138.04 -22196.48 -23173.36 -24062.25 -24855.81 -25547.19 -26129.97 -26600.24 -26956.32
 -27196.17 -27318.36 -27323.92 -27212.80 -26983.33 -26635.82 -26172.50 -25593.63 -24897.34 -24081.63 -23142.29 -22075.47 -20878.77
 -19548.62 -18069.76 -16434.72 -14657.97 -12758.82 -10758.64  -8691.91  -6581.19  -4489.18  -2575.71  -1010.14    -49.75      0.00
      0.00   -563.72  -1575.90  -2945.84  -4569.03  -6345.42  -8186.78 -10048.91 -11912.14 -13765.81 -15603.39 -17415.07 -19187.87
 -20909.59 -22568.38 -24153.09 -25655.15 -27071.25 -28394.76 -29612.44 -30715.60 -31697.34 -32554.67 -33282.34 -33874.73 -34328.43
 -34641.23 -34811.45 -34837.20 -34713.86 -34438.71 -34011.21 -33427.40 -32684.60 -31781.62 -30713.88 -29481.85 -28090.31 -26539.34
 -24829.17 -22966.04 -20951.83 -18786.44 -16488.35 -14092.75 -11622.40  -9120.68  -6666.28  -4390.29  -2398.88   -854.42      0.00
      0.00   -886.43  -2351.99  -4212.35  -6273.06  -8435.27 -10639.45 -12856.89 -15075.56 -17288.34 -19487.92 -21664.26 -23803.85
 -25891.50 -27913.37 -29853.40 -31692.04 -33414.64 -35019.82 -36498.05 -37838.00 -39029.64 -40070.14 -40956.48 -41682.70 -42238.27
 -42618.36 -42823.39 -42851.66 -42703.27 -42375.11 -41862.40 -41152.47 -40229.18 -39085.56 -37720.98 -36147.01 -34372.89 -32416.76
 -30323.24 -28095.10 -25705.25 -23171.63 -20527.54 -17777.34 -14933.92 -12049.98  -9217.04  -6531.78  -4038.32  -1814.48      0.00
      0.00  -1497.99  -3448.79  -5696.73  -8103.11 -10596.21 -13143.73 -15729.48 -18339.58 -20960.67 -23572.94 -26155.79 -28697.81
 -31186.57 -33607.95 -35938.23 -38144.77 -40206.69 -42117.31 -43872.41 -45462.85 -46878.17 -48111.70 -49158.64 -50016.50 -50679.81
 -51132.43 -51377.26 -51411.25 -51225.81 -50834.09 -50231.24 -49381.27 -48255.24 -46839.52 -45144.93 -43188.25 -40986.99 -38606.36
 -36108.76 -33452.92 -30640.93 -27739.20 -24753.96 -21662.74 -18463.47 -15185.11 -11909.47  -8712.63  -5612.04  -2663.64      0.00
      0.00  -2105.63  -4520.87  -7141.85  -9903.27 -12764.46 -15701.53 -18694.51 -21724.88 -24775.50 -27826.71 -30859.67 -33855.07
 -36796.94 -39663.56 -42426.96 -45057.38 -47519.43 -49789.15 -51865.71 -53733.85 -55388.28 -56827.15 -58048.75 -59043.99 -59801.93
 -60322.81 -60603.90 -60622.33 -60372.07 -59896.98 -59178.80 -58152.18 -56780.69 -55062.22 -53017.46 -50661.91 -48041.11 -45252.86
 -42313.39 -39184.83 -35915.02 -32576.05 -29167.12 -25659.54 -22049.27 -18354.36 -14611.01 -10852.42  -7107.87  -3442.77      0.00
      0.00  -2578.28  -5450.65  -8497.68 -11667.61 -14936.29 -18290.07 -21714.70 -25193.30 -28707.59 -32240.40 -35773.11 -39281.63
 -42738.74 -46115.43 -49385.05 -52514.72 -55457.75 -58166.91 -60618.33 -62791.81 -64703.80 -66352.01 -67744.20 -68882.84 -69743.45
 -70314.35 -70602.35 -70572.64 -70233.38 -69641.54 -68752.03 -67488.09 -65826.80 -63782.19 -61376.67 -58628.45 -55616.43 -52436.85
 -49059.32 -45465.47 -41711.69 -37854.95 -33914.49 -29879.53 -25754.82 -21548.23 -17268.34 -12926.04  -8555.17  -4203.31      0.00
      0.00  -2978.68  -6277.55  -9760.08 -13366.32 -17070.58 -20866.09 -24744.97 -28696.16 -32708.13 -36770.38 -40870.95 -44982.23
 -49056.55 -53045.66 -56917.12 -60637.23 -64152.00 -67368.41 -70241.56 -72769.88 -74944.19 -76776.23 -78320.10 -79559.79 -80475.07
 -81067.00 -81328.13 -81225.84 -80795.95 -80045.77 -78919.38 -77368.73 -75397.34 -73023.56 -70265.81 -67143.12 -63751.51 -60172.90
 -56364.73 -52318.77 -48079.96 -43682.53 -39149.28 -34495.42 -29744.24 -24914.22 -20008.62 -15024.88  -9976.16  -4924.12      0.00
      0.00  -3356.44  -7059.46 -10952.14 -14984.42 -19133.15 -23385.74 -27737.09 -32184.92 -36731.17 -41386.39 -46145.17 -50964.38
 -55780.68 -60523.43 -65124.12 -69527.29 -73676.69 -77469.80 -80806.80 -83697.27 -86132.48 -88160.19 -89837.48 -91146.77 -92078.93
 -92637.48 -92823.70 -92627.59 -92058.09 -91090.46 -89677.00 -87815.59 -85530.18 -82834.37 -79740.73 -76267.54 -72496.55 -68499.75
 -64240.12 -59714.16 -54963.67 -50009.61 -44863.82 -39546.27 -34094.40 -28549.90 -22930.63 -17228.91 -11443.50  -5641.94      0.00
      0.00  -3709.12  -7790.72 -12074.51 -16518.02 -21110.77 -25848.34 -30717.43 -35712.15 -40856.69 -46167.79 -51635.29 -57214.92
 -62840.28 -68437.30 -73902.82 -79121.88 -83990.94 -88413.76 -92271.33 -95510.20 -98185.70-100399.98-102173.57-103527.88-104448.64
-104958.41-105063.99-104739.97-103978.91-102752.42-101047.88 -98893.86 -96313.00 -93316.62 -89905.70 -86103.09 -81958.78 -77516.20
 -72776.07 -67731.02 -62407.37 -56823.89 -51000.26 -44969.99 -38774.36 -32460.09 -26060.62 -19585.86 -13042.69  -6467.39      0.00
      0.00  -4027.59  -8452.17 -13115.65 -17968.88 -23022.55 -28282.67 -33726.64 -39358.72 -45198.93 -51219.16 -57368.89 -63623.58
 -69985.98 -76433.33 -82860.46 -89079.73 -94853.38-100014.10-104503.84-108228.77-111197.26-113582.97-115438.65-116787.82-117660.06
-118082.72-118041.54-117527.88-116536.91-115054.90-113096.73-110690.46-107855.66-104592.69-100892.91 -96769.70 -92246.60 -87342.22
 -82088.77 -76469.86 -70480.04 -64164.53 -57572.39 -50748.74 -43736.98 -36584.89 -29335.57 -22021.27 -14664.21  -7283.45      0.00
      0.00  -4319.48  -9089.32 -14123.31 -19391.54 -24931.11 -30736.41 -36778.09 -43093.88 -49679.19 -56396.05 -63120.48 -69935.58
 -76909.09 -84068.81 -91396.82 -98735.54-105622.36-111688.70-117063.34-121542.67-124974.18-127567.94-129521.15-130885.83-131712.09
-132029.53-131812.44-131073.89-129821.89-128078.98-125885.88-123276.79-120261.48-116817.58-112902.59-108493.24-103576.06 -98172.98
 -92322.41 -86018.17 -79239.99 -72067.38 -64591.71 -56857.71 -48908.45 -40800.27 -32593.72 -24349.10 -16115.82  -7939.58      0.00
      0.00  -4604.27  -9707.73 -15102.24 -20784.19 -26805.63 -33149.76 -39800.49 -46776.50 -53957.10 -61208.92 -68513.75 -75957.62
 -83597.02 -91472.42 -99580.40-107746.70-115642.26-122839.09-129344.93-134836.69-138973.58-142032.12-144262.00-145823.17-146721.00
-146951.59-146520.41-145476.06-143882.70-141827.22-139397.36-136646.58-133567.53-130096.80-126129.84-121559.52-116297.30-110333.93
-103750.66 -96579.39 -88823.59 -80603.75 -72027.05 -63172.84 -54118.53 -44932.22 -35676.72 -26418.36 -17227.90  -8257.41      0.00
      0.00  -4841.60 -10247.59 -16008.29 -22120.42 -28616.67 -35464.91 -42671.17 -50147.73 -57798.46 -65574.43 -73466.35 -81569.55
 -89903.55 -98512.86-107390.35-116323.27-125067.80-133403.59-141237.59-147980.53-153177.58-157110.42-160095.67-162161.58-163208.50
-163269.69-162443.09-160869.88-158729.52-156224.70-153535.92-150750.81-147823.64-144594.02-140840.81-136297.56-130763.34-124200.71
-116753.31-108495.89 -99491.90 -89900.44 -79894.35 -69638.65 -59261.28 -48845.83 -38444.51 -28094.15 -17831.94  -7876.33      0.00
      0.00  -4924.27 -10583.04 -16706.71 -23242.26 -30179.71 -37492.86 -45174.41 -53091.62 -61202.60 -69480.52 -77955.14 -86695.48
 -95727.69-105080.51-114688.24-124393.20-134063.75-143683.44-153014.73-161282.95-168107.52-173678.02-178021.50-180893.81-182043.11
-181635.03-179981.11-177396.66-174259.86-171008.61-168011.14-165414.47-163097.23-160673.36-157618.19-153396.92-147629.88-140320.86
-131759.09-122090.74-111426.25-100039.94 -88245.07 -76301.50 -64396.95 -52622.16 -41025.99 -29640.27 -18536.26  -8212.92      0.00
      0.00  -4659.82 -10518.28 -16992.18 -23936.27 -31310.00 -39085.18 -47186.34 -55490.41 -64023.53 -72780.98 -81811.10 -91151.65
-100867.16-110970.60-121299.12-131809.95-142658.12-153859.09-165011.17-175366.73-184769.05-192860.39-199263.83-203126.28-203951.95
-202275.27-198892.30-194463.89-189664.19-185245.11-181899.42-179962.84-179286.52-179088.81-177985.66-174642.84-168402.84-159718.28
-149339.72-137545.83-124596.78-110901.09 -96925.20 -83088.56 -69632.69 -56560.12 -43834.66 -31534.67 -19806.55  -9015.70      0.00
      0.00  -3754.93  -9843.44 -16681.02 -24026.99 -31843.85 -40072.15 -48562.04 -57221.93 -66082.59 -75224.67 -84740.89 -94639.77
-105044.56-115904.32-127045.23-138690.95-150951.83-163897.27-177272.91-190697.52-203954.06-216041.62-225595.20-230413.48-229697.78
-224967.67-218252.27-210893.52-203833.22-197961.16-194344.83-193739.44-196296.12-200897.50-203983.94-201951.92-194278.88-182911.59
-169457.50-154545.27-138558.72-121996.63-105544.20 -89853.90 -75176.08 -61060.99 -47215.28 -33832.20 -21125.39  -9452.27      0.00
      0.00  -1459.66  -8223.49 -15548.86 -23332.92 -31588.58 -40231.17 -49103.89 -58051.42 -67130.91 -76552.59 -86455.30 -96855.77
-107917.24-119562.59-131902.94-145005.66-158750.92-173451.73-189700.02-207768.75-226614.70-245463.38-260335.94-266079.09-261660.20
-250549.42-237567.00-225510.59-215432.50-207842.03-204201.14-206261.17-214795.19-228029.97-238122.69-236674.73-225382.97-209393.70
-191840.23-173133.56-153155.97-133114.77-114223.70 -97022.46 -81580.82 -66627.34 -51565.49 -36696.71 -22515.85  -9667.03      0.00
      0.00   4083.08  -5535.68 -13610.28 -21824.40 -30467.76 -39491.66 -48663.64 -57746.46 -66945.28 -76574.23 -86764.13 -97520.23
-109093.73-121792.46-135829.20-150791.78-166354.34-183474.11-203658.56-227326.80-253601.03-284663.84-310005.91-318534.69-307142.88
-280779.34-253666.27-235005.38-221899.25-211781.45-208873.53-215733.00-234854.47-262230.50-281489.62-278441.97-260283.62-237797.36
-215955.38-193267.88-168572.94-144867.00-124036.40-105932.46 -89944.17 -74000.59 -57222.41 -40218.06 -24242.70 -10267.65      0.00
      0.00  14675.53  -2577.97 -11219.50 -19677.64 -28639.17 -37989.42 -47386.38 -56498.34 -65623.97 -75149.01 -85366.45 -96245.90
-108251.81-122424.62-138756.88-156699.42-176380.47-198647.94-223830.22-250037.05-283571.94-336721.72-382452.97-406364.56-384104.16
-309161.44-251862.95-236350.09-223238.61-207873.50-208343.00-222040.72-255905.91-300944.94-330518.62-322990.12-295688.56-265586.56
-240933.19-215040.91-185437.28-158567.17-135572.38-116906.88-100606.47 -83124.94 -64011.80 -43888.33 -25872.61 -11128.66      0.00
      0.00  21525.33   1001.36  -8134.00 -16844.07 -26089.36 -35380.81 -45029.69 -54546.69 -63549.50 -72305.81 -81816.78 -92389.83
-104752.86-120583.85-140031.36-163084.28-189594.42-218933.17-246946.53-268688.19-308922.34-402665.16-480029.88-587294.75-560054.19
-305368.47-201261.45-234480.12-224011.16-194325.62-201864.86-225589.16-276188.41-346358.09-390456.97-371036.47-328870.06-289981.78
-267192.41-238222.86-202920.00-172147.44-146645.25-126276.57-108848.84 -90117.16 -68589.75 -45754.14 -26292.30 -11334.93      0.00
      0.00  18613.71   4258.62  -4265.52 -13103.57 -22366.25 -31056.62 -40731.50 -51476.07 -61411.76 -68984.12 -76335.79 -85303.57
 -97139.25-114220.94-138052.94-171440.83-211882.70-251325.05-267872.03-262696.59-319030.84-479582.50-536707.75-916558.25**********
-272330.41 -78175.80-212649.81-222893.27-174992.86-186677.38-223360.42-296985.78-409209.62-472445.75-417462.22-349792.66-303350.22
-283333.31-255159.70-214947.67-179437.72-151431.14-128536.16-109108.62 -89784.77 -66764.41 -42903.27 -23700.08  -9886.75      0.00
      0.00  14706.20   7489.22    883.95  -7314.00 -16038.42 -23952.07 -32713.95 -44735.89 -58846.16 -68621.95 -71257.88 -74170.86
 -83389.50-101337.88-133140.02-191122.81-255476.30-295734.38-262198.81-224019.38-325314.78-535576.06-502507.88********************
-461119.12   6975.54-129825.39-186788.14-146055.61-161818.34-214193.53-318187.25-501263.44-556090.62-413394.03-318385.31-281448.59
-270451.88-244117.64-203780.64-166655.41-138556.61-115620.73 -95944.60 -77954.26 -55452.35 -33807.43 -17879.03  -7004.82      0.00
      0.00  14711.63  11867.38   8191.01   3460.21  -3397.74 -10423.85 -17946.06 -28158.53 -43156.20 -60301.20 -59740.53 -55034.14
 -60525.82 -76296.59-110929.49-190052.53-245776.55-237231.50-182180.14-176439.06-293013.09-428497.88-254485.81-712922.50**********
-854685.44 -64911.70 -46312.20-107248.41-101379.80-122748.48-179677.72-285842.38-441254.66-406692.28-265491.28-200492.73-179970.88
-176109.30-161214.81-132674.80-108557.13 -91620.48 -76364.13 -62150.06 -47286.86 -30816.78 -18633.43  -9559.81  -3285.63      0.00
      0.00  11433.22  12579.59  12875.60  14391.24  13213.08   9460.28   3919.10  -2114.18  -2923.17   2455.50   -797.07 -18081.87
 -27256.70 -33550.13 -40222.05 -48471.59 -42853.93 -75384.95 -62735.89 -78168.19 -87693.50 112687.16 294192.78 351789.84-366677.34
-605431.88-150346.23 -13693.62 -32153.21 -48738.63 -63348.32 -79476.91 -62482.27 184489.09 164180.39  -7846.59  -1824.15   5722.51
  -8804.89   -960.38   9049.82   3123.18  -2322.07  -8808.15 -12554.40  -7268.22  -5192.30  -4519.19  -2467.37   -786.05      0.00
      0.00      0.00      0.00      0.00      0.00      0.00      0.00      0.00      0.00      0.00      0.00      0.00      0.00
      0.00      0.00      0.00      0.00      0.00      0.00      0.00      0.00      0.00      0.00      0.00      0.00      0.00
      0.00      0.00      0.00      0.00      0.00      0.00      0.00      0.00      0.00      0.00      0.00      0.00      0.00
      0.00      0.00      0.00      0.00      0.00      0.00      0.00      0.00      0.00      0.00      0.00      0.00      0.00
      0.00      0.00      0.00      0.00      0.00      0.00      0.00      0.00      0.00      0.00      0.00      0.00      0.00
      0.00      0.00      0.00      0.00      0.00      0.00      0.00      0.00      0.00      0.00      0.00      0.00      0.00
      0.00      0.00      0.00      0.00      0.00      0.00      0.00      0.00      0.00      0.00      0.00      0.00      0.00
      0.00      0.00      0.00      0.00      0.00      0.00      0.00      0.00      0.00      0.00      0.00      0.00      0.00
      0.00    -24.27    151.46    396.72    661.75    921.33   1162.24   1378.28   1567.52   1730.47   1868.98   1985.35   2082.28
   2162.68   2229.90   2287.45   2338.03   2383.18   2423.17   2457.97   2488.02   2512.60   2529.26   2537.06   2535.75   2526.29
   2511.14   2492.10   2470.52   2447.76   2424.03   2398.46   2369.34   2335.32   2295.13   2247.88   2193.17   2130.82   2060.53
   1981.36   1891.93   1790.22   1673.60   1538.32   1380.19   1195.90    984.22    748.22    495.07    244.69     34.19      0.00
      0.00    238.75    606.25    972.89   1307.53   1599.28   1846.78   2052.95   2222.32   2360.80   2474.58   2568.65   2647.66
   2714.33   2770.38   2817.54   2857.22   2890.82   2919.16   2943.10   2962.92   2978.47   2988.94   2993.63   2992.76   2986.63
   2975.82   2961.14   2942.30   2919.18   2893.12   2863.59   2828.91   2789.32   2745.92   2697.64   2641.96   2578.00   2507.12
   2427.63   2337.49   2236.60   2122.74   1992.47   1843.07   1669.17   1464.04   1220.42    934.48    612.39    271.02      0.00
      0.00    333.29    735.66   1103.57   1420.04   1682.48   1896.25   2069.36   2209.97   2325.16   2420.38   2500.31   2568.56
   2627.73   2679.25   2723.85   2761.98   2794.10   2820.65   2841.91   2858.31   2870.19   2877.75   2881.03   2880.02   2874.65
   2864.83   2850.41   2831.53   2808.26   2780.87   2749.50   2714.19   2674.95   2631.55   2583.60   2530.64   2471.89   2406.08
   2332.07   2248.59   2153.89   2045.56   1921.74   1780.20   1617.49   1429.19   1210.33    955.44    659.33    319.98      0.00
      0.00    379.30    802.99   1166.36   1462.17   1697.55   1883.82   2033.15   2155.71   2258.63   2346.58   2422.55   2488.48
   2545.82   2595.55   2638.38   2674.84   2705.41   2730.47   2750.41   2765.53   2776.12   2782.37   2784.27   2781.85   2775.23
   2764.50   2749.77   2731.08   2708.42   2681.78   2651.18   2616.92   2579.25   2538.18   2493.84   2445.97   2394.23   2338.11
   2276.64   2208.85   2133.80   2050.45   1957.68   1853.11   1731.58   1583.17   1393.29   1144.23    817.40    405.69      0.00
      0.00    399.56    805.74   1143.26   1418.46   1641.90   1823.95   1974.20   2100.33   2207.41   2298.59   2376.04   2441.67
   2497.08   2543.67   2582.93   2616.14   2644.21   2667.71   2687.00   2702.49   2714.43   2722.77   2727.23   2727.58   2723.68
   2715.33   2702.57   2685.51   2664.13   2638.62   2609.52   2577.11   2542.25   2505.34   2466.65   2426.84   2386.23   2344.84
   2303.09   2261.83   2221.55   2182.10   2139.76   2085.20   2005.60   1884.56   1701.12   1433.77   1054.75    531.83      0.00
      0.00    413.93    805.97   1134.29   1405.70   1629.89   1815.62   1969.51   2095.93   2198.26   2280.37   2346.82   2401.48
   2447.64   2487.97   2523.87   2556.11   2584.95   2610.37   2632.67   2651.95   2668.01   2680.36   2688.51   2692.48   2692.47
   2688.56   2680.64   2668.09   2650.60   2628.31   2601.52   2570.69   2537.22   2503.17   2469.43   2436.83   2406.36   2378.78
   2354.25   2336.17   2325.26   2310.51   2280.35   2228.75   2146.31   2024.82   1842.93   1564.21   1162.46    600.99      0.00
      0.00    448.69    863.58   1201.87   1468.58   1675.20   1839.17   1972.08   2079.76   2166.87   2238.16   2298.68   2351.74
   2399.25   2443.02   2484.35   2523.39   2559.31   2591.39   2619.42   2642.42   2659.97   2671.78   2678.46   2680.87   2679.62
   2675.29   2668.21   2658.01   2644.14   2625.68   2601.70   2572.69   2539.78   2505.90   2473.89   2445.18   2420.68   2401.54
   2389.10   2382.00   2377.06   2370.29   2350.01   2299.03   2207.62   2063.94   1851.57   1548.95   1142.16    605.62      0.00
      0.00    483.83    911.57   1232.57   1474.54   1660.05   1807.89   1930.82   2035.17   2124.29   2200.79   2267.79   2327.75
   2382.62   2434.76   2485.83   2534.93   2579.46   2618.00   2647.99   2670.09   2685.15   2694.15   2697.79   2696.66   2691.13
   2681.63   2668.96   2654.33   2637.66   2617.80   2594.04   2566.08   2534.42   2500.83   2468.74   2440.23   2417.00   2400.07
   2389.18   2384.15   2385.57   2385.00   2363.61   2310.42   2212.74   2051.71   1810.94   1484.66   1075.47    573.71      0.00
      0.00    464.73    861.36   1166.00   1404.34   1597.06   1757.40   1893.41   2009.90   2109.39   2194.89   2270.12   2337.77
   2400.82   2460.64   2518.83   2573.52   2620.52   2658.14   2687.08   2708.62   2722.67   2729.93   2730.47   2724.61   2712.75
   2696.31   2676.15   2653.67   2630.04   2605.00   2577.76   2548.43   2517.01   2483.75   2450.95   2421.40   2396.47   2375.87
   2357.81   2344.16   2336.08   2321.59   2288.00   2228.28   2132.71   1983.19   1753.09   1434.13   1036.46    555.58      0.00
      0.00    440.60    817.08   1122.50   1371.69   1577.30   1749.16   1895.06   2020.14   2127.51   2220.37   2301.71   2375.43
   2443.96   2508.42   2568.72   2622.70   2670.06   2708.97   2738.79   2759.12   2771.32   2774.74   2768.93   2754.92   2734.90
   2710.49   2683.36   2654.18   2623.69   2592.84   2561.87   2529.53   2495.62   2460.36   2425.34   2392.93   2364.15   2337.72
   2309.48   2279.72   2250.28   2215.19   2165.73   2096.86   1997.37   1850.85   1640.63   1357.40    996.98    544.06      0.00
      0.00    445.60    820.80   1128.10   1382.46   1594.84   1773.77   1925.55   2055.16   2166.89   2264.19   2350.61   2429.74
   2502.94   2570.89   2632.92   2688.90   2737.31   2775.70   2803.02   2821.21   2829.66   2826.39   2812.72   2790.06   2760.86
   2727.84   2694.58   2660.11   2623.71   2588.81   2555.60   2520.44   2482.35   2442.27   2402.11   2363.95   2329.72   2297.05
   2259.60   2216.44   2169.54   2114.00   2042.23   1950.95   1835.78   1685.86   1488.64   1234.34    910.60    502.31      0.00
      0.00    469.00    855.45   1165.85   1421.51   1637.35   1820.88   1976.73   2109.58   2224.47   2326.25   2418.02   2501.82
   2579.44   2651.09   2715.88   2773.83   2821.95   2857.94   2882.62   2893.44   2892.69   2881.36   2860.55   2830.84   2793.58
   2753.85   2714.40   2675.02   2635.23   2599.70   2565.22   2527.54   2484.85   2438.63   2391.71   2346.61   2306.64   2267.49
   2221.85   2168.75   2109.98   2041.96   1957.16   1850.60   1719.79   1560.79   1366.37   1126.59    828.51    455.96      0.00
      0.00    496.94    899.01   1219.48   1482.43   1703.67   1892.04   2052.74   2190.76   2310.85   2417.15   2513.52   2602.50
   2684.87   2759.90   2825.86   2880.10   2919.86   2946.11   2960.40   2957.54   2942.05   2919.49   2889.26   2852.72   2811.84
   2770.75   2730.45   2690.05   2654.25   2624.04   2593.02   2555.34   2509.09   2456.63   2402.58   2351.43   2307.66   2263.52
   2210.57   2148.71   2079.98   2002.36   1910.85   1800.12   1665.68   1503.96   1311.03   1080.21    798.21    442.27      0.00
      0.00    529.87    954.25   1291.77   1566.94   1797.07   1993.42   2161.76   2306.07   2431.16   2542.37   2643.14   2735.03
   2820.01   2895.83   2956.53   2997.40   3019.92   3029.30   3025.08   3004.99   2968.75   2928.96   2888.98   2846.53   2805.72
   2766.79   2732.41   2703.82   2682.58   2663.62   2639.91   2605.75   2559.77   2504.31   2444.61   2387.08   2336.97   2289.78
   2233.10   2165.13   2088.43   2002.70   1905.93   1794.80   1664.24   1507.07   1316.62   1086.35    803.97    447.20      0.00
      0.00    576.12   1036.16   1395.24   1686.20   1930.28   2135.14   2305.64   2450.59   2577.59   2690.11   2789.07   2881.29
   2976.22   3069.09   3139.56   3164.56   3151.81   3131.81   3098.23   3045.49   2986.59   2935.78   2886.00   2837.28   2796.81
   2769.65   2752.21   2741.97   2734.40   2723.78   2705.97   2677.30   2636.12   2583.74   2523.18   2460.68   2401.27   2345.43
   2286.90   2216.06   2133.49   2041.76   1942.59   1834.32   1710.71   1562.17   1378.41   1150.31    864.12    492.44      0.00
      0.00    637.68   1138.72   1526.33   1841.33   2099.52   2306.00   2474.44   2615.62   2733.07   2830.73   2927.70   3024.92
   3131.90   3259.24   3374.02   3401.71   3334.72   3268.66   3197.41   3105.77   3019.98   2955.12   2894.87   2852.11   2832.45
   2823.37   2818.29   2815.58   2812.21   2803.88   2788.00   2763.65   2729.87   2685.98   2631.51   2569.38   2504.32   2438.45
   2370.28   2293.98   2206.46   2110.59   2010.57   1906.72   1793.97   1661.42   1493.56   1272.52    975.88    567.60      0.00
      0.00    709.75   1261.26   1689.50   2033.30   2299.89   2497.49   2659.24   2793.66   2900.01   2996.33   3101.42   3203.03
   3313.48   3437.72   3538.19   3567.27   3505.26   3418.70   3319.11   3203.61   3105.43   3028.10   2978.71   2956.04   2942.60
   2933.53   2926.26   2919.91   2913.02   2904.32   2890.16   2868.53   2839.83   2803.26   2757.73   2702.70   2640.12   2570.24
   2491.96   2406.16   2309.47   2206.20   2103.69   2006.08   1911.42   1806.67   1670.77   1474.53   1181.00    718.93      0.00
      0.00    796.47   1409.27   1877.46   2238.03   2500.13   2693.85   2851.33   2981.30   3084.43   3181.96   3290.51   3392.53
   3499.28   3608.64   3693.96   3707.23   3645.93   3561.02   3450.31   3332.27   3237.67   3185.80   3151.04   3122.02   3094.28
   3068.97   3046.61   3033.31   3029.73   3030.27   3025.76   3009.67   2982.02   2947.22   2909.19   2865.90   2811.55   2745.81
   2664.52   2566.15   2453.49   2334.26   2222.29   2130.50   2060.11   1994.18   1908.28   1772.21   1538.55   1048.62      0.00
      0.00    914.17   1594.60   2091.74   2456.17   2715.26   2908.93   3061.15   3188.08   3302.57   3406.86   3505.58   3601.03
   3696.59   3784.11   3849.57   3841.18   3778.04   3689.84   3587.90   3494.57   3448.19   3417.63   3374.53   3307.85   3229.03
   3158.66   3114.87   3109.90   3139.17   3176.79   3197.74   3192.10   3165.50   3133.04   3106.94   3083.57   3045.25   2982.52
   2896.90   2780.23   2638.16   2482.52   2341.36   2248.83   2211.76   2205.74   2182.18   2091.15   1850.90   1193.22      0.00
      0.00   1100.45   1853.50   2365.07   2722.50   2971.98   3153.43   3299.60   3436.84   3562.72   3668.58   3756.60   3841.06
   3921.00   3978.79   4002.16   3971.14   3903.59   3820.18   3747.87   3724.02   3743.16   3730.43   3638.65   3458.48   3253.96
   3104.72   3054.02   3109.50   3235.49   3357.96   3417.83   3410.19   3365.19   3331.25   3344.33   3376.73   3371.72   3306.07
   3193.92   3029.68   2826.42   2598.77   2386.55   2271.05   2296.62   2397.54   2451.65   2356.78   2014.35   1246.66      0.00
      0.00   1409.37   2236.83   2739.91   3071.31   3295.55   3462.01   3604.10   3738.35   3867.82   3975.18   4058.99   4133.52
   4189.92   4211.20   4188.21   4121.89   4026.19   3932.71   3930.67   4034.24   4152.21   4156.13   3932.64   3484.59   3039.00
   2818.25   2864.07   3114.46   3425.44   3661.23   3741.27   3678.01   3545.61   3476.86   3611.95   3814.73   3888.12   3802.30
   3608.24   3338.70   3009.89   2641.90   2288.53   2080.96   2184.26   2484.65   2726.83   2707.04   2333.45   1462.89      0.00
      0.00   1989.42   2872.04   3300.32   3561.31   3718.78   3837.95   3960.14   4094.50   4230.07   4343.66   4427.07   4489.47
   4520.09   4500.60   4419.94   4287.11   4145.70   4072.70   4179.35   4479.13   4758.27   4800.16   4260.88   3214.78   2370.65
   2212.49   2655.41   3343.82   3912.53   4227.47   4258.60   4047.01   3712.22   3550.85   4040.55   4643.61   4858.32   4680.31
   4287.41   3854.63   3316.96   2678.77   2067.83   1615.24   1791.15   2381.72   2921.64   3106.40   2789.87   1800.07      0.00
      0.00   3147.03   3909.16   4084.43   4223.08   4263.32   4278.83   4338.52   4467.78   4618.51   4751.90   4854.35   4918.31
   4929.17   4867.40   4711.50   4485.70   4276.48   4226.50   4466.65   5170.62   5711.16   5970.32   4840.85   2560.51   1079.13
   1166.31   2661.97   4168.49   4940.16   5262.13   5103.82   4638.07   4031.35   3813.48   5199.83   6387.43   6640.58   6202.51
   5478.05   4758.52   3899.04   2910.71   2065.38   1154.06   1214.70   2176.46   3118.47   3551.09   3228.56   2061.80      0.00
      0.00   5052.51   5267.47   4966.89   5014.46   4941.06   4830.53   4790.98   4861.53   4997.15   5170.42   5336.53   5421.88
   5409.69   5304.93   5101.99   4871.17   4725.57   4785.64   5301.35   6452.94   7181.44   8515.88   6916.78   2431.21  -1811.97
  -1660.97   3646.56   6367.70   6607.14   6909.88   6401.18   5725.34   5330.91   5704.39   7966.01   9634.73   9667.46   9019.20
   7419.83   6200.06   5187.61   3922.93   2914.37   1721.78   1477.41   2543.87   3775.60   4382.24   3813.98   2293.24      0.00
      0.00   6082.31   6274.20   5879.65   5923.07   5768.94   5632.42   5505.91   5396.08   5375.01   5554.17   5833.62   5972.86
   5958.24   5825.56   5598.88   5342.68   5243.79   5586.76   6967.97   8821.08   9104.80  14893.62  15452.58   4994.14 -11455.72
 -11408.69   8571.08  11027.04   8843.37   9107.49   8332.75   7778.54   8104.25   9871.60  13291.32  15245.57  14868.11  13656.40
  10537.79   9168.41   8154.68   6682.43   5360.44   4153.57   3711.16   4372.50   5368.49   5646.10   4597.73   2602.47      0.00
      0.00   5487.13   6646.87   6718.27   6978.93   6829.11   6724.76   6593.42   6298.00   5896.43   5852.15   6256.32   6564.14
   6595.94   6456.18   6131.23   5508.36   5332.01   6417.38  10710.65  13030.43  10210.31  29015.68  39235.41  22217.06 -28594.81
 -37885.98  16969.52  19046.48  12937.27  11111.17  10585.18  10694.86  12947.13  17897.14  23552.48  25276.18  24061.45  21811.24
  17983.72  15703.93  14042.83  11997.84  10089.04   8587.50   7801.18   7769.00   7838.02   7106.46   5364.52   2865.21      0.00
      0.00   4736.04   6822.79   7504.88   8294.90   8284.08   8172.68   8096.26   7960.50   7314.26   6451.66   6862.31   7385.19
   7354.91   7315.42   7209.80   6486.75   8627.83  12638.50  20497.40  18874.18  12947.86  55394.09  75860.49  75807.97  -5543.14
 -66976.12   9582.27  25407.35  19803.39  13131.14  12409.30  14674.84  21466.86  36031.46  47156.81  44486.95  39272.15  35151.17
  30938.61  27874.62  24457.94  20784.79  17554.89  14872.58  13087.68  12278.88  10922.63   8310.32   5582.38   2757.57      0.00
      0.00   4261.52   6784.41   7814.32   9359.45   9951.33   9917.07   9696.98  10149.81  11330.72  11982.52  10793.37   8913.98
   7940.95   8551.56  11255.37  18122.03  28687.49  31611.54  29928.19  23749.81  30057.41 105417.91 124622.49 168251.03 110571.97
 -48005.76  -3413.44  23976.56  22419.62  13364.86  12827.87  20063.95  39218.38  88818.02 100483.36  68752.95  55870.99  51413.83
  47334.14  44464.87  38312.68  31642.85  26451.63  21441.98  17681.68  16016.87  12788.41   8213.53   4808.96   2084.32      0.00
      0.00   2769.31   4596.77   5593.91   7237.05   8305.64   8679.11   8695.66   9080.23  11617.82  15732.62  15270.75   9321.94
   6671.41   7449.29  12456.49  26114.21  42137.41  31869.18  26548.73  24108.87  44077.00 115979.86 133623.75 210958.16 221365.14
  32756.43   2559.10  15036.29  16667.07   9113.25  10219.80  23473.69  52608.05 130850.74 118326.45  62659.35  51892.91  49500.57
  44886.68  43284.00  39391.95  32577.54  26890.33  20782.76  15684.69  13187.91   9218.81   5268.91   2655.87    886.49      0.00
      0.00      0.00      0.00      0.00      0.00      0.00      0.00      0.00      0.00      0.00      0.00      0.00      0.00
      0.00      0.00      0.00      0.00      0.00      0.00      0.00      0.00      0.00      0.00      0.00      0.00      0.00
      0.00      0.00      0.00      0.00      0.00      0.00      0.00      0.00      0.00      0.00      0.00      0.00      0.00
      0.00      0.00      0.00      0.00      0.00      0.00      0.00      0.00      0.00      0.00      0.00      0.00      0.00
      0.00      0.00      0.00      0.00      0.00      0.00      0.00      0.00      0.00      0.00      0.00      0.00      0.00
      0.00      0.00      0.00      0.00      0.00      0.00      0.00      0.00      0.00      0.00      0.00      0.00      0.00
      0.00      0.00      0.00      0.00      0.00      0.00      0.00      0.00      0.00      0.00      0.00      0.00      0.00
      0.00      0.00      0.00      0.00      0.00      0.00      0.00      0.00      0.00      0.00      0.00      0.00      0.00
      0.00     -0.82     -1.62     -2.39     -3.15     -3.89     -4.63     -5.34     -6.04     -6.72     -7.38     -8.01     -8.62
     -9.22     -9.81    -10.38    -10.94    -11.49    -12.03    -12.56    -13.07    -13.55    -14.02    -14.45    -14.84    -15.18
    -15.48    -15.74    -15.93    -16.08    -16.18    -16.22    -16.20    -16.09    -15.91    -15.65    -15.29    -14.85    -14.33
    -13.72    -13.03    -12.26    -11.41    -10.49     -9.47     -8.37     -7.17     -5.88     -4.51     -3.07     -1.56      0.00
      0.00     -1.34     -2.62     -3.84     -4.98     -6.06     -7.10     -8.09     -9.04     -9.95    -10.81    -11.63    -12.40
    -13.15    -13.88    -14.60    -15.31    -16.03    -16.77    -17.54    -18.36    -19.20    -20.05    -20.91    -21.75    -22.55
    -23.28    -23.96    -24.59    -25.12    -25.49    -25.71    -25.82    -25.83    -25.73    -25.49    -25.10    -24.57    -23.90
    -23.07    -22.13    -21.08    -19.84    -18.38    -16.71    -14.82    -12.72    -10.45     -8.04     -5.48     -2.79      0.00
      0.00     -1.55     -3.02     -4.39     -5.64     -6.81     -7.89     -8.88     -9.80    -10.64    -11.42    -12.14    -12.78
    -13.37    -13.93    -14.49    -15.05    -15.64    -16.28    -16.99    -17.79    -18.69    -19.67    -20.70    -21.76    -22.85
    -23.97    -25.09    -26.14    -27.04    -27.81    -28.49    -29.08    -29.52    -29.80    -29.89    -29.76    -29.50    -29.18
    -28.56    -27.52    -26.17    -24.41    -22.32    -20.00    -17.51    -14.89    -12.18     -9.37     -6.41     -3.29      0.00
      0.00     -1.59     -3.07     -4.42     -5.63     -6.69     -7.62     -8.41     -9.08     -9.65    -10.11    -10.48    -10.75
    -10.92    -11.04    -11.11    -11.19    -11.29    -11.45    -11.70    -12.09    -12.62    -13.32    -14.18    -15.21    -16.36
    -17.62    -18.95    -20.30    -21.62    -22.91    -24.13    -25.25    -26.17    -26.83    -27.27    -27.46    -27.43    -27.09
    -26.32    -25.16    -23.75    -22.12    -20.22    -18.03    -15.62    -13.16    -10.70     -8.20     -5.61     -2.89      0.00
      0.00     -1.62     -3.09     -4.37     -5.45     -6.34     -7.02     -7.52     -7.82     -7.94     -7.91     -7.71     -7.37
     -6.88     -6.27     -5.57     -4.82     -4.08     -3.41     -2.85     -2.47     -2.31     -2.40     -2.78     -3.45     -4.40
     -5.59     -7.01     -8.58    -10.23    -11.89    -13.50    -14.98    -16.19    -17.04    -17.52    -17.67    -17.58    -17.25
    -16.65    -15.82    -14.75    -13.46    -11.95    -10.24     -8.48     -6.84     -5.35     -3.94     -2.60     -1.30      0.00
      0.00     -1.80     -3.38     -4.71     -5.77     -6.52     -6.98     -7.14     -6.99     -6.55     -5.85     -4.90     -3.75
     -2.40     -0.87      0.83      2.64      4.49      6.29      7.95      9.39     10.53     11.29     11.59     11.41     10.77
      9.73      8.33      6.66      4.79      2.83      0.91     -0.87     -2.43     -3.67     -4.58     -5.12     -5.28     -5.09
     -4.61     -3.89     -3.01     -1.99     -0.93      0.09      0.95      1.53      1.86      1.83      1.46      0.85      0.00
      0.00     -2.30     -4.24     -5.72     -6.74     -7.32     -7.44     -7.15     -6.48     -5.42     -4.01     -2.26     -0.20
      2.14      4.74      7.54     10.51     13.58     16.65     19.60     22.37     24.77     26.57     27.59     27.83     27.33
     26.18     24.51     22.43     20.08     17.56     15.09     12.81     10.79      9.08      7.81      6.97      6.54      6.48
      6.71      7.17      7.68      8.23      8.83      9.34      9.49      9.28      8.70      7.45      5.44      2.95      0.00
      0.00     -2.89     -5.16     -6.79     -7.77     -8.11     -7.88     -7.12     -5.92     -4.29     -2.23      0.29      3.24
      6.56     10.20     14.11     18.21     22.43     26.69     30.90     34.84     38.21     40.83     42.57     43.35     42.98
     41.52     39.29     36.46     33.19     29.71     26.30     23.21     20.49     18.23     16.52     15.35     14.66     14.39
     14.45     14.70     15.01     15.19     15.14     14.90     14.56     14.21     13.36     11.21      7.97      4.18      0.00
      0.00     -3.42     -6.08     -7.88     -8.81     -8.91     -8.25     -7.06     -5.35     -3.08     -0.29      2.95      6.62
     10.74     15.23     20.04     25.08     30.26     35.45     40.50     45.19     49.30     52.46     54.37     55.20     54.75
     52.88     50.07     46.52     42.22     37.54     32.98     28.80     25.17     22.19     19.94     18.36     17.33     16.84
     16.84     17.04     17.11     16.77     16.31     15.86     15.48     15.15     14.02     11.71      8.40      4.46      0.00
      0.00     -3.93     -6.93     -8.82     -9.67     -9.44     -8.45     -6.86     -4.54     -1.58      1.98      5.95     10.31
     15.09     20.26     25.71     31.32     36.99     42.60     47.90     52.60     56.62     59.69     61.74     62.37     61.46
     58.99     55.27     50.78     45.58     39.89     34.20     28.88     24.30     20.56     17.68     15.59     14.14     13.23
     12.80     12.86     12.79     12.30     11.88     11.71     11.74     11.73     10.82      8.95      6.49      3.58      0.00
      0.00     -4.05     -7.10     -9.10     -9.77     -9.03     -7.56     -5.47     -2.63      0.87      5.02      9.66     14.66
     19.96     25.50     31.18     36.90     42.51     47.89     52.79     56.99     60.22     62.50     63.90     64.05     62.73
     59.61     54.93     49.33     43.12     36.53     29.94     23.71     18.27     13.79     10.20      7.41      5.36      3.88
      2.92      2.43      2.09      1.90      2.00      2.45      3.10      3.63      3.76      3.47      2.87      1.82      0.00
      0.00     -3.48     -5.99     -7.43     -7.61     -6.54     -4.53     -1.87      1.30      5.14      9.77     14.83     20.11
     25.53     31.04     36.56     41.91     46.94     51.57     55.46     58.58     60.71     61.80     61.84     60.64     58.15
     54.34     49.20     42.98     35.92     28.54     21.25     14.36      8.23      3.00     -1.37     -4.95     -7.78     -9.90
    -11.44    -12.51    -13.13    -13.25    -12.75    -11.76    -10.38     -8.81     -7.12     -5.32     -3.42     -1.56      0.00
      0.00     -2.51     -4.14     -4.69     -4.11     -2.52     -0.02      3.29      7.21     11.61     16.39     21.43     26.60
     31.83     37.04     42.05     46.60     50.47     53.81     56.35     58.00     58.77     58.55     56.99     54.03     50.06
     45.14     39.22     32.51     25.10     17.36      9.71      2.43     -4.24    -10.18    -15.35    -19.74    -23.38    -26.29
    -28.56    -30.22    -31.24    -31.57    -31.12    -29.87    -27.84    -25.08    -21.55    -17.21    -12.14     -6.42      0.00
      0.00     -1.66     -2.38     -1.95     -0.40      2.10      5.44      9.52     14.11     18.94     23.88     28.86     33.79
     38.58     43.14     47.32     50.82     53.25     54.68     55.48     55.39     54.33     52.34     49.27     44.96     39.85
     33.98     27.39     20.22     12.59      4.76     -3.01    -10.48    -17.49    -23.94    -29.71    -34.77    -39.21    -43.00
    -46.09    -48.53    -50.23    -51.05    -50.79    -49.32    -46.59    -42.59    -37.13    -29.98    -21.29    -11.31      0.00
      0.00     -0.95     -0.65      0.99      3.70      7.28     11.51     16.21     21.19     26.23     31.20     36.00     40.51
     44.60     48.17     51.18     53.38     54.41     53.99     52.71     50.75     47.80     44.02     39.55     34.39     28.56
     22.10     15.14      7.79      0.14     -7.62    -15.31    -22.78    -29.94    -36.62    -42.71    -48.27    -53.35    -57.94
    -61.96    -65.23    -67.67    -69.24    -69.47    -67.76    -64.12    -58.68    -51.24    -41.44    -29.42    -15.49      0.00
      0.00     -0.06      1.31      3.88      7.43     11.78     16.69     21.94     27.28     32.45     37.33     41.81     45.74
     49.03     51.58     53.25     53.73     52.96     51.05     48.14     44.43     39.98     34.92     29.37     23.47     17.23
     10.66      3.77     -3.47    -10.94    -18.47    -25.88    -33.11    -40.11    -46.84    -53.22    -59.19    -64.71    -69.92
    -74.65    -78.66    -82.07    -84.15    -84.32    -82.43    -78.06    -71.18    -62.00    -50.57    -36.74    -19.84      0.00
      0.00      0.59      2.45      5.57      9.76     14.80     20.35     26.12     31.78     37.02     41.73     45.82     49.11
     51.44     52.77     52.94     51.88     49.79     46.60     42.32     37.22     31.58     25.59     19.43     13.23      7.00
      0.72     -5.81    -12.66    -19.82    -26.99    -33.99    -40.79    -47.43    -53.91    -60.22    -66.34    -72.14    -77.75
    -83.13    -88.03    -92.29    -94.67    -94.40    -91.81    -86.91    -79.35    -69.58    -57.91    -43.41    -23.90      0.00
      0.00      0.55      2.41      5.81     10.53     16.18     22.35     28.58     34.45     39.59     44.06     47.56     49.88
     51.08     51.29     50.35     48.37     45.47     41.39     36.04     29.89     23.39     16.84     10.47      4.37     -1.52
     -7.21    -13.06    -19.32    -25.98    -32.67    -39.14    -45.43    -51.56    -57.65    -63.65    -69.46    -75.38    -81.37
    -86.99    -92.10    -96.21    -98.33    -98.27    -95.82    -90.99    -83.83    -74.34    -61.75    -44.70    -23.76      0.00
      0.00      0.06      1.70      5.11     10.02     16.08     22.63     29.10     34.91     39.74     43.54     46.19     47.83
     48.46     48.01     46.57     44.07     40.43     35.55     29.62     22.90     16.02      9.24      3.02     -2.72     -7.95
    -12.89    -17.94    -23.44    -29.42    -35.42    -41.28    -47.09    -52.81    -58.46    -63.96    -69.40    -74.99    -80.55
    -85.87    -90.72    -94.34    -96.08    -95.79    -93.31    -88.86    -82.32    -72.04    -57.75    -40.47    -21.04      0.00
      0.00     -0.43      0.92      4.09      8.83     14.93     21.58     27.77     33.01     37.31     40.65     43.03     44.42
     44.75     44.02     42.20     39.24     35.13     29.98     23.78     16.88      9.96      3.33     -2.50     -7.56    -12.09
    -16.29    -20.62    -25.38    -30.57    -35.85    -41.14    -46.47    -51.78    -57.01    -61.93    -66.76    -71.64    -76.46
    -81.07    -84.95    -87.65    -88.82    -88.11    -85.54    -80.80    -73.65    -63.37    -50.03    -34.64    -17.88      0.00
      0.00     -0.80      0.45      3.44      7.89     13.57     19.84     25.43     30.22     34.12     37.11     39.18     40.33
     40.52     39.60     37.55     34.44     30.31     25.20     19.07     12.30      5.61     -0.61     -6.09    -10.26    -14.02
    -17.69    -21.43    -25.51    -29.96    -34.59    -39.30    -44.09    -48.88    -53.52    -57.85    -62.06    -66.25    -70.29
    -73.92    -76.75    -78.54    -79.08    -78.01    -75.16    -70.33    -63.08    -53.40    -41.88    -28.91    -14.85      0.00
      0.00     -0.52      0.71      3.57      7.71     12.78     18.17     23.05     27.21     30.63     33.23     35.01     35.94
     35.95     34.88     32.83     29.88     26.03     21.30     15.66      9.42      3.18     -2.51     -7.30    -10.95    -14.30
    -17.54    -20.80    -24.26    -28.03    -32.02    -36.14    -40.33    -44.50    -48.52    -52.31    -55.99    -59.51    -62.74
    -65.48    -67.50    -68.58    -68.53    -67.14    -64.12    -59.19    -52.41    -44.11    -34.47    -23.75    -12.17      0.00
      0.00      0.41      1.92      4.51      8.06     12.27     16.60     20.59     24.10     26.95     29.11     30.60     31.30
     31.14     30.14     28.30     25.65     22.27     18.14     13.29      7.92      2.49     -2.47     -6.74    -10.24    -13.26
    -16.21    -19.08    -22.05    -25.22    -28.60    -32.11    -35.68    -39.23    -42.70    -45.97    -49.03    -51.92    -54.44
    -56.47    -57.84    -58.37    -57.90    -56.18    -53.05    -48.59    -42.86    -35.97    -28.07    -19.32     -9.89      0.00
      0.00      1.18      2.88      5.22      8.16     11.48     14.84     18.03     20.86     23.17     24.93     26.10     26.62
     26.43     25.58     24.03     21.80     18.94     15.46     11.43      7.04      2.56     -1.65     -5.40     -8.62    -11.42
    -14.09    -16.64    -19.18    -21.86    -24.68    -27.58    -30.54    -33.49    -36.37    -39.13    -41.64    -43.93    -45.85
    -47.30    -48.13    -48.20    -47.43    -45.69    -42.95    -39.20    -34.51    -28.92    -22.56    -15.53     -7.97      0.00
      0.00      1.52      3.23      5.27      7.65     10.23     12.82     15.28     17.50     19.35     20.72     21.59     21.98
     21.81     21.13     19.91     18.12     15.79     12.94      9.70      6.21      2.64     -0.79     -3.93     -6.73     -9.25
    -11.58    -13.78    -15.92    -18.17    -20.49    -22.82    -25.20    -27.56    -29.87    -32.07    -34.08    -35.82    -37.25
    -38.28    -38.74    -38.59    -37.79    -36.26    -33.99    -30.98    -27.24    -22.82    -17.80    -12.26     -6.29      0.00
      0.00      1.50      3.05      4.73      6.58      8.54     10.50     12.34     14.03     15.42     16.43     17.09     17.36
     17.25     16.73     15.79     14.42     12.61     10.41      7.92      5.24      2.50     -0.16     -2.65     -4.94     -7.03
     -8.96    -10.77    -12.52    -14.32    -16.18    -18.02    -19.85    -21.67    -23.45    -25.11    -26.64    -27.94    -28.96
    -29.67    -29.93    -29.73    -29.04    -27.82    -26.05    -23.71    -20.83    -17.45    -13.61     -9.37     -4.80      0.00
      0.00      1.25      2.49      3.79      5.16      6.56      7.96      9.29     10.48     11.45     12.17     12.65     12.85
     12.79     12.43     11.75     10.73      9.41      7.82      6.04      4.11      2.13      0.19     -1.64     -3.36     -4.95
     -6.44     -7.82     -9.14    -10.48    -11.88    -13.27    -14.60    -15.93    -17.21    -18.42    -19.51    -20.41    -21.10
    -21.54    -21.70    -21.55    -21.04    -20.14    -18.85    -17.14    -15.05    -12.60     -9.80     -6.72     -3.43      0.00
      0.00      0.87      1.74      2.61      3.52      4.44      5.33      6.18      6.93      7.55      8.02      8.34      8.48
      8.43      8.21      7.77      7.10      6.24      5.23      4.08      2.84      1.56      0.31     -0.89     -2.01     -3.07
     -4.07     -5.00     -5.89     -6.78     -7.71     -8.62     -9.49    -10.36    -11.20    -12.00    -12.71    -13.28    -13.71
    -13.98    -14.08    -13.97    -13.63    -13.04    -12.18    -11.07     -9.71     -8.11     -6.29     -4.30     -2.19      0.00
      0.00      0.45      0.88      1.33      1.78      2.23      2.66      3.07      3.43      3.73      3.97      4.12      4.19
      4.17      4.07      3.86      3.53      3.11      2.62      2.06      1.46      0.85      0.23     -0.36     -0.90     -1.42
     -1.91     -2.38     -2.83     -3.28     -3.73     -4.17     -4.61     -5.04     -5.45     -5.86     -6.23     -6.52     -6.76
     -6.88     -6.91     -6.85     -6.66     -6.36     -5.93     -5.39     -4.72     -3.93     -3.04     -2.08     -1.06      0.00
      0.00      0.00      0.00      0.00      0.00      0.00      0.00      0.00      0.00      0.00      0.00      0.00      0.00
      0.00      0.00      0.00      0.00      0.00      0.00      0.00      0.00      0.00      0.00      0.00      0.00      0.00
      0.00      0.00      0.00      0.00      0.00      0.00      0.00      0.00      0.00      0.00      0.00      0.00      0.00
      0.00      0.00      0.00      0.00      0.00      0.00      0.00      0.00      0.00      0.00      0.00      0.00      0.00
      0.00      0.00      0.00      0.00      0.00      0.00      0.00      0.00      0.00      0.00      0.00      0.00      0.00
      0.00      0.00      0.00      0.00      0.00      0.00      0.00      0.00      0.00      0.00      0.00      0.00      0.00
      0.00      0.00      0.00      0.00      0.00      0.00      0.00      0.00      0.00      0.00      0.00      0.00      0.00
      0.00      0.00      0.00      0.00      0.00      0.00      0.00      0.00      0.00      0.00      0.00      0.00      0.00
      0.00     -0.82     -1.62     -2.39     -3.15     -3.89     -4.63     -5.34     -6.04     -6.72     -7.38     -8.01     -8.62
     -9.22     -9.81    -10.38    -10.94    -11.49    -12.03    -12.56    -13.07    -13.55    -14.02    -14.45    -14.84    -15.18
    -15.48    -15.74    -15.93    -16.08    -16.18    -16.22    -16.20    -16.09    -15.91    -15.65    -15.29    -14.85    -14.33
    -13.72    -13.03    -12.26    -11.41    -10.49     -9.47     -8.37     -7.17     -5.88     -4.51     -3.07     -1.56      0.00
      0.00     -1.34     -2.62     -3.84     -4.98     -6.06     -7.10     -8.09     -9.04     -9.95    -10.81    -11.63    -12.40
    -13.15    -13.88    -14.60    -15.31    -16.03    -16.77    -17.54    -18.36    -19.20    -20.05    -20.91    -21.75    -22.55
    -23.28    -23.96    -24.59    -25.12    -25.49    -25.71    -25.82    -25.83    -25.73    -25.49    -25.10    -24.57    -23.90
    -23.07    -22.13    -21.08    -19.84    -18.38    -16.71    -14.82    -12.72    -10.45     -8.04     -5.48     -2.79      0.00
      0.00     -1.55     -3.02     -4.39     -5.64     -6.81     -7.89     -8.88     -9.80    -10.64    -11.42    -12.14    -12.78
    -13.37    -13.93    -14.49    -15.05    -15.64    -16.28    -16.99    -17.79    -18.69    -19.67    -20.70    -21.76    -22.85
    -23.97    -25.09    -26.14    -27.04    -27.81    -28.49    -29.08    -29.52    -29.80    -29.89    -29.76    -29.50    -29.18
    -28.56    -27.52    -26.17    -24.41    -22.32    -20.00    -17.51    -14.89    -12.18     -9.37     -6.41     -3.29      0.00
      0.00     -1.59     -3.07     -4.42     -5.63     -6.69     -7.62     -8.41     -9.08     -9.65    -10.11    -10.48    -10.75
    -10.92    -11.04    -11.11    -11.19    -11.29    -11.45    -11.70    -12.09    -12.62    -13.32    -14.18    -15.21    -16.36
    -17.62    -18.95    -20.30    -21.62    -22.91    -24.13    -25.25    -26.17    -26.83    -27.27    -27.46    -27.43    -27.09
    -26.32    -25.16    -23.75    -22.12    -20.22    -18.03    -15.62    -13.16    -10.70     -8.20     -5.61     -2.89      0.00
      0.00     -1.62     -3.09     -4.37     -5.45     -6.34     -7.02     -7.52     -7.82     -7.94     -7.91     -7.71     -7.37
     -6.88     -6.27     -5.57     -4.82     -4.08     -3.41     -2.85     -2.47     -2.31     -2.40     -2.78     -3.45     -4.40
     -5.59     -7.01     -8.58    -10.23    -11.89    -13.50    -14.98    -16.19    -17.04    -17.52    -17.67    -17.58    -17.25
    -16.65    -15.82    -14.75    -13.46    -11.95    -10.24     -8.48     -6.84     -5.35     -3.94     -2.60     -1.30      0.00
      0.00     -1.80     -3.38     -4.71     -5.77     -6.52     -6.98     -7.14     -6.99     -6.55     -5.85     -4.90     -3.75
     -2.40     -0.87      0.83      2.64      4.49      6.29      7.95      9.39     10.53     11.29     11.59     11.41     10.77
      9.73      8.33      6.66      4.79      2.83      0.91     -0.87     -2.43     -3.67     -4.58     -5.12     -5.28     -5.09
     -4.61     -3.89     -3.01     -1.99     -0.93      0.09      0.95      1.53      1.86      1.83      1.46      0.85      0.00
      0.00     -2.30     -4.24     -5.72     -6.74     -7.32     -7.44     -7.15     -6.48     -5.42     -4.01     -2.26     -0.20
      2.14      4.74      7.54     10.51     13.58     16.65     19.60     22.37     24.77     26.57     27.59     27.83     27.33
     26.18     24.51     22.43     20.08     17.56     15.09     12.81     10.79      9.08      7.81      6.97      6.54      6.48
      6.71      7.17      7.68      8.23      8.83      9.34      9.49      9.28      8.70      7.45      5.44      2.95      0.00
      0.00     -2.89     -5.16     -6.79     -7.77     -8.11     -7.88     -7.12     -5.92     -4.29     -2.23      0.29      3.24
      6.56     10.20     14.11     18.21     22.43     26.69     30.90     34.84     38.21     40.83     42.57     43.35     42.98
     41.52     39.29     36.46     33.19     29.71     26.30     23.21     20.49     18.23     16.52     15.35     14.66     14.39
     14.45     14.70     15.01     15.19     15.14     14.90     14.56     14.21     13.36     11.21      7.97      4.18      0.00
      0.00     -3.42     -6.08     -7.88     -8.81     -8.91     -8.25     -7.06     -5.35     -3.08     -0.29      2.95      6.62
     10.74     15.23     20.04     25.08     30.26     35.45     40.50     45.19     49.30     52.46     54.37     55.20     54.75
     52.88     50.07     46.52     42.22     37.54     32.98     28.80     25.17     22.19     19.94     18.36     17.33     16.84
     16.84     17.04     17.11     16.77     16.31     15.86     15.48     15.15     14.02     11.71      8.40      4.46      0.00
      0.00     -3.93     -6.93     -8.82     -9.67     -9.44     -8.45     -6.86     -4.54     -1.58      1.98      5.95     10.31
     15.09     20.26     25.71     31.32     36.99     42.60     47.90     52.60     56.62     59.69     61.74     62.37     61.46
     58.99     55.27     50.78     45.58     39.89     34.20     28.88     24.30     20.56     17.68     15.59     14.14     13.23
     12.80     12.86     12.79     12.30     11.88     11.71     11.74     11.73     10.82      8.95      6.49      3.58      0.00
      0.00     -4.05     -7.10     -9.10     -9.77     -9.03     -7.56     -5.47     -2.63      0.87      5.02      9.66     14.66
     19.96     25.50     31.18     36.90     42.51     47.89     52.79     56.99     60.22     62.50     63.90     64.05     62.73
     59.61     54.93     49.33     43.12     36.53     29.94     23.71     18.27     13.79     10.20      7.41      5.36      3.88
      2.92      2.43      2.09      1.90      2.00      2.45      3.10      3.63      3.76      3.47      2.87      1.82      0.00
      0.00     -3.48     -5.99     -7.43     -7.61     -6.54     -4.53     -1.87      1.30      5.14      9.77     14.83     20.11
     25.53     31.04     36.56     41.91     46.94     51.57     55.46     58.58     60.71     61.80     61.84     60.64     58.15
     54.34     49.20     42.98     35.92     28.54     21.25     14.36      8.23      3.00     -1.37     -4.95     -7.78     -9.90
    -11.44    -12.51    -13.13    -13.25    -12.75    -11.76    -10.38     -8.81     -7.12     -5.32     -3.42     -1.56      0.00
      0.00     -2.51     -4.14     -4.69     -4.11     -2.52     -0.02      3.29      7.21     11.61     16.39     21.43     26.60
     31.83     37.04     42.05     46.60     50.47     53.81     56.35     58.00     58.77     58.55     56.99     54.03     50.06
     45.14     39.22     32.51     25.10     17.36      9.71      2.43     -4.24    -10.18    -15.35    -19.74    -23.38    -26.29
    -28.56    -30.22    -31.24    -31.57    -31.12    -29.87    -27.84    -25.08    -21.55    -17.21    -12.14     -6.42      0.00
      0.00     -1.66     -2.38     -1.95     -0.40      2.10      5.44      9.52     14.11     18.94     23.88     28.86     33.79
     38.58     43.14     47.32     50.82     53.25     54.68     55.48     55.39     54.33     52.34     49.27     44.96     39.85
     33.98     27.39     20.22     12.59      4.76     -3.01    -10.48    -17.49    -23.94    -29.71    -34.77    -39.21    -43.00
    -46.09    -48.53    -50.23    -51.05    -50.79    -49.32    -46.59    -42.59    -37.13    -29.98    -21.29    -11.31      0.00
      0.00     -0.95     -0.65      0.99      3.70      7.28     11.51     16.21     21.19     26.23     31.20     36.00     40.51
     44.60     48.17     51.18     53.38     54.41     53.99     52.71     50.75     47.80     44.02     39.55     34.39     28.56
     22.10     15.14      7.79      0.14     -7.62    -15.31    -22.78    -29.94    -36.62    -42.71    -48.27    -53.35    -57.94
    -61.96    -65.23    -67.67    -69.24    -69.47    -67.76    -64.12    -58.68    -51.24    -41.44    -29.42    -15.49      0.00
      0.00     -0.06      1.31      3.88      7.43     11.78     16.69     21.94     27.28     32.45     37.33     41.81     45.74
     49.03     51.58     53.25     53.73     52.96     51.05     48.14     44.43     39.98     34.92     29.37     23.47     17.23
     10.66      3.77     -3.47    -10.94    -18.47    -25.88    -33.11    -40.11    -46.84    -53.22    -59.19    -64.71    -69.92
    -74.65    -78.66    -82.07    -84.15    -84.32    -82.43    -78.06    -71.18    -62.00    -50.57    -36.74    -19.84      0.00
      0.00      0.59      2.45      5.57      9.76     14.80     20.35     26.12     31.78     37.02     41.73     45.82     49.11
     51.44     52.77     52.94     51.88     49.79     46.60     42.32     37.22     31.58     25.59     19.43     13.23      7.00
      0.72     -5.81    -12.66    -19.82    -26.99    -33.99    -40.79    -47.43    -53.91    -60.22    -66.34    -72.14    -77.75
    -83.13    -88.03    -92.29    -94.67    -94.40    -91.81    -86.91    -79.35    -69.58    -57.91    -43.41    -23.90      0.00
      0.00      0.55      2.41      5.81     10.53     16.18     22.35     28.58     34.45     39.59     44.06     47.56     49.88
     51.08     51.29     50.35     48.37     45.47     41.39     36.04     29.89     23.39     16.84     10.47      4.37     -1.52
     -7.21    -13.06    -19.32    -25.98    -32.67    -39.14    -45.43    -51.56    -57.65    -63.65    -69.46    -75.38    -81.37
    -86.99    -92.10    -96.21    -98.33    -98.27    -95.82    -90.99    -83.83    -74.34    -61.75    -44.70    -23.76      0.00
      0.00      0.06      1.70      5.11     10.02     16.08     22.63     29.10     34.91     39.74     43.54     46.19     47.83
     48.46     48.01     46.57     44.07     40.43     35.55     29.62     22.90     16.02      9.24      3.02     -2.72     -7.95
    -12.89    -17.94    -23.44    -29.42    -35.42    -41.28    -47.09    -52.81    -58.46    -63.96    -69.40    -74.99    -80.55
    -85.87    -90.72    -94.34    -96.08    -95.79    -93.31    -88.86    -82.32    -72.04    -57.75    -40.47    -21.04      0.00
      0.00     -0.43      0.92      4.09      8.83     14.93     21.58     27.77     33.01     37.31     40.65     43.03     44.42
     44.75     44.02     42.20     39.24     35.13     29.98     23.78     16.88      9.96      3.33     -2.50     -7.56    -12.09
    -16.29    -20.62    -25.38    -30.57    -35.85    -41.14    -46.47    -51.78    -57.01    -61.93    -66.76    -71.64    -76.46
    -81.07    -84.95    -87.65    -88.82    -88.11    -85.54    -80.80    -73.65    -63.37    -50.03    -34.64    -17.88      0.00
      0.00     -0.80      0.45      3.44      7.89     13.57     19.84     25.43     30.22     34.12     37.11     39.18     40.33
     40.52     39.60     37.55     34.44     30.31     25.20     19.07     12.30      5.61     -0.61     -6.09    -10.26    -14.02
    -17.69    -21.43    -25.51    -29.96    -34.59    -39.30    -44.09    -48.88    -53.52    -57.85    -62.06    -66.25    -70.29
    -73.92    -76.75    -78.54    -79.08    -78.01    -75.16    -70.33    -63.08    -53.40    -41.88    -28.91    -14.85      0.00
      0.00     -0.52      0.71      3.57      7.71     12.78     18.17     23.05     27.21     30.63     33.23     35.01     35.94
     35.95     34.88     32.83     29.88     26.03     21.30     15.66      9.42      3.18     -2.51     -7.30    -10.95    -14.30
    -17.54    -20.80    -24.26    -28.03    -32.02    -36.14    -40.33    -44.50    -48.52    -52.31    -55.99    -59.51    -62.74
    -65.48    -67.50    -68.58    -68.53    -67.14    -64.12    -59.19    -52.41    -44.11    -34.47    -23.75    -12.17      0.00
      0.00      0.41      1.92      4.51      8.06     12.27     16.60     20.59     24.10     26.95     29.11     30.60     31.30
     31.14     30.14     28.30     25.65     22.27     18.14     13.29      7.92      2.49     -2.47     -6.74    -10.24    -13.26
    -16.21    -19.08    -22.05    -25.22    -28.60    -32.11    -35.68    -39.23    -42.70    -45.97    -49.03    -51.92    -54.44
    -56.47    -57.84    -58.37    -57.90    -56.18    -53.05    -48.59    -42.86    -35.97    -28.07    -19.32     -9.89      0.00
      0.00      1.18      2.88      5.22      8.16     11.48     14.84     18.03     20.86     23.17     24.93     26.10     26.62
     26.43     25.58     24.03     21.80     18.94     15.46     11.43      7.04      2.56     -1.65     -5.40     -8.62    -11.42
    -14.09    -16.64    -19.18    -21.86    -24.68    -27.58    -30.54    -33.49    -36.37    -39.13    -41.64    -43.93    -45.85
    -47.30    -48.13    -48.20    -47.43    -45.69    -42.95    -39.20    -34.51    -28.92    -22.56    -15.53     -7.97      0.00
      0.00      1.52      3.23      5.27      7.65     10.23     12.82     15.28     17.50     19.35     20.72     21.59     21.98
     21.81     21.13     19.91     18.12     15.79     12.94      9.70      6.21      2.64     -0.79     -3.93     -6.73     -9.25
    -11.58    -13.78    -15.92    -18.17    -20.49    -22.82    -25.20    -27.56    -29.87    -32.07    -34.08    -35.82    -37.25
    -38.28    -38.74    -38.59    -37.79    -36.26    -33.99    -30.98    -27.24    -22.82    -17.80    -12.26     -6.29      0.00
      0.00      1.50      3.05      4.73      6.58      8.54     10.50     12.34     14.03     15.42     16.43     17.09     17.36
     17.25     16.73     15.79     14.42     12.61     10.41      7.92      5.24      2.50     -0.16     -2.65     -4.94     -7.03
     -8.96    -10.77    -12.52    -14.32    -16.18    -18.02    -19.85    -21.67    -23.45    -25.11    -26.64    -27.94    -28.96
    -29.67    -29.93    -29.73    -29.04    -27.82    -26.05    -23.71    -20.83    -17.45    -13.61     -9.37     -4.80      0.00
      0.00      1.25      2.49      3.79      5.16      6.56      7.96      9.29     10.48     11.45     12.17     12.65     12.85
     12.79     12.43     11.75     10.73      9.41      7.82      6.04      4.11      2.13      0.19     -1.64     -3.36     -4.95
     -6.44     -7.82     -9.14    -10.48    -11.88    -13.27    -14.60    -15.93    -17.21    -18.42    -19.51    -20.41    -21.10
    -21.54    -21.70    -21.55    -21.04    -20.14    -18.85    -17.14    -15.05    -12.60     -9.80     -6.72     -3.43      0.00
      0.00      0.87      1.74      2.61      3.52      4.44      5.33      6.18      6.93      7.55      8.02      8.34      8.48
      8.43      8.21      7.77      7.10      6.24      5.23      4.08      2.84      1.56      0.31     -0.89     -2.01     -3.07
     -4.07     -5.00     -5.89     -6.78     -7.71     -8.62     -9.49    -10.36    -11.20    -12.00    -12.71    -13.28    -13.71
    -13.98    -14.08    -13.97    -13.63    -13.04    -12.18    -11.07     -9.71     -8.11     -6.29     -4.30     -2.19      0.00
      0.00      0.45      0.88      1.33      1.78      2.23      2.66      3.07      3.43      3.73      3.97      4.12      4.19
      4.17      4.07      3.86      3.53      3.11      2.62      2.06      1.46      0.85      0.23     -0.36     -0.90     -1.42
     -1.91     -2.38     -2.83     -3.28     -3.73     -4.17     -4.61     -5.04     -5.45     -5.86     -6.23     -6.52     -6.76
     -6.88     -6.91     -6.85     -6.66     -6.36     -5.93     -5.39     -4.72     -3.93     -3.04     -2.08     -1.06      0.00
      0.00      0.00      0.00      0.00      0.00      0.00      0.00      0.00      0.00      0.00      0.00      0.00      0.00
      0.00      0.00      0.00      0.00      0.00      0.00      0.00      0.00      0.00      0.00      0.00      0.00      0.00
      0.00      0.00      0.00      0.00      0.00      0.00      0.00      0.00      0.00      0.00      0.00      0.00      0.00
      0.00      0.00      0.00      0.00      0.00      0.00      0.00      0.00      0.00      0.00      0.00      0.00      0.00
      0.00      0.00      0.00      0.00      0.00      0.00      0.00      0.00      0.00      0.00      0.00      0.00      0.00
      0.00      0.00      0.00      0.00      0.00      0.00      0.00      0.00      0.00      0.00      0.00      0.00      0.00
      0.00      0.00      0.00      0.00      0.00      0.00      0.00      0.00      0.00      0.00      0.00      0.00      0.00
      0.00      0.00      0.00      0.00      0.00      0.00      0.00      0.00      0.00      0.00      0.00      0.00      0.00
      0.00     -1.09     -2.19     -3.26     -4.33     -5.38     -6.43     -7.45     -8.46     -9.44    -10.39    -11.33    -12.24
    -13.13    -14.01    -14.86    -15.71    -16.54    -17.35    -18.14    -18.89    -19.61    -20.29    -20.92    -21.48    -21.97
    -22.39    -22.73    -23.01    -23.20    -23.30    -23.29    -23.16    -22.91    -22.53    -22.04    -21.42    -20.68    -19.81
    -18.82    -17.71    -16.50    -15.19    -13.78    -12.29    -10.72     -9.07     -7.35     -5.58     -3.75     -1.89      0.00
      0.00     -1.79     -3.55     -5.25     -6.87     -8.41     -9.91    -11.36    -12.77    -14.13    -15.46    -16.74    -17.99
    -19.21    -20.40    -21.59    -22.78    -23.97    -25.19    -26.44    -27.72    -29.05    -30.40    -31.74    -33.05    -34.30
    -35.47    -36.56    -37.55    -38.36    -38.93    -39.27    -39.38    -39.28    -38.95    -38.40    -37.60    -36.55    -35.28
    -33.76    -32.01    -30.04    -27.84    -25.41    -22.78    -19.94    -16.90    -13.71    -10.42     -7.03     -3.54      0.00
      0.00     -2.10     -4.13     -6.05     -7.85     -9.54    -11.13    -12.63    -14.05    -15.39    -16.66    -17.87    -19.02
    -20.11    -21.17    -22.22    -23.29    -24.39    -25.55    -26.80    -28.19    -29.71    -31.38    -33.15    -34.99    -36.87
    -38.81    -40.75    -42.57    -44.22    -45.69    -46.97    -48.01    -48.73    -49.06    -49.02    -48.61    -47.73    -46.50
    -44.81    -42.58    -39.90    -36.68    -33.08    -29.26    -25.29    -21.23    -17.14    -13.00     -8.77     -4.44      0.00
      0.00     -2.21     -4.32     -6.28     -8.08     -9.72    -11.17    -12.46    -13.60    -14.61    -15.49    -16.25    -16.88
    -17.41    -17.85    -18.23    -18.60    -19.00    -19.48    -20.09    -20.88    -21.90    -23.17    -24.72    -26.53    -28.57
    -30.82    -33.24    -35.78    -38.37    -40.94    -43.40    -45.64    -47.44    -48.70    -49.40    -49.42    -48.80    -47.41
    -45.20    -42.31    -38.99    -35.36    -31.48    -27.46    -23.33    -19.28    -15.39    -11.57     -7.76     -3.92      0.00
      0.00     -2.36     -4.58     -6.59     -8.33     -9.78    -10.96    -11.87    -12.51    -12.90    -13.06    -13.01    -12.75
    -12.30    -11.67    -10.90    -10.04     -9.17     -8.35     -7.69     -7.26     -7.15     -7.43     -8.15     -9.33    -10.99
    -13.11    -15.64    -18.54    -21.71    -25.01    -28.24    -31.15    -33.53    -35.20    -36.11    -36.16    -35.53    -34.25
    -32.21    -29.53    -26.36    -22.91    -19.30    -15.76    -12.51     -9.68     -7.30     -5.22     -3.34     -1.62      0.00
      0.00     -2.76     -5.28     -7.46     -9.20    -10.50    -11.35    -11.78    -11.81    -11.48    -10.81     -9.84     -8.58
     -7.02     -5.15     -2.99     -0.59      1.97      4.55      7.02      9.24     11.06     12.32     12.91     12.76     11.84
     10.20      7.88      4.98      1.66     -1.89     -5.44     -8.75    -11.59    -13.75    -15.12    -15.63    -15.23    -13.97
    -12.02     -9.54     -6.76     -3.88     -1.18      1.17      2.90      3.84      4.09      3.66      2.77      1.57      0.00
      0.00     -3.45     -6.47     -8.82    -10.53    -11.64    -12.18    -12.19    -11.75    -10.86     -9.54     -7.78     -5.58
     -2.94      0.19      3.80      7.88     12.36     17.11     21.91     26.52     30.66     34.03     36.32     37.34     37.03
     35.55     33.09     29.83     25.99     21.82     17.66     13.77     10.40      7.77      6.05      5.31      5.52      6.55
      8.22     10.26     12.39     14.48     16.42     17.76     18.00     17.23     15.49     12.64      8.92      4.78      0.00
      0.00     -4.20     -7.78    -10.54    -12.41    -13.44    -13.71    -13.32    -12.38    -10.92     -8.96     -6.47     -3.40
      0.33      4.77      9.95     15.84     22.31     29.18     36.26     43.17     49.48     54.84     58.86     61.22     61.56
     59.90     56.69     52.34     47.22     41.77     36.36     31.36     27.08     23.77     21.61     20.63     20.72     21.67
     23.16     24.92     26.75     28.35     29.36     29.54     28.89     27.39     24.49     19.60     13.51      6.98      0.00
      0.00     -5.38     -9.98    -13.37    -15.43    -16.33    -16.23    -15.44    -13.92    -11.66     -8.76     -5.26     -1.20
      3.58      9.18     15.71     23.20     31.54     40.35     49.24     57.85     65.65     72.18     76.95     79.73     80.27
     78.42     74.50     69.01     62.30     55.02     47.93     41.42     35.88     31.65     28.90     27.62     27.54     28.34
     29.89     31.81     33.37     34.51     35.13     34.75     33.65     31.72     27.95     22.31     15.38      7.79      0.00
      0.00     -6.72    -12.40    -16.44    -18.74    -19.42    -18.95    -17.65    -15.35    -12.17     -8.17     -3.55      1.72
      7.81     14.81     22.69     31.41     40.75     50.42     60.10     69.26     77.39     84.09     89.10     91.99     92.05
     89.02     83.74     76.88     68.75     59.76     50.83     42.69     35.85     30.70     27.38     25.71     25.21     25.65
     26.94     28.71     30.30     31.29     31.89     31.73     30.90     29.11     25.49     20.21     13.99      7.24      0.00
      0.00     -7.04    -13.17    -17.93    -20.49    -20.66    -19.53    -17.51    -14.57    -10.69     -5.87     -0.26      6.04
     13.13     21.09     29.81     39.11     48.78     58.53     67.93     76.63     83.99     89.78     93.84     95.81     95.03
     90.98     84.19     75.77     66.05     55.54     45.13     35.69     27.81     21.89     17.92     15.60     14.52     14.35
     14.96     16.09     17.28     18.46     19.61     20.25     20.12     19.08     16.85     13.53      9.53      5.02      0.00
      0.00     -6.05    -11.29    -15.27    -17.46    -17.48    -15.87    -13.24     -9.88     -5.61     -0.23      5.86     12.51
     19.84     28.02     36.92     46.24     55.55     64.56     72.54     79.31     85.19     89.40     91.34     90.85     88.05
     83.02     75.68     66.40     55.46     43.79     32.44     22.17     13.59      6.98      2.27     -0.91     -2.81     -3.75
     -4.02     -3.84     -3.24     -2.21     -0.90      0.17      0.84      1.16      1.09      0.75      0.34      0.10      0.00
      0.00     -4.91     -8.86    -11.36    -12.25    -11.51     -9.28     -5.76     -1.29      3.87      9.57     15.64     22.11
     29.25     37.19     45.61     54.08     61.99     69.15     75.06     79.54     83.07     84.72     83.86     80.45     75.35
     68.60     60.18     50.14     38.78     26.91     15.31      4.73     -4.34    -11.66    -17.19    -21.24    -24.15    -26.20
    -27.72    -28.71    -29.05    -28.85    -28.12    -26.96    -25.48    -23.59    -21.01    -17.47    -12.83     -7.01      0.00
      0.00     -4.30     -7.24     -8.14     -7.14     -4.62     -0.82      4.15     10.01     16.24     22.55     28.92     35.42
     42.23     49.35     56.48     63.13     68.59     72.67     75.48     76.76     76.73     75.06     71.47     65.76     58.71
     50.54     41.05     30.45     19.22      7.77     -3.45    -13.96    -23.36    -31.30    -37.55    -42.47    -46.50    -49.99
    -53.07    -55.71    -57.67    -58.65    -58.50    -57.20    -54.81    -51.20    -45.78    -37.85    -27.38    -14.72      0.00
      0.00     -3.88     -5.54     -4.40     -1.10      3.71      9.56     16.15     23.17     30.31     37.29     44.00     50.39
     56.43     62.04     67.04     71.07     73.43     73.80     72.62     70.15     66.35     61.16     55.02     47.74     39.43
     30.35     20.49     10.14     -0.41    -10.97    -21.38    -31.42    -40.83    -49.15    -56.08    -61.81    -66.87    -71.90
    -76.88    -81.49    -85.36    -87.98    -88.62    -86.96    -83.04    -77.03    -68.38    -56.14    -40.18    -21.20      0.00
      0.00     -2.77     -2.66      0.14      5.06     11.57     19.13     27.23     35.47     43.45     50.88     57.66     63.62
     68.50     72.16     74.56     75.27     74.15     71.20     66.38     60.25     53.19     45.45     37.17     28.68     19.91
     10.84      1.37     -8.33    -17.87    -27.24    -36.56    -45.72    -54.54    -62.92    -70.56    -77.25    -83.53    -90.06
    -96.80   -103.32   -109.09   -113.09   -114.30   -112.21   -106.79    -98.21    -86.40    -71.03    -51.49    -27.34      0.00
      0.00     -1.90     -1.07      2.64      8.85     16.90     26.02     35.59     45.05     53.84     61.60     68.14     73.11
     76.30     77.80     77.49     75.34     71.46     65.59     57.55     48.21     38.37     28.52     19.14     10.44      2.34
     -5.62    -14.05    -22.80    -31.45    -39.77    -47.98    -56.17    -64.22    -72.12    -79.89    -87.47    -95.00   -102.84
   -111.43   -120.24   -128.16   -133.34   -134.23   -130.90   -123.80   -113.15    -99.45    -82.47    -60.68    -32.35      0.00
      0.00     -2.32     -1.95      2.08      9.31     18.81     29.54     40.55     51.02     60.24     68.21     74.20     77.60
     79.03     78.68     76.41     72.29     66.31     57.90     47.14     35.15     23.09     11.97      2.54     -5.22    -11.92
    -17.99    -24.60    -31.96    -39.68    -47.23    -54.66    -62.19    -69.55    -76.94    -84.60    -92.41   -100.65   -109.72
   -119.53   -129.43   -138.37   -144.36   -145.14   -140.97   -132.93   -121.62   -106.80    -87.26    -61.82    -32.01      0.00
      0.00     -3.75     -4.50     -0.86      6.72     17.39     29.54     41.65     52.54     61.72     69.01     74.02     76.78
     77.49     76.18     72.78     67.26     59.41     49.02     36.35     22.37      9.01     -2.53    -11.09    -17.40    -22.12
    -26.15    -30.76    -36.44    -42.87    -49.57    -56.48    -63.62    -70.71    -77.79    -85.04    -92.69   -101.03   -110.08
   -119.55   -128.91   -137.15   -142.40   -142.91   -138.69   -130.97   -119.71   -102.96    -81.13    -55.82    -28.47      0.00
      0.00     -5.66     -7.61     -4.82      2.52     13.79     27.00     39.50     50.02     58.77     65.55     70.29     72.85
     73.25     71.59     67.57     61.03     51.97     40.54     26.78     11.83     -1.95    -13.24    -20.35    -24.64    -27.63
    -30.17    -33.33    -37.55    -42.70    -48.45    -54.73    -61.41    -68.24    -75.12    -81.92    -89.02    -96.61   -104.61
   -112.68   -120.21   -126.35   -129.96   -129.84   -125.77   -117.87   -105.83    -89.43    -69.45    -47.33    -23.98      0.00
      0.00     -7.40     -9.91     -7.33     -0.43     10.61     24.04     36.17     46.19     54.41     60.83     65.11     67.34
     67.59     65.53     61.10     54.35     45.21     33.75     20.00      4.92     -8.55    -18.97    -25.31    -27.49    -28.91
    -30.59    -32.91    -36.14    -40.27    -45.15    -50.67    -56.68    -62.99    -69.37    -75.66    -82.04    -88.62    -95.21
   -101.50   -106.94   -110.99   -112.92   -111.90   -107.52    -99.72    -88.36    -73.91    -57.20    -38.94    -19.67      0.00
      0.00     -7.08     -9.36     -6.59      0.32     10.78     22.73     33.47     42.41     49.67     55.30     59.02     60.81
     60.68     58.33     53.98     47.71     39.43     29.05     16.62      2.75    -10.05    -19.52    -24.49    -26.17    -27.22
    -28.59    -30.46    -33.06    -36.46    -40.61    -45.36    -50.57    -56.09    -61.72    -67.31    -72.86    -78.36    -83.58
    -88.26    -92.01    -94.43    -94.94    -93.10    -88.61    -81.36    -71.59    -59.76    -46.27    -31.53    -15.96      0.00
      0.00     -3.73     -4.57     -1.67      4.58     13.18     22.45     30.99     38.45     44.48     49.10     52.16     53.37
     52.98     50.80     46.93     41.51     34.55     25.96     15.78      4.55     -6.17    -14.23    -19.20    -21.84    -23.43
    -25.02    -26.82    -29.10    -31.99    -35.48    -39.46    -43.84    -48.49    -53.27    -58.03    -62.65    -67.07    -71.09
    -74.44    -76.89    -78.10    -77.72    -75.48    -71.25    -65.08    -57.17    -47.72    -36.99    -25.27    -12.84      0.00
      0.00     -0.55      0.32      3.34      8.39     14.79     21.63     28.21     34.09     38.88     42.45     44.80     45.66
     45.15     43.40     40.25     35.78     30.16     23.36     15.46      6.87     -1.43     -8.28    -13.20    -16.46    -18.71
    -20.63    -22.50    -24.62    -27.14    -30.07    -33.36    -36.95    -40.74    -44.63    -48.50    -52.20    -55.62    -58.61
    -60.95    -62.46    -62.91    -62.12    -59.95    -56.33    -51.32    -45.03    -37.59    -29.17    -19.95    -10.15      0.00
      0.00      1.21      3.02      5.92      9.94     14.68     19.73     24.71     29.24     32.94     35.64     37.31     37.90
     37.43     35.98     33.59     30.17     25.78     20.50     14.45      7.97      1.65     -3.87     -8.25    -11.56    -14.07
    -16.11    -17.98    -19.94    -22.11    -24.56    -27.25    -30.13    -33.14    -36.19    -39.20    -42.04    -44.60    -46.78
    -48.41    -49.31    -49.38    -48.53    -46.65    -43.70    -39.74    -34.82    -29.04    -22.53    -15.40     -7.82      0.00
      0.00      1.80      3.85      6.41      9.55     13.06     16.77     20.44     23.82     26.58     28.58     29.75     30.16
     29.80     28.68     26.85     24.33     21.06     17.07     12.53      7.73      3.06     -1.16     -4.74     -7.65     -9.99
    -11.94    -13.65    -15.33    -17.14    -19.12    -21.24    -23.47    -25.78    -28.10    -30.36    -32.47    -34.33    -35.85
    -36.95    -37.51    -37.46    -36.71    -35.20    -32.90    -29.86    -26.12    -21.75    -16.85    -11.50     -5.83      0.00
      0.00      1.71      3.51      5.55      7.90     10.43     13.04     15.65     18.01     19.91     21.30     22.09     22.34
     22.11     21.37     20.08     18.24     15.87     13.04      9.84      6.50      3.23      0.21     -2.47     -4.74     -6.64
     -8.24     -9.64    -10.99    -12.38    -13.87    -15.44    -17.06    -18.74    -20.41    -22.03    -23.53    -24.81    -25.84
    -26.56    -26.93    -26.86    -26.29    -25.17    -23.50    -21.28    -18.58    -15.45    -11.94     -8.13     -4.10      0.00
      0.00      1.26      2.56      3.96      5.53      7.18      8.86     10.53     12.02     13.20     14.03     14.51     14.66
     14.51     14.05     13.23     12.04     10.52      8.71      6.70      4.63      2.58      0.63     -1.12     -2.62     -3.90
     -5.00     -5.99     -6.94     -7.90     -8.89     -9.91    -10.97    -12.06    -13.16    -14.22    -15.18    -16.01    -16.66
    -17.12    -17.34    -17.28    -16.90    -16.17    -15.07    -13.62    -11.88     -9.86     -7.60     -5.15     -2.59      0.00
      0.00      0.66      1.32      2.03      2.80      3.61      4.43      5.23      5.98      6.56      6.94      7.15      7.22
      7.14      6.91      6.52      5.94      5.19      4.31      3.36      2.39      1.42      0.48     -0.37     -1.10     -1.72
     -2.26     -2.77     -3.26     -3.76     -4.24     -4.75     -5.26     -5.80     -6.35     -6.89     -7.37     -7.80     -8.14
     -8.36     -8.46     -8.42     -8.23     -7.85     -7.30     -6.59     -5.73     -4.75     -3.65     -2.47     -1.25      0.00
      0.00      0.00      0.00      0.00      0.00      0.00      0.00      0.00      0.00      0.00      0.00      0.00      0.00
      0.00      0.00      0.00      0.00      0.00      0.00      0.00      0.00      0.00      0.00      0.00      0.00      0.00
      0.00      0.00      0.00      0.00      0.00      0.00      0.00      0.00      0.00      0.00      0.00      0.00      0.00
      0.00      0.00      0.00      0.00      0.00      0.00      0.00      0.00      0.00      0.00      0.00      0.00      0.00
      0.00      0.00      0.00      0.00      0.00      0.00      0.00      0.00      0.00      0.00      0.00      0.00      0.00
      0.00      0.00      0.00      0.00      0.00      0.00      0.00      0.00      0.00      0.00      0.00      0.00      0.00
      0.00      0.00      0.00      0.00      0.00      0.00      0.00      0.00      0.00      0.00      0.00      0.00      0.00
      0.00      0.00      0.00      0.00      0.00      0.00      0.00      0.00      0.00      0.00      0.00      0.00      0.00
      0.00     -1.96     -3.91     -5.83     -7.71     -9.55    -11.36    -13.13    -14.87    -16.59    -18.28    -19.96    -21.61
    -23.25    -24.86    -26.45    -28.02    -29.56    -31.08    -32.55    -33.96    -35.30    -36.54    -37.66    -38.67    -39.54
    -40.27    -40.86    -41.29    -41.56    -41.62    -41.46    -41.05    -40.39    -39.50    -38.36    -36.99    -35.39    -33.58
    -31.57    -29.39    -27.04    -24.57    -21.99    -19.34    -16.64    -13.90    -11.13     -8.36     -5.58     -2.79      0.00
      0.00     -3.15     -6.22     -9.17    -11.99    -14.68    -17.28    -19.80    -22.28    -24.71    -27.12    -29.51    -31.89
    -34.27    -36.65    -39.03    -41.43    -43.85    -46.31    -48.82    -51.37    -53.94    -56.49    -58.98    -61.39    -63.71
    -65.97    -68.10    -69.98    -71.50    -72.57    -73.17    -73.28    -72.86    -71.91    -70.48    -68.55    -66.13    -63.24
    -59.91    -56.11    -51.89    -47.32    -42.46    -37.40    -32.21    -26.92    -21.58    -16.22    -10.84     -5.43      0.00
      0.00     -3.71     -7.26    -10.58    -13.69    -16.61    -19.39    -22.05    -24.62    -27.13    -29.58    -31.98    -34.35
    -36.70    -39.03    -41.37    -43.74    -46.18    -48.72    -51.41    -54.29    -57.37    -60.64    -64.13    -67.82    -71.71
    -75.68    -79.58    -83.38    -87.07    -90.50    -93.47    -95.66    -96.81    -96.98    -96.24    -94.53    -91.84    -88.21
    -83.65    -78.16    -71.87    -65.03    -57.90    -50.55    -43.15    -35.85    -28.67    -21.56    -14.44     -7.26      0.00
      0.00     -4.00     -7.80    -11.32    -14.56    -17.51    -20.20    -22.65    -24.89    -26.94    -28.81    -30.53    -32.08
    -33.48    -34.75    -35.94    -37.08    -38.25    -39.54    -41.06    -42.91    -45.15    -47.87    -51.09    -54.81    -58.99
    -63.60    -68.76    -74.44    -80.44    -86.55    -92.41    -97.55   -101.47   -103.90   -104.83   -104.27   -101.94    -97.58
    -91.28    -83.68    -75.40    -66.74    -58.04    -49.48    -41.19    -33.42    -26.29    -19.59    -13.10     -6.64      0.00
      0.00     -4.49     -8.75    -12.62    -16.01    -18.88    -21.25    -23.12    -24.52    -25.47    -26.04    -26.24    -26.11
    -25.65    -24.90    -23.89    -22.70    -21.45    -20.25    -19.27    -18.68    -18.64    -19.31    -20.85    -23.34    -26.81
    -31.26    -36.68    -43.02    -50.13    -57.75    -65.40    -72.35    -77.92    -81.77    -83.75    -83.71    -81.64    -77.42
    -70.95    -62.86    -54.05    -44.99    -36.23    -28.31    -21.60    -16.15    -11.88     -8.49     -5.57     -2.83      0.00
      0.00     -5.60    -10.73    -15.08    -18.52    -21.03    -22.69    -23.59    -23.88    -23.67    -23.02    -21.94    -20.39
    -18.29    -15.60    -12.26     -8.32     -3.92      0.71      5.33      9.63     13.31     16.04     17.53     17.57     16.02
     12.84      8.10      1.97     -5.23    -13.07    -21.02    -28.52    -34.96    -39.78    -42.54    -42.94    -40.82    -36.37
    -30.04    -22.54    -14.56     -6.87     -0.17      5.08      8.47      9.88      9.59      7.93      5.46      2.77      0.00
      0.00     -6.84    -12.65    -17.12    -20.36    -22.55    -23.85    -24.43    -24.41    -23.86    -22.82    -21.21    -18.90
    -15.73    -11.54     -6.12      0.68      8.83     17.98     27.59     37.15     46.06     53.72     59.48     62.61     62.86
     60.63     56.26     50.00     42.21     33.49     24.58     16.22      9.10      3.83      0.87      0.48      2.64      7.00
     12.87     19.42     25.92     31.99     36.99     39.81     39.72     36.98     32.06     25.11     16.94      8.58      0.00
      0.00     -7.86    -14.65    -20.00    -23.85    -26.36    -27.73    -28.20    -27.90    -26.95    -25.42    -23.25    -20.23
    -16.03    -10.18     -2.22      8.02     20.30     34.27     49.21     64.21     78.40     90.98    101.11    107.90    110.31
    108.05    102.14     94.00     84.24     73.34     62.20     51.80     43.04     36.69     33.27     32.95     35.44     40.06
     45.78     51.79     57.44     62.26     65.95     67.17     64.97     59.62     51.17     39.65     26.50     13.32      0.00
      0.00    -10.88    -20.32    -27.47    -32.14    -34.75    -35.78    -35.67    -34.51    -32.39    -29.45    -25.77    -21.32
    -15.60     -7.71      3.05     16.95     33.45     51.40     70.23     89.09    106.78    122.28    134.68    143.15    147.07
    145.74    138.46    127.31    114.50    100.43     86.14     72.89     61.87     54.05     49.96     49.63     52.31     56.96
     62.91     69.08     74.57     79.57     82.91     82.54     78.74     71.87     61.36     47.65     32.05     16.05      0.00
      0.00    -14.57    -27.02    -36.17    -41.78    -44.29    -44.72    -43.74    -41.30    -37.50    -32.62    -26.68    -19.54
    -10.69      0.36     13.95     30.31     48.87     68.85     89.58    110.11    128.96    145.13    158.15    167.52    171.00
    167.43    158.16    144.61    128.40    110.84     93.19     76.88     63.60     54.49     50.04     49.68     52.02     56.49
     62.21     68.39     74.39     79.48     82.18     81.66     78.20     71.53     61.30     47.88     32.53     16.43      0.00
      0.00    -15.00    -28.85    -40.20    -47.11    -49.34    -48.66    -46.52    -43.24    -38.41    -32.09    -24.38    -15.14
     -4.03      9.49     25.47     43.52     63.26     83.99    105.00    125.17    143.23    158.23    169.74    177.06    178.36
    172.31    160.75    144.71    125.10    104.17     83.36     64.61     49.99     40.38     35.78     35.03     36.78     40.48
     45.20     50.47     55.90     60.88     64.22     64.47     61.80     56.66     48.63     37.91     25.54     12.77      0.00
      0.00    -12.50    -24.18    -34.23    -41.32    -44.01    -43.23    -40.56    -36.68    -31.52    -24.76    -16.46     -6.75
      5.06     19.62     36.74     55.75     75.83     96.01    115.31    132.65    147.94    160.18    167.35    168.18    164.88
    157.25    144.93    127.64    105.92     82.55     59.77     39.95     24.90     15.05     10.09      8.66      9.53     11.91
     15.12     18.73     22.71     26.86     29.64     29.96     28.31     25.24     20.65     14.82      8.74      3.59      0.00
      0.00    -10.93    -20.24    -27.27    -31.67    -33.07    -31.54    -27.60    -21.98    -15.17     -7.52      0.65      9.84
     21.59     36.28     53.10     71.31     89.47    106.38    121.82    134.47    144.11    151.40    153.29    148.66    140.28
    129.54    115.05     96.12     73.95     50.57     27.97      8.36     -6.89    -17.30    -22.96    -25.31    -25.74    -25.25
    -24.54    -23.55    -22.04    -20.52    -19.39    -18.91    -19.20    -19.81    -19.84    -18.48    -14.99     -8.84      0.00
      0.00    -11.19    -19.36    -23.25    -23.44    -20.84    -16.00     -9.02     -0.19      9.32     18.69     28.13     38.24
     49.94     63.46     77.98     92.49    105.50    115.97    124.02    129.98    132.70    132.45    128.12    119.18    107.28
     93.11     76.06     56.52     35.65     14.48     -5.97    -24.56    -40.23    -51.71    -58.36    -61.86    -64.10    -66.37
    -69.19    -72.17    -74.58    -75.96    -76.23    -75.66    -74.40    -71.98    -66.94    -57.32    -42.48    -23.12      0.00
      0.00    -11.59    -17.98    -17.79    -12.85     -4.91      5.03     16.30     28.38     40.56     52.33     63.56     74.40
     85.12     95.62    105.51    113.86    119.37    121.61    121.02    117.98    112.59    104.40     93.93     81.25     66.72
     50.64     33.25     15.23     -2.73    -20.26    -37.41    -53.98    -69.32    -81.94    -90.44    -95.55    -99.86   -105.25
   -112.34   -120.49   -128.01   -133.09   -134.72   -133.18   -128.93   -121.82   -110.42    -92.45    -66.99    -35.37      0.00
      0.00     -9.87    -12.75     -9.20     -0.67     11.44     25.71     40.99     56.44     71.26     84.95     97.38    108.13
    116.57    122.66    126.38    127.53    125.93    120.28    111.21     99.71     86.26     71.42     56.08     40.66     25.24
      9.63     -6.13    -21.76    -36.53    -50.30    -63.77    -77.25    -90.58   -102.91   -113.26   -121.40   -128.95   -138.19
   -149.84   -162.81   -174.86   -183.65   -187.10   -184.58   -176.75   -164.33   -146.60   -121.80    -88.19    -46.14      0.00
      0.00     -8.52    -10.17     -4.81      6.62     22.46     40.66     59.83     78.86     96.39    111.50    123.81    132.48
    137.31    138.67    137.29    132.78    124.76    112.25     95.20     75.85     55.46     35.50     17.66      2.60    -10.56
    -23.54    -36.78    -49.71    -61.78    -72.73    -83.32    -94.18   -105.14   -116.32   -127.46   -138.33   -149.78   -163.26
   -179.53   -197.61   -214.92   -227.51   -231.37   -225.99   -213.26   -195.22   -172.22   -142.10   -102.48    -53.15      0.00
      0.00    -10.05    -13.31     -7.61      6.06     25.34     47.66     70.72     92.42    111.99    128.67    140.54    146.34
    148.10    146.33    140.93    131.58    117.58     98.68     75.01     48.59     22.15     -0.87    -17.99    -29.76    -38.06
    -46.01    -55.31    -64.69    -74.17    -83.61    -93.26   -103.30   -113.26   -123.65   -134.99   -147.48   -161.67   -178.32
   -197.65   -218.90   -240.35   -256.50   -258.86   -249.33   -232.78   -211.40   -183.90   -147.87   -102.37    -51.53      0.00
      0.00    -14.05    -20.70    -16.44     -2.08     20.21     46.48     72.69     96.14    116.28    132.53    143.73    149.24
    149.94    146.56    138.54    125.32    106.52     82.43     53.40     21.03     -9.48    -33.18    -46.98    -54.12    -57.22
    -59.06    -62.95    -68.66    -75.62    -83.85    -93.35   -103.53   -113.84   -124.46   -135.93   -148.68   -163.35   -180.43
   -199.51   -219.75   -239.32   -253.38   -255.45   -246.17   -230.08   -207.45   -175.31   -135.55    -91.30    -45.40      0.00
      0.00    -19.79    -30.15    -28.47    -14.32     10.08     39.88     68.29     92.28    112.11    127.71    138.69    144.56
    145.26    141.17    131.40    115.61     94.18     67.28     34.68     -1.41    -33.12    -55.31    -65.34    -66.91    -65.39
    -63.56    -63.73    -66.41    -71.18    -77.85    -86.37    -96.34   -107.10   -118.25   -129.79   -142.16   -155.79   -170.80
   -186.84   -202.97   -217.40   -226.67   -227.63   -219.63   -203.94   -180.15   -149.53   -114.24    -76.56    -38.01      0.00
      0.00    -25.23    -37.57    -36.23    -22.90      2.04     33.84     62.77     86.31    105.23    120.14    130.57    136.04
    136.62    131.82    121.01    104.60     82.94     55.92     22.87    -14.31    -45.52    -65.62    -72.91    -69.38    -64.42
    -60.83    -59.26    -60.11    -63.30    -68.67    -76.04    -85.08    -95.27   -106.14   -117.31   -128.91   -140.97   -153.27
   -165.59   -177.03   -186.10   -190.91   -189.70   -181.64   -166.75   -146.06   -120.99    -92.64    -62.29    -31.08      0.00
      0.00    -25.25    -36.66    -34.17    -20.21      4.85     33.84     59.64     80.92     97.86    110.99    119.94    124.20
    123.87    118.73    108.46     93.53     73.90     49.48     19.72    -14.79    -45.24    -63.23    -66.27    -61.90    -57.07
    -53.53    -51.64    -51.88    -54.34    -58.90    -65.22    -72.96    -81.80    -91.39   -101.38   -111.50   -121.58   -131.35
   -140.37   -147.91   -153.00   -154.63   -151.79   -144.13   -131.79   -115.47    -95.81    -73.66    -49.83    -25.04      0.00
      0.00    -14.70    -21.81    -18.17     -4.56     15.49     37.32     57.70     75.17     89.51    100.33    107.08    109.73
    108.68    103.87     94.90     82.24     66.29     46.58     22.94     -3.65    -28.21    -42.91    -48.20    -48.08    -46.06
    -44.15    -43.16    -43.56    -45.69    -49.61    -54.90    -61.31    -68.61    -76.55    -84.83    -93.13   -101.15   -108.55
   -114.94   -119.80   -122.50   -122.44   -119.21   -112.60   -102.73    -89.94    -74.74    -57.66    -39.19    -19.79      0.00
      0.00     -4.85     -5.97     -1.14      9.39     23.62     39.31     54.64     68.21     79.69     87.96     92.38     93.86
     92.73     88.78     81.61     71.38     58.79     43.85     26.41      7.43    -10.28    -23.18    -30.47    -33.53    -34.31
    -34.36    -34.56    -35.55    -37.67    -40.94    -45.27    -50.51    -56.39    -62.69    -69.17    -75.62    -81.75    -87.22
    -91.66    -94.72    -96.05    -95.32    -92.24    -86.73    -78.91    -69.03    -57.39    -44.34    -30.23    -15.34      0.00
      0.00      0.65      2.92      8.08     16.31     26.69     38.02     49.35     59.67     68.21     74.18     77.26     78.05
     76.87     73.60     68.21     60.65     51.17     39.94     27.06     13.28      0.29    -10.13    -17.33    -21.67    -24.01
    -25.36    -26.47    -27.94    -30.01    -32.79    -36.36    -40.54    -45.14    -49.97    -54.90    -59.76    -64.29    -68.22
    -71.27    -73.20    -73.77    -72.83    -70.15    -65.68    -59.57    -51.99    -43.17    -33.34    -22.76    -11.60      0.00
      0.00      2.83      6.33     11.19     17.61     25.19     33.44     41.74     49.26     55.30     59.59     61.91     62.34
     61.16     58.57     54.56     49.18     42.36     34.08     24.50     14.55      5.18     -2.79     -8.89    -13.15    -15.94
    -17.89    -19.38    -20.96    -22.87    -25.23    -28.05    -31.28    -34.77    -38.38    -42.03    -45.57    -48.81    -51.56
    -53.62    -54.82    -55.05    -54.16    -51.99    -48.51    -43.83    -38.12    -31.55    -24.32    -16.58     -8.46      0.00
      0.00      3.11      6.50     10.54     15.32     20.70     26.46     32.34     37.62     41.70     44.44     45.84     46.01
     45.18     43.42     40.66     36.90     32.14     26.27     19.63     12.90      6.41      0.70     -3.96     -7.47    -10.02
    -11.90    -13.38    -14.76    -16.36    -18.14    -20.21    -22.62    -25.15    -27.76    -30.33    -32.78    -35.01    -36.89
    -38.26    -39.02    -39.11    -38.42    -36.80    -34.25    -30.86    -26.74    -22.04    -16.90    -11.47     -5.81      0.00
      0.00      2.42      4.95      7.79     10.98     14.45     18.09     21.83     25.19     27.68     29.27     30.01     30.00
     29.44     28.33     26.62     24.26     21.25     17.61     13.58      9.40      5.34      1.68     -1.42     -3.86     -5.67
     -7.05     -8.22     -9.29    -10.41    -11.63    -13.03    -14.58    -16.23    -17.91    -19.56    -21.12    -22.54    -23.74
    -24.60    -25.07    -25.11    -24.66    -23.60    -21.96    -19.77    -17.08    -14.02    -10.72     -7.23     -3.64      0.00
      0.00      1.28      2.60      4.04      5.62      7.30      9.05     10.83     12.47     13.74     14.49     14.79     14.74
     14.42     13.84     13.00     11.89     10.48      8.78      6.88      4.90      2.97      1.18     -0.35     -1.54     -2.45
     -3.17     -3.79     -4.38     -4.97     -5.59     -6.29     -7.07     -7.89     -8.72     -9.52    -10.30    -11.01    -11.60
    -12.03    -12.27    -12.29    -12.07    -11.57    -10.77     -9.70     -8.36     -6.85     -5.22     -3.51     -1.75      0.00
      0.00      0.00      0.00      0.00      0.00      0.00      0.00      0.00      0.00      0.00      0.00      0.00      0.00
      0.00      0.00      0.00      0.00      0.00      0.00      0.00      0.00      0.00      0.00      0.00      0.00      0.00
      0.00      0.00      0.00      0.00      0.00      0.00      0.00      0.00      0.00      0.00      0.00      0.00      0.00
      0.00      0.00      0.00      0.00      0.00      0.00      0.00      0.00      0.00      0.00      0.00      0.00      0.00
      0.00      0.00      0.00      0.00      0.00      0.00      0.00      0.00      0.00      0.00      0.00      0.00      0.00
      0.00      0.00      0.00      0.00      0.00      0.00      0.00      0.00      0.00      0.00      0.00      0.00      0.00
      0.00      0.00      0.00      0.00      0.00      0.00      0.00      0.00      0.00      0.00      0.00      0.00      0.00
      0.00      0.00      0.00      0.00      0.00      0.00      0.00      0.00      0.00      0.00      0.00      0.00      0.00
      0.00     -2.79     -5.56     -8.26    -10.87    -13.40    -15.85    -18.25    -20.61    -22.94    -25.26    -27.56    -29.87
    -32.16    -34.44    -36.70    -38.93    -41.13    -43.28    -45.37    -47.37    -49.26    -51.01    -52.60    -54.00    -55.21
    -56.20    -56.98    -57.52    -57.80    -57.77    -57.41    -56.69    -55.62    -54.20    -52.42    -50.29    -47.83    -45.08
    -42.05    -38.78    -35.35    -31.79    -28.17    -24.53    -20.89    -17.29    -13.74    -10.24     -6.80     -3.39      0.00
      0.00     -4.50     -8.82    -12.89    -16.70    -20.30    -23.74    -27.07    -30.36    -33.62    -36.90    -40.20    -43.54
    -46.93    -50.37    -53.88    -57.45    -61.08    -64.78    -68.51    -72.25    -75.95    -79.57    -83.07    -86.48    -89.79
    -92.99    -95.99    -98.65   -100.83   -102.46   -103.41   -103.57   -102.87   -101.35    -99.08    -96.05    -92.29    -87.80
    -82.61    -76.76    -70.36    -63.56    -56.50    -49.32    -42.09    -34.91    -27.79    -20.74    -13.77     -6.87      0.00
      0.00     -5.34    -10.30    -14.81    -18.91    -22.71    -26.32    -29.82    -33.27    -36.71    -40.16    -43.62    -47.09
    -50.58    -54.11    -57.70    -61.37    -65.15    -69.10    -73.28    -77.68    -82.27    -87.04    -92.03    -97.30   -102.82
   -108.48   -114.12   -119.84   -125.66   -131.25   -135.99   -139.37   -140.98   -140.82   -139.14   -135.97   -131.36   -125.44
   -118.21   -109.68   -100.00    -89.64    -79.04    -68.41    -58.00    -47.91    -38.12    -28.53    -19.05     -9.58      0.00
      0.00     -5.78    -11.13    -15.94    -20.28    -24.22    -27.85    -31.24    -34.42    -37.41    -40.23    -42.87    -45.35
    -47.64    -49.75    -51.71    -53.58    -55.45    -57.49    -59.88    -62.72    -66.10    -70.12    -74.83    -80.19    -86.12
    -92.77   -100.40   -109.10   -118.72   -128.76   -138.36   -146.51   -152.56   -156.24   -157.44   -156.02   -151.48   -143.66
   -133.20   -121.18   -108.12    -94.43    -80.87    -67.86    -55.74    -44.79    -34.97    -26.01    -17.50     -8.97      0.00
      0.00     -6.62    -12.79    -18.35    -23.24    -27.40    -30.81    -33.46    -35.40    -36.69    -37.42    -37.66    -37.48
    -36.89    -35.93    -34.62    -33.04    -31.33    -29.70    -28.38    -27.62    -27.64    -28.68    -30.97    -34.68    -39.88
    -46.58    -54.77    -64.45    -75.44    -87.45    -99.79   -111.19   -120.36   -126.71   -130.03   -129.95   -126.19   -118.50
   -106.99    -93.12    -78.45    -63.48    -49.47    -37.45    -27.78    -20.42    -15.08    -11.18     -7.88     -4.33      0.00
      0.00     -8.62    -16.45    -23.03    -28.03    -31.36    -33.20    -33.93    -33.93    -33.48    -32.64    -31.36    -29.55
    -27.07    -23.78    -19.48    -14.15     -8.00     -1.45      5.17     11.49     17.03     21.29     23.78     24.17     22.21
     17.74     10.68      1.18    -10.21    -22.65    -35.30    -47.33    -57.79    -65.71    -70.17    -70.57    -66.60    -58.46
    -46.93    -33.51    -19.56     -6.74      3.91     11.62     15.89     16.91     15.22     11.52      6.92      2.82      0.00
      0.00    -10.41    -18.72    -24.77    -28.97    -31.66    -33.20    -33.93    -34.10    -33.83    -33.16    -31.95    -29.97
    -26.95    -22.52    -16.16     -7.26      4.32     17.74     32.03     46.43     60.08     72.15     81.70     87.57     89.01
     86.26     80.08     70.93     59.08     45.34     30.97     17.36      5.77     -2.65     -7.06     -6.98     -2.29      6.36
     17.66     29.81     41.42     51.74     59.32     62.69     61.49     56.14     47.33     35.77     22.84     10.53      0.00
      0.00    -11.12    -20.59    -27.91    -33.13    -36.56    -38.57    -39.57    -39.83    -39.50    -38.66    -37.31    -35.07
    -31.40    -25.59    -16.48     -2.87     15.10     36.33     59.04     81.82    103.72    123.66    140.20    151.66    156.76
    154.74    146.58    134.58    120.03    103.40     85.89     69.09     54.77     44.58     39.68     40.42     46.29     55.93
     67.25     78.63     88.88     97.36    103.01    104.18     99.90     90.16     75.53     57.04     36.74     17.35      0.00
      0.00    -15.94    -29.66    -39.90    -46.51    -50.29    -52.01    -52.33    -51.59    -49.98    -47.61    -44.63    -40.94
    -35.26    -26.23    -12.37      7.25     31.50     58.32     86.74    115.68    143.35    168.02    188.07    202.43    210.01
    209.51    200.07    183.80    164.35    143.02    120.91     99.82     81.97     69.67     64.20     65.59     72.53     82.50
     94.04    105.36    115.79    124.84    130.14    129.44    122.58    110.14     92.51     70.47     46.12     22.12      0.00
      0.00    -22.04    -40.82    -54.52    -62.78    -66.44    -67.36    -66.59    -63.97    -59.75    -54.46    -48.14    -40.28
    -29.99    -16.00      2.52     25.72     52.65     82.29    113.60    145.10    174.72    200.65    222.35    238.72    246.10
    242.64    230.17    210.39    185.74    158.81    131.29    105.46     84.51     70.89     65.61     67.97     75.02     84.88
     95.85    106.96    117.95    127.43    131.88    130.27    123.72    112.36     95.54     73.67     48.80     23.63      0.00
      0.00    -22.26    -43.39    -61.07    -71.83    -75.51    -74.88    -72.44    -68.55    -62.83    -55.63    -46.71    -35.56
    -21.56     -3.68     18.38     44.10     73.00    104.08    136.16    167.45    196.10    220.76    240.58    254.22    257.92
    250.34    234.87    211.71    182.26    149.51    116.64     87.34     65.15     52.04     47.91     50.55     56.93     65.45
     74.84     84.64     94.60    103.52    107.84    107.07    102.14     93.06     79.08     60.58     39.56     18.81      0.00
      0.00    -17.94    -35.12    -50.76    -62.63    -67.94    -67.65    -64.70    -60.56    -55.34    -48.30    -38.89    -27.02
    -11.63      8.06     32.38     60.56     90.96    121.94    152.34    180.34    204.70    224.64    238.37    243.02    239.69
    229.42    212.35    187.29    154.66    118.02     82.12     51.67     30.06     18.09     14.77     16.89     21.87     28.16
     34.96     42.35     50.05     56.99     60.06     58.91     54.91     48.40     39.14     27.39     15.20      5.32      0.00
      0.00    -16.11    -29.76    -40.76    -48.47    -51.99    -51.21    -47.20    -41.21    -33.86    -25.56    -16.58     -5.86
      9.48     30.15     55.17     83.14    111.70    138.67    163.40    185.01    202.59    214.85    218.86    214.34    204.06
    189.32    168.89    141.23    107.61     71.57     36.88      7.53    -13.65    -25.75    -29.56    -28.43    -25.38    -22.17
    -19.19    -16.07    -12.19     -9.27     -8.14     -9.05    -11.66    -15.15    -18.23    -19.55    -17.64    -11.33      0.00
      0.00    -18.00    -30.90    -37.29    -38.30    -35.64    -30.26    -22.02    -11.00      0.86     12.10     23.41     36.06
     52.05     71.88     93.92    116.67    137.77    155.25    169.29    180.46    187.64    188.65    182.69    170.52    154.15
    134.22    109.62     80.95     50.31     19.46    -10.20    -37.18    -59.10    -73.32    -78.75    -78.77    -77.69    -78.45
    -81.39    -84.69    -87.30    -88.86    -89.33    -89.50    -89.82    -89.39    -85.67    -75.10    -56.54    -31.07      0.00
      0.00    -19.71    -30.72    -30.97    -23.98    -13.00      0.65     16.15     32.70     49.26     64.97     79.73     94.19
    109.18    124.56    139.27    152.19    161.74    166.51    167.68    165.43    158.63    147.55    132.45    113.58     92.25
     68.78     43.60     18.07     -6.67    -30.09    -52.89    -75.63    -97.23   -114.19   -123.22   -125.51   -126.69   -131.39
   -140.82   -153.10   -164.32   -171.49   -173.53   -171.84   -167.59   -160.36   -147.83   -125.56    -91.23    -47.64      0.00
      0.00    -17.43    -23.17    -18.55     -6.10     11.65     32.41     54.36     76.46     97.56    117.00    134.68    150.06
    161.89    169.88    174.50    176.43    175.01    168.18    156.15    139.80    120.09     97.82     74.21     50.44     27.25
      4.95    -16.62    -37.15    -55.88    -72.61    -88.72   -105.51   -122.95   -138.96   -151.16   -159.28   -166.21   -176.91
   -193.06   -212.66   -231.16   -244.49   -249.92   -247.13   -237.65   -222.65   -200.70   -167.98   -121.31    -62.57      0.00
      0.00    -15.51    -19.60    -12.37      4.61     28.27     55.03     83.53    112.03    138.02    160.21    178.39    190.64
    196.50    197.62    194.72    187.80    176.43    158.47    133.68    104.79     73.16     41.35     12.98    -10.09    -28.80
    -45.75    -62.33    -77.79    -91.68   -103.67   -115.23   -127.75   -140.95   -154.55   -167.89   -180.86   -195.04   -213.22
   -236.75   -263.91   -290.72   -311.05   -318.39   -311.09   -293.58   -269.18   -237.82   -195.75   -139.48    -71.08      0.00
      0.00    -18.21    -25.18    -17.61      2.84     31.87     65.20     99.68    132.66    161.99    187.80    206.86    214.77
    216.07    212.58    203.28    188.50    167.39    138.69    103.22     62.52     19.75    -18.02    -44.05    -59.51    -68.57
    -77.18    -87.17    -96.95   -106.79   -116.76   -127.62   -139.62   -151.45   -163.98   -177.96   -193.82   -212.64   -236.06
   -265.20   -298.08   -331.72   -358.09   -362.93   -349.06   -323.73   -292.34   -253.38   -201.38   -136.81    -67.41      0.00
      0.00    -25.01    -37.99    -33.04    -11.69     22.32     62.38    101.78    137.43    168.34    194.46    212.41    220.45
    221.64    215.89    202.92    181.68    151.87    114.90     70.56     19.13    -32.38    -69.96    -87.42    -93.31    -93.07
    -92.10    -93.72    -97.94   -104.35   -113.06   -124.38   -137.46   -150.92   -164.72   -179.62   -196.37   -216.10   -240.22
   -268.94   -300.46   -331.79   -354.69   -358.66   -344.68   -319.64   -285.76   -238.98   -182.10   -120.70    -58.89      0.00
      0.00    -35.26    -54.93    -54.86    -33.74      4.36     51.11     95.80    133.34    163.86    188.73    206.21    215.18
    216.22    209.64    194.51    169.32    135.10     93.56     42.97    -15.97    -69.44   -101.22   -112.01   -109.12   -101.01
    -93.59    -89.62    -89.54    -93.08   -100.07   -110.54   -123.90   -138.94   -154.53   -170.27   -187.07   -205.96   -227.27
   -250.85   -275.39   -297.68   -312.17   -314.35   -302.33   -278.44   -243.97   -200.54   -151.54   -100.53    -49.36      0.00
      0.00    -45.44    -68.83    -69.99    -49.96    -10.19     41.52     88.26    125.38    155.31    179.21    195.82    204.82
    205.36    197.79    181.00    155.03    120.55     78.34     26.32    -35.60    -86.54   -115.42   -120.80   -108.87    -95.51
    -85.23    -78.71    -76.40    -78.16    -83.76    -92.90   -105.10   -119.43   -134.85   -150.81   -167.15   -184.17   -201.83
   -219.71   -236.37   -249.55   -256.46   -254.75   -243.28   -222.45   -194.01   -159.89   -121.80    -81.56    -40.55      0.00
      0.00    -46.91    -69.36    -67.57    -46.03     -4.65     43.65     85.82    119.84    146.60    167.55    182.01    188.82
    187.65    179.29    163.21    139.91    109.18     70.85     23.64    -34.38    -84.49   -108.85   -106.27    -93.38    -81.27
    -71.74    -65.33    -62.74    -63.99    -68.88    -76.72    -87.03    -99.23   -112.72   -126.95   -141.45   -155.83   -169.73
   -182.59   -193.35   -200.56   -202.90   -199.24   -189.08   -172.65   -150.88   -124.89    -95.88    -64.93    -32.72      0.00
      0.00    -27.27    -42.28    -38.08    -16.32     16.92     52.99     86.38    114.14    136.55    153.53    164.07    166.95
    164.13    156.50    142.90    123.48     98.71     68.23     31.36    -11.54    -50.96    -70.21    -73.55    -69.20    -62.67
    -56.71    -52.50    -50.74    -52.00    -56.23    -62.77    -71.10    -80.90    -91.92   -103.60   -115.41   -126.85   -137.38
   -146.42   -153.30   -157.23   -157.44   -153.37   -144.83   -132.02   -115.47    -95.90    -74.08    -50.61    -25.78      0.00
      0.00     -8.80    -12.19     -5.65     10.87     33.76     58.90     83.63    105.16    122.76    135.27    141.51    142.04
    139.16    132.91    121.91    106.47     87.37     64.85     38.56      9.60    -17.10    -35.20    -43.88    -45.97    -44.73
    -42.56    -40.82    -40.28    -41.66    -45.22    -50.60    -57.31    -65.07    -73.65    -82.70    -91.82   -100.54   -108.30
   -114.61   -118.97   -120.96   -120.20   -116.36   -109.37    -99.39    -86.80    -72.12    -55.87    -38.42    -19.80      0.00
      0.00      0.57      3.71     11.59     24.39     40.70     58.58     76.38     92.28    105.03    113.47    117.09    116.87
    114.27    109.42    101.28     89.86     75.72     59.17     40.38     20.13      1.05    -13.74    -23.26    -28.24    -30.12
    -30.46    -30.49    -30.97    -32.64    -35.70    -40.05    -45.36    -51.37    -57.89    -64.72    -71.54    -77.96    -83.50
    -87.78    -90.48    -91.38    -90.29    -86.91    -81.23    -73.45    -63.87    -52.85    -40.87    -28.20    -14.70      0.00
      0.00      4.23      9.62     17.20     27.26     39.17     51.91     64.64     75.97     84.59     90.03     92.35     92.02
     89.75     85.84     80.06     72.21     62.32     50.59     37.03     22.53      8.84     -2.47    -10.80    -16.17    -19.13
    -20.70    -21.87    -23.12    -24.83    -27.27    -30.63    -34.75    -39.33    -44.21    -49.23    -54.19    -58.72    -62.54
    -65.36    -67.01    -67.40    -66.32    -63.53    -59.07    -53.06    -45.72    -37.46    -28.64    -19.65    -10.28      0.00
      0.00      4.75     10.03     16.31     23.78     32.25     41.18     49.95     57.66     63.22     66.48     67.63     67.09
     65.36     62.60     58.68     53.51     47.07     39.10     29.72     19.86     10.51      2.47     -3.88     -8.40    -11.41
    -13.43    -14.88    -16.24    -17.81    -19.80    -22.28    -25.23    -28.54    -32.02    -35.55    -38.97    -42.05    -44.61
    -46.47    -47.56    -47.72    -46.83    -44.75    -41.43    -36.95    -31.54    -25.50    -19.21    -12.98     -6.71      0.00
      0.00      3.71      7.65     12.03     16.99     22.41     27.99     33.52     38.39     41.71     43.43     43.74     43.12
     41.95     40.23     37.91     34.88     31.00     26.11     20.40     14.38      8.61      3.51     -0.70     -3.94     -6.21
     -7.84     -9.09    -10.24    -11.45    -12.91    -14.61    -16.52    -18.63    -20.86    -23.10    -25.27    -27.22    -28.84
    -30.04    -30.76    -30.86    -30.28    -28.93    -26.76    -23.78    -20.17    -16.17    -12.07     -8.04     -4.08      0.00
      0.00      1.96      4.00      6.20      8.61     11.20     13.82     16.45     18.87     20.50     21.19     21.19     20.82
     20.25     19.45     18.40     17.06     15.32     13.07     10.35      7.45      4.72      2.24      0.16     -1.46     -2.64
     -3.52     -4.23     -4.89     -5.57     -6.34     -7.22     -8.19     -9.23    -10.33    -11.42    -12.49    -13.47    -14.29
    -14.90    -15.27    -15.36    -15.12    -14.48    -13.40    -11.90    -10.07     -8.05     -5.99     -3.97     -1.99      0.00
      0.00      0.00      0.00      0.00      0.00      0.00      0.00      0.00      0.00      0.00      0.00      0.00      0.00
      0.00      0.00      0.00      0.00      0.00      0.00      0.00      0.00      0.00      0.00      0.00      0.00      0.00
      0.00      0.00      0.00      0.00      0.00      0.00      0.00      0.00      0.00      0.00      0.00      0.00      0.00
      0.00      0.00      0.00      0.00      0.00      0.00      0.00      0.00      0.00      0.00      0.00      0.00      0.00
      0.00      0.00      0.00      0.00      0.00      0.00      0.00      0.00      0.00      0.00      0.00      0.00      0.00
      0.00      0.00      0.00      0.00      0.00      0.00      0.00      0.00      0.00      0.00      0.00      0.00      0.00
      0.00      0.00      0.00      0.00      0.00      0.00      0.00      0.00      0.00      0.00      0.00      0.00      0.00
      0.00      0.00      0.00      0.00      0.00      0.00      0.00      0.00      0.00      0.00      0.00      0.00      0.00
      0.00     -4.55     -8.93    -12.98    -16.69    -20.11    -23.33    -26.44    -29.52    -32.62    -35.79    -39.05    -42.39
    -45.76    -49.11    -52.42    -55.66    -58.83    -61.95    -65.01    -68.00    -70.85    -73.50    -75.87    -77.90    -79.55
    -80.81    -81.69    -82.17    -82.25    -81.86    -80.98    -79.59    -77.67    -75.22    -72.22    -68.68    -64.60    -60.02
    -55.01    -49.67    -44.17    -38.64    -33.23    -28.04    -23.13    -18.53    -14.25    -10.31     -6.69     -3.33      0.00
      0.00     -7.65    -14.42    -20.12    -24.96    -29.27    -33.35    -37.40    -41.49    -45.66    -49.92    -54.33    -58.94
    -63.81    -68.95    -74.32    -79.85    -85.52    -91.29    -97.13   -103.00   -108.76   -114.26   -119.38   -124.17   -128.73
   -133.14   -137.39   -141.36   -144.84   -147.62   -149.38   -149.81   -148.80   -146.38   -142.64   -137.66   -131.50   -124.17
   -115.68   -106.13    -95.82    -85.12    -74.36    -63.78    -53.52    -43.65    -34.13    -24.96    -16.20     -7.95      0.00
      0.00     -9.43    -16.98    -22.75    -27.32    -31.26    -35.04    -39.01    -43.39    -48.16    -53.17    -58.28    -63.47
    -68.79    -74.33    -80.13    -86.19    -92.53    -99.14   -106.04   -113.15   -120.27   -127.29   -134.41   -141.77   -149.30
   -157.26   -166.03   -175.63   -185.74   -195.53   -203.56   -208.66   -210.64   -209.70   -206.23   -200.63   -193.16   -183.88
   -172.68   -159.33   -143.91   -127.16   -110.27    -94.07    -78.81    -64.49    -51.07    -38.32    -25.87    -13.25      0.00
      0.00     -9.87    -17.58    -23.59    -28.54    -33.00    -37.41    -41.97    -46.70    -51.48    -56.19    -60.74    -65.05
    -69.06    -72.70    -75.99    -78.99    -81.98    -85.23    -88.95    -93.28    -98.25   -103.98   -110.65   -118.23   -126.56
   -136.10   -147.73   -161.81   -178.09   -195.74   -212.63   -226.79   -237.40   -243.77   -245.30   -241.64   -232.66   -218.76
   -201.45   -182.52   -162.05   -139.40   -116.11    -94.23    -74.98    -58.87    -45.62    -34.41    -24.20    -13.62      0.00
      0.00    -10.94    -19.85    -27.61    -34.71    -41.03    -46.23    -50.01    -52.40    -53.65    -53.99    -53.63    -52.80
    -51.62    -50.05    -48.04    -45.65    -43.07    -40.64    -38.74    -37.74    -37.89    -39.53    -43.04    -48.76    -56.93
    -67.62    -80.68    -95.99   -113.60   -133.32   -154.21   -174.19   -190.84   -202.69   -208.88   -208.64   -201.31   -186.94
   -166.35   -142.24   -116.45    -89.49    -64.91    -45.22    -30.96    -21.75    -16.64    -14.32    -12.90     -9.65      0.00
      0.00    -14.88    -28.00    -38.93    -46.29    -49.65    -49.77    -48.11    -46.15    -44.43    -42.86    -41.05    -38.76
    -35.98    -32.27    -26.93    -19.76    -11.07     -1.55      8.06     17.24     25.62     32.54     37.12     38.70     36.82
     30.81     19.94      3.98    -15.67    -36.95    -58.43    -79.05    -97.47   -111.78   -119.92   -120.44   -112.78    -97.59
    -75.87    -49.41    -22.16      1.64     19.97     31.49     35.98     34.16     27.34     17.14      5.99     -2.14      0.00
      0.00    -18.41    -30.18    -37.17    -41.29    -43.28    -43.83    -43.69    -43.54    -43.81    -44.26    -44.34    -43.64
    -42.16    -39.42    -33.98    -23.70     -7.31     13.22     35.64     58.36     80.05     99.71    116.34    128.06    133.10
    131.15    122.81    108.74     89.37     65.82     39.99     14.95     -6.26    -21.54    -29.20    -28.09    -17.76      1.15
     25.57     50.79     73.82     92.45    104.61    108.61    104.44     92.75     74.62     51.86     27.59      7.09      0.00
      0.00    -16.09    -28.89    -38.00    -43.90    -47.57    -49.51    -50.41    -51.21    -52.07    -53.03    -54.41    -55.48
    -55.63    -53.69    -46.70    -29.71     -2.00     32.19     68.66    104.72    139.11    170.83    198.09    218.29    229.15
    229.63    220.15    202.93    179.73    151.86    121.65     90.72     63.30     44.42     36.23     39.76     54.85     77.58
    102.54    126.60    147.09    162.53    171.04    171.29    162.62    144.73    117.84     83.76     47.24     15.68      0.00
      0.00    -24.61    -44.58    -58.37    -66.67    -70.92    -72.38    -72.68    -72.79    -72.85    -72.70    -72.45    -71.85
    -69.13    -61.70    -45.32    -17.07     19.96     60.88    104.15    149.75    194.63    235.73    270.23    295.69    309.85
    311.02    299.02    276.74    247.21    211.73    173.13    134.54    100.47     78.02     70.37     78.08     97.37    120.89
    144.58    167.09    188.11    204.99    213.21    210.77    198.99    178.45    148.15    108.87     64.76     24.05      0.00
      0.00    -36.75    -66.71    -86.82    -97.47   -100.89   -101.36   -100.96    -97.82    -92.47    -87.24    -81.95    -75.59
    -65.34    -48.35    -22.79     10.72     50.39     94.75    142.25    191.10    239.49    284.45    323.32    353.23    368.66
    366.49    349.20    319.59    281.03    235.86    187.41    140.21    102.06     79.42     75.19     87.20    106.96    128.38
    150.19    172.32    193.22    209.74    217.02    213.82    203.08    185.12    157.06    118.41     73.49     29.73      0.00
      0.00    -34.91    -69.83    -98.65   -114.93   -119.09   -116.64   -112.66   -106.79    -99.14    -91.34    -82.34    -70.52
    -54.10    -31.07     -0.58     36.93     80.21    127.22    176.46    226.40    274.10    317.21    353.39    380.19    392.05
    384.00    360.63    324.42    276.69    220.82    162.42    110.32     72.78     54.89     56.24     69.94     87.46    105.69
    124.54    143.62    161.83    175.91    180.80    178.45    171.13    156.15    131.96     98.71     60.54     24.36      0.00
      0.00    -24.42    -49.07    -75.16    -96.55   -106.21   -105.03   -100.48    -96.69    -93.61    -88.97    -80.14    -66.03
    -46.83    -21.32     14.05     58.33    105.98    154.48    203.67    250.83    292.91    329.10    357.25    372.00    370.71
    356.56    329.95    289.56    235.38    171.63    108.38     56.81     24.31     12.59     17.48     30.07     43.74     57.10
     71.26     86.02    100.10    110.65    112.31    108.03    100.92     89.60     71.93     47.95     22.43      2.77      0.00
      0.00    -23.41    -41.37    -58.68    -72.92    -80.33    -80.76    -77.42    -72.58    -67.66    -62.13    -54.66    -43.30
    -23.76      5.14     44.27     90.41    138.06    183.37    225.83    263.65    296.66    321.09    332.92    331.39    317.94
    295.49    263.02    218.54    162.44    101.31     43.81     -3.42    -33.73    -44.83    -40.42    -29.40    -19.46    -13.34
     -6.09      2.77     11.62     17.43     18.19     13.54      5.57     -3.77    -13.14    -20.91    -23.91    -19.01      0.00
      0.00    -31.78    -52.23    -61.66    -63.01    -60.22    -55.69    -46.93    -33.19    -19.09     -7.78      3.36     17.99
     40.63     71.77    108.15    146.51    183.08    214.83    241.81    263.76    280.57    286.93    279.91    263.61    238.69
    206.20    166.62    119.97     71.29     24.49    -20.03    -61.86    -94.59   -111.32   -110.72    -99.77    -90.35    -89.83
    -95.44    -98.36   -100.02   -101.29   -101.15   -102.37   -106.87   -112.30   -113.45   -103.49    -80.66    -46.47      0.00
      0.00    -39.13    -58.33    -56.68    -44.13    -27.70     -8.19     13.75     37.27     60.57     81.33     99.34    117.29
    139.58    164.55    188.52    210.77    228.72    240.07    246.63    248.99    242.59    226.73    203.52    173.18    137.83
     98.42     56.60     17.33    -17.01    -46.84    -76.30   -108.70   -142.20   -167.10   -175.19   -167.49   -157.43   -158.44
   -173.42   -195.48   -214.01   -223.69   -224.03   -220.93   -217.57   -212.38   -201.60   -175.72   -127.97    -64.94      0.00
      0.00    -36.01    -45.94    -37.57    -16.47     12.34     44.65     77.54    110.45    141.97    170.60    196.19    218.77
    236.81    248.20    254.97    258.56    257.52    248.77    234.98    215.03    185.41    148.99    108.83     66.85     25.42
    -11.94    -43.40    -69.76    -91.16   -107.81   -124.05   -144.19   -168.14   -190.42   -204.55   -210.00   -211.46   -220.31
   -243.35   -275.75   -306.03   -326.62   -335.19   -332.27   -321.13   -304.83   -281.22   -239.90   -173.01    -85.88      0.00
      0.00    -31.93    -39.98    -27.99      1.72     40.06     81.01    124.28    168.40    208.04    243.32    273.01    293.71
    302.72    303.69    297.82    285.26    266.01    238.28    203.34    160.05    108.59     52.47      0.81    -42.11    -73.85
    -96.35   -114.50   -129.25   -141.60   -151.48   -161.15   -173.77   -188.84   -204.84   -220.05   -234.41   -250.57   -274.25
   -309.33   -352.40   -396.71   -432.05   -446.58   -435.92   -411.54   -380.08   -339.08   -281.50   -200.02    -97.93      0.00
      0.00    -36.92    -50.48    -37.48     -2.51     44.66     95.54    147.77    200.81    248.95    288.70    320.09    336.22
    337.95    331.67    315.67    289.79    255.58    210.80    154.61     88.58     14.26    -56.66   -103.60   -124.43   -133.24
   -139.32   -145.44   -151.18   -158.33   -167.17   -178.01   -191.61   -204.81   -218.52   -234.61   -253.53   -277.23   -310.46
   -357.19   -412.03   -467.75   -513.91   -526.15   -505.14   -468.36   -422.62   -365.39   -286.99   -188.91    -86.73      0.00
      0.00    -49.69    -75.35    -67.18    -31.09     24.66     88.20    150.62    208.16    260.63    303.90    334.37    350.40
    352.20    340.72    316.33    281.05    233.91    174.81    102.49     15.07    -80.33   -152.45   -171.21   -169.00   -158.49
   -148.75   -142.82   -141.34   -144.27   -152.49   -166.34   -184.02   -202.68   -221.40   -240.05   -260.51   -286.54   -321.33
   -366.96   -420.37   -472.19   -511.01   -521.03   -500.73   -462.51   -411.64   -340.52   -252.35   -160.81    -73.98      0.00
      0.00    -70.71   -109.82   -112.93    -77.33    -11.92     67.10    141.63    205.36    256.97    298.57    328.71    346.46
    348.40    334.41    306.38    265.08    210.37    142.85     59.49    -43.36   -145.85   -196.44   -202.42   -184.74   -158.29
   -136.54   -122.18   -115.33   -115.35   -122.13   -136.39   -156.87   -180.51   -204.27   -226.20   -248.18   -274.10   -305.47
   -341.72   -380.55   -416.22   -440.38   -444.80   -426.90   -390.86   -339.11   -274.70   -204.18   -133.18    -63.95      0.00
      0.00    -97.37   -141.01   -146.94   -114.06    -44.56     49.32    132.86    198.05    248.86    288.62    317.63    332.66
    332.04    317.58    288.63    245.90    190.16    121.44     34.28    -77.87   -174.55   -215.38   -211.21   -174.87   -139.70
   -112.88    -95.11    -85.83    -84.27    -90.09   -102.96   -121.82   -144.46   -168.43   -192.47   -216.88   -241.90   -267.75
   -294.17   -319.13   -339.16   -350.08   -348.24   -331.91   -302.10   -261.66   -214.10   -162.58   -109.20    -54.59      0.00
      0.00   -102.04   -151.01   -149.54   -111.03    -35.14     56.88    135.50    195.74    241.06    274.96    297.77    307.09
    303.57    288.72    262.02    224.51    175.29    112.95     32.45    -75.59   -169.86   -198.99   -176.59   -141.12   -110.67
    -87.20    -71.01    -62.30    -60.78    -66.08    -77.01    -92.72   -111.81   -132.81   -154.70   -176.89   -198.63   -219.07
   -237.64   -253.34   -264.08   -267.66   -262.62   -248.58   -226.24   -197.08   -162.95   -125.93    -86.87    -45.07      0.00
      0.00    -52.70    -88.44    -87.05    -47.90     15.45     83.22    143.75    192.12    228.98    255.06    268.74    270.60
    264.99    251.87    229.92    199.57    161.00    112.06     50.13    -27.05    -97.27   -120.66   -114.08    -96.86    -78.82
    -63.90    -53.32    -47.24    -45.90    -49.94    -58.52    -70.77    -85.64   -102.30   -120.03   -137.89   -154.97   -170.38
   -183.43   -193.21   -198.60   -198.67   -193.03   -181.69   -165.09   -144.11   -119.91    -93.85    -66.23    -35.85      0.00
      0.00    -15.69    -23.92    -13.90     15.31     56.51    101.91    144.26    180.36    207.97    225.18    231.06    228.34
    222.38    212.40    195.30    172.03    143.19    108.66     66.90     18.54    -25.80    -52.11    -60.68    -58.67    -52.18
    -45.13    -39.39    -35.61    -34.73    -37.76    -44.32    -53.51    -64.52    -77.02    -90.52   -104.07   -116.69   -127.91
   -137.09   -143.26   -145.79   -144.42   -139.05   -129.90   -117.36   -102.03    -84.75    -66.63    -48.02    -27.39      0.00
      0.00      0.86      6.59     21.46     45.22     74.21    104.55    133.41    158.40    177.04    187.40    188.93    184.61
    178.91    171.59    159.95    143.76    123.23     98.97     70.65     38.95      8.90    -13.72    -26.90    -32.32    -32.43
    -29.93    -26.91    -25.21    -25.71    -28.27    -32.99    -39.70    -47.94    -57.24    -67.36    -77.44    -86.71    -94.68
   -100.85   -104.54   -105.41   -103.35    -98.37    -90.82    -81.13    -69.47    -56.72    -44.18    -32.34    -19.58      0.00
      0.00      7.52     18.03     32.91     51.85     72.75     93.72    113.32    129.70    141.27    146.47    145.54    140.98
    135.52    129.82    122.58    112.52     99.16     82.58     63.15     42.02     21.59      4.31     -7.92    -14.97    -17.55
    -17.48    -16.68    -16.71    -17.93    -20.23    -23.93    -29.05    -35.29    -42.15    -49.65    -57.03    -63.67    -69.17
    -73.19    -75.33    -75.32    -73.11    -68.74    -62.55    -54.57    -44.96    -35.04    -26.14    -18.98    -12.33      0.00
      0.00      8.98     19.36     31.54     45.49     60.03     74.25     87.27     97.44    104.31    105.89    102.70     97.70
     93.09     89.55     85.85     80.17     71.96     61.55     49.30     35.91     22.53     10.67      1.72     -4.14     -7.49
     -8.96     -9.57    -10.43    -12.01    -14.17    -17.22    -21.09    -25.56    -30.41    -35.58    -40.69    -45.29    -49.11
    -51.89    -53.46    -53.42    -51.71    -48.23    -43.02    -36.28    -28.48    -20.51    -13.87     -9.52     -6.44      0.00
      0.00      7.26     15.08     23.45     32.32     41.45     50.18     57.86     63.92     67.67     67.06     63.13     58.53
     55.79     54.73     53.55     50.40     45.53     39.70     32.74     24.80     17.00      9.99      4.48      0.50     -2.35
     -4.18     -5.46     -6.74     -8.32    -10.18    -12.37    -14.84    -17.56    -20.53    -23.66    -26.84    -29.92    -32.63
    -34.77    -36.11    -36.47    -35.58    -33.23    -29.41    -24.25    -18.27    -12.26     -7.29     -4.21     -2.52      0.00
      0.00      3.95      7.90     11.94     16.05     20.18     24.23     27.91     30.91     32.53     31.88     29.13     26.10
     25.07     25.78     25.73     24.15     21.63     19.07     16.29     12.77      9.27      6.05      3.32      1.10     -0.61
     -1.91     -3.02     -4.12     -5.26     -6.40     -7.51     -8.68    -10.23    -11.73    -13.05    -14.43    -16.02    -17.58
    -18.72    -19.53    -20.15    -19.99    -18.91    -16.82    -13.89    -10.40     -6.85     -3.81     -1.74     -0.69      0.00
      0.00      0.00      0.00      0.00      0.00      0.00      0.00      0.00      0.00      0.00      0.00      0.00      0.00
      0.00      0.00      0.00      0.00      0.00      0.00      0.00      0.00      0.00      0.00      0.00      0.00      0.00
      0.00      0.00      0.00      0.00      0.00      0.00      0.00      0.00      0.00      0.00      0.00      0.00      0.00
      0.00      0.00      0.00      0.00      0.00      0.00      0.00      0.00      0.00      0.00      0.00      0.00      0.00
      0.00      0.00      0.00      0.00      0.00      0.00      0.00      0.00      0.00      0.00      0.00      0.00      0.00
      0.00      0.00      0.00      0.00      0.00      0.00      0.00      0.00      0.00      0.00      0.00      0.00      0.00
      0.00      0.00      0.00      0.00      0.00      0.00      0.00      0.00      0.00      0.00      0.00      0.00      0.00
      0.00      0.00      0.00      0.00      0.00      0.00      0.00      0.00      0.00      0.00      0.00      0.00      0.00
      0.00     -9.15    -16.56    -22.46    -27.16    -31.15    -34.90    -38.62    -42.46    -46.53    -51.12    -56.48    -62.49
    -68.73    -74.65    -80.07    -85.03    -89.69    -94.40    -99.44   -104.83   -110.37   -115.80   -120.66   -124.53   -127.38
   -129.28   -130.23   -130.71   -131.04   -130.82   -129.54   -127.04   -123.56   -119.27   -114.09   -107.63    -99.77    -90.67
    -80.50    -69.66    -58.73    -48.25    -38.63    -30.01    -22.40    -15.81    -10.21     -5.46     -1.70      0.50      0.00
      0.00    -14.82    -25.34    -32.47    -37.33    -41.32    -45.58    -50.63    -56.31    -61.94    -67.16    -72.38    -78.30
    -85.40    -93.82   -103.19   -112.75   -122.11   -131.30   -140.79   -151.24   -162.29   -172.21   -180.12   -186.52   -191.67
   -196.56   -203.08   -211.43   -220.03   -227.57   -232.79   -234.53   -232.68   -228.18   -221.72   -213.37   -203.33   -191.55
   -177.15   -159.84   -140.85   -122.01   -104.44    -87.96    -72.69    -58.54    -44.88    -31.27    -18.18     -7.11      0.00
      0.00    -17.90    -28.36    -33.98    -37.00    -39.00    -41.45    -45.73    -52.74    -61.64    -70.38    -78.15    -85.38
    -92.78   -101.12   -110.63   -121.05   -132.29   -144.38   -157.53   -171.00   -182.98   -193.10   -202.94   -212.06   -219.75
   -229.10   -243.53   -262.90   -284.93   -305.67   -320.15   -327.48   -328.72   -324.57   -316.71   -306.85   -296.21   -285.09
   -272.00   -253.27   -226.92   -195.28   -164.54   -138.61   -115.90    -95.07    -75.63    -57.12    -38.71    -19.37      0.00
      0.00    -16.69    -27.39    -33.45    -37.50    -41.54    -47.09    -54.66    -63.67    -73.21    -82.53    -91.16    -99.08
   -106.23   -112.34   -117.16   -121.00   -124.95   -129.51   -134.69   -140.60   -147.67   -156.07   -165.42   -175.56   -186.27
   -198.28   -214.22   -236.96   -267.06   -301.99   -335.55   -363.03   -383.81   -395.94   -398.24   -389.96   -371.91   -346.79
   -318.15   -289.89   -260.10   -221.40   -175.95   -135.02   -102.78    -77.97    -58.50    -42.42    -28.00    -13.85      0.00
      0.00    -17.59    -29.70    -41.69    -54.90    -67.51    -76.91    -81.52    -82.60    -81.89    -79.81    -76.27    -72.51
    -69.11    -65.38    -61.02    -56.01    -50.65    -45.73    -42.11    -40.48    -40.68    -43.12    -48.81    -58.27    -71.80
    -89.84   -112.08   -136.79   -164.64   -197.97   -235.85   -274.05   -307.84   -332.53   -344.35   -342.36   -327.69   -302.73
   -269.00   -226.74   -177.50   -124.47    -77.74    -43.88    -22.82    -12.16     -8.38     -8.94    -10.28     -8.09      0.00
      0.00    -28.45    -53.74    -75.06    -85.09    -82.78    -73.52    -62.74    -54.95    -50.58    -48.15    -45.32    -41.32
    -38.44    -35.38    -29.19    -19.78     -6.99      7.63     21.26     33.63     46.56     60.11     71.60     79.22     81.51
     75.82     58.62     28.45     -9.72    -49.54    -88.49   -126.20   -161.13   -189.67   -206.13   -207.59   -194.62   -168.61
   -125.79    -66.77     -8.87     37.06     68.35     84.67     87.46     78.93     62.23     41.76     21.60      5.73      0.00
      0.00    -38.08    -50.65    -54.18    -54.71    -52.24    -48.29    -45.22    -45.45    -49.24    -53.91    -57.12    -58.10
    -60.29    -64.83    -67.67    -60.30    -36.85     -3.07     35.51     74.21    109.80    143.83    176.29    201.30    216.65
    222.80    217.84    199.32    166.99    121.71     67.04     12.84    -32.33    -64.22    -79.43    -76.41    -52.81     -6.86
     50.74    105.29    149.96    181.94    200.29    203.33    192.84    169.96    135.37     94.06     53.43     19.82      0.00
      0.00    -21.80    -38.83    -47.32    -51.33    -53.46    -53.03    -51.26    -52.61    -57.82    -63.19    -70.21    -78.53
    -89.40   -101.60   -107.14    -89.65    -42.72     21.36     85.76    143.69    197.70    248.62    292.26    325.93    348.24
    357.19    352.88    336.51    305.52    259.80    199.58    129.72     64.86     21.69      5.29     19.51     63.37    120.41
    174.43    222.78    262.22    287.16    296.71    292.82    277.01    247.93    202.32    143.23     81.63     30.30      0.00
      0.00    -40.46    -67.78    -83.14    -91.31    -94.23    -92.31    -90.66    -94.41   -100.32   -105.34   -110.70   -119.93
   -128.12   -128.33   -110.19    -64.77     -2.21     61.10    124.31    198.62    272.23    337.10    396.50    448.90    480.03
    484.27    468.74    442.53    405.02    351.58    279.96    194.37    111.71     58.18     50.07     83.91    137.44    187.35
    230.60    278.39    320.07    344.98    354.05    350.83    335.58    306.38    260.81    197.20    121.44     48.82      0.00
      0.00    -68.49   -115.18   -140.83   -150.84   -148.59   -147.32   -151.71   -146.92   -136.44   -131.83   -130.41   -131.72
   -125.18   -104.76    -67.37    -15.78     44.10    110.13    179.94    251.41    329.19    411.87    487.62    544.27    574.68
    577.74    558.08    519.37    463.86    389.75    297.21    193.27    103.62     58.05     66.26    111.19    159.71    195.08
    233.48    282.11    321.46    345.19    356.48    356.26    344.27    319.17    277.06    215.12    139.91     64.49      0.00
      0.00    -54.11   -117.86   -165.59   -187.27   -186.79   -176.45   -169.24   -158.18   -144.82   -137.85   -131.50   -121.30
   -104.88    -77.08    -34.09     22.95     88.37    157.56    229.69    308.63    390.97    473.52    541.78    589.49    617.36
    619.34    593.88    541.99    464.33    362.55    246.30    133.91     54.44     30.36     56.51    102.88    139.27    166.74
    204.02    245.15    275.74    289.31    291.32    290.83    284.83    266.12    227.90    171.98    108.67     50.32      0.00
      0.00    -14.47    -58.37   -109.87   -150.51   -164.37   -153.69   -142.32   -142.85   -149.99   -154.69   -148.79   -129.95
   -109.80    -81.12    -26.07     48.16    122.53    195.76    275.96    361.47    441.27    506.80    555.62    589.08    603.33
    593.19    557.54    493.92    399.27    277.90    149.39     45.22    -10.21    -11.67     21.70     61.27     83.70    103.76
    136.03    168.70    192.72    198.58    190.11    181.48    172.47    159.23    132.30     86.88     38.57      5.46      0.00
      0.00    -17.59    -45.07    -77.44   -106.22   -117.91   -117.57   -116.33   -115.89   -120.94   -126.27   -125.15   -115.78
    -92.60    -53.27     12.17     91.78    172.51    247.06    323.02    393.85    457.26    504.80    532.63    543.14    533.51
    501.08    448.48    372.68    271.48    158.03     51.50    -33.79    -82.28    -82.89    -52.05    -15.05      0.16     -2.29
     15.66     45.40     66.12     73.59     68.85     53.01     32.53     13.70     -3.90    -22.09    -31.88    -28.01      0.00
      0.00    -50.17    -84.84    -98.54    -97.83    -94.05    -97.24    -90.49    -70.41    -52.47    -45.58    -40.36    -28.06
      6.07     61.66    124.38    188.24    250.72    307.09    356.61    398.80    437.38    464.28    467.37    449.04    410.80
    354.01    281.73    197.56    110.31     33.45    -34.53   -105.64   -161.50   -180.76   -160.87   -118.90    -91.22   -100.17
   -122.27   -118.40   -113.45   -116.11   -114.53   -117.22   -131.97   -150.34   -161.38   -153.60   -125.67    -77.40      0.00
      0.00    -73.63   -105.77    -94.55    -68.62    -44.18    -13.74     19.48     55.32     90.60    118.31    136.20    151.59
    187.33    232.74    273.13    311.48    341.59    358.89    369.80    384.08    395.50    389.55    357.42    306.86    242.23
    167.47     85.79     10.97    -40.94    -73.65   -105.49   -152.81   -214.21   -258.63   -263.66   -230.13   -186.00   -173.95
   -208.97   -260.38   -293.17   -305.43   -296.18   -287.34   -285.87   -285.66   -283.68   -260.17   -193.98    -99.61      0.00
      0.00    -68.20    -77.54    -58.02    -18.61     32.91     87.87    136.64    184.67    233.06    278.11    318.19    349.65
    372.87    386.76    397.29    404.18    402.06    387.13    367.15    351.08    323.25    273.60    204.42    121.40     36.33
    -40.96    -99.64   -136.96   -157.75   -163.98   -170.21   -190.01   -226.68   -263.36   -282.01   -282.77   -267.84   -261.01
   -295.60   -358.63   -411.19   -441.37   -454.50   -451.74   -437.57   -422.73   -407.52   -362.39   -267.30   -135.85      0.00
      0.00    -60.05    -66.38    -40.76     18.01     81.90    140.24    202.31    272.24    335.33    395.89    449.95    485.04
    496.00    490.65    477.25    454.74    423.28    383.32    337.90    282.40    205.74    109.12      7.15    -90.46   -164.29
   -201.96   -216.23   -221.97   -225.15   -226.28   -226.64   -233.91   -248.27   -264.68   -281.26   -298.05   -316.73   -348.13
   -402.50   -472.62   -550.44   -617.53   -645.72   -624.92   -587.36   -550.73   -503.35   -429.28   -314.80   -157.52      0.00
      0.00    -75.77    -90.84    -60.17      7.61     82.48    152.70    233.54    319.03    398.88    467.78    522.66    552.86
    558.98    543.99    512.42    467.96    412.80    345.83    269.64    171.79     40.45   -101.95   -208.38   -251.23   -256.98
   -253.61   -247.27   -238.79   -237.17   -243.92   -252.81   -268.38   -280.40   -289.84   -306.44   -327.83   -355.14   -402.77
   -485.78   -582.79   -677.27   -762.75   -789.98   -749.26   -693.10   -632.81   -550.12   -430.74   -280.15   -125.69      0.00
      0.00   -108.43   -143.97   -118.85    -53.97     36.14    133.71    235.55    328.55    417.65    490.50    544.66    576.64
    584.24    564.54    519.53    458.04    381.15    295.23    189.91     43.77   -143.85   -297.86   -322.96   -299.50   -267.91
   -237.78   -214.96   -201.00   -194.40   -199.65   -219.59   -247.75   -276.11   -303.71   -326.10   -345.18   -378.35   -430.53
   -504.31   -597.94   -685.74   -751.84   -771.73   -743.82   -685.52   -609.93   -502.79   -363.54   -227.25   -105.44      0.00
      0.00   -159.26   -218.78   -219.07   -151.96    -35.77     96.98    216.78    326.60    422.20    495.00    550.18    582.27
    584.26    556.29    504.95    436.48    349.94    250.85    119.78    -65.40   -271.90   -369.82   -361.00   -309.22   -238.95
   -186.39   -151.60   -130.26   -121.59   -126.51   -150.86   -189.41   -232.61   -272.43   -302.46   -328.23   -365.12   -413.74
   -467.48   -525.93   -581.21   -622.91   -634.53   -610.54   -555.95   -477.57   -382.78   -285.55   -193.38    -99.17      0.00
      0.00   -227.20   -292.90   -294.67   -235.22   -114.21     59.67    210.49    329.81    423.79    491.55    539.66    563.99
    557.62    526.19    474.28    406.87    322.79    218.60     73.79   -138.76   -329.30   -393.67   -368.88   -271.55   -186.29
   -127.41    -88.29    -63.44    -52.50    -58.24    -81.07   -116.18   -156.87   -196.90   -236.32   -278.17   -319.54   -357.63
   -393.70   -427.76   -456.74   -474.94   -474.94   -453.40   -413.50   -358.69   -295.72   -230.64   -163.56    -88.41      0.00
      0.00   -213.57   -313.34   -309.89   -243.35   -106.60     76.44    229.68    343.96    426.01    479.57    510.34    520.62
    509.40    479.64    433.81    374.65    301.87    205.55     66.03   -145.60   -330.78   -360.92   -287.75   -197.37   -128.57
    -79.33    -46.59    -27.42    -20.82    -26.18    -43.05    -70.10   -103.89   -140.17   -177.43   -214.79   -250.62   -282.37
   -308.38   -330.32   -346.28   -351.12   -343.39   -324.80   -295.72   -258.64   -216.56   -173.51   -126.99    -69.42      0.00
      0.00    -92.16   -166.57   -177.37   -108.12     15.98    146.83    262.61    353.43    415.84    450.67    463.59    460.84
    447.16    422.19    386.35    340.62    282.43    206.79     99.72    -55.01   -188.53   -206.67   -168.79   -120.40    -77.67
    -47.45    -30.81    -21.60    -15.74    -18.05    -29.61    -48.64    -72.29    -99.44   -128.36   -156.31   -182.83   -205.32
   -224.07   -237.95   -244.67   -243.16   -234.68   -219.51   -197.48   -171.03   -143.24   -115.59    -85.88    -49.32      0.00
      0.00    -17.06    -27.25    -12.40     37.00    113.10    197.77    277.11    339.85    380.91    399.95    400.24    388.91
    373.95    357.09    333.59    300.42    256.12    202.16    132.77     46.62    -32.13    -72.42    -77.41    -64.45    -47.94
    -35.59    -26.62    -17.83    -11.85    -11.54    -17.22    -29.45    -45.74    -64.72    -84.75   -104.27   -122.51   -139.50
   -154.30   -164.11   -167.76   -165.03   -156.11   -141.98   -124.75   -105.64    -85.66    -67.91    -51.86    -32.65      0.00
      0.00     11.38     26.83     54.71     98.67    154.00    210.82    261.94    301.14    324.58    331.50    322.51    306.46
    293.94    284.60    271.39    249.16    218.74    183.32    139.21     86.87     34.93     -5.24    -26.73    -35.32    -32.60
    -24.63    -14.16     -6.62     -4.08     -2.91     -5.33    -13.12    -25.00    -39.34    -54.53    -70.04    -84.60    -97.02
   -106.26   -111.65   -111.71   -106.63    -97.46    -85.38    -71.73    -56.40    -40.98    -29.56    -23.24    -17.53      0.00
      0.00     21.30     46.02     76.62    113.06    153.65    192.14    223.91    247.43    259.99    258.02    242.26    223.08
    211.83    206.16    200.28    190.03    171.23    148.34    120.97     86.70     50.09     19.28     -1.52    -13.19    -11.49
     -5.48     -0.95      2.28      6.47      8.06      5.07     -1.92    -12.11    -24.27    -37.45    -50.56    -61.86    -69.57
    -74.00    -73.76    -70.31    -64.45    -56.45    -46.31    -33.28    -18.44     -5.56      1.17      0.31     -3.25      0.00
      0.00     24.32     48.41     73.97    101.47    129.40    153.69    172.55    187.25    194.40    185.35    163.99    141.20
    126.53    123.15    126.84    127.70    118.46    103.63     86.22     65.20     43.21     24.66     11.80      4.70      2.62
      4.48      7.87     11.06     12.91     11.85      7.93      1.28     -7.34    -16.59    -26.72    -36.49    -42.92    -47.22
    -49.17    -49.02    -46.61    -41.51    -34.13    -23.51    -10.23      3.62     15.34     19.88     15.92      8.84      0.00
      0.00     20.73     40.81     59.83     77.93     93.95    105.79    114.65    123.64    127.45    114.24     89.24     63.26
     51.40     57.40     68.22     71.20     65.99     57.74     47.30     33.45     23.68     14.95      9.49      7.42      7.04
      7.97      9.41     10.74     10.89      9.27      5.59      1.34     -1.95     -7.08    -13.33    -19.48    -23.54    -29.10
    -34.62    -37.32    -36.75    -34.01    -27.64    -17.47     -4.37      8.97     19.87     24.88     21.95     14.41      0.00
      0.00     14.58     25.97     35.38     42.84     47.20     50.46     54.40     59.49     61.23     50.82     29.28      6.50
      2.37     20.16     30.52     28.53     20.75     17.87     16.91     10.24      3.91      1.46      1.73      3.47      4.45
      4.72      5.16      5.13      4.92      3.83      2.32      2.57     -0.14     -2.20     -3.00     -5.08    -10.07    -17.77
    -21.43    -23.66    -26.60    -26.25    -22.40    -16.13     -7.26      2.22     10.20     14.44     14.06      9.36      0.00
      0.00      0.00      0.00      0.00      0.00      0.00      0.00      0.00      0.00      0.00      0.00      0.00      0.00
      0.00      0.00      0.00      0.00      0.00      0.00      0.00      0.00      0.00      0.00      0.00      0.00      0.00
      0.00      0.00      0.00      0.00      0.00      0.00      0.00      0.00      0.00      0.00      0.00      0.00      0.00
      0.00      0.00      0.00      0.00      0.00      0.00      0.00      0.00      0.00      0.00      0.00      0.00      0.00
      0.00      0.00      0.00      0.00      0.00      0.00      0.00      0.00      0.00      0.00      0.00      0.00      0.00
      0.00      0.00      0.00      0.00      0.00      0.00      0.00      0.00      0.00      0.00      0.00      0.00      0.00
      0.00      0.00      0.00      0.00      0.00      0.00      0.00      0.00      0.00      0.00      0.00      0.00      0.00
      0.00      0.00      0.00      0.00      0.00      0.00      0.00      0.00      0.00      0.00      0.00      0.00      0.00
      0.00    -21.76    -37.37    -48.49    -56.47    -62.57    -67.81    -72.92    -78.39    -84.76    -92.42   -101.52   -112.15
   -124.12   -136.90   -149.79   -162.13   -173.19   -182.71   -191.24   -199.41   -207.57   -215.78   -223.69   -231.09   -237.69
   -242.86   -245.94   -247.28   -247.38   -246.44   -244.49   -241.19   -236.15   -228.95   -219.55   -208.11   -194.89   -179.84
   -163.11   -145.11   -126.53   -108.09    -90.48    -74.08    -59.08    -45.57    -33.41    -22.39    -12.55     -4.38      0.00
      0.00    -44.80    -70.45    -85.14    -93.03    -97.09    -99.57   -101.98   -105.45   -110.74   -117.85   -126.55   -136.99
   -149.51   -164.07   -180.06   -196.51   -212.35   -226.43   -237.98   -247.64   -256.92   -266.55   -276.39   -286.46   -296.50
   -305.86   -315.01   -325.31   -336.41   -346.06   -352.49   -355.31   -354.36   -349.94   -342.63   -332.98   -321.54   -307.92
   -291.88   -273.57   -252.67   -229.63   -205.42   -180.89   -156.79   -133.23   -110.24    -88.02    -65.41    -38.28      0.00
      0.00    -65.19    -93.09   -104.15   -107.16   -107.28   -108.33   -112.42   -119.68   -129.53   -141.01   -152.84   -163.95
   -174.30   -184.89   -196.43   -208.77   -221.35   -233.69   -245.32   -256.31   -267.18   -278.35   -290.05   -302.91   -317.47
   -333.83   -352.53   -374.97   -399.93   -422.26   -439.29   -452.02   -459.70   -462.02   -459.71   -452.26   -440.00   -424.30
   -406.15   -385.46   -361.87   -335.56   -305.26   -272.05   -240.20   -211.66   -185.07   -157.63   -124.73    -78.20      0.00
      0.00    -73.19    -98.16   -106.46   -108.87   -110.67   -114.90   -122.76   -133.74   -146.01   -157.06   -164.20   -166.49
   -165.26   -162.58   -159.87   -158.19   -158.48   -161.11   -165.74   -172.05   -180.41   -191.33   -205.34   -222.38   -242.66
   -266.75   -294.40   -325.18   -358.16   -391.85   -424.74   -455.26   -481.70   -501.00   -510.90   -511.60   -503.12   -485.39
   -459.49   -427.64   -391.18   -349.05   -300.29   -250.37   -207.88   -176.32   -154.47   -138.93   -123.80    -94.82      0.00
      0.00    -86.21   -115.81   -125.02   -125.73   -123.80   -122.97   -123.82   -123.28   -118.14   -108.36    -96.32    -83.99
    -73.18    -63.99    -55.02    -45.77    -37.83    -32.52    -29.03    -26.08    -23.47    -21.93    -23.30    -29.44    -42.68
    -65.51    -98.68   -140.36   -185.86   -231.35   -274.53   -314.01   -349.32   -379.70   -401.77   -411.19   -405.96   -387.42
   -355.61   -308.66   -245.76   -174.13   -111.16    -67.30    -43.47    -37.75    -48.64    -71.27    -93.92    -93.06      0.00
      0.00   -111.26   -140.02   -137.92   -124.17   -105.65    -85.12    -65.70    -50.31    -40.82    -37.45    -38.15    -40.51
    -43.81    -47.32    -46.80    -37.16    -19.40      1.91     24.90     50.05     77.19    105.23    131.44    151.84    163.47
    163.63    149.75    118.54     68.25      5.17    -58.06   -115.73   -166.58   -206.94   -234.33   -243.13   -231.60   -201.42
   -154.86    -78.77      6.11     71.53    114.47    135.46    133.37    111.78     72.77     18.06    -38.66    -67.87      0.00
      0.00    -96.36    -99.98    -79.17    -58.11    -43.74    -35.16    -32.38    -36.98    -49.86    -68.87    -87.23   -102.46
   -115.95   -126.69   -125.11    -97.83    -50.67      3.33     58.81    110.36    159.36    208.35    254.90    293.67    324.25
    345.07    349.78    333.65    296.14    240.12    167.33     81.16     -0.75    -61.36    -93.36    -96.03    -70.87    -13.59
     67.46    145.23    212.99    272.06    312.86    324.65    307.37    264.62    199.22    113.18     20.71    -42.41      0.00
      0.00    -66.60    -67.29    -58.14    -51.43    -50.97    -57.89    -71.20    -88.35   -106.70   -125.24   -142.06   -156.81
   -169.74   -173.11   -147.50    -83.31      4.33     83.81    152.53    218.39    287.07    356.29    418.76    468.56    503.39
    522.97    527.34    513.71    477.31    417.12    337.44    239.46    128.67     38.55      0.43      7.47     59.48    140.68
    216.21    288.87    369.33    434.55    470.59    479.02    460.71    409.51    320.41    193.80     57.60    -39.55      0.00
      0.00    -90.21   -109.36   -120.52   -129.15   -133.41   -136.90   -139.92   -144.09   -155.51   -171.46   -188.42   -202.21
   -204.90   -190.64   -142.25    -52.55     45.88    134.93    220.47    308.19    402.56    494.77    577.19    643.38    682.83
    697.13    689.89    663.84    620.93    548.28    444.31    318.16    181.63     74.62     43.20     76.42    154.61    225.10
    273.18    353.83    447.45    514.56    552.63    564.03    549.62    503.66    406.91    265.00    109.34    -16.49      0.00
      0.00   -153.20   -192.42   -203.88   -207.73   -208.51   -206.27   -200.56   -195.90   -198.76   -209.01   -222.53   -227.72
   -215.34   -177.25   -113.09    -31.31     63.64    168.80    275.23    389.75    506.01    616.87    715.87    793.38    841.51
    848.79    819.32    771.84    713.08    615.37    476.00    314.60    161.39     66.21     55.63    114.87    192.17    234.97
    264.47    339.96    427.10    488.02    522.19    537.92    532.73    497.15    417.85    295.95    156.99     31.53      0.00
      0.00   -168.67   -222.60   -243.20   -248.00   -242.59   -229.91   -220.81   -220.74   -227.04   -239.61   -248.88   -244.18
   -219.59   -170.47    -96.74     -1.98    105.11    216.76    338.51    471.07    596.31    716.60    824.92    903.03    942.29
    939.76    892.35    820.87    730.22    590.40    413.84    230.07     84.71     23.12     41.28    114.99    180.09    202.63
    225.48    285.92    352.73    388.79    395.12    406.57    412.07    391.81    333.94    240.08    124.80     20.63      0.00
      0.00   -140.93   -188.91   -213.10   -223.43   -218.17   -207.87   -208.33   -222.43   -247.16   -272.01   -283.10   -272.53
   -237.10   -174.54    -78.08     37.06    151.79    277.74    412.07    540.10    669.95    787.57    875.10    929.43    947.05
    925.25    869.27    785.33    653.29    474.13    272.34     94.53    -10.11    -38.09      2.00     79.02    130.89    133.18
    142.76    187.84    238.58    261.56    250.73    234.93    228.94    213.05    170.56     94.01      0.07    -68.52      0.00
      0.00   -138.09   -169.63   -176.72   -179.00   -173.74   -170.50   -179.71   -198.51   -226.23   -254.29   -266.65   -251.34
   -204.62   -124.14     -9.59    114.90    224.86    327.85    444.41    569.94    698.42    795.51    845.26    862.75    849.66
    804.34    728.77    617.52    465.48    283.07    100.61    -32.48   -109.49   -128.89    -87.35     -8.60     46.10     32.18
     13.88     36.61     66.93     82.43     78.28     57.48     23.27    -11.87    -44.03    -82.31   -120.39   -130.32      0.00
      0.00   -160.01   -176.28   -157.32   -138.44   -129.82   -127.20   -118.34   -110.66   -111.70   -114.18    -96.71    -53.72
     12.92     96.37    175.97    241.23    308.07    372.20    456.46    567.94    674.11    735.47    744.45    718.98    668.81
    590.37    484.67    357.86    210.44     64.14    -53.23   -142.18   -208.26   -238.60   -213.20   -139.22    -69.01    -65.36
   -113.12   -138.94   -150.26   -154.07   -152.67   -158.51   -180.17   -210.10   -234.99   -243.68   -233.54   -188.41      0.00
      0.00   -160.73   -159.08   -128.31    -90.77    -40.77      7.84     31.36     49.18     81.81    143.98    206.65    266.06
    327.93    377.34    411.57    430.42    435.53    430.50    468.29    552.88    611.66    618.43    576.75    504.94    412.50
    301.74    182.02     57.21    -51.04   -115.75   -166.48   -218.50   -272.53   -315.13   -315.04   -272.43   -207.87   -178.50
   -220.76   -299.57   -356.45   -378.37   -378.41   -376.20   -377.20   -384.33   -393.74   -382.83   -331.32   -227.53      0.00
      0.00   -137.39   -130.21    -92.42    -19.28     61.85    120.60    167.09    231.70    327.55    410.07    478.32    531.81
    564.49    575.21    573.33    561.23    535.32    492.71    481.58    515.13    504.89    441.17    344.82    223.38     92.39
    -32.13   -132.00   -196.71   -224.82   -237.88   -249.52   -269.64   -300.92   -332.78   -345.01   -338.68   -320.86   -313.95
   -357.15   -444.32   -524.50   -580.02   -609.64   -609.52   -590.55   -572.74   -556.30   -516.86   -431.49   -280.27      0.00
      0.00   -138.83   -121.98    -58.47     35.13    132.22    203.58    286.53    399.19    508.54    605.49    685.42    735.25
    746.50    727.87    690.85    640.67    577.25    503.91    450.85    420.34    331.77    194.13     46.14   -105.54   -238.50
   -317.61   -334.73   -330.55   -322.57   -314.44   -312.60   -321.06   -336.29   -350.83   -362.59   -376.17   -393.87   -427.88
   -498.80   -610.66   -725.97   -817.29   -858.22   -842.02   -800.10   -755.21   -696.70   -615.54   -487.02   -299.27      0.00
      0.00   -163.82   -153.48    -87.08     16.42    144.37    248.29    366.20    493.33    612.86    720.43    801.35    851.15
    862.93    831.10    766.61    684.71    582.35    464.71    367.94    267.94     94.32   -114.13   -280.49   -374.49   -415.65
   -415.44   -388.79   -356.57   -334.90   -332.83   -339.49   -352.55   -369.27   -384.84   -402.63   -426.49   -464.69   -524.37
   -624.81   -756.63   -879.25   -968.98  -1009.69   -992.73   -938.70   -872.75   -778.98   -635.14   -456.60   -259.41      0.00
      0.00   -213.02   -234.56   -190.58    -76.47     84.37    245.98    394.06    526.67    657.92    771.77    863.71    920.57
    928.63    888.62    807.20    701.81    568.79    421.43    290.11    110.32   -161.75   -403.72   -482.23   -466.65   -413.94
   -343.96   -284.31   -244.19   -224.51   -235.26   -274.14   -323.56   -369.31   -408.97   -443.51   -474.47   -522.16   -593.68
   -685.66   -788.11   -886.67   -959.09   -993.88   -982.94   -929.71   -836.91   -711.72   -557.78   -402.44   -235.61      0.00
      0.00   -288.32   -350.75   -336.46   -217.48    -23.49    192.23    382.10    537.70    687.50    808.08    901.10    957.16
    958.00    911.05    817.95    697.41    558.27    403.95    234.28    -23.05   -347.68   -531.73   -552.87   -460.35   -320.43
   -206.00   -128.94    -82.11    -65.77    -83.18   -135.56   -208.04   -281.18   -347.22   -400.32   -450.62   -511.68   -579.53
   -650.40   -718.20   -779.05   -828.99   -851.77   -836.28   -782.59   -696.03   -591.69   -480.14   -370.01   -243.80      0.00
      0.00   -362.08   -442.84   -446.93   -362.64   -145.03    145.65    387.82    569.93    723.71    838.04    914.00    949.35
    938.66    883.74    782.95    678.69    556.85    405.09    194.98   -126.92   -443.76   -564.63   -529.94   -368.74   -203.84
    -76.61      1.36     39.11     44.35     17.94    -33.87    -98.92   -167.27   -235.22   -300.23   -366.82   -438.27   -507.58
   -564.23   -611.05   -651.17   -678.32   -686.33   -670.55   -626.07   -560.71   -487.03   -411.66   -336.38   -237.38      0.00
      0.00   -318.74   -431.44   -431.82   -345.30   -124.88    162.37    427.42    632.03    778.96    863.47    901.22    904.96
    879.55    815.43    735.59    659.45    561.95    417.68    190.15   -165.06   -461.82   -513.36   -404.36   -232.64    -83.01
     10.77     59.11     75.21     71.00     54.80     21.14    -26.85    -82.87   -143.44   -203.81   -266.28   -331.30   -393.31
   -446.81   -494.46   -526.19   -541.06   -540.18   -522.36   -484.76   -433.60   -377.30   -324.55   -274.53   -200.03      0.00
      0.00   -157.78   -243.73   -231.22   -130.80     42.23    265.13    499.03    689.14    805.08    854.28    859.77    835.88
    787.69    728.80    677.41    626.45    556.61    434.69    248.84    -54.21   -304.36   -318.50   -217.76   -100.73    -14.18
     38.21     56.54     66.90     74.36     78.32     58.92     22.22    -25.01    -76.81   -127.98   -176.64   -223.66   -270.46
   -324.53   -370.31   -397.31   -407.15   -404.10   -388.42   -357.14   -312.76   -268.34   -239.12   -222.03   -180.19      0.00
      0.00    -27.85    -41.95    -20.04     55.22    183.41    356.79    537.12    687.45    771.96    798.35    786.53    733.34
    653.17    601.77    570.07    534.06    480.52    400.46    282.18    106.65    -52.31    -97.94    -70.87    -31.86      3.02
     34.85     53.72     69.55     78.52     80.86     62.07     26.01    -14.91    -54.60    -91.71   -126.09   -157.13   -187.90
   -225.11   -252.55   -267.28   -270.70   -262.07   -243.17   -217.40   -184.31   -153.15   -145.68   -169.99   -180.00      0.00
      0.00     23.55     45.29     78.29    144.86    257.04    391.46    520.73    629.72    688.53    704.93    677.11    583.35
    482.82    441.60    428.14    410.32    381.82    333.86    263.35    173.79     86.01     33.22     16.67      6.81     14.36
     31.77     45.68     55.32     55.24     49.98     25.79     -3.08    -30.39    -56.34    -80.95   -102.37   -119.20   -135.81
   -155.83   -171.23   -177.85   -176.51   -163.50   -137.69   -106.74    -73.10    -46.35    -55.01   -109.40   -169.37      0.00
      0.00     35.84     70.27    111.34    177.38    270.61    366.80    457.37    534.80    578.16    584.98    535.23    412.83
    325.64    299.05    306.49    317.05    311.94    291.34    255.49    209.82    153.44     96.05     71.80     38.97     20.42
     22.59     26.57     18.92      8.94     -1.56    -19.56    -37.70    -50.84    -63.13    -75.09    -85.14    -99.48   -119.87
   -134.96   -140.05   -138.56   -133.47   -116.65    -84.46    -43.05      3.90     40.35     22.36    -51.35   -133.66      0.00
      0.00     33.38     67.68    113.94    171.84    237.30    302.18    360.11    413.50    452.14    453.17    384.65    248.00
    178.36    168.71    198.36    225.17    228.66    229.73    221.93    190.17    143.17     76.19     34.12      4.95    -13.96
    -15.09    -14.88    -26.60    -39.48    -54.98    -66.64    -70.90    -67.55    -64.12    -71.73    -87.13   -111.27   -130.81
   -140.48   -139.64   -132.58   -128.37   -115.73    -81.45    -26.12     40.89     98.41     71.98    -12.27    -88.03      0.00
      0.00     34.26     63.48     95.14    131.31    173.24    214.86    244.24    273.57    305.06    310.29    243.28    100.20
     28.79     44.03     88.27    116.66    120.85    120.88    110.84     92.25     73.99     17.31    -29.14    -57.54    -67.87
    -59.39    -59.11    -64.91    -75.19    -89.27   -100.14    -93.68    -76.57    -74.15    -84.70   -101.04   -123.06   -139.39
   -146.16   -148.33   -155.39   -155.03   -141.30   -110.61    -57.53     12.76     66.99     45.62     -9.14    -51.94      0.00
      0.00     25.50     38.64     49.23     64.57     87.48    110.92    121.79    125.19    146.05    160.26    120.50      4.87
    -92.55    -64.45    -14.04     10.18     13.56      6.81     -2.37    -25.86    -40.93    -57.45    -81.61    -94.80   -101.05
    -92.57    -80.22    -69.15    -76.07    -92.25   -101.34    -84.70    -83.53    -76.61    -85.62   -107.92   -121.55   -128.03
   -137.23   -151.37   -160.46   -162.89   -160.44   -144.86   -110.83    -79.36    -44.25    -31.88    -31.30    -33.70      0.00
      0.00      0.00      0.00      0.00      0.00      0.00      0.00      0.00      0.00      0.00      0.00      0.00      0.00
      0.00      0.00      0.00      0.00      0.00      0.00      0.00      0.00      0.00      0.00      0.00      0.00      0.00
      0.00      0.00      0.00      0.00      0.00      0.00      0.00      0.00      0.00      0.00      0.00      0.00      0.00
      0.00      0.00      0.00      0.00      0.00      0.00      0.00      0.00      0.00      0.00      0.00      0.00      0.00
      0.00      0.00      0.00      0.00      0.00      0.00      0.00      0.00      0.00      0.00      0.00      0.00      0.00
      0.00      0.00      0.00      0.00      0.00      0.00      0.00      0.00      0.00      0.00      0.00      0.00      0.00
      0.00      0.00      0.00      0.00      0.00      0.00      0.00      0.00      0.00      0.00      0.00      0.00      0.00
      0.00      0.00      0.00      0.00      0.00      0.00      0.00      0.00      0.00      0.00      0.00      0.00      0.00
      0.00      3.53      9.71     18.79     29.58     37.20     38.30     42.14     50.35     55.83     56.29     53.62     44.68
     26.68      8.58     -4.01    -10.86    -10.72     -8.87     -8.76     -1.03     17.90     24.65     22.40      9.57    -16.28
    -37.59    -50.08    -58.42    -62.28    -59.76    -59.40    -62.33    -59.42    -57.90    -59.18    -59.57    -59.78    -52.06
    -44.09    -38.68    -32.75    -23.41    -15.68     -8.90     -3.95     -8.44    -20.81    -32.04    -43.84    -47.87      0.00
      0.00     81.29     88.58     95.34    104.17    110.59    111.56    107.20     95.03     74.36     50.21     29.50     12.02
     -3.59    -20.27    -41.90    -64.76    -85.78   -106.63   -121.43   -121.53   -117.91   -118.72   -126.23   -139.37   -155.94
   -172.23   -182.55   -194.54   -213.74   -217.26   -214.93   -227.01   -234.51   -225.72   -205.99   -196.42   -198.39   -175.91
   -148.92   -145.97   -131.74   -111.53    -97.30    -69.91    -39.69     -6.06     36.15     67.46     60.26     29.66      0.00
      0.00    199.71    223.79    235.79    233.04    211.65    176.14    128.59     82.44     38.99     -7.96    -54.33    -87.50
   -101.04   -101.75   -105.02   -117.18   -132.81   -149.94   -170.88   -191.40   -202.48   -210.04   -221.40   -235.97   -247.70
   -264.00   -293.06   -325.79   -355.88   -372.87   -392.34   -413.57   -417.36   -421.11   -431.22   -419.01   -385.89   -357.88
   -334.20   -303.77   -263.21   -243.09   -222.45   -166.77    -98.30    -44.24      3.54     48.77     93.74    151.34      0.00
      0.00    410.07    415.80    375.07    322.22    258.20    175.88     89.38     19.88    -32.59    -74.13    -98.20   -100.12
    -87.42    -73.94    -64.92    -61.01    -63.14    -70.53    -80.15    -87.42    -94.36   -107.52   -131.31   -161.63   -193.93
   -225.55   -262.88   -305.88   -338.37   -364.16   -396.54   -431.38   -458.65   -478.64   -489.52   -493.71   -491.65   -479.95
   -449.09   -409.25   -374.65   -334.69   -273.59   -175.52    -45.83    103.13    268.40    455.07    634.26    704.50      0.00
      0.00    426.32    362.11    284.24    218.93    161.72    101.90     40.16     -4.79    -16.84     -1.02     23.30     47.09
     61.48     63.32     65.78     73.72     79.53     77.04     68.91     68.11     76.72     84.88     90.55     94.32     87.08
     53.90     -4.32    -70.88   -133.47   -194.66   -243.91   -280.33   -307.97   -341.76   -377.50   -399.24   -402.93   -389.18
   -357.97   -324.43   -267.91   -145.37     12.75    159.69    310.22    474.28    623.58    775.17    980.22   1147.28      0.00
      0.00    292.90    260.60    213.71    161.19    125.62    121.95    144.46    167.25    168.19    143.54    109.93     87.89
     65.00     27.21    -14.63    -23.84     -0.12     32.98     67.22    110.61    153.31    195.15    237.79    273.62    296.61
    302.20    303.07    275.48    189.75     92.37     12.99    -59.87   -129.59   -177.11   -217.55   -238.48   -228.45   -192.82
   -193.39   -104.07    115.84    246.68    310.62    403.08    483.64    629.76    840.21    925.81    975.60   1138.24      0.00
      0.00    377.82    395.28    416.21    383.73    304.80    255.53    219.39    173.80    112.41     30.70    -25.01    -52.91
    -97.58   -144.93   -156.79   -102.04    -20.41     54.06    131.86    189.59    232.13    275.09    323.52    376.33    422.90
    455.81    472.43    463.86    443.85    384.36    274.09    160.04     57.69    -37.83    -94.76   -100.62    -86.16    -44.92
     78.33    193.28    257.70    394.37    579.46    684.29    745.15    838.55    963.71    906.41    836.58    914.60      0.00
      0.00    644.65    602.72    478.24    371.28    259.75    141.88     41.55    -32.60    -82.76   -102.65   -101.43   -132.74
   -181.39   -204.94   -158.07    -35.17    146.87    239.64    266.55    299.29    368.12    461.48    539.30    580.98    618.68
    647.90    661.24    662.45    625.48    569.76    482.99    346.03    189.26     52.00     -2.09    -10.90     25.39    149.38
    227.01    278.15    470.47    709.85    800.72    868.86    977.79   1074.55   1061.50    826.99    630.84    594.84      0.00
      0.00    533.71    418.71    234.52     92.19      7.67    -47.52    -65.82    -72.46   -102.53   -121.18   -136.97   -185.97
   -207.88   -197.71   -136.44     20.21    164.64    242.54    317.64    399.01    511.59    628.69    728.39    783.01    781.41
    816.09    843.40    810.41    807.40    746.68    589.80    416.51    215.43     69.50     21.98     46.18    178.51    297.10
    236.65    351.90    628.04    751.64    815.40    870.31    961.87   1123.80   1135.60    875.32    618.56    487.28      0.00
      0.00    299.52    181.11     77.61     -2.74    -61.93    -93.17    -98.10    -99.98   -111.94   -143.09   -209.99   -234.80
   -227.32   -157.42    -68.11      7.97    113.96    248.29    353.06    496.25    654.31    777.61    872.97    956.08   1042.58
   1043.13    958.22    898.88    945.08    867.53    619.01    371.83    168.23     44.78     22.41    110.63    288.56    300.05
    229.40    316.19    495.20    603.47    658.72    737.52    836.38    934.33    939.87    820.28    690.68    563.80      0.00
      0.00    278.97    137.24     23.44    -52.78    -90.11   -101.47   -114.26   -145.45   -172.67   -217.16   -259.31   -261.60
   -227.94   -156.57    -66.43     44.35    165.52    288.57    420.81    596.73    726.83    867.59   1058.51   1180.33   1220.47
   1253.64   1110.68    989.04   1009.51    827.49    518.43    265.98     86.80     -0.46      2.40    134.53    298.08    243.40
    214.36    284.49    384.13    436.62    416.96    462.11    552.46    624.23    622.00    574.31    468.64    406.46      0.00
      0.00    324.27    195.31     57.16    -42.92    -68.48    -79.36   -121.36   -169.06   -223.07   -279.85   -311.04   -307.82
   -256.98   -167.27    -27.94    112.09    213.74    374.54    550.94    659.16    813.65   1048.33   1178.75   1256.61   1272.92
   1207.43   1123.86   1104.00    936.14    626.34    335.32    121.84    -10.62    -71.50    -39.44    132.22    253.51    166.32
    135.13    206.20    285.26    317.07    271.91    246.21    278.54    319.96    333.00    269.32    179.21     99.63      0.00
      0.00    341.68    217.43    102.75     10.41    -24.44    -45.37    -96.23   -151.24   -220.56   -284.98   -307.45   -280.76
   -226.37   -129.99     26.65    192.50    298.21    385.44    529.51    673.24    926.11   1146.67   1151.45   1173.37   1160.30
   1107.70   1033.13    899.42    667.67    377.26    139.58     -8.59   -115.32   -166.63   -133.67     30.05    183.58     91.26
      8.21     47.51     95.05    110.52    102.84     87.57     55.84     20.22     12.78     19.75     45.81     39.79      0.00
      0.00    328.96    197.22    124.60     70.24     13.68    -33.72    -38.31    -55.69    -96.61    -78.88    -31.08      5.44
     71.45    158.58    224.92    254.75    319.45    374.09    466.17    653.81    904.76   1013.21   1021.79    959.95    935.90
    888.68    728.98    539.00    298.38     98.29    -31.98   -130.21   -205.95   -259.53   -255.60   -151.49     -1.98     18.89
    -89.88   -133.89   -148.63   -151.39   -143.84   -133.07   -144.42   -170.16   -180.62   -147.99    -82.69      9.61      0.00
      0.00    347.03    264.53    151.16     83.74    127.02    173.23    113.78     56.97    144.64    344.96    472.60    525.19
    620.31    635.74    609.18    539.10    461.30    394.90    430.12    636.32    860.40    872.26    799.13    746.85    680.56
    490.02    284.12     99.55    -51.62   -116.02   -158.66   -209.08   -264.00   -324.17   -336.14   -298.25   -213.00   -120.18
   -170.92   -304.66   -372.42   -378.12   -366.47   -362.96   -350.98   -346.02   -352.50   -315.60   -209.40    -11.61      0.00
      0.00    414.17    292.98    148.68    189.18    328.92    324.03    231.50    322.42    644.99    760.19    806.47    874.20
    934.67    975.73    910.92    799.27    667.95    432.37    420.96    615.95    766.99    680.11    577.51    413.88    172.90
    -28.19   -144.13   -217.55   -231.16   -241.91   -258.37   -277.44   -306.16   -338.10   -342.97   -347.29   -331.86   -318.85
   -352.96   -454.58   -549.59   -611.17   -646.49   -643.26   -607.84   -566.64   -529.56   -467.68   -352.24   -136.86      0.00
      0.00    390.09    240.81    196.84    381.63    565.24    427.96    434.45    716.35    860.62    873.28    982.18   1084.60
   1093.90   1076.35   1008.82    881.64    747.39    457.32    379.93    514.01    496.70    331.55    145.94   -108.69   -303.59
   -402.22   -397.71   -372.42   -349.37   -334.99   -335.16   -342.33   -352.39   -348.98   -353.02   -376.10   -395.41   -418.76
   -491.25   -651.08   -793.51   -893.88   -937.10   -906.90   -840.40   -775.58   -689.66   -589.50   -402.71    -78.20      0.00
      0.00    322.21    166.75    161.77    383.33    529.11    485.39    621.95    789.31    898.20   1003.01   1020.28   1087.20
   1186.68   1185.48   1130.23    925.84    775.14    452.80    324.31    373.58    189.53   -118.06   -322.56   -437.02   -515.88
   -536.64   -496.32   -435.40   -385.17   -374.24   -367.08   -359.00   -375.15   -397.62   -408.62   -425.22   -478.66   -543.17
   -645.30   -810.97   -954.40  -1049.85  -1087.46  -1073.07  -1007.68   -934.72   -817.08   -590.48   -221.18    280.27      0.00
      0.00    212.07     42.31    -22.65    143.24    381.78    566.03    686.28    694.79    852.59    984.12   1100.28   1188.24
   1213.13   1236.13   1193.90    980.28    698.38    426.43    386.57    306.42   -142.20   -479.63   -563.62   -552.68   -530.28
   -442.49   -341.06   -275.45   -233.52   -244.68   -300.16   -366.46   -425.57   -470.24   -510.41   -540.42   -587.92   -664.08
   -760.86   -869.28   -969.19  -1040.97  -1092.76  -1091.61  -1048.66   -918.85   -717.35   -392.86    -11.41    190.23      0.00
      0.00     33.50   -116.40   -225.25    -95.73    147.34    405.39    587.84    687.71    902.15   1035.55   1164.18   1269.13
   1274.46   1286.11   1173.78    902.09    676.97    506.48    468.11    135.82   -389.11   -625.63   -670.56   -587.67   -400.84
   -194.46    -56.97     22.12     38.02     -1.64   -105.34   -230.52   -332.57   -410.29   -463.66   -518.31   -592.34   -679.85
   -761.89   -828.25   -877.10   -938.56   -987.18   -994.28   -936.99   -778.68   -593.37   -327.58    -60.74     58.71      0.00
      0.00   -174.25   -278.19   -385.88   -353.22   -104.07    318.98    606.54    755.81    967.34   1110.08   1240.89   1279.46
   1311.67   1285.46    953.70    838.63    788.04    738.16    486.70    -57.52   -493.09   -668.67   -659.52   -467.75   -194.59
     62.26    219.98    258.14    206.07     89.23    -12.96    -97.15   -173.81   -250.81   -325.10   -405.81   -505.21   -631.74
   -708.29   -764.22   -848.42   -906.70   -943.12  -1006.70   -975.27   -793.86   -557.41   -303.95    -35.67    189.38      0.00
      0.00   -207.79   -326.28   -382.43   -367.42   -125.22    231.68    677.32   1013.16   1207.09   1267.42   1272.52   1246.05
   1290.72   1073.49    904.58    978.89    984.78    878.25    397.96   -197.02   -558.72   -641.26   -530.89   -214.56    123.58
    264.53    270.56    174.78    103.16     98.93     70.91     24.13    -17.46    -84.26   -151.46   -247.49   -382.08   -504.80
   -576.86   -700.71   -826.07   -924.46  -1041.13  -1168.58  -1072.50   -871.93   -557.26   -183.36    168.57    437.93      0.00
      0.00    -40.78   -127.55   -118.93    -51.85     50.67    356.26    902.24   1274.21   1346.17   1345.70   1315.56   1272.75
   1172.47   1015.12   1069.26   1148.69   1212.55    998.27    618.01    -72.83   -443.30   -454.47   -215.05     92.54    171.61
    179.61    126.11     90.35    134.75    246.71    228.26    213.34    201.05    123.30    -11.63   -143.04   -239.71   -254.89
   -432.26   -642.14   -813.76   -920.29  -1018.58  -1133.57  -1050.96   -760.98   -386.04    -25.92    319.72    551.08      0.00
      0.00     71.33    269.25    144.31    169.50    286.18    628.53   1089.72   1350.36   1398.05   1405.56   1460.60   1292.24
    941.87    860.80    889.19    862.42    776.16    669.87    491.44    121.46   -120.98   -123.33     10.74     65.76     66.74
    138.91    169.65    195.59    270.47    441.29    546.50    542.75    339.43    178.14    -47.22   -176.47   -146.34   -150.49
   -338.61   -521.97   -635.97   -674.00   -671.34   -578.15   -454.97   -262.12     44.69    388.92    544.45    602.24      0.00
      0.00     -3.25    297.05    237.11    239.34    512.37    837.42   1099.92   1303.29   1419.38   1515.68   1529.19   1035.26
    613.79    540.57    537.45    521.30    521.23    460.83    342.06    281.68    216.16    184.52    189.38     96.85    131.35
    234.05    394.06    449.09    474.46    979.34    814.67    588.83    344.46    121.82    -89.01   -115.73     22.22     86.61
    -30.56   -208.93   -240.49   -198.89   -100.79    103.09    277.07    398.53    620.54    817.00    794.24    637.06      0.00
      0.00   -133.32    175.48    242.77    346.65    641.49    816.98   1039.37   1277.87   1473.33   1598.95   1357.18    712.42
    424.64    404.92    522.46    598.26    656.77    648.67    612.84    733.90    798.75    525.22    839.24    521.22    381.72
    820.06   1096.47    945.00    967.32   1085.63    894.04    570.12    247.90     28.43    -13.75    396.36    732.17    572.83
    389.49    358.31    376.11    442.57    521.32    608.58    717.17    843.15    996.60   1017.06    918.73    636.98      0.00
      0.00   -150.87    117.56    310.48    535.07    687.47    834.19    937.51   1234.35   1637.23   1779.57   1181.72    510.81
    393.43    460.35    689.90   1134.45   1226.84   1681.95   1961.67   2100.63   1931.40   1024.77   1351.68   1387.89    975.52
   1740.27   1561.51   1277.84   1448.83   1091.55    744.99    425.78    319.89    459.69    923.27   1428.57   1171.90   1112.77
   1216.38   1174.58   1174.54   1089.48    987.68   1044.63   1167.79   1430.06   1496.65   1081.16    772.50    523.32      0.00
      0.00    -43.11    248.53    516.80    762.63    922.69   1026.61   1001.12   1179.16   1650.24   2186.07   1394.28    535.00
    376.81    613.77   1115.56   2266.97   2675.93   3042.07   2632.79   2342.31   2764.48   2924.42   2964.59   2728.26   2756.57
   3080.42   2067.92   1681.21   1489.07   1005.74    714.82    790.35   1348.17   1970.79   2700.00   2598.74   2202.47   2123.00
   2266.49   2418.59   2181.93   1972.97   2001.38   1948.54   1911.18   2140.07   1938.19   1136.23    708.44    432.60      0.00
      0.00     44.35    315.68    671.35   1069.29   1379.28   1543.73   1509.08   1319.91   1537.16   2085.52   2052.40   1013.64
    458.03    594.50   1298.12   2592.46   3296.80   2763.66   2662.94   2332.28   2800.69   4203.94   5208.08   4975.83   4004.26
   3281.25   2040.92   1854.68   1651.59    905.29   1058.27   2022.73   2765.44   3533.86   4201.57   3536.67   3229.98   3032.85
   2861.92   3165.24   3464.08   3418.63   3279.13   3093.71   2683.73   2418.85   1856.24   1195.75    688.80    182.72      0.00
      0.00      0.00      0.00      0.00      0.00      0.00      0.00      0.00      0.00      0.00      0.00      0.00      0.00
      0.00      0.00      0.00      0.00      0.00      0.00      0.00      0.00      0.00      0.00      0.00      0.00      0.00
      0.00      0.00      0.00      0.00      0.00      0.00      0.00      0.00      0.00      0.00      0.00      0.00      0.00
      0.00      0.00      0.00      0.00      0.00      0.00      0.00      0.00      0.00      0.00      0.00      0.00      0.00
    -24.69    -24.98    -25.32    -26.00    -25.66    -26.30    -26.35    -26.30    -26.00    -25.96    -24.98    -25.28    -24.94
    -24.30    -23.92    -23.88    -23.54    -23.20    -22.90    -23.24    -22.56    -22.56    -22.56    -22.56    -21.88    -21.54
    -21.20    -20.22    -19.88    -19.28    -18.60    -18.30    -18.34    -18.34    -18.68    -18.73    -19.32    -19.96    -20.30
    -20.94    -20.90    -21.54    -21.83    -22.47    -22.47    -22.77    -22.77    -23.07    -23.45    -23.75    -23.11    -23.15
    -16.00    -13.79     -9.23     -1.08      8.09     15.11     15.23     17.84     25.03     29.87     30.63     28.29     19.36
      2.04    -14.11    -25.42    -30.23    -28.76    -26.24    -25.78    -18.31      0.62      8.69      7.42     -4.48    -29.68
    -50.35    -62.55    -71.53    -76.02    -74.15    -73.53    -76.76    -74.49    -73.22    -74.84    -75.87    -77.31    -71.21
    -65.50    -63.03    -59.65    -52.27    -46.15    -40.69    -36.77    -42.87    -56.52    -68.77    -81.55    -85.88    -36.69
     -7.53     71.84     77.21     81.38     88.30     92.46     91.52     85.88     73.11     52.82     29.36      9.67     -6.79
    -20.79    -34.19    -53.60    -73.23    -91.99   -110.25   -123.09   -121.83   -116.85   -116.38   -123.29   -135.83   -152.06
   -167.42   -176.46   -187.18   -205.14   -208.02   -206.33   -218.41   -225.53   -217.76   -199.99   -193.23   -196.85   -176.04
   -152.88   -152.91   -140.64   -123.74   -112.11    -88.00    -62.25    -32.19      6.01     32.99     20.89    -13.12    -44.26
     -2.81    194.60    215.79    223.91    218.61    195.64    159.88    113.01     69.55     28.05    -16.30    -59.48    -89.37
    -98.57    -95.32    -95.41   -104.71   -116.80   -130.07   -147.77   -166.03   -175.84   -181.74   -192.50   -206.99   -218.33
   -232.34   -259.44   -291.27   -320.08   -336.09   -355.27   -375.57   -380.29   -386.98   -397.13   -385.35   -357.42   -334.60
   -315.81   -288.92   -252.95   -239.47   -225.64   -178.35   -120.99    -76.37    -34.76      6.34     50.80    108.35    -46.43
     -4.17    401.35    405.16    363.49    310.35    248.41    169.83     88.23     24.22    -21.31    -54.72    -72.28    -68.29
    -51.03    -34.36    -22.79    -17.01    -16.87    -22.35    -28.74    -33.11    -37.75    -49.22    -72.32   -101.58   -133.58
   -165.20   -199.59   -241.02   -271.59   -293.00   -321.51   -354.04   -380.09   -401.10   -415.55   -423.95   -429.38   -426.54
   -405.38   -374.90   -349.36   -320.48   -275.03   -191.01    -69.88     72.15    230.40    412.97    587.15    651.04    -58.39
     -7.19    420.74    358.87    282.71    220.12    166.57    113.01     59.48     20.70     13.84     31.96     58.28     83.36
     98.72    101.58    104.34    113.69    120.86    120.28    114.40    116.20    127.37    137.48    145.42    151.13    147.81
    120.85     68.75      8.07    -50.35   -106.95   -154.32   -190.53   -217.66   -252.46   -291.49   -318.42   -330.19   -327.85
   -308.65   -289.40   -253.61   -155.16    -17.17    113.98    255.95    417.55    566.08    718.91    926.21   1095.61    -50.05
     -5.62    290.47    261.92    219.28    170.26    135.96    133.06    154.55    175.72    174.48    150.52    120.87    105.68
     91.60     65.86     34.02     31.14     61.21    100.01    138.12    182.45    222.82    261.42    298.27    327.92    347.13
    353.45    356.65    336.60    261.51    171.62     97.73     32.02    -37.71    -92.50   -138.86   -167.66   -167.34   -142.81
   -163.38   -116.24     85.53    198.42    249.93    339.92    423.25    573.50    788.03    877.12    927.46   1089.77    -48.73
     -7.62    366.92    381.15    399.35    367.31    289.69    243.15    212.33    177.16    124.79     54.92     13.21     -2.82
    -35.74    -74.24    -71.80     -9.18     76.80    154.93    231.03    280.75    312.36    344.80    383.11    428.68    469.81
    498.20    511.67    502.38    485.60    435.30    335.59    233.07    139.36     41.68    -20.41    -40.05    -37.60    -18.49
     70.63    160.34    204.12    334.19    515.49    617.05    681.05    778.54    906.47    854.65    789.17    868.51    -47.75
    -23.58    622.81    584.51    463.47    361.27    256.56    148.18     56.92     -6.04    -45.69    -55.33    -41.80    -63.62
   -101.80   -113.26    -54.64     70.34    257.61    357.45    366.87    385.14    446.69    528.89    592.38    622.35    650.35
    675.18    687.97    689.44    652.04    598.49    523.08    399.19    256.33    124.91     64.60     42.77     53.82    145.38
    202.15    239.29    417.99    646.48    729.05    797.10    907.57   1004.58    993.44    766.93    576.45    541.60    -58.18
     -9.32    526.09    416.29    239.16    104.79     25.63    -25.60    -39.00    -42.84    -67.25    -76.66    -81.77   -113.49
   -120.68    -97.95    -25.82    130.57    251.76    350.31    412.68    477.96    579.17    677.72    761.84    809.27    792.86
    813.49    848.29    806.97    809.10    761.83    614.57    458.22    273.91    133.68     83.61     89.46    187.96    287.48
    213.58    310.87    570.71    682.31    743.47    793.91    882.66   1043.32   1056.78    800.88    548.76    418.21    -68.61
     20.64    325.95    211.66    110.76     33.94    -24.00    -55.84    -57.58    -55.42    -60.06    -86.10   -146.32   -156.15
   -139.09    -54.04     40.04    114.07    217.34    334.95    437.62    566.56    703.43    804.51    875.61    939.02   1015.69
   1013.25    933.28    874.11    924.74    869.83    634.93    408.69    224.11    109.73     77.49    142.46    294.82    290.77
    217.40    281.89    438.21    533.41    582.49    654.78    748.66    844.83    850.66    731.20    601.17    475.78    -85.97
     37.45    317.32    181.68     72.34     -2.26    -42.27    -57.50    -72.04   -100.85   -121.47   -156.56   -185.64   -177.89
   -138.09    -60.94     35.72    147.81    264.94    373.69    485.80    653.93    775.60    880.87   1041.44   1143.51   1169.05
   1203.29   1066.25    949.37    974.61    820.30    535.32    312.89    153.88     64.23     50.28    152.83    296.33    234.84
    204.87    256.02    332.04    378.18    361.59    398.86    474.14    534.81    528.53    481.10    377.44    314.18    -95.93
     42.73    357.85    226.64     94.91     -4.06    -31.62    -40.76    -78.33   -123.01   -169.66   -211.80   -235.80   -222.40
   -163.48    -70.02     73.14    218.19    304.47    457.28    620.10    684.14    839.95   1045.78   1153.51   1215.92   1221.68
   1155.46   1077.81   1052.80    899.92    618.04    365.07    181.60     56.33     -9.02     -0.12    139.33    246.74    160.70
    126.92    189.52    250.31    279.66    238.46    211.31    233.81    268.42    276.10    212.97    129.33     48.99    -71.37
     46.43    379.98    250.33    132.33     40.93      7.86    -12.77    -55.37   -101.66   -162.17   -215.90   -228.89   -194.58
   -132.99    -36.61    120.54    277.16    385.42    443.58    577.30    709.67    926.20   1139.90   1126.43   1136.64   1116.30
   1061.57    986.74    866.82    655.75    389.34    184.91     54.87    -45.18   -105.55    -95.45     37.07    177.32     95.17
     18.56     49.47     90.62    102.95     92.71     75.65     44.90     14.82      5.71      6.73     27.25     13.70    -36.13
     43.45    371.05    232.50    158.01    100.21     43.13      1.78      3.01    -11.60    -47.79    -18.36     37.53     72.30
    138.69    221.66    275.27    307.65    377.25    436.10    489.24    676.79    905.14    997.63    994.81    928.32    900.71
    856.13    710.13    537.21    313.15    135.65     22.79    -62.58   -132.44   -191.35   -206.44   -130.34     -3.47     21.40
    -71.20   -113.42   -130.07   -133.86   -127.88   -116.68   -123.74   -146.36   -155.68   -128.50    -72.81     10.89     -6.98
     38.47    383.80    295.51    174.48    106.25    145.15    182.76    119.36     60.12    150.51    369.22    512.31    576.82
    673.38    681.79    651.19    572.38    487.69    430.95    453.74    644.41    861.68    852.76    774.23    720.03    661.02
    492.58    298.76    135.52     -6.04    -63.84    -99.59   -147.49   -193.99   -252.92   -276.60   -259.01   -193.68   -117.03
   -154.41   -273.20   -328.50   -336.19   -332.16   -327.76   -311.69   -304.65   -305.21   -269.38   -177.52      4.82     -1.23
     37.75    447.88    320.47    169.11    199.77    337.39    336.63    231.42    325.15    648.05    762.83    812.86    887.44
    955.06   1002.08    941.82    829.96    697.49    458.54    430.45    621.44    756.26    664.36    565.33    417.12    197.72
     18.33    -82.03   -150.26   -165.61   -182.45   -202.82   -222.24   -248.40   -279.66   -287.51   -303.11   -299.89   -299.66
   -331.55   -424.24   -507.63   -558.82   -588.57   -585.63   -550.98   -506.97   -464.61   -405.24   -303.55   -115.36      3.49
     43.71    427.46    267.58    208.76    379.12    569.54    430.30    427.43    706.27    853.34    877.41    984.52   1092.48
   1112.71   1101.51   1037.04    909.77    773.52    475.87    376.01    516.65    484.44    332.44    168.41    -60.94   -233.45
   -320.08   -315.78   -293.81   -275.65   -268.85   -273.23   -281.00   -292.72   -289.05   -298.71   -318.77   -359.37   -384.84
   -444.52   -591.67   -721.62   -808.71   -843.89   -821.61   -760.81   -696.80   -610.24   -511.96   -344.11    -65.95    -14.00
     47.33    368.14    203.65    175.73    382.86    535.79    491.09    615.65    781.65    908.33   1009.86   1030.71   1103.80
   1215.66   1218.80   1167.98    955.21    799.02    457.06    320.52    376.69    209.83    -77.71   -257.35   -358.50   -434.80
   -450.20   -413.41   -359.34   -313.66   -302.35   -294.26   -284.56   -301.94   -327.31   -341.25   -362.40   -425.80   -481.88
   -569.75   -727.76   -854.21   -931.96   -970.20   -962.76   -903.58   -833.47   -730.77   -514.25   -193.77    292.91     -4.98
     46.60    265.36     96.15     18.89    145.83    378.25    570.20    676.07    699.39    859.74   1001.57   1126.03   1222.76
   1248.25   1269.20   1227.82   1009.91    720.34    427.92    388.69    317.11    -84.66   -384.93   -468.54   -470.66   -464.94
   -387.07   -293.39   -230.42   -186.87   -198.16   -248.06   -305.00   -359.94   -402.23   -443.97   -479.04   -519.27   -587.55
   -678.29   -786.41   -863.85   -925.03   -977.12   -975.88   -940.17   -824.62   -651.98   -359.03      4.34    201.51      7.62
     43.84     94.15    -46.09   -164.09    -63.25    156.79    419.65    598.39    714.61    932.71   1070.92   1203.25   1307.48
   1312.55   1319.56   1205.74    925.37    688.33    514.05    473.86    170.55   -298.41   -514.08   -567.86   -509.70   -361.56
   -168.33    -41.05     28.04     38.44      4.79    -93.17   -208.48   -301.29   -373.77   -420.59   -476.68   -548.16   -631.33
   -708.18   -768.03   -808.78   -859.35   -903.34   -910.14   -860.08   -718.92   -557.06   -307.24    -39.84     77.26     13.41
     28.56   -115.43   -204.01   -305.18   -280.74    -69.90    348.01    618.97    778.66   1009.82   1152.43   1284.94   1320.36
   1349.04   1318.32    975.91    851.65    795.53    743.23    507.72      0.96   -396.01   -555.37   -567.76   -414.93   -175.01
     64.05    216.06    251.67    196.79     75.14    -26.75   -107.11   -179.48   -245.19   -308.97   -386.23   -483.59   -607.27
   -675.18   -729.06   -809.64   -859.41   -889.96   -954.22   -927.18   -753.09   -518.30   -265.52     -4.60    217.90     26.47
     -5.58   -180.08   -261.54   -309.73   -296.47    -81.80    250.92    697.19   1039.42   1241.78   1305.17   1315.38   1291.63
   1326.13   1101.16    918.24    982.25    985.50    877.27    391.70   -169.14   -466.87   -558.48   -481.90   -201.87    118.00
    250.91    255.88    154.91     80.39     75.57     49.33     11.32    -20.83    -83.66   -146.74   -239.15   -365.48   -481.14
   -548.21   -673.13   -791.77   -888.46  -1001.84  -1126.40  -1031.30   -831.03   -515.64   -143.95    206.66    473.05     30.64
    -29.96    -61.72   -119.76    -92.04    -14.78     80.59    374.05    918.42   1295.54   1372.22   1379.28   1357.95   1317.31
   1206.99   1036.82   1072.28   1143.20   1202.76    982.14    587.83    -79.25   -406.48   -432.34   -214.41     81.78    150.42
    161.90    108.57     70.60    104.62    214.83    209.45    207.64    198.84    123.60     -5.29   -128.35   -221.75   -235.61
   -412.26   -616.65   -784.10   -888.92   -986.62  -1099.65  -1014.44   -720.20   -340.71     20.04    364.58    590.62     33.79
    -42.31     24.94    230.60    121.03    180.65    302.65    648.83   1108.87   1371.39   1421.89   1437.91   1503.42   1330.37
    975.07    881.44    889.57    852.72    756.07    639.01    450.58     75.92   -155.41   -153.04    -14.29     44.73     52.73
    115.84    153.94    165.76    239.96    423.54    539.44    538.32    343.77    187.71    -38.24   -168.56   -134.25   -138.70
   -328.94   -512.69   -625.58   -662.64   -653.72   -555.94   -429.06   -231.99     77.93    423.69    582.76    638.12     30.77
    -46.18    -43.13    265.85    223.36    242.95    528.75    851.21   1117.11   1321.80   1438.10   1543.26   1565.15   1069.78
    645.37    552.99    528.81    500.61    490.37    423.59    303.16    245.38    188.71    166.86    177.21     85.02    120.92
    219.79    374.23    425.21    452.96    970.23    808.16    590.28    349.82    124.25    -81.40   -106.83     27.83     90.14
    -29.63   -207.61   -235.00   -188.85    -85.81    118.84    295.59    420.28    644.12    842.75    822.16    663.95     23.79
    -33.20   -167.11    151.69    233.79    351.42    648.42    825.06   1052.99   1291.58   1486.61   1619.46   1387.02    748.04
    443.03    397.86    498.29    560.89    619.45    616.79    584.24    710.19    782.15    512.54    826.26    508.62    362.01
    798.73   1074.85    924.36    956.55   1076.48    892.34    571.02    249.39     32.43     -8.34    398.75    732.30    569.97
    386.21    358.65    380.15    449.00    530.18    619.69    729.21    856.47   1011.15   1034.47    936.61    653.80     15.62
    -24.13   -171.00    110.03    310.61    537.45    691.04    842.28    948.45   1245.55   1645.02   1795.53   1209.09    549.71
    398.62    444.82    665.13   1093.29   1190.11   1653.73   1933.16   2077.98   1909.99   1003.02   1331.38   1368.83    956.83
   1719.54   1538.23   1262.60   1442.70   1090.19    748.52    429.27    326.40    463.94    927.95   1427.81   1167.81   1110.21
   1214.55   1172.16   1176.07   1092.16    995.00   1053.61   1177.62   1436.24   1501.89   1089.88    782.71    530.55      5.19
    -13.62    -53.49    242.65    513.82    762.63    925.29   1031.71   1010.02   1189.29   1649.17   2196.92   1417.82    573.05
    384.60    594.49   1082.36   2225.69   2643.12   3012.96   2610.57   2324.01   2748.44   2911.95   2950.50   2714.13   2741.12
   3062.37   2052.64   1675.98   1484.77   1010.64    722.57    802.86   1359.02   1978.84   2702.98   2600.49   2205.62   2122.57
   2266.19   2419.91   2184.23   1977.01   2006.10   1953.52   1916.24   2142.16   1940.32   1139.80    712.91    433.37      0.34
    -12.73     32.95    307.51    665.56   1066.40   1378.94   1546.24   1514.44   1326.00   1538.39   2090.33   2069.17   1043.61
    473.22    576.28   1262.88   2552.28   3266.41   2741.74   2641.41   2315.05   2786.30   4192.87   5197.27   4964.38   3990.60
   3268.91   2032.66   1851.02   1654.15    910.78   1073.04   2039.08   2779.19   3544.07   4205.48   3540.46   3232.53   3034.42
   2862.90   3169.20   3468.72   3423.65   3283.17   3098.35   2687.82   2422.55   1860.24   1197.07    690.33    183.78      3.49
    -11.58     -9.28     -7.32     -3.70     -2.09     -1.15      2.13      1.49      3.15      5.11      4.85      4.60     12.68
     20.81      0.34    -20.73    -32.69    -28.90    -20.39    -18.85    -12.00    -11.11     -5.79     -6.17     -6.81     -5.36
     -6.00     -1.23     -3.66      6.64     13.96     16.77     18.39     14.77      8.09      5.49      4.43      2.21      0.89
      0.64      2.30      2.30      5.70      5.32      5.19      4.98      5.58      5.58      3.53      1.87      3.19      9.36
      0.00      0.00      0.00      0.00      0.00      0.00      0.00      0.00      0.00      0.00      0.00      0.00      0.00
      0.00      0.00      0.00      0.00      0.00      0.00      0.00      0.00      0.00      0.00      0.00      0.00      0.00
      0.00      0.00      0.00      0.00      0.00      0.00      0.00      0.00      0.00      0.00      0.00      0.00      0.00
      0.00      0.00      0.00      0.00      0.00      0.00      0.00      0.00      0.00      0.00      0.00      0.00      0.00
      0.00      0.55      1.10      1.66      2.22      2.77      3.31      3.84      4.34      4.81      5.25      5.66      6.03
      6.36      6.66      6.91      7.12      7.29      7.43      7.53      7.59      7.62      7.61      7.58      7.51      7.42
      7.30      7.16      7.00      6.81      6.61      6.38      6.14      5.89      5.63      5.35      5.07      4.78      4.48
      4.17      3.86      3.54      3.21      2.87      2.53      2.18      1.82      1.46      1.10      0.73      0.37      0.00
      0.00      1.14      2.28      3.42      4.53      5.63      6.69      7.71      8.68      9.60     10.46     11.26     11.99
     12.65     13.25     13.78     14.23     14.61     14.92     15.16     15.32     15.40     15.41     15.35     15.22     15.03
     14.77     14.46     14.11     13.70     13.27     12.82     12.33     11.82     11.29     10.74     10.18      9.60      9.02
      8.42      7.81      7.17      6.52      5.87      5.19      4.50      3.79      3.06      2.31      1.55      0.78      0.00
      0.00      1.75      3.50      5.22      6.90      8.54     10.13     11.67     13.14     14.54     15.86     17.12     18.28
     19.35     20.34     21.22     22.01     22.69     23.26     23.71     24.04     24.24     24.32     24.28     24.12     23.84
     23.46     22.98     22.41     21.78     21.08     20.33     19.54     18.72     17.88     17.03     16.18     15.30     14.40
     13.51     12.61     11.71     10.79      9.84      8.84      7.77      6.63      5.42      4.15      2.81      1.42      0.00
      0.00      2.32      4.62      6.88      9.10     11.28     13.39     15.44     17.43     19.36     21.21     22.98     24.66
     26.24     27.72     29.09     30.33     31.42     32.37     33.15     33.76     34.20     34.45     34.52     34.41     34.12
     33.65     33.02     32.25     31.35     30.35     29.27     28.13     26.97     25.80     24.63     23.48     22.34     21.21
     20.10     18.99     17.84     16.64     15.36     13.97     12.44     10.76      8.91      6.90      4.74      2.42      0.00
      0.00      2.79      5.55      8.28     10.97     13.62     16.22     18.78     21.30     23.75     26.15     28.49     30.75
     32.93     35.00     36.94     38.74     40.37     41.82     43.05     44.07     44.84     45.38     45.65     45.67     45.43
     44.92     44.18     43.21     42.05     40.74     39.31     37.82     36.31     34.81     33.36     31.94     30.57     29.21
     27.88     26.53     25.15     23.68     22.07     20.26     18.19     15.88     13.31     10.40      7.18      3.69      0.00
      0.00      3.14      6.26      9.35     12.43     15.48     18.52     21.53     24.52     27.47     30.40     33.28     36.13
     38.92     41.62     44.20     46.64     48.90     50.95     52.77     54.30     55.54     56.44     56.96     57.12     56.91
     56.35     55.46     54.27     52.81     51.15     49.36     47.49     45.59     43.72     41.91     40.19     38.54     36.95
     35.40     33.84     32.22     30.51     28.60     26.45     23.98     21.09     17.83     14.06      9.76      5.04      0.00
      0.00      3.36      6.70     10.05     13.40     16.77     20.14     23.53     26.92     30.32     33.72     37.11     40.47
     43.79     47.06     50.27     53.35     56.29     59.01     61.47     63.65     65.47     66.82     67.62     67.86     67.60
     66.85     65.67     64.11     62.22     60.08     57.80     55.46     53.11     50.82     48.65     46.62     44.71     42.91
     41.16     39.42     37.61     35.66     33.56     31.21     28.44     25.22     21.54     17.19     12.04      6.27      0.00
      0.00      3.38      6.80     10.27     13.80     17.40     21.07     24.79     28.55     32.36     36.18     40.01     43.83
     47.63     51.39     55.10     58.73     62.22     65.53     68.60     71.32     73.54     75.20     76.23     76.61     76.28
     75.25     73.65     71.56     69.07     66.29     63.36     60.42     57.53     54.77     52.20     49.84     47.67     45.68
     43.79     41.94     40.05     38.01     35.71     33.14     30.28     27.14     23.45     18.80     13.18      6.85      0.00
      0.00      3.23      6.58     10.10     13.77     17.60     21.56     25.60     29.72     33.90     38.11     42.33     46.55
     50.75     54.91     59.01     63.02     66.89     70.56     73.93     76.87     79.28     81.03     82.00     82.24     81.68
     80.27     78.20     75.56     72.39     68.86     65.21     61.57     58.06     54.78     51.79     49.11     46.69     44.53
     42.57     40.68     38.72     36.56     34.23     31.74     29.05     26.14     22.59     18.16     12.84      6.74      0.00
      0.00      3.06      6.35      9.92     13.74     17.81     22.05     26.40     30.87     35.40     39.95     44.49     49.00
     53.45     57.84     62.12     66.26     70.21     73.92     77.20     79.95     82.13     83.63     84.38     84.27     83.25
     81.32     78.60     75.29     71.46     67.25     62.88     58.55     54.45     50.69     47.30     44.29     41.61     39.22
     37.07     35.13     33.18     31.09     28.95     26.77     24.52     22.05     19.00     15.24     10.82      5.76      0.00
      0.00      3.10      6.48     10.14     14.14     18.48     23.02     27.69     32.46     37.26     42.06     46.79     51.43
     55.95     60.32     64.51     68.47     72.14     75.40     78.21     80.44     81.99     82.83     83.01     82.37     80.81
     78.26     74.84     70.79     66.26     61.42     56.44     51.54     46.93     42.73     38.97     35.62     32.66     30.02
     27.68     25.59     23.64     21.79     20.03     18.35     16.68     14.87     12.79     10.34      7.46      4.04      0.00
      0.00      3.45      7.12     11.06     15.34     19.95     24.78     29.74     34.75     39.74     44.66     49.44     54.02
     58.38     62.49     66.29     69.72     72.64     75.13     77.04     78.36     79.00     78.96     78.19     76.63     74.24
     71.05     67.10     62.51     57.38     51.97     46.51     41.19     36.20     31.66     27.56     23.90     20.66     17.80
     15.29     13.06     11.10      9.42      8.03      6.86      5.87      4.98      4.15      3.33      2.44      1.38      0.00
      0.00      3.84      7.89     12.24     16.91     21.87     27.04     32.31     37.58     42.73     47.69     52.38     56.75
     60.75     64.34     67.47     69.96     71.86     73.22     73.96     74.09     73.65     72.56     70.68     67.98     64.63
     60.67     56.12     51.07     45.59     39.89     34.17     28.63     23.42     18.63     14.29     10.38      6.90      3.79
      1.05     -1.33     -3.33     -4.93     -6.09     -6.82     -7.10     -6.95     -6.36     -5.31     -3.84     -2.02      0.00
      0.00      4.08      8.46     13.23     18.36     23.78     29.38     35.01     40.51     45.78     50.72     55.23     59.24
     62.70     65.57     67.74     69.21     69.85     69.76     69.12     67.88     66.08     63.72     60.72     57.06     52.90
     48.28     43.23     37.84     32.19     26.42     20.69     15.13      9.87      4.97      0.48     -3.59     -7.30    -10.66
    -13.63    -16.21    -18.32    -19.90    -20.85    -21.11    -20.64    -19.41    -17.33    -14.30    -10.35     -5.57      0.00
      0.00      4.13      8.73     13.86     19.41     25.26     31.26     37.22     42.96     48.30     53.13     57.37     60.92
     63.68     65.59     66.72     67.00     66.34     64.78     62.59     59.93     56.73     53.07     49.04     44.64     39.90
     34.85     29.54     24.06     18.47     12.85      7.31      1.92     -3.23     -8.07    -12.54    -16.69    -20.53    -24.09
    -27.30    -30.08    -32.30    -33.91    -34.70    -34.45    -33.14    -30.74    -27.17    -22.27    -16.10     -8.72      0.00
      0.00      3.99      8.62     13.88     19.67     25.82     32.14     38.37     44.29     49.66     54.35     58.24     61.24
     63.24     64.25     64.24     63.15     61.07     58.19     54.67     50.66     46.24     41.55     36.67     31.68     26.59
     21.43     16.20     10.89      5.58      0.30     -4.87     -9.89    -14.73    -19.36    -23.76    -27.91    -31.80    -35.47
    -38.83    -41.74    -44.12    -45.67    -46.11    -45.36    -43.24    -39.71    -34.79    -28.52    -20.84    -11.45      0.00
      0.00      3.45      7.76     12.94     18.82     25.19     31.75     38.21     44.25     49.60     54.10     57.63     60.05
     61.26     61.29     60.12     57.82     54.60     50.58     45.88     40.70     35.27     29.76     24.32     19.04     13.95
      9.01      4.12     -0.76     -5.63    -10.42    -15.07    -19.57    -23.96    -28.23    -32.37    -36.40    -40.25    -43.95
    -47.42    -50.50    -52.98    -54.37    -54.35    -52.94    -50.13    -45.78    -40.04    -33.01    -24.34    -13.31      0.00
      0.00      2.39      6.04     10.92     16.77     23.27     30.03     36.66     42.75     47.99     52.27     55.36     57.09
     57.51     56.70     54.64     51.49     47.44     42.49     36.79     30.68     24.46     18.40     12.71      7.49      2.69
     -1.72     -5.99    -10.24    -14.51    -18.71    -22.75    -26.68    -30.54    -34.36    -38.15    -41.87    -45.60    -49.27
    -52.67    -55.64    -57.88    -58.96    -58.70    -56.96    -53.77    -49.12    -43.01    -35.22    -25.37    -13.54      0.00
      0.00      1.01      3.75      8.13     13.75     20.23     27.06     33.72     39.72     44.75     48.65     51.21     52.48
     52.44     51.09     48.53     44.81     40.04     34.32     27.90     21.12     14.43      8.09      2.46     -2.45     -6.63
    -10.30    -13.77    -17.26    -20.84    -24.34    -27.77    -31.17    -34.55    -37.94    -41.30    -44.66    -48.05    -51.35
    -54.42    -57.07    -58.92    -59.64    -59.06    -57.09    -53.77    -49.07    -42.56    -34.19    -24.19    -12.75      0.00
      0.00     -0.34      1.48      5.19     10.36     16.61     23.32     29.77     35.46     40.19     43.75     46.08     47.11
     46.80     45.16     42.23     38.09     32.85     26.71     19.85     12.70      5.81     -0.52     -5.81    -10.11    -13.57
    -16.46    -19.19    -21.96    -24.84    -27.69    -30.56    -33.47    -36.42    -39.38    -42.28    -45.17    -48.05    -50.83
    -53.40    -55.46    -56.76    -57.06    -56.18    -54.06    -50.60    -45.73    -39.27    -31.24    -21.93    -11.50      0.00
      0.00     -1.36     -0.25      2.86      7.49     13.24     19.57     25.61     30.95     35.34     38.61     40.68     41.50
     41.03     39.20     36.07     31.76     26.39     20.13     13.17      5.94     -0.88     -6.88    -11.80    -15.29    -18.00
    -20.30    -22.44    -24.61    -26.86    -29.17    -31.52    -33.95    -36.44    -38.93    -41.36    -43.77    -46.16    -48.43
    -50.40    -51.85    -52.61    -52.53    -51.41    -49.16    -45.70    -40.90    -34.78    -27.53    -19.25    -10.05      0.00
      0.00     -1.63     -0.98      1.62      5.72     10.85     16.48     21.89     26.68     30.62     33.54     35.34     35.97
     35.35     33.42     30.29     26.06     20.85     14.81      8.15      1.25     -5.22    -10.74    -15.03    -18.00    -20.29
    -22.17    -23.84    -25.49    -27.22    -29.04    -30.93    -32.92    -34.95    -36.98    -38.99    -40.98    -42.91    -44.65
    -46.08    -47.05    -47.39    -46.98    -45.69    -43.38    -39.97    -35.47    -30.00    -23.64    -16.47     -8.55      0.00
      0.00     -1.15     -0.58      1.55      4.98      9.31     14.06     18.65     22.78     26.17     28.67     30.19     30.60
     29.88     28.01     25.05     21.10     16.29     10.77      4.74     -1.41     -7.19    -12.07    -15.90    -18.67    -20.67
    -22.31    -23.65    -24.92    -26.22    -27.63    -29.14    -30.71    -32.33    -33.98    -35.61    -37.19    -38.68    -39.98
    -40.98    -41.55    -41.56    -40.92    -39.49    -37.20    -34.05    -30.08    -25.33    -19.86    -13.77     -7.11      0.00
      0.00     -0.52      0.11      1.89      4.68      8.20     12.03     15.79     19.20     22.02     24.09     25.29     25.54
     24.79     23.07     20.40     16.86     12.60      7.77      2.59     -2.63     -7.54    -11.77    -15.16    -17.71    -19.55
    -21.03    -22.18    -23.18    -24.19    -25.26    -26.41    -27.62    -28.89    -30.18    -31.47    -32.69    -33.81    -34.74
    -35.38    -35.64    -35.41    -34.62    -33.19    -31.11    -28.35    -24.93    -20.90    -16.31    -11.24     -5.77      0.00
      0.00     -0.05      0.64      2.14      4.38      7.14     10.14     13.12     15.86     18.13     19.77     20.67     20.79
     20.08     18.56     16.26     13.23      9.60      5.54      1.24     -3.05     -7.06    -10.57    -13.45    -15.70    -17.42
    -18.72    -19.70    -20.49    -21.30    -22.13    -22.98    -23.89    -24.84    -25.82    -26.79    -27.70    -28.50    -29.14
    -29.53    -29.58    -29.22    -28.42    -27.12    -25.30    -22.96    -20.10    -16.77    -13.01     -8.91     -4.54      0.00
      0.00      0.21      0.90      2.14      3.88      5.97      8.25     10.54     12.65     14.39     15.63     16.30     16.33
     15.71     14.43     12.53     10.06      7.13      3.86      0.44     -2.96     -6.13     -8.91    -11.23    -13.11    -14.59
    -15.69    -16.50    -17.15    -17.76    -18.40    -19.04    -19.68    -20.36    -21.07    -21.76    -22.42    -22.98    -23.38
    -23.60    -23.53    -23.16    -22.43    -21.33    -19.82    -17.90    -15.60    -12.95     -9.98     -6.79     -3.43      0.00
      0.00      0.30      0.90      1.85      3.13      4.65      6.31      7.97      9.50     10.76     11.65     12.11     12.11
     11.61     10.62      9.15      7.26      5.03      2.57      0.01     -2.52     -4.89     -6.99     -8.73    -10.15    -11.31
    -12.24    -12.86    -13.29    -13.71    -14.21    -14.68    -15.11    -15.57    -16.05    -16.52    -16.97    -17.33    -17.56
    -17.65    -17.55    -17.24    -16.65    -15.78    -14.61    -13.14    -11.40     -9.41     -7.21     -4.87     -2.45      0.00
      0.00      0.27      0.71      1.35      2.20      3.20      4.29      5.38      6.38      7.20      7.78      8.07      8.05
      7.69      7.01      6.01      4.72      3.21      1.55     -0.16     -1.84     -3.43     -4.84     -6.00     -6.94     -7.75
     -8.39     -8.79     -9.06     -9.33     -9.68     -9.97    -10.23    -10.51    -10.81    -11.13    -11.41    -11.62    -11.75
    -11.77    -11.69    -11.45    -11.03    -10.42     -9.61     -8.62     -7.44     -6.12     -4.67     -3.14     -1.57      0.00
      0.00      0.15      0.38      0.71      1.13      1.64      2.18      2.73      3.23      3.64      3.93      4.07      4.05
      3.86      3.51      2.99      2.33      1.56      0.72     -0.14     -0.99     -1.78     -2.50     -3.08     -3.56     -3.97
     -4.27     -4.46     -4.59     -4.75     -4.91     -5.02     -5.14     -5.27     -5.44     -5.63     -5.76     -5.87     -5.94
     -5.94     -5.88     -5.74     -5.51     -5.19     -4.77     -4.27     -3.67     -3.01     -2.29     -1.54     -0.77      0.00
      0.00      0.00      0.00      0.00      0.00      0.00      0.00      0.00      0.00      0.00      0.00      0.00      0.00
      0.00      0.00      0.00      0.00      0.00      0.00      0.00      0.00      0.00      0.00      0.00      0.00      0.00
      0.00      0.00      0.00      0.00      0.00      0.00      0.00      0.00      0.00      0.00      0.00      0.00      0.00
      0.00      0.00      0.00      0.00      0.00      0.00      0.00      0.00      0.00      0.00      0.00      0.00      0.00
      0.00      0.00      0.00      0.00      0.00      0.00      0.00      0.00      0.00      0.00      0.00      0.00      0.00
      0.00      0.00      0.00      0.00      0.00      0.00      0.00      0.00      0.00      0.00      0.00      0.00      0.00
      0.00      0.00      0.00      0.00      0.00      0.00      0.00      0.00      0.00      0.00      0.00      0.00      0.00
      0.00      0.00      0.00      0.00      0.00      0.00      0.00      0.00      0.00      0.00      0.00      0.00      0.00
      0.00     -0.56     -1.11     -1.64     -2.15     -2.65     -3.14     -3.61     -4.07     -4.52     -4.96     -5.39     -5.81
     -6.22     -6.62     -7.02     -7.41     -7.80     -8.19     -8.57     -8.93     -9.29     -9.64     -9.96    -10.26    -10.52
    -10.76    -10.95    -11.11    -11.23    -11.31    -11.34    -11.33    -11.27    -11.15    -10.97    -10.73    -10.43    -10.06
     -9.64     -9.15     -8.60     -8.00     -7.34     -6.62     -5.84     -5.00     -4.11     -3.16     -2.16     -1.11      0.00
      0.00     -0.84     -1.65     -2.43     -3.16     -3.85     -4.52     -5.17     -5.80     -6.41     -7.00     -7.56     -8.11
     -8.64     -9.16     -9.67    -10.19    -10.70    -11.23    -11.78    -12.35    -12.94    -13.53    -14.12    -14.70    -15.24
    -15.75    -16.22    -16.65    -17.02    -17.31    -17.50    -17.61    -17.66    -17.62    -17.49    -17.25    -16.91    -16.45
    -15.88    -15.21    -14.45    -13.58    -12.56    -11.40    -10.12     -8.71     -7.19     -5.57     -3.83     -1.98      0.00
      0.00     -0.93     -1.81     -2.64     -3.40     -4.12     -4.80     -5.42     -6.01     -6.55     -7.06     -7.53     -7.97
     -8.38     -8.78     -9.19     -9.60    -10.03    -10.50    -11.00    -11.56    -12.17    -12.83    -13.53    -14.24    -14.98
    -15.74    -16.50    -17.22    -17.87    -18.45    -18.96    -19.40    -19.74    -19.96    -20.04    -19.98    -19.81    -19.55
    -19.09    -18.41    -17.53    -16.42    -15.11    -13.64    -12.04    -10.32     -8.51     -6.59     -4.56     -2.37      0.00
      0.00     -0.94     -1.81     -2.60     -3.31     -3.93     -4.47     -4.91     -5.28     -5.59     -5.83     -6.01     -6.13
     -6.21     -6.27     -6.31     -6.37     -6.46     -6.58     -6.78     -7.05     -7.42     -7.90     -8.48     -9.19     -9.98
    -10.85    -11.78    -12.74    -13.69    -14.63    -15.52    -16.34    -17.03    -17.55    -17.91    -18.10    -18.12    -17.95
    -17.52    -16.86    -16.01    -14.99    -13.78    -12.38    -10.83     -9.19     -7.51     -5.76     -3.94     -2.02      0.00
      0.00     -0.97     -1.84     -2.57     -3.17     -3.63     -3.95     -4.13     -4.18     -4.10     -3.91     -3.62     -3.24
     -2.78     -2.28     -1.74     -1.19     -0.67     -0.20      0.17      0.42      0.51      0.42      0.13     -0.36     -1.04
     -1.91     -2.94     -4.09     -5.31     -6.56     -7.80     -8.95     -9.96    -10.74    -11.30    -11.62    -11.76    -11.70
    -11.42    -10.96    -10.31     -9.49     -8.51     -7.40     -6.22     -5.06     -3.94     -2.87     -1.84     -0.87      0.00
      0.00     -1.10     -2.01     -2.73     -3.23     -3.52     -3.59     -3.45     -3.11     -2.56     -1.84     -0.96      0.04
      1.16      2.37      3.66      5.00      6.33      7.58      8.71      9.66     10.39     10.84     10.99     10.81     10.31
      9.51      8.43      7.13      5.67      4.11      2.53      1.02     -0.35     -1.51     -2.43     -3.09     -3.48     -3.57
     -3.42     -3.06     -2.53     -1.89     -1.17     -0.44      0.22      0.74      1.08      1.20      1.06      0.69      0.00
      0.00     -1.34     -2.39     -3.12     -3.54     -3.63     -3.41     -2.90     -2.14     -1.11      0.16      1.63      3.31
      5.18      7.20      9.34     11.55     13.76     15.92     17.94     19.74     21.23     22.32     22.93     23.03     22.63
     21.76     20.48     18.86     16.98     14.96     12.90     10.90      9.06      7.45      6.14      5.16      4.51      4.19
      4.15      4.34      4.70      5.16      5.67      6.12      6.37      6.38      6.10      5.36      4.09      2.34      0.00
      0.00     -1.64     -2.87     -3.65     -3.97     -3.86     -3.34     -2.44     -1.23      0.28      2.08      4.19      6.57
      9.20     12.03     14.99     18.05     21.15     24.18     27.06     29.65     31.81     33.44     34.44     34.77     34.34
     33.20     31.48     29.28     26.73     23.97     21.18     18.50     16.03     13.88     12.11     10.76      9.83      9.29
      9.09      9.17      9.43      9.76     10.05     10.22     10.26     10.15      9.62      8.31      6.23      3.49      0.00
      0.00     -2.05     -3.51     -4.33     -4.54     -4.17     -3.26     -1.95     -0.27      1.80      4.23      6.98     10.02
     13.33     16.84     20.54     24.35     28.18     31.92     35.42     38.54     41.15     43.06     44.11     44.35     43.68
     42.07     39.73     36.81     33.39     29.69     25.97     22.42     19.18     16.36     14.06     12.29     11.04     10.28
      9.97      9.99     10.16     10.35     10.53     10.69     10.80     10.80     10.25      8.92      6.77      3.83      0.00
      0.00     -2.42     -4.03     -4.83     -4.86     -4.14     -2.84     -1.10      1.15      3.84      6.94     10.32     13.98
     17.85     21.96     26.21     30.50     34.74     38.82     42.56     45.76     48.32     50.08     50.96     50.81     49.58
     47.27     44.06     40.21     35.85     31.16     26.45     21.94     17.86     14.34     11.45      9.21      7.57      6.49
      5.93      5.83      5.96      6.13      6.42      6.82      7.27      7.62      7.46      6.65      5.24      3.14      0.00
      0.00     -2.43     -3.97     -4.65     -4.39     -3.19     -1.40      0.89      3.68      6.92     10.57     14.53     18.68
     23.02     27.47     31.96     36.39     40.65     44.60     48.08     50.91     52.91     54.03     54.27     53.45     51.49
     48.31     44.10     39.18     33.78     28.11     22.45     17.05     12.16      7.93      4.40      1.59     -0.53     -2.03
     -2.94     -3.33     -3.33     -3.01     -2.41     -1.57     -0.60      0.34      1.10      1.58      1.71      1.30      0.00
      0.00     -1.94     -3.00     -3.17     -2.38     -0.69      1.68      4.57      7.86     11.57     15.71     20.03     24.48
     28.96     33.45     37.85     42.03     45.85     49.19     51.87     53.81     54.87     54.99     54.10     52.11     49.02
     44.90     39.83     34.02     27.65     21.06     14.55      8.38      2.76     -2.17     -6.36     -9.80    -12.49    -14.48
    -15.82    -16.56    -16.76    -16.43    -15.57    -14.29    -12.66    -10.78     -8.71     -6.48     -4.17     -1.92      0.00
      0.00     -1.18     -1.48     -0.84      0.73      3.10      6.13      9.72     13.72     18.02     22.45     26.95     31.42
     35.80     40.03     43.98     47.48     50.38     52.64     54.11     54.74     54.53     53.38     51.08     47.60     43.20
     37.96     31.94     25.34     18.27     11.03      3.90     -2.88     -9.12    -14.70    -19.54    -23.63    -26.96    -29.56
    -31.47    -32.68    -33.20    -33.01    -32.09    -30.46    -28.15    -25.15    -21.47    -17.07    -11.97     -6.24      0.00
      0.00     -0.44      0.12      1.74      4.30      7.62     11.56     15.99     20.74     25.56     30.32     34.93     39.30
     43.35     47.00     50.15     52.62     54.21     54.89     54.78     53.77     51.86     49.07     45.30     40.49     34.92
     28.67     21.83     14.55      6.99     -0.66     -8.19    -15.39    -22.11    -28.23    -33.66    -38.37    -42.38    -45.68
    -48.26    -50.09    -51.10    -51.19    -50.28    -48.30    -45.22    -41.02    -35.58    -28.77    -20.58    -11.05      0.00
      0.00      0.27      1.80      4.53      8.20     12.61     17.55     22.82     28.20     33.48     38.50     43.13     47.25
     50.76     53.57     55.62     56.77     56.84     55.74     53.71     50.89     47.17     42.64     37.44     31.56     25.08
     18.08     10.67      3.00     -4.82    -12.66    -20.37    -27.81    -34.85    -41.35    -47.23    -52.47    -57.10    -61.12
    -64.46    -66.97    -68.54    -69.06    -68.26    -65.89    -61.92    -56.35    -49.05    -39.84    -28.69    -15.57      0.00
      0.00      1.08      3.57      7.24     11.86     17.21     23.05     29.12     35.12     40.81     46.00     50.54     54.28
     57.11     58.96     59.74     59.28     57.58     54.77     50.97     46.35     40.99     35.03     28.58     21.80     14.68
      7.29     -0.32     -8.11    -15.96    -23.79    -31.47    -38.93    -46.06    -52.80    -59.06    -64.78    -69.96    -74.61
    -78.61    -81.77    -83.99    -84.84    -83.96    -81.21    -76.38    -69.43    -60.39    -49.27    -35.91    -19.74      0.00
      0.00      1.63      4.70      9.06     14.48     20.69     27.38     34.18     40.76     46.79     52.07     56.42     59.69
     61.71     62.46     61.84     59.85     56.65     52.31     46.90     40.69     33.92     26.79     19.50     12.14      4.77
     -2.64    -10.15    -17.78    -25.49    -33.13    -40.63    -47.91    -54.96    -61.71    -68.13    -74.18    -79.78    -84.94
    -89.56    -93.41    -96.21    -97.27    -96.12    -92.78    -87.23    -79.27    -69.09    -56.80    -41.81    -22.93      0.00
      0.00      1.58      4.83      9.64     15.73     22.70     30.15     37.61     44.64     50.86     56.13     60.16     62.74
     63.86     63.57     61.81     58.69     54.39     48.81     42.04     34.51     26.61     18.64     10.86      3.34     -3.94
    -11.03    -18.14    -25.37    -32.73    -40.05    -47.21    -54.20    -61.00    -67.62    -74.01    -80.09    -85.96    -91.54
    -96.52   -100.66   -103.55   -104.56   -103.41    -99.89    -93.98    -85.68    -74.94    -61.39    -44.42    -24.00      0.00
      0.00      1.03      4.17      9.19     15.68     23.21     31.21     39.11     46.35     52.56     57.53     61.04     63.11
     63.67     62.69     60.24     56.36     51.08     44.45     36.75     28.29     19.65     11.20      3.28     -4.10    -10.94
    -17.47    -23.95    -30.59    -37.42    -44.23    -50.97    -57.62    -64.17    -70.57    -76.75    -82.71    -88.52    -93.98
    -98.89   -102.98   -105.68   -106.49   -105.14   -101.46    -95.51    -87.18    -75.76    -61.13    -43.63    -23.43      0.00
      0.00      0.25      3.18      8.18     14.78     22.57     30.85     38.79     45.86     51.83     56.53     59.83     61.64
     61.86     60.49     57.52     53.02     47.05     39.88     31.62     22.64     13.64      5.04     -2.70     -9.62    -15.87
    -21.73    -27.57    -33.58    -39.78    -46.02    -52.29    -58.58    -64.82    -70.94    -76.77    -82.37    -87.75    -92.78
    -97.28   -100.81   -102.95   -103.37   -101.74    -97.95    -91.82    -83.19    -71.72    -57.45    -40.78    -21.84      0.00
      0.00     -0.40      2.38      7.32     13.83     21.50     29.65     37.28     44.09     49.82     54.25     57.28     58.84
     58.86     57.20     53.89     49.07     42.88     35.52     27.10     18.03      9.03      0.64     -6.83    -13.05    -18.63
    -23.93    -29.19    -34.59    -40.16    -45.84    -51.61    -57.42    -63.22    -68.87    -74.23    -79.36    -84.25    -88.73
    -92.55    -95.34    -96.84    -96.81    -94.92    -90.97    -84.84    -76.25    -65.21    -52.07    -36.92    -19.71      0.00
      0.00     -0.42      2.30      7.12     13.41     20.65     28.20     35.30     41.61     46.92     50.98     53.72     55.03
     54.83     52.97     49.56     44.77     38.71     31.55     23.44     14.74      6.11     -1.83     -8.73    -14.46    -19.60
    -24.43    -29.17    -33.96    -38.92    -44.01    -49.20    -54.46    -59.69    -64.77    -69.63    -74.27    -78.59    -82.41
    -85.52    -87.67    -88.62    -88.13    -86.01    -82.00    -75.90    -67.75    -57.76    -46.02    -32.57    -17.34      0.00
      0.00      0.35      3.20      7.71     13.45     19.93     26.58     32.88     38.57     43.28     46.88     49.27     50.30
     49.89     48.06     44.81     40.26     34.59     27.95     20.51     12.60      4.75     -2.50     -8.87    -14.31    -19.07
    -23.52    -27.78    -32.05    -36.40    -40.88    -45.48    -50.11    -54.73    -59.24    -63.54    -67.58    -71.28    -74.46
    -76.93    -78.51    -78.97    -78.15    -75.80    -71.78    -66.14    -58.91    -50.11    -39.84    -28.13    -14.93      0.00
      0.00      1.27      4.20      8.33     13.36     18.90     24.57     30.01     34.93     39.00     42.09     44.07     44.86
     44.37     42.67     39.73     35.63     30.52     24.56     17.96     11.04      4.15     -2.29     -8.04    -13.06    -17.47
    -21.54    -25.38    -29.14    -32.93    -36.81    -40.75    -44.73    -48.69    -52.57    -56.28    -59.71    -62.78    -65.34
    -67.25    -68.31    -68.36    -67.29    -64.96    -61.33    -56.38    -50.12    -42.56    -33.77    -23.77    -12.55      0.00
      0.00      1.88      4.76      8.41     12.67     17.30     22.02     26.55     30.67     34.11     36.65     38.23     38.82
     38.33     36.80     34.25     30.71     26.27     21.10     15.44      9.54      3.69     -1.84     -6.85    -11.31    -15.28
    -18.88    -22.24    -25.47    -28.71    -31.99    -35.27    -38.58    -41.87    -45.08    -48.13    -50.94    -53.40    -55.42
    -56.86    -57.53    -57.34    -56.26    -54.17    -51.03    -46.83    -41.56    -35.23    -27.88    -19.54    -10.26      0.00
      0.00      2.08      4.69      7.77     11.25     15.00     18.80     22.45     25.78     28.53     30.54     31.78     32.19
     31.75     30.46     28.32     25.37     21.67     17.38     12.71      7.88      3.08     -1.47     -5.64     -9.39    -12.76
    -15.81    -18.63    -21.31    -23.94    -26.59    -29.24    -31.87    -34.46    -37.00    -39.40    -41.61    -43.52    -45.03
    -46.08    -46.50    -46.26    -45.29    -43.54    -40.96    -37.52    -33.23    -28.11    -22.18    -15.48     -8.07      0.00
      0.00      1.89      4.05      6.49      9.18     12.03     14.94     17.73     20.26     22.32     23.83     24.76     25.05
     24.70     23.67     21.97     19.62     16.72     13.37      9.73      5.97      2.27     -1.25     -4.49     -7.42    -10.07
    -12.47    -14.66    -16.71    -18.70    -20.73    -22.73    -24.68    -26.61    -28.48    -30.25    -31.90    -33.27    -34.33
    -35.04    -35.31    -35.12    -34.35    -32.98    -30.97    -28.31    -25.03    -21.12    -16.60    -11.53     -5.97      0.00
      0.00      1.43      2.98      4.68      6.54      8.52     10.51     12.43     14.14     15.55     16.60     17.23     17.41
     17.12     16.39     15.18     13.51     11.45      9.09      6.53      3.90      1.33     -1.11     -3.35     -5.38     -7.18
     -8.81    -10.29    -11.67    -13.04    -14.41    -15.75    -17.03    -18.29    -19.52    -20.73    -21.82    -22.72    -23.41
    -23.85    -24.03    -23.86    -23.32    -22.34    -20.93    -19.10    -16.84    -14.16    -11.09     -7.68     -3.97      0.00
      0.00      0.77      1.58      2.47      3.44      4.47      5.52      6.54      7.45      8.20      8.74      9.06      9.14
      8.97      8.55      7.90      6.99      5.87      4.60      3.21      1.80      0.42     -0.86     -2.03     -3.07     -3.98
     -4.79     -5.52     -6.20     -6.90     -7.58     -8.26     -8.90     -9.51    -10.12    -10.75    -11.31    -11.79    -12.17
    -12.39    -12.43    -12.32    -12.01    -11.47    -10.70     -9.73     -8.55     -7.16     -5.59     -3.86     -1.99      0.00
      0.00      0.00      0.00      0.00      0.00      0.00      0.00      0.00      0.00      0.00      0.00      0.00      0.00
      0.00      0.00      0.00      0.00      0.00      0.00      0.00      0.00      0.00      0.00      0.00      0.00      0.00
      0.00      0.00      0.00      0.00      0.00      0.00      0.00      0.00      0.00      0.00      0.00      0.00      0.00
      0.00      0.00      0.00      0.00      0.00      0.00      0.00      0.00      0.00      0.00      0.00      0.00      0.00
      0.00      0.00      0.00      0.00      0.00      0.00      0.00      0.00      0.00      0.00      0.00      0.00      0.00
      0.00      0.00      0.00      0.00      0.00      0.00      0.00      0.00      0.00      0.00      0.00      0.00      0.00
      0.00      0.00      0.00      0.00      0.00      0.00      0.00      0.00      0.00      0.00      0.00      0.00      0.00
      0.00      0.00      0.00      0.00      0.00      0.00      0.00      0.00      0.00      0.00      0.00      0.00      0.00
      0.00     -1.00     -2.00     -2.99     -3.96     -4.91     -5.84     -6.76     -7.65     -8.52     -9.38    -10.21    -11.02
    -11.80    -12.57    -13.32    -14.04    -14.74    -15.42    -16.07    -16.69    -17.28    -17.82    -18.32    -18.77    -19.16
    -19.50    -19.77    -19.97    -20.10    -20.15    -20.11    -19.98    -19.75    -19.42    -19.00    -18.47    -17.83    -17.10
    -16.26    -15.33    -14.30    -13.19    -11.99    -10.71     -9.35     -7.92     -6.43     -4.88     -3.28     -1.65      0.00
      0.00     -1.62     -3.22     -4.80     -6.32     -7.80     -9.22    -10.61    -11.96    -13.28    -14.56    -15.81    -17.03
    -18.23    -19.41    -20.56    -21.70    -22.82    -23.92    -25.02    -26.10    -27.17    -28.22    -29.24    -30.23    -31.17
    -32.04    -32.84    -33.56    -34.15    -34.60    -34.88    -34.99    -34.92    -34.67    -34.22    -33.55    -32.68    -31.60
    -30.29    -28.79    -27.09    -25.17    -23.06    -20.74    -18.19    -15.44    -12.55     -9.55     -6.44     -3.25      0.00
      0.00     -1.97     -3.91     -5.78     -7.56     -9.25    -10.86    -12.41    -13.89    -15.31    -16.69    -18.04    -19.34
    -20.61    -21.85    -23.08    -24.29    -25.51    -26.73    -27.97    -29.25    -30.57    -31.93    -33.31    -34.72    -36.13
    -37.53    -38.93    -40.27    -41.52    -42.62    -43.54    -44.23    -44.68    -44.87    -44.79    -44.41    -43.67    -42.64
    -41.25    -39.43    -37.16    -34.43    -31.42    -28.21    -24.79    -21.17    -17.36    -13.33     -9.09     -4.63      0.00
      0.00     -2.23     -4.37     -6.40     -8.29    -10.05    -11.67    -13.15    -14.53    -15.80    -17.00    -18.11    -19.15
    -20.12    -21.04    -21.93    -22.81    -23.69    -24.60    -25.57    -26.60    -27.73    -28.95    -30.29    -31.76    -33.34
    -35.04    -36.84    -38.71    -40.57    -42.34    -43.93    -45.29    -46.32    -46.99    -47.28    -47.12    -46.56    -45.52
    -43.92    -41.79    -39.20    -36.18    -32.80    -29.23    -25.59    -21.87    -17.92    -13.78     -9.42     -4.83      0.00
      0.00     -2.48     -4.84     -7.01     -8.96    -10.67    -12.18    -13.48    -14.58    -15.50    -16.25    -16.85    -17.31
    -17.65    -17.89    -18.07    -18.22    -18.35    -18.52    -18.76    -19.12    -19.65    -20.38    -21.33    -22.53    -23.97
    -25.67    -27.61    -29.75    -31.99    -34.23    -36.33    -38.16    -39.60    -40.58    -41.09    -41.09    -40.61    -39.63
    -38.07    -35.95    -33.31    -30.24    -26.85    -23.35    -19.98    -16.78    -13.58    -10.38     -7.10     -3.66      0.00
      0.00     -2.77     -5.33     -7.60     -9.54    -11.14    -12.43    -13.42    -14.14    -14.61    -14.86    -14.90    -14.75
    -14.40    -13.87    -13.15    -12.29    -11.33    -10.37     -9.50     -8.79     -8.34     -8.20     -8.43     -9.09    -10.18
    -11.68    -13.55    -15.74    -18.14    -20.64    -23.08    -25.33    -27.21    -28.62    -29.47    -29.73    -29.38    -28.39
    -26.79    -24.60    -21.94    -18.97    -15.91    -12.94    -10.33     -8.19     -6.40     -4.94     -3.55     -1.89      0.00
      0.00     -3.06     -5.84     -8.17    -10.07    -11.57    -12.68    -13.44    -13.88    -14.03    -13.89    -13.46    -12.75
    -11.74    -10.39     -8.71     -6.68     -4.37     -1.91      0.54      2.79      4.72      6.15      6.93      6.97      6.23
      4.82      2.83      0.38     -2.38     -5.29     -8.18    -10.87    -13.21    -15.03    -16.22    -16.71    -16.46    -15.50
    -13.88    -11.70     -9.09     -6.22     -3.34     -0.85      0.85      1.76      1.95      1.44      0.60      0.10      0.00
      0.00     -3.44     -6.58     -9.20    -11.26    -12.77    -13.79    -14.36    -14.55    -14.40    -13.89    -13.02    -11.73
     -9.99     -7.75     -4.98     -1.65      2.15      6.26     10.47     14.50     18.03     20.82     22.67     23.45     23.05
     21.48     18.96     15.78     12.19      8.46      4.79      1.40     -1.55     -3.88     -5.44     -6.13     -5.96     -4.96
     -3.23     -0.89      1.90      4.81      7.43      9.35     10.46     10.66      9.59      7.20      4.21      1.64      0.00
      0.00     -4.26     -8.17    -11.35    -13.69    -15.27    -16.13    -16.50    -16.34    -15.65    -14.51    -12.89    -10.85
     -8.28     -5.08     -1.19      3.44      8.78     14.55     20.27     25.68     30.45     34.27     36.78     37.86     37.44
     35.46     32.13     27.82     22.96     17.97     13.18      8.79      5.03      2.07      0.08     -0.88     -0.82      0.23
      2.22      4.93      7.93     10.83     13.21     14.82     15.65     15.48     13.86     10.85      6.97      3.06      0.00
      0.00     -5.26    -10.08    -13.93    -16.61    -18.15    -18.82    -18.81    -18.06    -16.68    -14.68    -12.15     -9.03
     -5.27     -0.81      4.36     10.20     16.56     23.20     29.80     35.91     41.17     45.27     47.92     48.79     47.68
     44.59     39.97     34.27     27.95     21.49     15.34      9.80      5.13      1.50     -0.94     -2.20     -2.28     -1.22
      0.81      3.62      6.78      9.62     11.92     13.57     14.52     14.42     12.90     10.21      6.90      3.43      0.00
      0.00     -5.67    -10.97    -15.36    -18.25    -19.57    -19.84    -19.30    -17.98    -15.94    -13.22     -9.85     -5.81
     -1.10      4.35     10.46     17.09     24.07     31.21     38.10     44.30     49.35     52.97     54.92     54.87     52.55
     48.01     41.72     34.36     26.42     18.45     10.97      4.32     -1.19     -5.43     -8.31     -9.90    -10.29     -9.51
     -7.78     -5.28     -2.37      0.51      3.10      5.09      6.43      6.97      6.62      5.51      3.84      1.91      0.00
      0.00     -5.13    -10.01    -14.05    -16.77    -17.93    -17.79    -16.71    -14.92    -12.40     -9.14     -5.21     -0.72
      4.39     10.24     16.81     23.83     30.89     37.81     44.16     49.59     53.93     56.49     56.75     54.68     50.49
     44.47     36.92     28.24     18.90      9.63      1.03     -6.53    -12.79    -17.63    -21.00    -23.05    -23.98    -23.81
    -22.68    -20.79    -18.33    -15.59    -12.93    -10.64     -8.67     -6.91     -5.44     -4.21     -3.07     -1.72      0.00
      0.00     -4.56     -8.67    -11.79    -13.59    -14.04    -13.26    -11.43     -8.72     -5.35     -1.50      2.70      7.28
     12.46     18.29     24.60     31.07     37.22     42.90     47.80     51.58     54.11     54.68     52.74     48.32     42.16
     34.66     26.05     16.53      6.46     -3.45    -12.71    -20.93    -27.87    -33.38    -37.41    -40.12    -41.74    -42.41
    -42.24    -41.31    -39.65    -37.45    -34.99    -32.41    -29.67    -26.55    -22.91    -18.59    -13.37     -7.12      0.00
      0.00     -4.40     -7.96     -9.91    -10.21     -9.13     -6.89     -3.67      0.36      4.88      9.62     14.39     19.23
     24.28     29.53     34.81     39.78     43.93     47.05     49.14     50.05     49.59     47.34     43.04     36.73     29.02
     20.36     10.94      0.98     -9.15    -19.07    -28.48    -37.08    -44.59    -50.78    -55.53    -58.99    -61.47    -63.18
    -64.22    -64.58    -64.15    -62.82    -60.63    -57.68    -53.91    -49.15    -43.00    -35.10    -25.27    -13.56      0.00
      0.00     -4.36     -7.07     -7.47     -5.90     -2.82      1.43      6.55     12.18     18.01     23.77     29.27     34.34
     38.96     43.10     46.64     49.25     50.43     50.02     48.26     45.32     41.23     35.82     29.17     21.36     12.58
      3.20     -6.55    -16.41    -26.12    -35.56    -44.64    -53.23    -61.07    -67.79    -73.20    -77.44    -80.82    -83.74
    -86.26    -88.20    -89.26    -89.13    -87.41    -83.91    -78.62    -71.57    -62.36    -50.50    -36.00    -19.21      0.00
      0.00     -3.62     -5.04     -4.03     -0.89      4.01     10.21     17.28     24.76     32.14     39.01     45.12     50.24
     54.14     56.73     57.91     57.33     54.88     50.59     44.69     37.77     30.11     21.88     13.11      4.17     -5.14
    -14.60    -24.07    -33.37    -42.39    -51.11    -59.56    -67.72    -75.44    -82.49    -88.65    -93.89    -98.46   -102.77
   -106.82   -110.34   -112.95   -114.00   -112.72   -108.68   -101.83    -92.28    -79.98    -64.74    -46.39    -24.62      0.00
      0.00     -2.71     -3.34     -1.31      3.21      9.79     17.91     27.03     36.47     45.51     53.50     60.06     64.83
     67.52     68.14     66.61     62.83     56.90     48.79     38.77     28.04     17.26      6.71     -3.19    -12.68    -21.72
    -30.51    -39.21    -47.62    -55.89    -63.98    -71.88    -79.59    -87.07    -94.22   -100.96   -107.25   -113.20   -118.94
   -124.60   -130.00   -134.51   -136.80   -135.65   -130.75   -122.29   -110.50    -95.80    -77.95    -55.84    -29.14      0.00
      0.00     -2.59     -3.21     -0.57      5.18     13.44     23.59     34.73     45.94     56.37     65.37     72.12     76.08
     77.40     76.20     72.35     65.89     56.83     45.07     31.36     17.24      3.78     -8.19    -18.44    -27.29    -35.21
    -42.71    -50.17    -57.58    -65.13    -72.79    -80.40    -87.92    -95.28   -102.58   -109.80   -116.88   -123.92   -131.06
   -138.20   -145.11   -151.19   -154.76   -153.98   -148.41   -138.64   -125.26   -108.35    -86.95    -60.47    -30.79      0.00
      0.00     -3.52     -4.89     -2.24      4.35     14.25     26.36     39.30     51.88     63.17     72.38     78.85     82.37
     82.96     80.63     75.29     66.76     54.90     40.14     23.55      6.53     -8.78    -21.41    -31.20    -38.88    -45.19
    -50.89    -56.77    -63.11    -69.90    -77.07    -84.50    -92.06    -99.64   -107.25   -114.82   -122.38   -130.09   -137.92
   -145.73   -153.35   -159.91   -163.70   -162.90   -156.88   -146.37   -131.67   -111.84    -87.30    -59.58    -30.13      0.00
      0.00     -5.34     -7.85     -5.72      1.26     12.56     26.54     40.92     54.18     65.69     74.87     81.30     84.70
     84.94     82.02     75.67     65.58     51.90     35.34     16.77     -2.01    -18.25    -31.08    -39.98    -46.16    -50.76
    -54.93    -59.49    -64.80    -70.82    -77.48    -84.69    -92.28   -100.09   -108.02   -115.85   -123.55   -131.25   -139.00
   -146.67   -153.79   -159.48   -162.37   -160.89   -154.47   -143.18   -126.91   -106.10    -81.98    -55.78    -28.26      0.00
      0.00     -7.36    -10.68     -8.70     -1.53     10.60     25.85     40.91     54.37     65.85     74.90     81.01     84.12
     84.14     80.76     73.76     63.09     48.82     31.58     12.49     -6.75    -23.38    -35.97    -44.35    -48.88    -52.01
    -55.10    -58.82    -63.35    -68.71    -74.87    -81.70    -89.07    -96.79   -104.68   -112.49   -120.11   -127.56   -134.77
   -141.56   -147.40   -151.51   -152.85   -150.38   -143.43   -131.72   -115.49    -96.00    -74.23    -50.65    -25.73      0.00
      0.00     -8.05    -11.50     -9.31     -1.73     10.84     25.98     40.72     53.75     64.61     72.95     78.47     81.07
     80.64     76.91     69.91     59.57     45.93     29.43     11.25     -7.07    -23.14    -35.20    -42.81    -47.14    -49.79
    -52.37    -55.52    -59.51    -64.36    -69.98    -76.29    -83.17    -90.45    -97.92   -105.37   -112.64   -119.53   -125.90
   -131.52   -135.88   -138.33   -138.18   -134.68   -127.27   -115.95   -101.33    -84.34    -65.43    -44.85    -22.89      0.00
      0.00     -6.00     -8.40     -5.79      1.84     13.68     27.25     40.41     52.25     61.96     69.16     73.78     75.60
     74.77     71.11     64.51     55.09     42.97     28.51     12.54     -3.51    -17.79    -28.79    -36.40    -41.36    -44.58
    -47.28    -50.22    -53.93    -58.40    -63.46    -69.12    -75.33    -81.93    -88.69    -95.44   -101.98   -108.00   -113.37
   -117.83   -120.88   -121.97   -120.67   -116.43   -109.15    -99.11    -86.72    -72.34    -56.31    -38.72    -19.81      0.00
      0.00     -2.95     -3.58     -0.36      6.84     16.92     28.15     39.31     49.45     57.70     63.57     67.10     68.27
     67.18     63.84     58.03     49.85     39.59     27.61     14.52      1.25    -10.87    -20.68    -28.04    -33.39    -37.33
    -40.44    -43.48    -47.03    -51.17    -55.73    -60.73    -66.13    -71.85    -77.70    -83.50    -89.07    -94.16    -98.51
   -101.88   -103.82   -103.92   -101.99    -97.83    -91.43    -82.94    -72.62    -60.69    -47.33    -32.64    -16.78      0.00
      0.00     -0.30      0.79      4.41     10.61     18.70     27.76     36.83     45.08     51.78     56.41     58.97     59.63
     58.43     55.38     50.49     43.79     35.50     25.99     15.69      5.21     -4.62    -13.02    -19.75    -25.05    -29.27
    -32.70    -35.87    -39.24    -43.00    -47.08    -51.43    -56.01    -60.78    -65.63    -70.42    -75.00    -79.09    -82.42
    -84.81    -85.96    -85.67    -83.79    -80.17    -74.80    -67.83    -59.42    -49.72    -38.84    -26.88    -13.91      0.00
      0.00      1.34      3.40      6.90     11.98     18.37     25.51     32.62     39.06     44.29     47.93     49.83     50.09
     48.84     46.11     42.08     36.87     30.56     23.30     15.40      7.39     -0.21     -6.95    -12.63    -17.40    -21.48
    -24.98    -28.00    -31.08    -34.35    -37.85    -41.49    -45.23    -49.07    -52.95    -56.75    -60.35    -63.51    -65.99
    -67.69    -68.42    -68.08    -66.46    -63.51    -59.23    -53.70    -47.07    -39.42    -30.83    -21.40    -11.12      0.00
      0.00      1.91      4.17      7.22     11.19     15.98     21.30     26.67     31.54     35.47     38.25     39.59     39.51
     38.25     36.03     32.96     29.11     24.54     19.25     13.46      7.67      2.14     -2.90     -7.32    -11.17    -14.57
    -17.52    -20.11    -22.70    -25.47    -28.33    -31.14    -34.00    -36.92    -39.85    -42.74    -45.44    -47.78    -49.62
    -50.83    -51.39    -51.12    -49.89    -47.63    -44.41    -40.30    -35.35    -29.61    -23.17    -16.10     -8.36      0.00
      0.00      1.70      3.56      5.83      8.59     11.84     15.44     19.14     22.56     25.34     27.27     27.94     27.55
     26.47     24.94     22.93     20.44     17.43     13.92     10.11      6.30      2.64     -0.73     -3.77     -6.38     -8.56
    -10.50    -12.34    -14.32    -16.63    -18.68    -20.60    -22.56    -24.55    -26.55    -28.56    -30.41    -32.05    -33.36
    -34.22    -34.63    -34.47    -33.64    -32.10    -29.96    -27.25    -23.91    -20.01    -15.65    -10.85     -5.61      0.00
      0.00      0.97      2.03      3.25      4.68      6.34      8.21     10.21     12.07     13.61     14.58     14.70     14.27
     13.62     12.81     11.82     10.62      9.17      7.45      5.56      3.62      1.73      0.03     -1.50     -2.73     -3.61
     -4.46     -5.46     -6.73     -8.04     -9.03    -10.02    -11.10    -12.20    -13.28    -14.34    -15.31    -16.22    -16.96
    -17.45    -17.68    -17.62    -17.20    -16.45    -15.40    -14.01    -12.26    -10.24     -7.98     -5.51     -2.82      0.00
      0.00      0.00      0.00      0.00      0.00      0.00      0.00      0.00      0.00      0.00      0.00      0.00      0.00
      0.00      0.00      0.00      0.00      0.00      0.00      0.00      0.00      0.00      0.00      0.00      0.00      0.00
      0.00      0.00      0.00      0.00      0.00      0.00      0.00      0.00      0.00      0.00      0.00      0.00      0.00
      0.00      0.00      0.00      0.00      0.00      0.00      0.00      0.00      0.00      0.00      0.00      0.00      0.00
      0.00      0.00      0.00      0.00      0.00      0.00      0.00      0.00      0.00      0.00      0.00      0.00      0.00
      0.00      0.00      0.00      0.00      0.00      0.00      0.00      0.00      0.00      0.00      0.00      0.00      0.00
      0.00      0.00      0.00      0.00      0.00      0.00      0.00      0.00      0.00      0.00      0.00      0.00      0.00
      0.00      0.00      0.00      0.00      0.00      0.00      0.00      0.00      0.00      0.00      0.00      0.00      0.00
      0.00     -1.89     -3.77     -5.61     -7.42     -9.18    -10.90    -12.58    -14.23    -15.84    -17.43    -18.98    -20.49
    -21.97    -23.41    -24.80    -26.15    -27.44    -28.68    -29.86    -30.96    -31.99    -32.93    -33.77    -34.50    -35.12
    -35.61    -35.97    -36.20    -36.27    -36.18    -35.92    -35.48    -34.86    -34.06    -33.08    -31.93    -30.61    -29.12
    -27.47    -25.67    -23.73    -21.67    -19.50    -17.24    -14.91    -12.52    -10.07     -7.59     -5.08     -2.55      0.00
      0.00     -3.15     -6.25     -9.24    -12.10    -14.86    -17.52    -20.09    -22.61    -25.08    -27.51    -29.90    -32.24
    -34.54    -36.81    -39.03    -41.21    -43.35    -45.44    -47.49    -49.48    -51.43    -53.30    -55.10    -56.80    -58.38
    -59.84    -61.13    -62.23    -63.07    -63.62    -63.83    -63.70    -63.19    -62.29    -61.01    -59.35    -57.32    -54.91
    -52.15    -49.01    -45.50    -41.67    -37.57    -33.27    -28.80    -24.21    -19.52    -14.76     -9.91     -4.99      0.00
      0.00     -3.98     -7.81    -11.43    -14.85    -18.08    -21.16    -24.13    -27.01    -29.80    -32.53    -35.20    -37.82
    -40.40    -42.93    -45.42    -47.87    -50.30    -52.72    -55.14    -57.57    -60.00    -62.45    -64.92    -67.41    -69.89
    -72.35    -74.74    -77.03    -79.17    -81.03    -82.50    -83.42    -83.70    -83.31    -82.28    -80.59    -78.22    -75.22
    -71.55    -67.24    -62.31    -56.87    -51.08    -45.09    -39.00    -32.87    -26.67    -20.32    -13.78     -7.01      0.00
      0.00     -4.63     -9.01    -13.08    -16.87    -20.38    -23.64    -26.70    -29.56    -32.25    -34.80    -37.23    -39.54
    -41.72    -43.78    -45.74    -47.63    -49.48    -51.35    -53.27    -55.27    -57.40    -59.66    -62.09    -64.69    -67.49
    -70.49    -73.73    -77.13    -80.58    -83.86    -86.74    -89.01    -90.47    -91.03    -90.67    -89.37    -87.06    -83.69
    -79.31    -74.08    -68.14    -61.57    -54.62    -47.54    -40.61    -33.94    -27.44    -20.99    -14.45     -7.54      0.00
      0.00     -5.32    -10.32    -14.91    -19.03    -22.69    -25.91    -28.73    -31.17    -33.29    -35.11    -36.66    -37.97
    -39.04    -39.91    -40.58    -41.11    -41.55    -41.98    -42.49    -43.17    -44.10    -45.35    -46.99    -49.07    -51.62
    -54.66    -58.17    -62.09    -66.29    -70.54    -74.54    -77.91    -80.35    -81.69    -81.86    -80.79    -78.52    -75.01
    -70.26    -64.50    -58.03    -51.08    -43.98    -37.20    -31.04    -25.57    -20.61    -15.95    -11.24     -6.04      0.00
      0.00     -6.16    -11.86    -16.89    -21.17    -24.70    -27.54    -29.82    -31.64    -33.07    -34.16    -34.93    -35.36
    -35.40    -35.03    -34.21    -32.96    -31.37    -29.58    -27.77    -26.14    -24.88    -24.17    -24.16    -24.93    -26.56
    -29.08    -32.43    -36.48    -41.05    -45.85    -50.54    -54.74    -58.06    -60.19    -60.92    -60.12    -57.69    -53.70
    -48.36    -42.04    -35.17    -28.28    -21.92    -16.48    -12.30     -9.46     -7.65     -6.40     -5.01     -2.95      0.00
      0.00     -6.83    -12.95    -18.13    -22.41    -25.89    -28.70    -30.92    -32.66    -33.98    -34.88    -35.32    -35.25
    -34.57    -33.19    -30.96    -27.76    -23.57    -18.64    -13.35     -8.10     -3.30      0.66      3.39      4.52      3.90
      1.76     -1.70     -6.28    -11.68    -17.45    -23.14    -28.31    -32.49    -35.30    -36.40    -35.64    -32.93    -28.39
    -22.42    -15.56     -8.50     -1.77      4.06      8.27     10.36     10.42      8.77      5.84      2.77      0.75      0.00
      0.00     -7.52    -14.46    -20.47    -25.41    -29.37    -32.46    -34.81    -36.56    -37.74    -38.38    -38.43    -37.78
    -36.25    -33.59    -29.50    -23.82    -16.59     -8.05      1.26     10.66     19.46     27.02     32.74     36.13     36.77
     34.57     29.96     23.71     16.43      8.70      1.15     -5.62    -11.08    -14.76    -16.27    -15.41    -12.21     -6.92
     -0.15      7.34     14.76     21.40     26.72     29.94     30.64     28.81     24.30     17.50     10.24      4.29      0.00
      0.00     -9.70    -18.72    -26.32    -32.27    -36.66    -39.80    -41.99    -43.31    -43.87    -43.70    -42.78    -41.02
    -38.01    -33.32    -26.64    -17.86     -7.21      4.71     17.34     30.04     41.95     52.18     59.95     64.62     65.81
     63.35     57.26     48.47     38.31     27.65     17.45      8.48      1.38     -3.32     -5.25     -4.31     -0.55      5.46
     12.98     21.12     28.92     35.75     40.74     43.07     42.78     39.83     33.84     25.27     15.66      7.00      0.00
      0.00    -12.59    -24.13    -33.51    -40.36    -44.91    -47.78    -49.40    -49.79    -49.11    -47.51    -44.95    -41.18
    -35.81    -28.54    -19.18     -7.72      5.37     19.48     34.09     48.56     61.91     73.25     81.90     87.13     87.74
     83.34     74.83     63.24     49.74     35.73     22.53     11.19      2.50     -3.10     -5.41     -4.27     -0.11      6.20
     13.86     22.10     30.10     36.92     41.58     43.67     43.42     40.67     35.01     26.84     17.45      8.28      0.00
      0.00    -13.33    -26.13    -37.08    -44.88    -49.46    -51.76    -52.50    -51.92    -50.09    -47.11    -42.91    -37.26
    -29.89    -20.46     -8.91      4.41     19.02     34.32     49.71     64.38     77.44     88.12     95.74     99.42     98.01
     91.12     79.88     65.36     48.63     31.49     15.56      2.25     -7.61    -13.76    -16.24    -15.12    -11.16     -5.28
      1.75      9.32     16.77     23.35     28.16     30.78     31.33     29.69     25.63     19.61     12.60      5.77      0.00
      0.00    -12.02    -23.60    -33.93    -41.89    -46.62    -48.55    -48.58    -47.27    -44.78    -41.02    -35.81    -29.08
    -20.56     -9.95      2.80     17.33     32.73     48.17     62.84     75.80     86.69     94.86     99.24     98.66     93.50
     84.07     70.77     54.17     35.20     15.89     -1.81    -16.32    -26.88    -33.51    -36.22    -35.61    -32.58    -27.89
    -22.17    -15.89     -9.47     -3.49      1.08      3.98      5.49      5.55      4.26      2.11      0.00     -1.00      0.00
      0.00    -11.40    -21.68    -30.12    -36.14    -39.43    -40.13    -38.74    -35.77    -31.59    -26.45    -20.41    -13.20
     -4.18      6.89     19.82     33.92     48.02     61.19     72.93     82.26     88.95     92.79     91.95     86.11     76.54
     64.18     48.91     30.95     11.39     -8.18    -26.16    -41.14    -52.39    -59.72    -63.06    -63.36    -61.72    -58.88
    -55.37    -51.24    -46.56    -42.01    -38.07    -34.92    -32.32    -29.95    -27.29    -23.60    -18.14    -10.33      0.00
      0.00    -12.26    -22.11    -28.31    -31.04    -30.85    -28.25    -23.60    -17.31    -10.08     -2.48      5.39     13.79
     23.17     33.63     44.75     55.81     65.76     73.71     79.32     82.48     82.67     79.67     72.83     62.25     49.17
     34.24     17.44     -0.70    -19.22    -37.28    -54.09    -68.84    -80.74    -89.06    -93.46    -94.96    -94.94    -94.48
    -93.97    -93.12    -91.47    -88.93    -85.68    -81.93    -77.60    -72.13    -64.54    -53.66    -39.06    -21.05      0.00
      0.00    -13.15    -21.98    -25.09    -23.60    -18.70    -11.19     -1.71      8.95     19.98     30.85     41.14     50.73
     59.66     67.80     74.91     80.41     83.51     83.64     80.87     75.28     67.09     56.31     43.48     29.02     13.51
     -2.71    -19.36    -35.97    -52.13    -67.51    -82.05    -95.58   -107.48   -116.77   -122.78   -125.92   -127.86   -130.09
   -133.11   -136.38   -138.72   -139.04   -136.77   -132.05   -124.95   -115.12   -101.58    -83.03    -59.11    -30.93      0.00
      0.00    -12.21    -18.58    -18.84    -13.79     -4.44      8.07     22.62     38.12     53.38     67.58     80.20     90.55
     98.00    102.40    103.79    102.06     97.13     88.37     76.02     60.91     44.03     26.31      8.60     -8.53    -24.96
    -40.53    -55.34    -69.41    -82.66    -95.09   -106.97   -118.44   -129.24   -138.75   -146.41   -152.22   -157.24   -162.98
   -169.88   -177.26   -183.59   -187.21   -186.66   -181.33   -171.30   -156.69   -137.07   -111.50    -79.26    -41.04      0.00
      0.00    -10.89    -16.04    -14.29     -6.00      7.62     24.93     44.65     65.25     84.87    102.19    116.36    126.14
    130.96    131.04    126.73    118.01    104.96     87.19     64.96     40.55     15.84     -7.38    -27.69    -44.99    -59.75
    -72.90    -84.97    -96.11   -106.59   -116.60   -126.44   -136.29   -145.95   -155.31   -164.21   -172.73   -181.45   -191.21
   -202.48   -214.58   -225.61   -232.89   -233.71   -227.05   -213.40   -193.78   -168.67   -136.92    -96.96    -49.46      0.00
      0.00    -11.37    -17.20    -14.46     -3.51     14.15     36.40     61.04     86.00    109.31    129.57    144.76    152.98
    155.21    151.80    142.60    127.73    107.06     80.59     49.50     16.68    -14.65    -41.00    -60.91    -75.37    -86.24
    -95.55   -104.08   -112.07   -120.22   -128.74   -137.78   -147.31   -156.85   -166.50   -176.54   -187.21   -198.94   -212.26
   -227.41   -243.48   -258.50   -269.09   -270.30   -261.77   -244.63   -220.65   -190.16   -151.16   -103.39    -51.20      0.00
      0.00    -14.39    -22.76    -20.56     -7.92     13.56     40.62     69.73     98.14    123.83    145.27    160.58    168.59
    169.71    164.16    151.61    131.86    104.76     71.15     32.94     -6.68    -42.19    -68.96    -86.10    -96.61   -102.95
   -107.32   -111.68   -116.81   -123.09   -130.72   -139.71   -149.77   -160.33   -171.15   -182.39   -194.41   -207.72   -222.76
   -239.40   -256.64   -272.29   -282.72   -283.64   -274.10   -255.43   -228.58   -192.79   -148.68    -99.61    -49.07      0.00
      0.00    -19.72    -31.47    -31.12    -17.61      7.29     39.24     72.44    103.05    129.86    151.70    167.19    175.37
    176.00    169.22    154.43    131.34    100.25     62.37     19.72    -23.68    -60.49    -86.20   -100.44   -106.51   -108.29
   -108.91   -110.27   -113.24   -118.04   -124.83   -133.59   -144.07   -155.70   -167.83   -180.20   -193.12   -206.88   -221.68
   -237.24   -252.54   -265.43   -272.91   -272.20   -261.95   -242.56   -214.73   -178.75   -136.64    -91.54    -45.44      0.00
      0.00    -25.66    -39.95    -40.02    -25.75      1.52     36.95     72.35    104.03    131.10    152.89    168.06    175.84
    176.05    168.24    152.07    127.75     95.62     56.64     13.08    -31.23    -67.57    -92.12   -104.12   -105.95   -104.37
   -102.64   -102.20   -103.72   -107.44   -113.52   -121.87   -132.20   -143.95   -156.54   -169.52   -182.73   -196.22   -209.85
   -223.17   -235.19   -244.19   -248.17   -245.27   -234.46   -215.78   -189.74   -157.48   -120.90    -81.69    -41.06      0.00
      0.00    -28.24    -42.44    -40.95    -25.16      3.45     38.76     73.40    104.19    129.85    150.01    163.68    170.17
    169.33    160.99    144.97    121.76     91.44     54.71     13.86    -28.08    -63.23    -85.63    -94.71    -95.51    -93.42
    -91.11    -89.99    -90.83    -93.99    -99.57   -107.34   -116.95   -127.99   -140.01   -152.53   -165.17   -177.67   -189.62
   -200.46   -209.33   -215.02   -216.22   -211.92   -201.34   -184.32   -161.66   -134.52   -104.03    -71.09    -36.26      0.00
      0.00    -20.06    -30.90    -28.17    -12.53     13.54     44.75     75.54    102.93    125.72    142.99    153.99    158.34
    156.46    148.44    133.82    112.99     86.67     55.19     20.24    -15.05    -45.39    -65.06    -74.85    -77.95    -77.73
    -76.57    -75.98    -76.86    -79.80    -84.90    -91.87   -100.47   -110.34   -121.14   -132.44   -143.78   -154.71   -164.72
   -173.21   -179.49   -182.78   -182.28   -177.31   -167.48   -152.90   -134.17   -112.05    -87.27    -60.27    -31.16      0.00
      0.00    -10.18    -14.93    -10.52      3.48     25.09     50.39     75.84     98.62    117.52    131.15    138.88    141.35
    139.10    132.07    119.68    101.99     80.05     54.73     27.10     -0.62    -24.86    -42.35    -53.07    -58.51    -60.62
    -61.15    -61.56    -63.00    -65.99    -70.58    -76.68    -84.15    -92.69   -101.94   -111.58   -121.21   -130.31   -138.38
   -144.88   -149.22   -150.90   -149.48   -144.53   -135.93   -123.81   -108.59    -90.81    -70.99    -49.36    -25.78      0.00
      0.00     -3.12     -2.95      3.07     15.45     32.72     52.45     72.38     90.32    104.79    114.75    119.96    121.11
    118.73    112.72    102.81     88.90     71.66     52.08     31.13     10.10     -8.93    -23.89    -34.38    -41.00    -44.66
    -46.57    -47.96    -50.00    -53.03    -57.15    -62.45    -68.77    -75.90    -83.54    -91.45    -99.30   -106.57   -112.80
   -117.58   -120.51   -121.24   -119.48   -114.98   -107.69    -97.75    -85.49    -71.36    -55.76    -38.83    -20.38      0.00
      0.00      1.05      4.07     10.57     20.97     34.46     49.49     64.47     77.76     88.13     95.09     98.57     98.90
     96.50     91.50     83.74     73.39     60.83     46.64     31.30     15.70      1.12    -11.08    -20.36    -26.93    -31.26
    -34.08    -36.11    -38.34    -41.21    -44.82    -49.23    -54.42    -60.17    -66.27    -72.53    -78.66    -84.23    -88.85
    -92.25    -94.18    -94.38    -92.62    -88.76    -82.78    -74.79    -65.10    -54.08    -42.07    -29.17    -15.20      0.00
      0.00      2.77      6.67     12.58     20.80     30.90     41.80     52.56     61.94     68.98     73.45     75.48     75.23
     73.04     69.09     63.34     56.06     47.67     38.16     27.53     16.50      5.89     -3.42    -10.97    -16.70    -20.87
    -23.84    -26.00    -28.02    -30.51    -33.38    -36.80    -40.84    -45.23    -49.89    -54.57    -59.07    -63.13    -66.45
    -68.81    -70.04    -69.97    -68.45    -65.38    -60.71    -54.57    -47.22    -38.94    -29.99    -20.57    -10.57      0.00
      0.00      2.76      6.09     10.51     16.24     23.02     30.24     37.39     43.59     48.08     50.76     51.77     51.09
     49.01     45.94     42.13     37.70     32.85     27.23     20.57     13.40      6.40      0.07     -5.27     -9.54    -12.73
    -15.09    -16.98    -18.74    -20.55    -22.60    -24.97    -27.67    -30.67    -33.84    -36.98    -40.01    -42.72    -44.93
    -46.42    -47.14    -47.03    -45.97    -43.79    -40.51    -36.24    -31.15    -25.49    -19.46    -13.18     -6.69      0.00
      0.00      1.66      3.54      5.86      8.75     12.16     15.88     19.62     23.08     25.56     26.90     27.21     26.41
     24.81     22.77     20.71     18.74     16.84     14.57     11.36      7.69      4.08      0.81     -1.99     -4.25     -6.00
     -7.36     -8.49     -9.55    -10.62    -11.75    -12.96    -14.30    -15.84    -17.48    -19.12    -20.67    -22.08    -23.24
    -23.94    -24.26    -24.23    -23.68    -22.45    -20.66    -18.44    -15.83    -12.88     -9.74     -6.50     -3.24      0.00
      0.00      0.00      0.00      0.00      0.00      0.00      0.00      0.00      0.00      0.00      0.00      0.00      0.00
      0.00      0.00      0.00      0.00      0.00      0.00      0.00      0.00      0.00      0.00      0.00      0.00      0.00
      0.00      0.00      0.00      0.00      0.00      0.00      0.00      0.00      0.00      0.00      0.00      0.00      0.00
      0.00      0.00      0.00      0.00      0.00      0.00      0.00      0.00      0.00      0.00      0.00      0.00      0.00
      0.00      0.00      0.00      0.00      0.00      0.00      0.00      0.00      0.00      0.00      0.00      0.00      0.00
      0.00      0.00      0.00      0.00      0.00      0.00      0.00      0.00      0.00      0.00      0.00      0.00      0.00
      0.00      0.00      0.00      0.00      0.00      0.00      0.00      0.00      0.00      0.00      0.00      0.00      0.00
      0.00      0.00      0.00      0.00      0.00      0.00      0.00      0.00      0.00      0.00      0.00      0.00      0.00
      0.00     -1.79     -3.57     -5.30     -6.98     -8.60    -10.18    -11.73    -13.25    -14.76    -16.27    -17.78    -19.29
    -20.80    -22.30    -23.79    -25.27    -26.73    -28.17    -29.57    -30.91    -32.20    -33.40    -34.50    -35.49    -36.34
    -37.06    -37.64    -38.05    -38.29    -38.34    -38.17    -37.77    -37.14    -36.29    -35.21    -33.90    -32.37    -30.64
    -28.71    -26.63    -24.41    -22.09    -19.71    -17.29    -14.84    -12.39     -9.94     -7.48     -5.02     -2.53      0.00
      0.00     -2.73     -5.39     -7.92    -10.30    -12.55    -14.70    -16.80    -18.87    -20.95    -23.06    -25.21    -27.42
    -29.68    -32.01    -34.39    -36.82    -39.28    -41.78    -44.29    -46.81    -49.31    -51.75    -54.12    -56.42    -58.62
    -60.73    -62.70    -64.48    -65.98    -67.14    -67.87    -68.10    -67.77    -66.91    -65.55    -63.69    -61.32    -58.46
    -55.11    -51.30    -47.11    -42.65    -38.02    -33.31    -28.56    -23.81    -19.08    -14.36     -9.63     -4.85      0.00
      0.00     -3.12     -6.09     -8.79    -11.22    -13.46    -15.57    -17.66    -19.77    -21.96    -24.23    -26.56    -28.96
    -31.42    -33.94    -36.53    -39.19    -41.93    -44.77    -47.72    -50.77    -53.92    -57.15    -60.48    -63.94    -67.52
    -71.19    -74.89    -78.58    -82.18    -85.47    -88.14    -89.99    -90.85    -90.74    -89.75    -87.86    -85.09    -81.46
    -76.95    -71.56    -65.39    -58.69    -51.76    -44.79    -37.99    -31.41    -25.03    -18.80    -12.61     -6.36      0.00
      0.00     -3.28     -6.31     -8.99    -11.37    -13.54    -15.57    -17.56    -19.54    -21.49    -23.42    -25.30    -27.15
    -28.95    -30.71    -32.42    -34.14    -35.91    -37.81    -39.88    -42.19    -44.78    -47.69    -50.99    -54.67    -58.74
    -63.25    -68.24    -73.67    -79.33    -84.94    -90.06    -94.28    -97.33    -99.04    -99.32    -98.11    -95.26    -90.73
    -84.75    -77.75    -70.00    -61.64    -52.99    -44.47    -36.47    -29.27    -22.83    -16.95    -11.35     -5.75      0.00
      0.00     -3.51     -6.78     -9.70    -12.28    -14.52    -16.42    -17.94    -19.10    -19.94    -20.53    -20.91    -21.11
    -21.14    -21.03    -20.78    -20.44    -20.08    -19.80    -19.73    -20.02    -20.79    -22.17    -24.30    -27.26    -31.11
    -35.84    -41.38    -47.65    -54.46    -61.56    -68.53    -74.78    -79.73    -83.04    -84.53    -84.01    -81.38    -76.59
    -69.75    -61.47    -52.43    -43.05    -34.00    -25.97    -19.41    -14.41    -10.76     -8.03     -5.61     -2.98      0.00
      0.00     -4.22     -8.20    -11.58    -14.19    -15.91    -16.83    -17.14    -17.09    -16.84    -16.44    -15.83    -14.98
    -13.80    -12.19    -10.04     -7.30     -4.04     -0.46      3.14      6.46      9.19     11.04     11.70     10.97      8.71
      4.87     -0.55     -7.41    -15.27    -23.62    -31.92    -39.64    -46.17    -50.89    -53.32    -53.14    -50.15    -44.44
    -36.45    -26.99    -16.96     -7.55      0.39      6.21      9.47     10.27      9.09      6.59      3.71      1.48      0.00
      0.00     -4.74     -8.76    -11.82    -14.00    -15.41    -16.20    -16.58    -16.71    -16.72    -16.59    -16.17    -15.31
    -13.85    -11.55     -8.01     -2.76      4.29     12.62     21.58     30.59     38.98     46.12     51.38     54.11     53.89
     50.83     45.34     37.71     28.28     17.80      7.18     -2.69    -11.00    -16.94    -19.90    -19.50    -15.48     -8.17
      1.55     12.28     22.66     31.72     38.45     41.91     41.74     38.19     31.87     23.55     14.58      6.58      0.00
      0.00     -4.84     -9.55    -13.51    -16.49    -18.55    -19.84    -20.56    -20.93    -21.06    -20.93    -20.47    -19.46
    -17.55    -14.18     -8.51      0.20     11.87     25.77     40.72     55.72     69.95     82.50     92.39     98.65    100.59
     97.92     91.08     81.10     68.79     54.93     40.82     27.74     16.88      9.33      5.86      6.83     12.26     21.49
     32.90     44.71     55.45     64.16     70.02     72.03     69.62     62.90     52.34     38.86     24.42     11.28      0.00
      0.00     -7.77    -15.31    -21.42    -25.61    -28.16    -29.47    -29.96    -29.88    -29.31    -28.22    -26.58    -24.17
    -20.29    -14.09     -4.63      8.59     24.99     43.34     62.77     82.47    101.27    117.79    130.74    139.10    142.10
    139.16    130.26    116.62    100.03     81.60     62.92     45.81     31.94     22.75     18.95     20.66     27.77     38.41
     50.72     63.09     74.30     83.41     89.06     90.03     86.21     77.83     65.03     48.75     31.14     14.61      0.00
      0.00    -11.65    -22.61    -31.18    -36.70    -39.43    -40.40    -40.22    -38.85    -36.47    -33.37    -29.49    -24.35
    -17.22     -7.23      6.18     22.97     42.43     63.72     86.05    108.42    129.47    147.73    162.17    171.60    174.02
    168.45    155.99    137.99    116.19     92.54     69.03     48.00     31.67     21.38     17.59     20.54     28.51     39.24
     51.22     63.36     74.60     83.70     88.98     89.81     86.43     78.78     66.59     50.56     32.68     15.33      0.00
      0.00    -11.70    -24.02    -34.84    -41.99    -45.05    -45.26    -43.91    -41.34    -37.58    -32.85    -26.87    -19.15
     -9.13      3.96     20.37     39.69     61.44     84.67    108.38    131.39    152.42    170.20    183.41    190.64    189.90
    180.38    163.82    141.22    114.28     85.52     57.72     33.87     16.28      5.87      2.82      6.37     13.90     23.49
     34.06     44.82     54.93     63.24     68.20     69.54     67.46     61.70     52.03     39.10     24.70     11.13      0.00
      0.00     -8.67    -18.15    -27.75    -35.45    -39.13    -39.18    -37.24    -34.29    -30.51    -25.40    -18.37     -9.12
      2.82     17.92     36.48     58.02     81.25    104.82    127.70    148.68    166.85    181.17    189.78    190.47    183.62
    170.08    150.23    124.36     93.94     61.89     31.71      6.77    -10.92    -20.98    -23.55    -20.59    -14.70     -7.32
      0.94      9.59     17.84     24.75     28.89     30.26     29.33     26.03     20.32     12.93      5.67      0.82      0.00
      0.00     -7.27    -14.39    -20.85    -25.55    -27.32    -26.11    -22.72    -17.94    -12.18     -5.45      2.49     12.36
     25.30     41.58     60.95     82.47    104.29    124.84    143.46    159.29    171.44    178.68    179.02    171.72    158.27
    139.91    116.56     88.48     57.35     25.68     -3.76    -28.29    -46.10    -56.53    -59.76    -58.20    -54.48    -50.19
    -45.41    -40.03    -34.39    -29.59    -26.25    -24.48    -24.01    -24.33    -24.58    -23.56    -19.82    -12.14      0.00
      0.00     -8.77    -15.63    -18.75    -18.23    -14.81     -9.14     -1.25      8.56     19.13     29.64     40.50     52.53
     66.49     82.37     99.41    116.51    132.09    144.98    154.85    161.46    163.69    160.20    150.45    135.08    115.45
     92.42     66.33     38.24      9.73    -17.96    -43.81    -66.73    -84.98    -96.80   -101.71   -101.85   -100.29    -99.46
    -99.64    -99.38    -98.25    -96.31    -93.63    -90.74    -87.75    -83.85    -77.35    -66.11    -49.20    -26.93      0.00
      0.00    -10.26    -15.86    -14.33     -7.34      3.26     16.63     32.10     48.86     65.78     81.89     96.83    110.83
    124.30    136.79    147.51    155.76    160.72    161.74    159.23    152.82    141.45    125.48    105.67     82.84     58.33
     32.90      7.38    -17.23    -40.44    -62.16    -82.87   -102.71   -120.61   -134.22   -141.95   -144.63   -145.55   -148.03
   -153.24   -159.82   -165.17   -167.37   -165.82   -161.37   -154.52   -144.54   -129.79   -107.80    -77.39    -40.29      0.00
      0.00     -8.66    -10.70     -5.24      7.00     24.60     46.07     69.74     94.13    117.71    139.46    158.70    174.60
    186.01    192.42    193.93    190.99    183.65    171.15    153.91    132.23    106.84     78.95     50.17     22.13     -4.13
    -27.95    -49.39    -68.75    -86.14   -102.00   -117.38   -132.89   -148.11   -161.56   -171.88   -179.12   -185.04   -192.56
   -203.15   -215.73   -227.14   -234.49   -236.01   -231.16   -220.38   -203.96   -180.88   -148.84   -106.15    -54.57      0.00
      0.00     -6.75     -7.23      0.81     17.85     42.14     71.14    103.01    135.63    166.23    193.07    215.15    230.56
    237.87    237.81    230.90    217.42    197.62    170.92    138.11    101.41     62.71     24.75     -9.08    -37.22    -60.01
    -78.89    -95.14   -109.12   -121.42   -132.75   -144.19   -156.41   -169.09   -181.63   -193.57   -205.04   -217.05   -231.25
   -248.54   -267.74   -285.86   -298.98   -303.10   -296.19   -280.03   -256.11   -224.23   -182.41   -128.95    -65.61      0.00
      0.00     -8.40    -10.47     -1.26     19.79     50.29     86.80    126.45    166.31    202.99    234.61    258.72    272.24
    275.86    270.64    256.20    233.16    201.55    161.41    114.61     64.04     13.93    -29.96    -62.51    -84.76   -100.02
   -111.91   -122.03   -130.75   -139.28   -148.47   -158.84   -170.54   -182.84   -195.59   -209.07   -223.69   -240.28   -260.07
   -283.53   -308.62   -332.08   -349.36   -353.69   -343.37   -321.99   -291.52   -251.18   -198.79   -135.39    -66.98      0.00
      0.00    -14.14    -20.74    -12.77     10.57     46.92     91.15    138.06    183.66    224.84    259.44    284.39    297.55
    299.65    290.52    270.37    239.28    197.47    146.75     88.96     27.42    -30.27    -74.66   -100.90   -115.33   -122.30
   -125.86   -129.00   -133.09   -138.97   -147.33   -158.32   -171.45   -185.83   -200.79   -216.33   -232.99   -251.86   -274.00
   -299.35   -325.64   -349.14   -365.14   -368.26   -356.87   -333.44   -298.84   -251.57   -193.45   -129.40    -64.07      0.00
      0.00    -23.34    -35.95    -31.57     -7.30     34.33     86.63    140.70    190.61    233.93    269.71    295.23    308.58
    309.41    297.96    274.05    237.55    189.56    132.48     67.78      0.01    -60.01   -100.27   -121.04   -127.72   -126.66
   -123.50   -121.62   -122.40   -126.36   -133.85   -145.02   -159.48   -176.16   -193.70   -211.35   -229.60   -249.42   -271.19
   -294.39   -317.16   -336.18   -347.54   -347.78   -335.11   -310.22   -274.00   -228.04   -174.93   -118.15    -59.62      0.00
      0.00    -33.72    -50.84    -47.68    -22.79     22.48     80.87    139.02    190.69    234.97    270.86    295.67    308.26
    307.75    294.66    268.64    230.44    180.94    121.96     55.70    -13.84    -72.57   -109.43   -124.77   -123.48   -116.58
   -109.51   -104.72   -103.40   -106.03   -112.85   -123.75   -138.32   -155.59   -174.16   -193.20   -212.54   -232.25   -252.23
   -271.78   -289.33   -302.44   -308.53   -305.37   -291.81   -268.10   -235.95   -197.06   -152.91   -105.02    -54.07      0.00
      0.00    -37.70    -55.97    -50.97    -23.73     23.91     82.15    138.97    189.44    231.31    264.21    286.28    296.11
    293.73    280.01    254.71    218.81    172.62    116.93     54.60    -11.59    -67.66    -99.59   -108.18   -104.19    -96.68
    -89.20    -83.82    -81.91    -84.07    -90.52   -100.78   -114.36   -130.50   -148.27   -166.86   -185.60   -203.91   -221.31
   -237.03   -249.84   -258.09   -260.24   -255.13   -242.36   -222.40   -196.28   -165.00   -129.57    -90.48    -47.41      0.00
      0.00    -24.68    -37.58    -30.61     -3.02     40.12     90.43    140.73    185.27    222.18    250.00    267.09    272.65
    268.69    256.14    233.81    202.32    162.71    115.45     62.50      7.63    -39.43    -66.40    -76.31    -76.39    -72.19
    -67.28    -63.57    -62.31    -64.49    -70.42    -79.64    -91.57   -105.69   -121.44   -138.08   -154.81   -170.81   -185.34
   -197.65   -206.83   -211.84   -211.85   -206.36   -195.30   -179.05   -158.29   -133.80   -106.17    -75.23    -40.03      0.00
      0.00     -9.73    -12.71     -2.25     22.40     57.56     97.91    138.88    175.55    205.70    227.15    238.55    240.77
    236.60    226.13    207.63    181.59    149.35    112.02     70.88     29.18     -6.89    -31.13    -43.88    -48.59    -48.81
    -47.24    -45.80    -45.78    -48.16    -53.43    -61.41    -71.64    -83.60    -96.86   -110.86   -124.89   -138.18   -149.95
   -159.50   -166.08   -169.06   -167.97   -162.62   -153.19   -140.05   -123.77   -104.96    -83.97    -60.30    -32.60      0.00
      0.00      0.43      5.09     17.94     39.51     67.66     99.03    130.47    158.76    181.40    196.53    203.63    204.03
    199.94    191.63    177.60    157.74    132.90    104.30     73.49     42.65     15.28     -5.48    -19.00    -26.49    -29.74
    -30.66    -31.10    -32.26    -35.00    -39.68    -46.44    -54.99    -64.88    -75.71    -87.10    -98.46   -109.12   -118.38
   -125.62   -130.28   -131.91   -130.29   -125.35   -117.31   -106.59    -93.72    -79.24    -63.49    -45.99    -25.24      0.00
      0.00      5.67     14.10     27.32     45.57     67.42     90.93    114.24    134.87    150.62    160.54    164.82    164.39
    160.66    154.13    144.07    129.98    112.06     91.27     68.82     46.42     26.00      9.26     -2.97    -10.94    -15.49
    -18.01    -19.86    -21.92    -24.75    -28.77    -34.34    -41.35    -49.34    -57.98    -66.98    -75.90    -84.13    -91.17
    -96.52    -99.78   -100.67    -99.00    -94.66    -87.87    -78.96    -68.47    -57.09    -45.19    -32.58    -17.99      0.00
      0.00      7.32     16.23     27.77     41.97     58.15     75.07     91.39    105.48    115.76    121.80    123.95    123.08
    120.28    115.75    108.94     99.35     87.21     73.02     57.68     42.28     27.79     15.25      5.42     -1.61     -6.43
     -9.69    -12.01    -14.24    -16.93    -20.39    -24.80    -30.17    -36.30    -42.84    -49.58    -56.20    -62.28    -67.48
    -71.40    -73.77    -74.32    -72.89    -69.40    -63.90    -56.67    -48.22    -39.24    -30.30    -21.43    -11.76      0.00
      0.00      6.31     13.39     21.78     31.57     42.30     53.19     63.53     72.30     78.56     82.02     83.01     82.32
     80.65     77.93     73.74     67.68     59.98     51.14     41.69     32.01     22.66     14.31      7.42      2.07     -1.79
     -4.56     -6.69     -8.66    -10.85    -13.55    -16.76    -20.43    -24.58    -29.02    -33.57    -38.03    -42.13    -45.66
    -48.41    -50.13    -50.61    -49.63    -47.20    -43.33    -38.16    -32.04    -25.48    -19.08    -13.04     -6.96      0.00
      0.00      3.56      7.39     11.75     16.70     22.07     27.47     32.53     36.87     39.96     41.65     42.18     41.99
     41.35     40.12     37.98     34.88     31.00     26.69     22.16     17.44     12.75      8.50      4.91      2.05     -0.09
     -1.68     -2.94     -4.12     -5.39     -6.87     -8.60    -10.55    -12.74    -15.08    -17.48    -19.80    -21.95    -23.80
    -25.31    -26.27    -26.57    -26.03    -24.76    -22.77    -20.12    -16.89    -13.30     -9.71     -6.38     -3.26      0.00
      0.00      0.00      0.00      0.00      0.00      0.00      0.00      0.00      0.00      0.00      0.00      0.00      0.00
      0.00      0.00      0.00      0.00      0.00      0.00      0.00      0.00      0.00      0.00      0.00      0.00      0.00
      0.00      0.00      0.00      0.00      0.00      0.00      0.00      0.00      0.00      0.00      0.00      0.00      0.00
      0.00      0.00      0.00      0.00      0.00      0.00      0.00      0.00      0.00      0.00      0.00      0.00      0.00
      0.00      0.00      0.00      0.00      0.00      0.00      0.00      0.00      0.00      0.00      0.00      0.00      0.00
      0.00      0.00      0.00      0.00      0.00      0.00      0.00      0.00      0.00      0.00      0.00      0.00      0.00
      0.00      0.00      0.00      0.00      0.00      0.00      0.00      0.00      0.00      0.00      0.00      0.00      0.00
      0.00      0.00      0.00      0.00      0.00      0.00      0.00      0.00      0.00      0.00      0.00      0.00      0.00
      0.00     -1.77     -3.51     -5.13     -6.60     -7.96     -9.28    -10.61    -12.01    -13.50    -15.12    -16.89    -18.79
    -20.80    -22.87    -24.99    -27.15    -29.35    -31.58    -33.84    -36.12    -38.38    -40.57    -42.64    -44.55    -46.27
    -47.80    -49.12    -50.21    -51.03    -51.51    -51.63    -51.38    -50.74    -49.67    -48.14    -46.11    -43.61    -40.68
    -37.37    -33.76    -29.95    -26.07    -22.23    -18.52    -15.02    -11.77     -8.82     -6.20     -3.90     -1.90      0.00
      0.00     -2.31     -4.41     -6.11     -7.47     -8.65     -9.84    -11.14    -12.61    -14.26    -16.09    -18.13    -20.43
    -23.01    -25.89    -29.04    -32.40    -35.96    -39.67    -43.54    -47.50    -51.51    -55.44    -59.23    -62.90    -66.53
    -70.14    -73.75    -77.28    -80.55    -83.41    -85.61    -86.94    -87.33    -86.80    -85.41    -83.21    -80.21    -76.38
    -71.66    -66.09    -59.87    -53.21    -46.36    -39.52    -32.85    -26.43    -20.30    -14.53     -9.21     -4.44      0.00
      0.00     -2.17     -3.70     -4.40     -4.54     -4.48     -4.52     -4.94     -5.85     -7.25     -8.99    -10.97    -13.15
    -15.58    -18.30    -21.33    -24.68    -28.32    -32.27    -36.49    -40.94    -45.48    -50.08    -54.83    -59.78    -64.95
    -70.51    -76.63    -83.20    -89.93    -96.33   -101.69   -105.52   -107.74   -108.44   -107.83   -106.13   -103.44    -99.72
    -94.79    -88.38    -80.44    -71.33    -61.75    -52.28    -43.21    -34.66    -26.73    -19.42    -12.66     -6.28      0.00
      0.00     -1.36     -1.79     -1.42     -0.62      0.20      0.73      0.80      0.42     -0.34     -1.32     -2.39     -3.48
     -4.53     -5.53     -6.51     -7.54     -8.76    -10.28    -12.21    -14.61    -17.54    -21.09    -25.31    -30.23    -35.86
    -42.37    -50.01    -58.88    -68.74    -79.08    -88.96    -97.50   -104.21   -108.72   -110.78   -110.27   -107.14   -101.62
    -94.26    -85.72    -76.03    -64.94    -53.02    -41.36    -30.98    -22.41    -15.71    -10.65     -6.87     -3.76      0.00
      0.00     -0.71     -0.42      0.21      0.76      1.32      2.20      3.61      5.52      7.79     10.29     12.97     15.71
     18.47     21.28     24.15     27.04     29.82     32.31     34.27     35.47     35.71     34.77     32.42     28.48     22.87
     15.55      6.63     -3.64    -15.09    -27.49    -40.31    -52.53    -62.96    -70.71    -75.23    -76.22    -73.54    -67.35
    -58.05    -46.53    -33.57    -19.98     -7.59      2.20      8.66     11.73     11.80      9.50      5.77      1.90      0.00
      0.00     -1.38     -2.43     -2.66     -1.12      2.50      7.61     13.32     18.81     23.74     28.15     32.35     36.54
     40.77     45.29     50.49     56.57     63.55     71.06     78.56     85.61     91.89     96.93    100.06    100.74     98.67
     93.47     84.76     72.62     58.06     42.44     26.79     11.88     -1.38    -11.77    -18.12    -19.67    -16.15     -7.87
      4.60     20.11     36.16     49.95     59.95     65.08     64.97     59.93     50.72     38.36     24.24     10.32      0.00
      0.00     -1.84     -0.50      3.27      8.28     13.96     19.88     25.45     30.20     33.94     37.04     40.00     43.12
     46.44     50.33     55.78     64.25     76.67     91.87    108.42    125.16    140.95    154.97    166.44    174.03    176.63
    173.95    166.17    153.51    136.37    115.95     94.18     73.49     55.93     42.95     35.84     35.48     42.17     55.40
     72.90     91.11    107.31    119.69    126.81    127.44    121.41    109.08     91.20     69.02     44.45     19.94      0.00
      0.00      1.74      4.36      8.18     12.85     18.07     23.53     28.77     33.16     36.60     39.41     41.75     44.04
     46.77     50.98     58.70     72.52     92.80    117.46    143.76    169.59    193.93    215.86    234.03    246.77    252.78
    251.34    242.45    226.99    205.69    179.57    150.96    122.67     98.73     82.25     74.46     76.20     87.52    105.64
    125.97    145.32    161.37    172.63    177.85    176.15    167.08    150.30    125.85     95.02     60.94     27.56      0.00
      0.00     -1.60     -2.09     -0.57      3.13      8.31     14.27     20.04     24.91     29.10     33.05     36.89     40.83
     46.31     55.36     70.30     92.36    119.78    149.83    181.30    213.83    245.35    273.71    297.29    314.32    322.49
    320.18    307.59    286.58    258.77    225.04    187.85    151.24    120.61    100.83     93.36     98.62    113.99    133.48
    153.47    172.54    189.13    201.13    206.56    204.68    195.26    177.70    150.92    115.34     74.32     33.44      0.00
      0.00     -7.62    -13.26    -14.66    -11.76     -5.63      1.22      7.66     15.08     23.25     30.88     38.24     46.22
     57.00     72.57     94.11    121.12    152.19    186.09    221.66    257.62    292.79    325.17    352.37    371.58    379.05
    373.05    354.74    325.84    288.60    245.05    198.55    154.47    119.90     99.16     93.71    102.12    117.60    134.70
    152.68    170.81    186.56    197.75    202.74    201.11    192.87    177.27    152.54    118.49     78.08     36.10      0.00
      0.00     -3.81    -10.61    -16.29    -16.39    -10.49     -1.48      7.83     17.64     27.81     37.45     47.57     59.60
     74.92     95.07    120.74    151.46    186.08    222.97    260.92    298.93    335.02    367.07    392.28    408.00    411.04
    399.33    374.31    337.17    289.77    235.82    181.08    133.10     98.17     79.63     77.37     86.48     99.20    112.78
    127.83    142.90    155.45    163.28    165.50    163.43    156.80    143.73    122.84     94.57     61.92     28.72      0.00
      0.00      8.32     10.70      6.29      2.48      5.41     14.42     24.67     33.20     40.24     48.01     58.88     73.78
     92.14    115.21    145.35    181.41    219.63    258.11    296.61    333.48    366.11    392.65    410.56    416.60    409.42
    389.98    358.34    314.23    259.41    199.03    141.22     93.66     61.36     46.01     45.51     52.76     60.99     69.74
     80.60     91.94    100.99    105.26    104.07     99.98     93.49     83.55     68.50     48.29     26.90      8.99      0.00
      0.00     11.95     20.42     22.79     24.12     29.46     38.70     49.08     59.06     68.00     77.26     88.73    103.92
    124.52    151.22    184.57    221.92    259.61    295.05    327.95    357.12    381.75    398.07    402.59    394.72    375.23
    345.64    305.82    256.19    199.71    142.17     89.22     45.00     13.95     -1.43     -3.05      1.85      5.89      7.72
     11.90     18.42     24.13     26.10     24.06     18.91     11.80      3.91     -4.05    -11.10    -14.42    -11.86      0.00
      0.00      6.81     13.96     23.50     35.85     49.87     64.02     80.12     98.47    116.23    132.09    148.35    167.63
    192.06    221.02    251.80    281.95    309.38    332.51    351.61    366.62    376.55    376.92    364.72    341.85    309.43
    268.71    221.53    170.81    121.24     75.29     32.59     -6.87    -38.67    -57.77    -63.09    -59.95    -57.25    -60.54
    -67.14    -70.80    -72.96    -75.41    -77.34    -79.90    -83.88    -87.44    -87.22    -79.44    -62.43    -36.17      0.00
      0.00      2.61     11.68     30.52     54.47     80.23    108.03    137.27    167.09    196.26    222.69    246.14    268.79
    293.13    316.95    337.11    352.85    362.81    366.22    365.19    360.67    349.11    328.05    298.15    259.71    215.35
    167.47    119.62     76.86     40.70      9.25    -21.14    -52.83    -84.00   -108.06   -119.99   -121.26   -119.55   -124.05
   -138.06   -156.16   -171.06   -180.05   -182.80   -182.56   -180.85   -176.21   -165.91   -144.14   -106.53    -56.27      0.00
      0.00      5.78     22.25     47.21     79.67    118.19    160.46    203.30    245.52    286.00    322.91    355.41    382.83
    403.30    415.08    419.23    416.77    407.23    389.39    365.95    337.03    300.40    256.91    208.09    156.11    104.99
     59.55     22.34     -7.27    -30.89    -50.24    -69.30    -91.21   -115.57   -138.16   -154.95   -165.74   -173.14   -183.95
   -204.11   -230.85   -255.74   -273.49   -282.73   -283.54   -276.96   -264.27   -243.76   -208.41   -152.73    -79.63      0.00
      0.00     10.03     28.73     57.37     98.97    148.94    202.13    257.62    313.98    366.54    413.96    453.94    482.24
    495.46    495.78    485.25    464.70    434.88    395.63    348.46    293.27    231.47    166.12    103.57     48.06      3.93
    -28.04    -51.50    -69.07    -83.10    -95.42   -108.20   -123.61   -141.41   -159.89   -177.98   -195.81   -214.81   -238.44
   -269.38   -305.13   -340.78   -369.62   -384.47   -381.96   -367.28   -343.98   -309.73   -259.41   -188.11    -97.10      0.00
      0.00      6.17     20.69     51.62    100.39    160.53    225.11    293.15    362.32    426.74    482.57    526.74    552.71
    559.74    551.64    528.38    491.34    442.80    382.64    311.55    231.78    146.93     67.25      5.38    -34.93    -59.99
    -76.95    -88.49    -96.71   -105.20   -116.01   -129.19   -145.27   -162.23   -179.89   -199.62   -221.70   -247.47   -280.45
   -322.78   -368.95   -412.59   -446.87   -461.48   -454.35   -432.33   -398.57   -349.69   -280.43   -192.56    -95.36      0.00
      0.00     -5.66     -0.67     27.99     80.03    149.85    228.89    310.54    388.86    461.10    522.12    567.18    592.85
    598.29    583.75    549.96    499.93    435.10    357.48    267.88    167.24     65.82    -15.21    -59.01    -79.90    -87.68
    -89.50    -89.58    -91.08    -96.09   -106.46   -122.80   -143.67   -166.32   -189.64   -213.30   -238.20   -267.78   -304.41
   -348.44   -396.07   -439.24   -470.44   -482.98   -474.98   -449.34   -407.50   -346.49   -267.52   -179.87    -90.42      0.00
      0.00    -25.74    -31.83    -10.40     43.47    124.10    219.26    314.33    401.58    476.85    538.67    583.69    609.35
    612.31    592.79    552.81    494.33    419.35    330.68    229.27    115.85      8.21    -61.95    -92.10    -96.45    -86.67
    -74.79    -66.16    -62.88    -65.80    -75.87    -94.27   -119.68   -148.84   -178.63   -207.11   -235.52   -267.51   -303.80
   -342.75   -381.79   -415.95   -439.70   -447.98   -437.74   -409.25   -364.42   -306.12   -238.60   -165.84    -87.09      0.00
      0.00    -50.76    -62.31    -42.02     12.62     99.34    208.17    313.87    405.06    480.77    541.23    584.34    606.00
    604.53    582.10    539.34    478.18    400.31    308.05    202.22     83.13    -21.24    -80.68    -99.49    -85.95    -64.11
    -44.72    -31.47    -25.33    -26.90    -37.04    -55.91    -82.18   -113.13   -145.78   -178.51   -211.52   -245.04   -278.33
   -310.37   -339.46   -362.92   -377.43   -379.63   -367.57   -341.74   -304.69   -259.66   -208.27   -150.23    -82.31      0.00
      0.00    -52.68    -69.44    -46.54     11.16    102.18    212.52    317.40    406.18    477.25    531.26    566.78    581.07
    575.36    551.82    510.72    453.82    381.21    293.12    191.12     76.19    -21.24    -67.80    -71.00    -52.80    -31.33
    -12.86     -0.10      5.65      3.70     -6.41    -24.06    -48.33    -77.42   -109.14   -141.91   -174.72   -206.49   -235.87
   -261.79   -283.37   -298.84   -306.11   -303.82   -291.76   -271.03   -243.47   -210.76   -173.67   -129.93    -74.11      0.00
      0.00    -19.96    -27.64     -4.14     54.34    139.04    233.30    323.72    401.21    462.58    506.35    530.16    534.96
    526.38    504.95    469.19    420.09    358.40    283.07    195.31    100.41     20.49    -16.50    -22.47    -13.18      0.38
     12.28     20.01     23.01     20.77     12.03     -3.06    -23.75    -48.73    -76.63   -105.98   -135.15   -162.79   -187.48
   -208.27   -224.20   -233.99   -236.67   -232.17   -220.99   -204.27   -183.67   -160.68   -135.39   -104.97    -63.35      0.00
      0.00     11.40     23.75     53.97    106.77    175.47    250.20    321.65    383.84    431.78    462.24    474.33    471.84
    462.48    445.41    416.52    376.66    326.99    268.46    201.43    131.18     71.62     35.66     20.86     19.09     22.95
     27.71     31.15     32.40     30.21     23.16     10.96     -5.91    -26.43    -49.68    -74.40    -98.97   -121.94   -142.28
   -158.96   -170.75   -176.79   -176.76   -170.94   -160.23   -146.02   -129.96   -113.58    -97.20    -78.26    -50.30      0.00
      0.00     27.29     54.59     90.94    138.82    194.34    251.20    304.64    350.22    383.24    401.14    404.36    397.81
    388.15    375.08    354.52    325.47    288.10    244.14    195.08    144.46     99.74     67.30     48.17     39.13     36.61
     37.18     38.40     38.22     35.24     29.24     19.56      5.95    -10.93    -30.11    -50.65    -71.12    -90.13   -106.53
   -119.38   -127.65   -130.75   -128.68   -121.90   -111.35    -98.58    -85.08    -72.68    -62.43    -52.34    -35.91      0.00
      0.00     31.69     65.64    103.08    144.89    188.97    231.77    270.38    301.34    321.51    329.13    326.07    317.35
    307.19    296.70    283.57    265.03    239.59    208.02    172.65    136.70    104.24     78.31     60.27     49.49     44.64
     42.83     41.51     39.32     35.75     30.45     22.30     11.03     -2.77    -18.28    -35.08    -51.72    -66.89    -79.71
    -89.28    -94.75    -95.87    -92.79    -85.78    -75.50    -63.03    -50.11    -39.52    -32.84    -29.04    -22.58      0.00
      0.00     30.53     63.06     95.88    129.34    162.42    193.20    219.76    239.33    250.48    250.85    243.01    232.60
    223.33    216.50    209.80    199.23    182.80    161.50    137.74    113.76     91.85     73.57     59.94     50.92     45.28
     41.28     38.06     34.69     30.47     25.25     18.12      9.23     -1.08    -12.65    -25.26    -37.83    -49.35    -59.33
    -66.84    -71.35    -72.33    -69.59    -63.05    -52.98    -40.63    -28.14    -18.01    -12.64    -12.11    -12.16      0.00
      0.00     24.23     49.42     73.67     96.88    118.85    138.54    154.86    166.50    171.87    168.55    159.71    150.23
    144.48    142.70    140.84    134.41    123.37    110.03     95.66     80.95     67.84     56.75     48.02     41.45     36.32
     31.70     27.48     23.22     18.68     13.96      8.55      2.69     -3.61    -10.89    -18.85    -27.13    -35.50    -43.34
    -49.69    -53.98    -55.63    -54.08    -48.97    -40.61    -29.92    -18.70     -9.27     -3.71     -2.80     -4.07      0.00
      0.00     13.68     27.07     39.58     51.15     61.81     71.62     79.85     85.76     87.94     85.59     80.15     74.58
     72.55     74.17     74.55     70.75     63.85     57.08     50.83     43.93     37.84     32.59     27.73     23.23     19.44
     15.91     12.29      8.48      4.82      1.89     -1.17     -4.33     -7.80    -11.41    -14.76    -18.36    -22.93    -27.39
    -30.81    -33.30    -34.84    -34.81    -32.38    -27.57    -21.20    -13.94     -7.22     -2.45     -0.23     -0.15      0.00
      0.00      0.00      0.00      0.00      0.00      0.00      0.00      0.00      0.00      0.00      0.00      0.00      0.00
      0.00      0.00      0.00      0.00      0.00      0.00      0.00      0.00      0.00      0.00      0.00      0.00      0.00
      0.00      0.00      0.00      0.00      0.00      0.00      0.00      0.00      0.00      0.00      0.00      0.00      0.00
      0.00      0.00      0.00      0.00      0.00      0.00      0.00      0.00      0.00      0.00      0.00      0.00      0.00
      0.00      0.00      0.00      0.00      0.00      0.00      0.00      0.00      0.00      0.00      0.00      0.00      0.00
      0.00      0.00      0.00      0.00      0.00      0.00      0.00      0.00      0.00      0.00      0.00      0.00      0.00
      0.00      0.00      0.00      0.00      0.00      0.00      0.00      0.00      0.00      0.00      0.00      0.00      0.00
      0.00      0.00      0.00      0.00      0.00      0.00      0.00      0.00      0.00      0.00      0.00      0.00      0.00
      0.00     40.61     75.63    106.23    133.22    157.02    177.92    196.22    212.19    226.03    237.77    247.43    255.26
    261.67    267.14    271.89    275.98    279.33    281.77    283.15    283.51    283.07    282.02    280.72    279.45    278.24
    277.04    275.83    274.27    272.11    269.60    267.10    264.71    262.21    259.44    256.42    253.46    250.62    247.72
    244.55    240.74    235.78    229.08    220.09    208.33    193.36    174.65    151.65    123.79     90.20     49.53      0.00
      0.00     71.92    129.32    176.41    215.52    247.81    274.07    295.10    311.95    325.80    337.46    347.03    354.33
    359.24    361.89    362.70    362.38    361.29    359.51    356.82    352.89    347.98    343.24    339.21    335.61    332.29
    328.62    323.45    316.71    309.52    302.74    297.10    293.26    291.15    289.99    289.22    288.69    288.17    287.55
    287.35    287.71    287.70    285.96    281.43    273.59    261.40    243.79    219.72    187.53    144.18     84.42      0.00
      0.00    100.96    176.79    235.80    282.43    319.42    348.24    369.59    384.08    393.54    400.51    406.22    410.63
    413.39    414.14    412.98    410.27    406.24    400.97    394.48    387.32    380.56    374.42    368.03    361.68    355.76
    348.60    338.41    325.44    311.09    297.52    287.30    280.92    277.80    277.50    278.78    280.35    281.28    281.45
    281.77    284.09    289.12    295.50    299.80    299.36    293.79    282.01    261.79    229.91    181.75    110.10      0.00
      0.00    131.87    220.68    285.11    333.01    368.51    393.76    410.67    421.64    428.77    433.46    436.57    438.50
    439.53    439.99    440.19    440.12    439.34    437.74    435.38    432.15    427.74    422.03    415.31    407.73    399.41
    390.08    378.64    363.80    345.32    324.61    304.86    288.47    275.71    267.22    263.23    263.90    268.83    276.90
    286.48    295.59    305.10    318.13    333.24    344.45    347.95    341.93    324.43    292.10    238.64    151.21      0.00
      0.00    157.13    255.34    318.09    357.98    384.61    404.73    421.93    436.95    449.87    461.17    471.48    480.54
    488.25    495.17    501.61    507.68    513.28    517.93    521.07    522.27    521.62    518.87    513.40    505.02    493.75
    479.59    462.94    444.87    425.32    403.27    379.17    355.36    334.36    318.43    309.34    307.49    312.37    322.74
    337.55    356.80    379.99    404.62    424.23    433.77    431.63    417.43    390.91    349.22    286.01    185.41      0.00
      0.00    170.74    261.99    317.35    358.89    395.08    427.39    455.07    476.47    492.18    503.89    513.89    523.28
    530.17    535.57    542.41    550.89    561.07    571.79    581.12    589.41    598.09    607.03    614.30    618.58    618.59
    612.13    596.61    571.60    541.11    509.37    478.41    449.12    422.57    401.08    388.22    385.56    392.50    408.08
    433.97    469.14    503.31    527.79    539.76    538.83    525.18    498.66    458.91    404.65    328.95    211.77      0.00
      0.00    173.22    278.25    347.61    396.13    433.36    463.22    486.29    501.88    511.04    517.15    522.67    528.52
    532.04    532.51    533.30    540.42    557.26    580.38    606.96    634.15    659.66    684.10    706.95    724.06    733.57
    735.64    728.64    710.15    679.12    636.02    585.45    537.12    497.98    470.56    456.66    457.17    473.62    506.95
    549.78    589.84    619.75    636.73    640.66    630.14    606.08    567.86    513.63    443.13    352.47    223.32      0.00
      0.00    198.40    302.87    369.28    414.74    447.32    473.76    495.95    511.42    519.98    526.32    529.88    531.19
    529.16    525.53    526.95    543.46    577.17    621.36    666.84    707.95    746.31    782.24    812.13    834.12    847.32
    850.12    842.38    824.51    793.18    747.02    685.28    615.25    554.85    516.88    501.94    511.72    544.86    589.17
    631.27    668.86    697.80    711.41    709.09    693.41    665.56    622.78    559.93    475.33    368.54    227.45      0.00
      0.00    193.59    295.41    357.95    399.85    431.33    458.10    478.99    490.95    498.10    504.00    508.27    509.43
    511.30    518.64    537.78    573.71    620.66    668.21    715.82    770.33    824.10    871.33    914.75    952.63    972.92
    969.10    947.50    916.67    876.52    821.87    748.84    661.86    582.77    535.24    526.24    551.12    592.36    629.48
    660.79    696.59    726.64    740.45    739.07    726.56    702.21    663.25    604.84    518.29    399.26    241.50      0.00
      0.00    177.33    269.96    328.83    371.91    407.70    433.37    449.43    466.59    484.29    496.67    505.45    511.74
    523.36    544.60    577.65    620.56    668.91    721.22    775.89    831.33    891.22    954.71   1013.18   1054.58   1072.79
   1067.77   1042.03    996.97    936.88    861.28    768.30    664.33    578.63    535.13    537.27    570.15    605.61    628.56
    654.29    687.46    711.59    722.43    723.97    716.52    695.54    658.26    601.12    517.23    401.81    245.90      0.00
      0.00    205.76    291.31    335.23    368.91    401.63    431.89    455.48    477.76    498.84    512.72    523.94    536.87
    553.88    579.12    616.11    664.33    718.60    774.98    833.10    896.51    962.46   1027.77   1080.69   1115.12   1132.07
   1126.35   1095.56   1037.70    955.68    853.39    738.29    628.50    550.40    520.36    533.40    564.93    587.36    601.79
    626.77    653.47    667.25    665.72    656.16    645.17    627.58    594.30    537.86    457.73    353.89    216.99      0.00
      0.00    282.17    382.03    408.86    418.42    437.70    467.74    493.88    506.32    510.86    516.25    528.69    549.65
    570.68    597.19    642.95    703.28    764.07    824.58    890.62    961.58   1028.41   1081.42   1118.03   1140.79   1146.04
   1128.05   1085.61   1016.01    918.04    796.34    672.91    572.22    509.93    493.20    509.75    532.80    540.09    547.51
    570.16    591.39    599.83    588.60    566.81    545.38    522.33    492.78    446.64    376.89    288.52    176.40      0.00
      0.00    289.44    404.75    445.58    462.47    484.19    508.50    526.83    539.20    545.56    552.19    564.33    582.04
    607.98    644.34    697.44    760.21    824.14    884.53    946.48   1005.55   1060.26   1101.03   1122.06   1123.55   1104.90
   1064.57   1003.77    919.91    811.53    696.43    593.67    510.77    455.76    439.42    452.61    471.88    471.46    459.57
    466.15    484.11    491.21    482.79    462.63    434.38    402.67    369.34    331.37    283.98    227.00    146.91      0.00
      0.00    250.98    362.43    427.24    475.16    512.59    537.13    560.81    587.30    611.10    629.95    650.39    675.53
    711.37    758.75    808.64    857.47    904.82    947.70    986.06   1019.90   1054.26   1080.39   1081.44   1055.32   1007.87
    941.58    858.79    762.65    666.15    583.49    514.27    446.67    391.02    362.67    364.61    384.03    392.30    373.78
    348.82    341.59    335.82    322.33    308.79    291.57    265.65    235.10    204.98    177.76    148.06    101.21      0.00
      0.00    230.49    347.01    434.78    506.22    563.92    617.85    668.10    715.99    760.94    799.01    829.79    858.31
    895.11    931.58    959.08    982.78    999.47   1005.23   1007.62   1018.78   1030.51   1025.97    989.42    931.18    856.87
    770.07    673.90    588.13    525.61    483.00    444.80    396.99    340.36    297.54    280.77    288.38    305.47    304.00
    267.42    221.27    187.74    166.79    158.58    150.22    136.85    121.26    103.53     92.65     94.75     84.89      0.00
      0.00    236.56    372.58    469.97    557.17    642.52    723.43    792.38    856.99    919.84    980.43   1040.17   1087.29
   1112.88   1115.67   1108.77   1098.08   1080.49   1052.41   1023.16   1006.28    980.82    928.39    852.69    757.88    656.63
    564.36    492.28    443.75    414.22    397.83    381.52    354.63    314.57    275.31    247.76    230.47    224.51    217.25
    183.01    125.44     75.88     43.35     21.28      8.63      4.64      1.94     -0.98     11.03     42.78     67.93      0.00
      0.00    246.93    385.00    488.19    598.45    699.47    781.57    866.80    961.62   1049.02   1136.92   1222.29   1276.48
   1291.87   1274.25   1235.57   1187.66   1134.66   1076.17   1019.90    961.97    883.01    781.45    668.69    551.42    457.51
    399.44    370.16    354.85    345.29    337.12    327.35    310.71    287.06    261.84    234.89    204.19    170.16    128.49
     74.69     12.14    -55.33   -113.66   -146.43   -148.17   -135.22   -118.32    -90.54    -45.35     15.20     66.19      0.00
      0.00    228.16    359.38    470.64    592.95    704.34    799.69    911.85   1032.63   1147.54   1247.99   1330.71   1380.87
   1400.08   1379.96   1319.83   1243.49   1160.68   1067.90    975.83    873.06    740.74    594.47    472.34    393.03    350.05
    331.17    327.04    329.33    327.24    316.29    300.84    278.03    254.72    231.65    200.91    164.30    122.43     64.22
    -18.37   -104.66   -184.18   -250.60   -281.81   -272.43   -244.91   -204.21   -140.60    -45.32     67.45    138.37      0.00
      0.00    185.90    299.62    409.81    530.51    658.48    788.22    928.45   1060.02   1189.68   1296.84   1378.08   1430.40
   1450.57   1429.15   1362.90   1268.88   1155.90   1042.43    918.90    766.45    585.31    432.20    360.33    335.81    332.69
    342.65    355.76    365.08    367.68    357.62    331.88    295.52    254.61    211.92    172.09    133.10     81.58     14.10
    -66.85   -154.60   -230.98   -287.17   -312.43   -305.17   -270.11   -210.87   -119.62      5.50    128.56    179.10      0.00
      0.00    126.50    218.71    310.39    434.60    588.24    755.13    914.23   1069.09   1212.33   1323.82   1409.49   1460.58
   1467.67   1432.89   1361.90   1263.23   1140.46   1011.49    859.58    672.21    475.51    356.45    319.44    328.95    368.95
    406.75    433.87    450.65    454.87    442.97    408.35    356.37    297.38    239.79    188.01    137.90     77.33      6.91
    -63.09   -128.61   -185.94   -229.86   -248.69   -238.81   -200.38   -133.99    -44.90     50.18    136.19    171.22      0.00
      0.00     66.68    145.34    232.73    350.20    508.44    708.48    902.45   1073.03   1220.83   1333.46   1413.83   1455.41
   1449.40   1404.44   1329.16   1230.52   1111.17    973.50    805.93    599.17    417.68    330.22    319.28    374.70    440.71
    489.80    523.49    545.94    552.55    536.25    497.07    442.59    379.79    315.88    249.61    177.92    106.81     41.59
    -16.58    -66.54   -107.59   -135.16   -142.65   -129.73    -99.68    -51.11     11.51     82.11    148.82    172.45      0.00
      0.00     79.50    126.39    206.61    322.56    487.78    696.40    901.46   1074.97   1213.03   1314.96   1379.45   1405.10
   1390.55   1344.47   1273.90   1183.07   1074.26    939.61    771.53    566.46    402.64    347.92    380.64    449.04    508.35
    554.07    583.69    598.87    596.96    579.15    545.86    498.49    440.42    376.55    307.85    236.11    165.40    101.78
     49.26      5.94    -25.72    -38.96    -34.76    -20.51      4.98     40.74     85.83    135.07    182.32    195.00      0.00
      0.00    184.91    227.87    287.95    396.66    552.14    727.60    905.82   1062.72   1181.80   1262.90   1306.41   1315.54
   1299.49   1260.32   1201.52   1125.88   1031.35    914.91    769.22    597.36    464.32    431.81    460.08    507.20    551.67
    582.66    593.67    595.99    595.39    583.91    559.60    523.63    478.13    423.14    360.50    295.51    230.45    172.23
    122.19     83.93     62.47     59.21     68.00     83.63    108.50    140.66    174.31    207.21    236.34    226.77      0.00
      0.00    244.83    342.11    416.56    504.38    619.86    757.11    901.50   1026.16   1117.93   1175.57   1197.33   1193.21
   1177.46   1154.33   1115.73   1056.67    977.29    885.74    779.95    664.69    565.08    517.67    516.63    537.40    558.70
    571.25    578.83    587.11    592.08    589.59    578.18    553.39    516.66    469.37    414.27    354.59    294.97    237.51
    186.97    151.66    134.30    133.88    146.49    167.51    192.23    220.71    251.92    276.37    287.47    253.84      0.00
      0.00    255.46    385.44    476.33    566.89    661.36    765.23    870.53    961.37   1024.73   1057.95   1059.52   1046.42
   1036.26   1027.11   1005.61    965.21    910.12    849.45    776.91    694.13    615.00    563.35    543.10    537.67    545.59
    560.08    577.39    590.37    596.28    602.50    601.47    584.07    551.32    506.89    455.19    395.48    335.14    280.15
    234.99    203.92    192.07    197.21    213.53    236.55    262.38    292.01    321.35    337.98    330.60    271.67      0.00
      0.00    243.04    386.43    486.36    573.34    656.18    737.03    808.44    871.96    914.49    925.57    911.74    892.62
    886.15    885.26    878.51    862.62    830.72    790.64    740.79    677.13    613.73    569.89    546.13    536.37    547.35
    566.78    578.29    588.21    605.67    622.42    623.77    607.36    576.97    533.93    480.64    421.42    364.20    314.47
    273.37    250.16    244.73    253.22    270.50    295.08    327.06    362.21    388.94    391.60    360.01    275.70      0.00
      0.00    223.80    357.56    451.47    530.74    601.37    660.98    710.55    758.60    791.11    784.85    757.57    731.87
    721.00    726.10    740.97    749.89    736.60    708.60    673.63    629.57    585.93    555.08    539.68    538.30    542.17
    555.47    570.34    584.93    603.18    617.07    620.08    607.83    584.83    550.58    503.23    451.96    404.82    357.92
    318.67    292.98    284.16    292.90    311.82    343.02    380.45    414.55    433.77    418.75    361.90    255.99      0.00
      0.00    178.60    297.92    380.43    445.25    498.53    537.06    571.88    613.16    641.35    624.08    586.74    555.10
    551.21    577.05    612.11    627.70    622.30    607.54    586.49    554.82    531.66    513.79    510.36    518.01    520.09
    523.67    531.52    542.25    557.36    571.59    574.96    578.94    587.59    574.74    538.53    497.76    456.62    404.32
    357.92    327.21    314.85    317.95    336.50    367.35    403.16    429.47    430.78    396.56    324.58    213.00      0.00
      0.00    123.08    198.15    250.29    289.70    316.15    339.99    369.33    406.86    433.29    417.30    378.35    348.41
    359.87    415.19    463.08    464.15    451.40    449.85    449.83    428.86    410.78    411.15    422.53    437.28    433.43
    414.43    405.35    405.31    415.75    428.17    438.94    477.36    505.94    518.32    514.52    488.43    435.37    374.76
    346.13    328.39    314.69    317.89    333.48    349.82    360.81    358.88    331.12    278.55    211.43    124.94      0.00
      0.00      0.00      0.00      0.00      0.00      0.00      0.00      0.00      0.00      0.00      0.00      0.00      0.00
      0.00      0.00      0.00      0.00      0.00      0.00      0.00      0.00      0.00      0.00      0.00      0.00      0.00
      0.00      0.00      0.00      0.00      0.00      0.00      0.00      0.00      0.00      0.00      0.00      0.00      0.00
      0.00      0.00      0.00      0.00      0.00      0.00      0.00      0.00      0.00      0.00      0.00      0.00      0.00
      0.00      0.00      0.00      0.00      0.00      0.00      0.00      0.00      0.00      0.00      0.00      0.00      0.00
      0.00      0.00      0.00      0.00      0.00      0.00      0.00      0.00      0.00      0.00      0.00      0.00      0.00
      0.00      0.00      0.00      0.00      0.00      0.00      0.00      0.00      0.00      0.00      0.00      0.00      0.00
      0.00      0.00      0.00      0.00      0.00      0.00      0.00      0.00      0.00      0.00      0.00      0.00      0.00
      0.00   -539.79   -945.61  -1264.91  -1523.33  -1737.17  -1917.44  -2071.78  -2205.68  -2323.13  -2427.08  -2519.67  -2602.52
  -2676.87  -2743.38  -2802.59  -2854.94  -2900.85  -2940.73  -2974.81  -3003.16  -3025.86  -3043.28  -3055.84  -3063.92  -3067.78
  -3067.32  -3062.56  -3053.32  -3039.33  -3020.38  -2996.28  -2966.89  -2932.04  -2891.54  -2844.99  -2791.80  -2731.22  -2662.72
  -2585.53  -2498.90  -2401.95  -2293.33  -2171.05  -2032.39  -1873.75  -1690.18  -1474.71  -1217.39   -903.88   -511.76      0.00
      0.00   -822.89  -1378.09  -1776.00  -2070.51  -2293.58  -2465.98  -2601.78  -2710.92  -2800.57  -2875.69  -2939.68  -2995.15
  -3044.02  -3087.50  -3126.17  -3160.36  -3190.25  -3215.92  -3237.34  -3254.80  -3269.09  -3281.00  -3290.97  -3299.28  -3305.93
  -3310.70  -3313.50  -3314.44  -3313.24  -3308.99  -3301.10  -3289.41  -3273.53  -3253.10  -3227.98  -3197.99  -3162.65  -3120.84
  -3071.56  -3013.34  -2943.54  -2859.44  -2757.74  -2633.92  -2482.08  -2293.61  -2056.26  -1751.96  -1351.28   -802.56      0.00
      0.00  -1021.90  -1652.29  -2071.05  -2360.47  -2566.91  -2719.16  -2835.40  -2926.54  -2999.66  -3059.62  -3109.58  -3151.53
  -3187.00  -3217.67  -3244.90  -3269.47  -3291.66  -3311.63  -3329.30  -3344.64  -3357.99  -3369.76  -3380.21  -3389.76  -3398.59
  -3406.66  -3414.07  -3421.26  -3427.95  -3432.47  -3433.94  -3432.34  -3426.82  -3416.82  -3402.05  -3381.58  -3355.39  -3324.28
  -3287.99  -3244.68  -3191.24  -3123.54  -3036.18  -2924.71  -2784.31  -2605.73  -2372.78  -2059.99  -1625.93   -995.51      0.00
      0.00  -1182.94  -1850.86  -2268.03  -2544.27  -2735.88  -2874.77  -2979.76  -3061.88  -3127.60  -3180.76  -3223.42  -3257.13
  -3283.98  -3306.19  -3325.46  -3342.99  -3359.67  -3375.93  -3391.50  -3406.11  -3419.97  -3433.43  -3446.77  -3459.92  -3472.82
  -3485.56  -3497.62  -3508.50  -3518.04  -3526.29  -3533.23  -3538.30  -3540.56  -3538.22  -3529.65  -3514.44  -3491.98  -3461.17
  -3421.52  -3373.39  -3316.04  -3246.04  -3159.27  -3054.42  -2930.11  -2779.10  -2584.87  -2315.77  -1910.91  -1244.29      0.00
      0.00  -1254.60  -1948.51  -2376.29  -2653.57  -2840.05  -2970.90  -3066.90  -3139.11  -3193.56  -3235.04  -3268.06  -3295.89
  -3320.99  -3344.30  -3365.35  -3383.92  -3400.94  -3417.28  -3432.42  -3445.34  -3455.73  -3464.03  -3471.54  -3479.56  -3489.58
  -3503.00  -3519.71  -3538.06  -3555.28  -3569.44  -3579.71  -3585.90  -3588.00  -3585.52  -3576.22  -3557.15  -3526.38  -3483.62
  -3428.38  -3359.18  -3274.65  -3177.83  -3077.68  -2980.63  -2886.13  -2787.74  -2670.43  -2496.45  -2180.87  -1528.19      0.00
      0.00  -1318.52  -2032.23  -2453.18  -2713.70  -2883.81  -3000.65  -3085.36  -3151.82  -3209.63  -3264.50  -3317.52  -3368.07
  -3416.25  -3461.34  -3499.39  -3526.78  -3544.55  -3556.13  -3562.57  -3563.17  -3558.05  -3548.00  -3534.98  -3522.05  -3511.76
  -3506.51  -3508.49  -3520.26  -3542.70  -3570.35  -3594.60  -3611.19  -3618.28  -3614.01  -3597.29  -3564.38  -3513.67  -3445.32
  -3359.24  -3247.57  -3123.33  -3009.09  -2908.15  -2819.52  -2742.82  -2670.49  -2588.24  -2459.54  -2191.77  -1574.08      0.00
      0.00  -1405.97  -2102.42  -2491.59  -2729.90  -2892.52  -3015.23  -3117.34  -3210.37  -3300.70  -3388.54  -3469.55  -3542.72
  -3609.41  -3668.64  -3713.56  -3735.91  -3739.96  -3733.97  -3721.21  -3704.84  -3684.49  -3658.96  -3630.09  -3601.64  -3574.46
  -3550.11  -3533.76  -3530.25  -3540.96  -3563.94  -3597.66  -3636.87  -3664.52  -3667.63  -3643.03  -3591.67  -3513.97  -3405.92
  -3272.31  -3134.05  -2998.33  -2863.82  -2740.81  -2639.89  -2559.58  -2490.58  -2415.10  -2294.91  -2042.58  -1462.66      0.00
      0.00  -1458.44  -2134.11  -2509.43  -2751.01  -2929.60  -3077.99  -3210.59  -3332.79  -3445.82  -3550.18  -3645.12  -3731.40
  -3809.55  -3873.11  -3908.10  -3908.78  -3886.56  -3863.37  -3841.16  -3814.34  -3779.10  -3737.36  -3694.85  -3656.15  -3623.05
  -3596.15  -3575.53  -3564.10  -3568.76  -3593.39  -3631.79  -3680.96  -3733.75  -3754.21  -3722.87  -3649.73  -3535.59  -3391.38
  -3244.29  -3089.55  -2916.61  -2751.18  -2610.73  -2492.16  -2392.19  -2310.01  -2231.83  -2117.68  -1874.50  -1324.18      0.00
      0.00  -1387.15  -2082.57  -2505.44  -2794.81  -3010.45  -3186.01  -3336.77  -3471.28  -3598.08  -3717.07  -3826.41  -3923.74
  -4003.22  -4059.87  -4083.13  -4069.60  -4042.27  -4014.52  -3981.29  -3937.92  -3881.67  -3819.64  -3758.29  -3703.68  -3664.57
  -3640.62  -3628.45  -3625.13  -3630.90  -3659.81  -3715.32  -3783.79  -3854.37  -3882.26  -3836.60  -3731.33  -3582.88  -3433.48
  -3292.46  -3112.14  -2910.38  -2730.85  -2574.30  -2435.43  -2310.41  -2199.75  -2106.35  -1990.47  -1760.56  -1249.07      0.00
      0.00  -1337.31  -2061.28  -2522.50  -2848.65  -3098.97  -3302.83  -3473.50  -3622.87  -3761.74  -3892.58  -4013.21  -4115.47
  -4192.76  -4239.47  -4256.10  -4250.14  -4226.00  -4185.99  -4135.31  -4067.87  -3988.14  -3903.44  -3820.84  -3750.60  -3700.47
  -3681.08  -3689.65  -3706.59  -3725.49  -3773.98  -3857.24  -3952.40  -4029.09  -4040.87  -3970.27  -3833.01  -3672.21  -3533.40
  -3392.21  -3202.21  -2995.33  -2806.54  -2634.29  -2470.41  -2315.65  -2174.88  -2050.14  -1911.71  -1676.05  -1183.44      0.00
      0.00  -1335.48  -2093.06  -2589.75  -2943.32  -3212.42  -3429.27  -3615.72  -3784.29  -3939.11  -4083.26  -4211.48  -4316.01
  -4392.53  -4437.67  -4451.64  -4438.06  -4404.29  -4355.75  -4287.12  -4196.92  -4099.50  -3995.13  -3892.75  -3813.06  -3764.07
  -3749.36  -3778.09  -3820.79  -3867.42  -3953.47  -4068.24  -4178.64  -4240.62  -4220.64  -4120.31  -3960.46  -3799.19  -3666.36
  -3518.23  -3323.39  -3115.20  -2930.60  -2763.65  -2585.18  -2401.20  -2228.07  -2064.66  -1880.63  -1608.08  -1108.17      0.00
      0.00  -1384.66  -2171.36  -2693.39  -3065.57  -3343.90  -3570.39  -3773.59  -3963.06  -4139.59  -4297.20  -4428.58  -4530.71
  -4602.38  -4642.02  -4645.12  -4621.85  -4584.62  -4524.26  -4440.92  -4346.09  -4232.65  -4116.78  -4024.77  -3957.66  -3922.90
  -3924.21  -3955.35  -4005.65  -4090.52  -4213.12  -4346.51  -4442.18  -4466.95  -4415.45  -4289.20  -4114.78  -3955.71  -3827.51
  -3675.94  -3478.09  -3264.62  -3072.26  -2904.25  -2731.57  -2542.91  -2348.11  -2148.54  -1922.81  -1608.41  -1076.77      0.00
      0.00  -1458.01  -2264.20  -2797.45  -3185.98  -3482.80  -3727.80  -3947.35  -4146.92  -4328.53  -4488.47  -4617.26  -4711.02
  -4771.26  -4799.74  -4797.98  -4778.01  -4752.87  -4715.62  -4648.84  -4552.90  -4430.77  -4320.52  -4250.60  -4209.90  -4197.06
  -4215.96  -4261.57  -4337.02  -4444.52  -4569.71  -4672.98  -4717.91  -4706.58  -4636.93  -4499.99  -4312.83  -4137.25  -4008.11
  -3865.14  -3675.34  -3467.60  -3266.05  -3076.35  -2892.01  -2706.04  -2505.92  -2280.31  -2010.82  -1646.75  -1078.83      0.00
      0.00  -1549.06  -2380.49  -2921.11  -3318.42  -3633.70  -3893.60  -4108.41  -4290.88  -4450.05  -4582.72  -4680.44  -4746.61
  -4786.08  -4812.95  -4845.91  -4887.83  -4920.01  -4932.98  -4902.63  -4815.73  -4702.72  -4615.23  -4572.98  -4565.92  -4583.82
  -4632.52  -4710.71  -4805.66  -4910.62  -4991.88  -5022.14  -5008.19  -4964.50  -4883.99  -4747.95  -4557.07  -4351.07  -4186.82
  -4049.26  -3885.35  -3699.93  -3504.57  -3302.68  -3097.89  -2891.48  -2674.43  -2428.80  -2124.41  -1711.39  -1090.14      0.00
      0.00  -1650.47  -2518.01  -3079.49  -3482.34  -3778.84  -4007.99  -4205.71  -4368.65  -4479.86  -4536.58  -4570.38  -4596.38
  -4618.79  -4671.69  -4763.50  -4885.04  -5015.84  -5126.74  -5154.41  -5084.49  -5001.37  -4962.30  -4969.74  -5009.63  -5076.09
  -5169.06  -5270.01  -5360.74  -5414.06  -5411.67  -5369.51  -5302.70  -5221.47  -5122.75  -4985.93  -4806.36  -4593.12  -4384.45
  -4221.98  -4081.25  -3921.13  -3735.94  -3532.98  -3320.35  -3097.97  -2864.01  -2606.93  -2288.63  -1845.77  -1172.23      0.00
      0.00  -1764.93  -2683.86  -3272.10  -3662.82  -3929.29  -4142.43  -4314.72  -4415.73  -4437.53  -4443.38  -4450.79  -4465.20
  -4505.48  -4591.68  -4723.05  -4889.21  -5080.28  -5276.17  -5371.60  -5349.02  -5330.63  -5366.21  -5437.56  -5546.07  -5673.68
  -5791.97  -5868.72  -5892.46  -5863.48  -5797.66  -5706.84  -5597.97  -5477.18  -5343.58  -5187.43  -5010.56  -4812.91  -4606.40
  -4424.32  -4274.64  -4122.84  -3956.20  -3772.17  -3564.10  -3334.83  -3094.04  -2832.80  -2510.14  -2059.22  -1352.29      0.00
      0.00  -1900.45  -2875.88  -3478.20  -3851.38  -4099.65  -4298.36  -4419.31  -4448.06  -4440.59  -4438.43  -4433.42  -4445.13
  -4502.28  -4611.33  -4769.53  -4969.52  -5196.90  -5431.99  -5586.67  -5646.14  -5728.87  -5854.41  -5997.90  -6159.02  -6298.42
  -6374.55  -6376.80  -6328.58  -6248.60  -6146.39  -6028.57  -5896.75  -5748.13  -5579.46  -5394.58  -5200.62  -5000.00  -4802.91
  -4627.36  -4479.82  -4339.78  -4193.95  -4023.38  -3814.91  -3582.43  -3337.99  -3066.64  -2736.38  -2275.02  -1529.56      0.00
      0.00  -2037.46  -3078.09  -3710.52  -4086.96  -4312.39  -4467.68  -4535.58  -4545.36  -4531.22  -4519.15  -4520.50  -4537.34
  -4591.65  -4704.02  -4879.70  -5105.75  -5361.52  -5628.80  -5833.67  -5994.18  -6192.58  -6409.00  -6588.61  -6718.11  -6796.47
  -6807.83  -6756.62  -6665.69  -6552.96  -6432.79  -6301.94  -6157.34  -5998.79  -5819.64  -5620.57  -5408.38  -5193.16  -4984.12
  -4806.30  -4656.90  -4509.55  -4359.15  -4193.63  -3993.53  -3763.77  -3519.26  -3245.64  -2909.25  -2456.01  -1717.62      0.00
      0.00  -2187.89  -3306.61  -3986.21  -4377.49  -4572.66  -4655.92  -4688.70  -4701.64  -4680.19  -4659.92  -4648.60  -4664.29
  -4728.18  -4846.36  -5035.93  -5282.45  -5564.51  -5850.31  -6094.38  -6356.09  -6667.58  -6926.00  -7067.40  -7128.00  -7126.85
  -7065.82  -6965.20  -6844.76  -6713.54  -6586.69  -6465.24  -6335.56  -6187.36  -6015.80  -5818.80  -5597.38  -5369.98  -5148.00
  -4936.51  -4740.33  -4560.60  -4392.15  -4221.88  -4024.49  -3794.72  -3539.76  -3266.17  -2954.50  -2545.57  -1809.72      0.00
      0.00  -2371.06  -3547.79  -4259.64  -4661.58  -4839.60  -4878.27  -4872.92  -4859.29  -4816.85  -4787.51  -4779.69  -4804.26
  -4881.94  -5016.01  -5225.42  -5485.95  -5770.80  -6064.98  -6361.90  -6718.22  -7089.71  -7329.41  -7432.75  -7422.27  -7323.87
  -7191.41  -7049.80  -6902.89  -6759.43  -6626.60  -6508.90  -6389.63  -6248.40  -6081.44  -5888.14  -5673.51  -5446.66  -5210.38
  -4966.20  -4723.83  -4501.83  -4307.32  -4117.15  -3902.50  -3654.74  -3393.43  -3145.88  -2889.57  -2537.24  -1836.23      0.00
      0.00  -2582.24  -3804.90  -4518.37  -4929.58  -5095.40  -5078.77  -5015.69  -4969.54  -4925.25  -4901.62  -4912.10  -4963.76
  -5063.22  -5224.49  -5461.09  -5703.43  -5970.46  -6273.78  -6634.37  -7067.97  -7446.23  -7648.34  -7698.00  -7611.10  -7456.14
  -7279.10  -7110.67  -6957.68  -6813.14  -6673.86  -6534.33  -6384.21  -6215.59  -6030.07  -5830.60  -5621.56  -5401.86  -5167.24
  -4909.41  -4645.36  -4398.92  -4166.21  -3936.32  -3690.90  -3414.50  -3145.22  -2926.61  -2742.42  -2492.79  -1880.46      0.00
      0.00  -2881.36  -4110.53  -4767.90  -5137.00  -5272.55  -5237.28  -5127.98  -5034.91  -4992.34  -5006.20  -5067.07  -5161.29
  -5291.29  -5485.23  -5706.97  -5927.16  -6192.50  -6524.05  -6934.35  -7399.76  -7753.51  -7894.82  -7876.80  -7746.04  -7566.21
  -7393.34  -7241.15  -7099.16  -6938.88  -6752.00  -6553.08  -6347.77  -6135.44  -5917.42  -5693.39  -5467.86  -5239.62  -5001.81
  -4747.44  -4489.16  -4227.84  -3963.41  -3690.43  -3390.84  -3065.52  -2783.26  -2598.88  -2510.70  -2410.51  -1952.57      0.00
      0.00  -3142.65  -4386.46  -4970.93  -5270.79  -5391.93  -5362.02  -5232.17  -5121.16  -5097.23  -5152.74  -5264.56  -5411.36
  -5591.44  -5793.11  -5994.63  -6218.57  -6490.58  -6839.48  -7245.20  -7698.03  -8012.49  -8097.06  -8036.96  -7893.95  -7738.82
  -7593.40  -7454.74  -7279.43  -7055.97  -6795.31  -6535.20  -6275.63  -6015.26  -5755.71  -5502.33  -5255.19  -5008.10  -4757.72
  -4507.04  -4235.09  -3942.98  -3633.84  -3304.16  -2935.81  -2562.23  -2287.92  -2184.25  -2241.78  -2317.48  -2005.90      0.00
      0.00  -3295.87  -4526.29  -5082.56  -5368.51  -5495.31  -5486.00  -5386.92  -5296.53  -5292.01  -5373.61  -5520.74  -5739.93
  -5994.43  -6215.03  -6430.20  -6679.23  -6970.34  -7298.37  -7656.46  -8026.18  -8279.07  -8339.44  -8262.91  -8120.33  -7973.17
  -7834.31  -7669.34  -7435.58  -7159.35  -6862.09  -6562.72  -6267.77  -5965.50  -5651.53  -5359.14  -5095.84  -4840.44  -4577.44
  -4288.41  -3949.83  -3579.37  -3191.68  -2782.48  -2345.67  -1963.43  -1757.89  -1791.74  -2030.46  -2289.66  -2083.88      0.00
      0.00  -3217.25  -4469.64  -5047.79  -5378.40  -5559.06  -5630.88  -5619.75  -5580.80  -5595.88  -5683.83  -5863.35  -6165.77
  -6477.42  -6726.41  -6959.18  -7213.83  -7497.18  -7816.63  -8165.39  -8482.25  -8662.06  -8676.05  -8577.18  -8382.73  -8204.13
  -8121.48  -7968.93  -7691.39  -7376.47  -7071.03  -6766.85  -6433.47  -6050.54  -5648.14  -5320.19  -5084.12  -4861.26  -4599.01
  -4259.40  -3848.32  -3396.18  -2938.88  -2483.57  -2032.57  -1662.85  -1518.65  -1676.83  -2067.27  -2428.80  -2239.71      0.00
      0.00  -2925.10  -4198.91  -4868.08  -5299.20  -5602.96  -5816.79  -5929.90  -5970.12  -6010.97  -6095.52  -6295.35  -6633.96
  -6949.50  -7213.90  -7455.10  -7699.32  -7997.83  -8369.87  -8798.07  -9140.98  -9277.54  -9262.70  -9171.28  -8861.18  -8567.74
  -8545.97  -8462.08  -8179.22  -7796.39  -7474.22  -7142.18  -6742.64  -6253.00  -5744.74  -5458.16  -5391.67  -5308.81  -5093.57
  -4728.85  -4258.52  -3761.90  -3285.01  -2831.93  -2392.54  -2008.41  -1823.85  -1978.42  -2376.10  -2691.84  -2423.42      0.00
      0.00  -2533.96  -3778.48  -4551.34  -5129.48  -5607.17  -5992.36  -6274.06  -6442.59  -6537.52  -6601.56  -6752.75  -7038.66
  -7322.93  -7608.57  -7904.57  -8247.16  -8734.94  -9283.54  -9790.88 -10112.64 -10263.22 -10441.14 -10625.89 -10280.87  -9583.41
  -9234.48  -9118.78  -8846.44  -8366.55  -7908.60  -7536.51  -7098.54  -6561.30  -6047.38  -6071.39  -6385.90  -6501.25  -6323.42
  -5952.18  -5468.33  -4993.53  -4556.57  -4116.29  -3657.44  -3171.60  -2773.63  -2671.45  -2799.91  -2836.76  -2361.43      0.00
      0.00  -2031.64  -3180.10  -4036.22  -4773.60  -5421.88  -5977.40  -6440.46  -6805.26  -7072.77  -7166.90  -7110.19  -7146.06
  -7330.20  -7682.19  -8222.85  -9063.52  -9996.00 -10695.98 -11017.91 -11102.82 -11393.86 -12380.99 -13096.99 -13034.47 -11869.38
 -10256.20  -9564.47  -9197.11  -8599.33  -7905.80  -7527.45  -7248.07  -7072.04  -7132.04  -7727.45  -8188.06  -8295.18  -8152.71
  -7874.69  -7528.90  -7226.69  -6887.03  -6444.77  -5909.71  -5224.74  -4399.52  -3677.47  -3184.19  -2732.03  -1970.14      0.00
      0.00  -1291.74  -2190.74  -2998.62  -3812.63  -4558.67  -5175.94  -5662.15  -6122.46  -6675.12  -7106.30  -6832.66  -6203.77
  -6043.84  -6454.92  -7317.98  -8911.74 -10413.62 -10519.71 -10345.66 -10163.24 -11090.20 -13681.70 -15049.30 -15677.49 -14332.53
 -10544.52  -8538.87  -7905.77  -7235.01  -6341.01  -6090.85  -6410.58  -7451.20  -9330.14  -9813.29  -9189.96  -9131.86  -9076.11
  -8979.68  -9125.74  -9374.26  -9306.71  -8966.71  -8196.32  -7086.47  -5768.13  -4196.81  -3006.55  -2105.68  -1253.67      0.00
      0.00      0.00      0.00      0.00      0.00      0.00      0.00      0.00      0.00      0.00      0.00      0.00      0.00
      0.00      0.00      0.00      0.00      0.00      0.00      0.00      0.00      0.00      0.00      0.00      0.00      0.00
      0.00      0.00      0.00      0.00      0.00      0.00      0.00      0.00      0.00      0.00      0.00      0.00      0.00
      0.00      0.00      0.00      0.00      0.00      0.00      0.00      0.00      0.00      0.00      0.00      0.00      0.00
      0.00      0.00      0.00      0.00      0.00      0.00      0.00      0.00      0.00      0.00      0.00      0.00      0.00
      0.00      0.00      0.00      0.00      0.00      0.00      0.00      0.00      0.00      0.00      0.00      0.00      0.00
      0.00      0.00      0.00      0.00      0.00      0.00      0.00      0.00      0.00      0.00      0.00      0.00      0.00
      0.00      0.00      0.00      0.00      0.00      0.00      0.00      0.00      0.00      0.00      0.00      0.00      0.00
      0.00  10297.83  19513.04  27635.17  34730.40  40881.30  46172.56  50694.21  54524.07  57729.43  60376.20  62510.14  64200.14
  65509.99  66545.95  67420.85  68203.63  68928.12  69574.76  70121.92  70607.20  71005.98  71166.82  71079.87  70723.05  70139.57
  69467.28  68766.53  68081.80  67471.66  66938.38  66446.50  65919.99  65321.66  64595.21  63708.52  62650.98  61422.36  60034.98
  58456.62  56667.78  54606.71  52234.72  49466.55  46174.57  42248.35  37568.86  32032.84  25585.94  18123.84   9607.31      0.00
      0.00  12171.72  22417.59  30862.62  37707.93  43195.86  47557.85  51002.11  53703.15  55819.92  57487.88  58808.11  59859.11
  60691.51  61342.30  61846.68  62236.96  62538.33  62764.73  62930.34  63045.68  63105.46  63101.31  63027.92  62885.14  62676.46
  62410.29  62097.49  61735.47  61321.11  60874.34  60385.49  59831.24  59216.65  58544.49  57798.85  56938.22  55937.20  54814.21
  53532.31  52044.28  50354.26  48413.95  46148.08  43497.46  40338.38  36505.72  31793.70  25943.20  18735.12  10094.91      0.00
      0.00  12355.89  22272.68  30030.27  35941.75  40374.91  43689.84  46172.88  48059.60  49515.79  50652.80  51557.98  52294.57
  52901.79  53402.33  53807.93  54128.90  54378.62  54566.26  54697.68  54778.37  54816.42  54810.65  54757.52  54655.95  54510.14
  54320.36  54084.64  53802.44  53467.66  53076.11  52618.83  52096.28  51509.91  50840.15  50074.84  49218.55  48257.04  47155.79
  45895.06  44467.59  42853.36  41001.12  38887.75  36488.08  33720.32  30463.91  26577.05  21866.41  16083.18   8934.92      0.00
      0.00  12705.06  22087.09  28914.39  33804.62  37282.91  39768.59  41603.29  43023.63  44164.57  45104.24  45896.06  46572.71
  47150.62  47637.85  48043.78  48375.79  48638.82  48839.02  48983.75  49081.72  49135.40  49142.48  49102.84  49021.51  48903.08
  48749.69  48556.26  48318.77  48035.34  47694.31  47279.10  46784.71  46212.52  45557.15  44815.34  43978.61  43042.21  42004.29
  40863.32  39609.35  38232.95  36739.30  35141.77  33439.83  31583.85  29439.61  26766.80  23196.24  18134.35  10763.75      0.00
      0.00  11574.34  19737.68  25642.36  29933.85  33078.54  35419.59  37220.22  38666.77  39868.25  40881.18  41736.62  42462.08
  43076.83  43595.93  44039.08  44415.27  44721.38  44956.48  45127.55  45249.88  45328.04  45357.48  45340.18  45281.38  45180.50
  45032.47  44838.46  44603.33  44324.15  43989.71  43593.68  43126.54  42588.08  41968.78  41268.39  40497.79  39660.53  38762.65
  37812.83  36817.90  35817.14  34853.77  33912.95  32926.21  31833.71  30529.69  28740.52  26019.94  21615.42  14043.12      0.00
      0.00  10155.34  17602.26  23085.76  27139.23  30195.54  32554.56  34408.37  35871.38  37026.39  37954.56  38735.32  39426.02
  40038.23  40570.21  41031.12  41444.32  41806.35  42102.70  42335.76  42517.94  42644.89  42717.42  42736.49  42701.39  42615.24
  42478.43  42303.20  42076.30  41773.66  41412.36  40998.82  40518.91  39966.14  39356.81  38683.71  37956.70  37192.71  36402.73
  35562.25  34773.31  34088.23  33324.52  32456.65  31562.78  30588.03  29563.01  28309.65  26033.50  21880.33  14685.81      0.00
      0.00  10314.36  17710.02  22967.52  26554.93  29017.67  30885.19  32375.32  33584.71  34589.05  35445.85  36235.94  36976.25
  37639.83  38238.30  38791.10  39308.45  39763.06  40138.18  40444.23  40668.59  40815.13  40897.80  40923.32  40895.05  40811.87
  40674.11  40483.48  40235.60  39939.61  39572.60  39118.96  38597.41  38002.02  37332.70  36622.86  35891.40  35131.38  34363.39
  33638.60  32904.36  32113.10  31354.48  30589.44  29678.04  28617.96  27395.54  25806.31  23138.77  18867.75  12174.98      0.00
      0.00  10991.20  17806.10  22137.45  25051.50  27120.99  28733.02  30106.25  31324.22  32422.18  33431.55  34372.73  35220.58
  35987.49  36702.52  37393.03  38047.96  38646.02  39089.96  39395.80  39621.24  39786.93  39893.27  39922.28  39866.45  39749.35
  39569.23  39325.86  39027.32  38656.30  38228.50  37734.80  37145.52  36459.11  35694.16  34913.89  34114.24  33314.82  32558.70
  31768.01  30959.94  30270.06  29603.71  28683.95  27641.02  26519.18  25120.54  23055.62  19836.94  15356.86   9194.58      0.00
      0.00   9337.84  15349.08  19379.19  22301.88  24599.69  26508.86  28171.87  29643.24  30935.35  32101.27  33165.52  34121.58
  35019.82  35860.94  36656.83  37421.44  38058.46  38527.90  38892.89  39164.99  39362.64  39474.30  39492.57  39406.12  39211.68
  38971.27  38671.84  38280.39  37858.84  37343.71  36713.11  36016.05  35205.77  34330.75  33445.20  32561.80  31727.45  30875.38
  29889.90  29044.58  28358.82  27499.07  26495.10  25381.60  24180.41  22835.57  20822.83  17631.90  13338.72   7740.82      0.00
      0.00   7701.95  13218.51  17331.35  20497.63  23034.32  25156.43  27000.27  28627.66  30072.93  31364.18  32516.32  33602.82
  34623.15  35599.31  36496.31  37276.99  37959.85  38527.55  38952.42  39283.38  39515.34  39614.04  39593.34  39473.22  39270.05
  38920.33  38447.14  37942.54  37463.07  36842.17  36039.36  35166.54  34213.33  33205.28  32190.99  31214.03  30288.67  29237.28
  28118.33  27112.46  26192.15  25209.96  24128.58  22984.47  21729.21  20243.54  18259.25  15518.96  11895.69   7020.59      0.00
      0.00   7241.94  12452.23  16455.93  19646.56  22279.57  24518.30  26458.81  28165.60  29704.21  31094.89  32377.81  33594.17
  34740.27  35815.70  36803.23  37699.95  38477.69  39107.71  39592.86  39965.98  40175.64  40264.83  40284.30  40147.57  39839.64
  39446.49  38799.93  38096.15  37463.99  36640.95  35660.36  34612.52  33480.94  32303.53  31126.05  30019.87  28942.37  27703.26
  26475.96  25325.79  24210.98  23046.90  21777.34  20473.29  19088.45  17492.31  15522.32  13063.24   9888.72   5780.54      0.00
      0.00   7339.35  12478.71  16352.11  19466.86  22125.47  24423.27  26414.89  28185.82  29789.00  31269.14  32671.58  34009.79
  35291.47  36501.61  37637.78  38662.64  39527.72  40262.48  40832.40  41170.77  41386.14  41515.34  41431.66  41192.98  40775.66
  40176.27  39481.49  38763.73  37828.57  36743.57  35582.79  34331.57  32990.98  31601.51  30236.60  28980.56  27706.51  26282.73
  24904.36  23620.98  22367.80  21076.44  19684.66  18232.46  16718.05  15061.15  13157.09  10867.05   8069.25   4547.68      0.00
      0.00   7538.52  12710.78  16616.34  19762.52  22452.91  24795.89  26843.06  28680.60  30353.12  31916.05  33430.82  34915.13
  36350.64  37717.44  38995.39  40142.03  41090.38  41842.73  42430.44  42794.14  43052.30  43141.61  42854.97  42492.56  41971.34
  41288.37  40483.49  39527.92  38415.80  37165.46  35804.33  34329.93  32735.09  31088.22  29480.87  28006.62  26575.97  24963.79
  23367.04  21893.96  20476.73  19067.10  17642.14  16183.47  14653.46  13016.85  11238.49   9237.43   6886.89   3902.24      0.00
      0.00   7821.43  13156.42  17221.42  20484.90  23229.35  25630.15  27786.71  29722.57  31490.35  33195.35  34871.39  36504.07
  38100.57  39607.45  40945.79  42076.62  43035.45  43813.73  44387.85  44754.91  44912.10  44782.12  44465.77  43925.82  43326.73
  42593.40  41620.05  40522.04  39262.45  37864.89  36315.47  34590.63  32722.96  30776.21  28850.56  27048.54  25363.08  23625.84
  21804.22  20080.49  18464.91  16936.05  15482.02  14081.05  12680.60  11223.78   9660.50   7933.32   5910.75   3371.72      0.00
      0.00   8371.78  14111.42  18321.82  21697.09  24621.39  27145.19  29287.67  31241.69  33201.93  35182.64  37064.69  38834.41
  40657.66  42323.24  43784.97  44909.96  45681.18  46300.43  46822.71  47168.61  47264.42  46955.33  46437.34  45834.69  45130.77
  44181.27  43094.05  41869.23  40470.33  38899.94  37114.50  35112.74  32936.04  30644.45  28347.95  26131.47  24048.20  22074.34
  20051.64  18035.25  16199.95  14565.00  13105.18  11788.22  10582.58   9403.77   8164.30   6802.62   5189.97   3096.85      0.00
      0.00   9208.89  15351.85  19818.92  23501.01  26596.43  29024.79  31056.10  33121.96  35396.15  37307.74  39108.22  41018.51
  42981.81  45048.25  46888.13  48390.81  49067.65  49251.73  49660.13  49989.11  50034.29  49576.41  48970.29  48227.13  47333.82
  46313.30  45138.18  43760.72  42166.27  40296.76  38164.26  35809.08  33266.66  30594.63  27882.65  25193.78  22616.93  20172.14
  17819.98  15546.21  13475.56  11692.72  10208.57   9028.09   8108.68   7350.13   6634.84   5824.41   4709.00   2976.78      0.00
      0.00  10113.54  16847.97  21857.14  25921.21  29037.88  31071.10  32984.48  35156.45  37124.44  38874.70  40883.74  42969.91
  44970.43  47043.43  49036.05  50817.87  52065.24  52295.66  52682.52  53029.50  52963.63  52555.46  52005.50  51268.66  50345.62
  49223.51  47884.66  46258.36  44307.66  42035.18  39460.47  36636.29  33620.39  30479.21  27264.82  24044.33  20919.25  17944.57
  15102.16  12398.65  10013.10   8046.15   6568.25   5621.08   5137.64   4990.45   5059.26   5124.01   4885.47   3672.25      0.00
      0.00  11195.60  18752.97  24279.80  28470.17  31303.09  33171.41  34946.38  36708.39  38487.75  40440.05  42380.86  44514.85
  46803.02  48999.20  51074.24  52738.73  54254.85  55035.38  55725.00  56289.48  56388.09  56255.14  55918.38  55292.22  54305.30
  52987.14  51336.84  49339.95  46971.62  44210.53  41101.75  37697.64  34045.66  30240.55  26377.60  22515.00  18710.49  15075.23
  11600.61   8342.90   5531.59   3323.07   1864.46   1242.53   1395.10   2140.05   3340.81   4843.79   6254.61   6419.74      0.00
      0.00  12702.02  21222.85  27101.20  31195.62  33872.01  35655.54  36998.94  38239.77  39890.20  41814.16  43942.32  46203.60
  48505.75  50850.91  53087.50  54769.78  56216.96  57553.22  58957.00  60063.17  60690.64  61022.11  60975.53  60403.48  59247.95
  57642.93  55643.65  53238.07  50404.24  47075.75  43275.40  39093.50  34621.85  29969.47  25225.69  20474.41  15781.44  11241.62
   6924.05   2940.08   -479.02  -3108.85  -4658.56  -4853.85  -3780.39  -1676.08   1092.67   4201.89   6785.98   6469.21      0.00
      0.00  15105.86  24740.74  30887.16  34806.82  37082.96  38354.19  39215.50  40221.97  41742.02  43576.50  45741.50  48157.91
  50553.25  52891.45  55000.13  56632.37  58401.45  60387.21  62651.99  64651.07  66218.34  67149.66  67296.16  66575.10  65096.29
  63092.03  60687.05  57893.95  54574.52  50612.79  46024.76  40968.91  35552.46  29859.88  24009.78  18064.98  12114.96   6310.75
    784.67  -4300.69  -8663.82 -12063.72 -13957.91 -13771.25 -11426.84  -7461.47  -2769.98   1811.14   5052.85   5064.30      0.00
      0.00  19024.35  29862.50  36237.32  39866.46  41538.79  42070.04  42196.46  42595.98  43825.63  45658.48  48008.44  50642.19
  53309.56  55703.71  57445.90  59158.36  61129.71  63801.54  67132.80  70536.30  73322.39  74884.55  75081.36  73893.23  71738.82
  69173.73  66352.52  63143.35  59166.85  54317.61  48863.21  43000.05  36660.89  29822.86  22761.97  15521.57   8098.36    649.84
  -6615.54 -13447.40 -19421.81 -24038.89 -26794.44 -26924.20 -23504.51 -17122.86  -9534.06  -2415.39   2960.20   4780.31      0.00
      0.00  26405.45  38021.30  44315.55  47544.60  48339.82  47447.54  46200.18  45771.35  46545.61  48229.05  50740.22  53860.90
  57085.58  59569.73  61587.51  63227.91  65087.84  68357.91  73051.87  78349.20  82461.33  84731.39  84697.09  82510.91  79439.19
  76205.20  72918.84  69105.66  64172.48  58360.50  52053.44  45547.11  38231.10  30012.52  21907.62  13544.09   4493.77  -4929.83
 -14579.61 -23960.60 -32424.71 -39425.08 -44328.68 -46548.19 -42741.06 -33215.49 -21202.00  -9342.97    224.44   5128.28      0.00
      0.00  41097.95  50366.73  55614.85  58590.50  58641.39  56226.05  53003.30  51173.71  50916.91  51933.21  54381.53  58187.54
  62134.88  65301.91  67966.34  70161.84  72849.49  76751.93  82342.77  89082.89  94329.00  97588.27  97122.05  93194.39  88748.02
  84793.18  81356.05  76907.58  70303.12  63275.87  56166.23  49759.67  41489.61  31582.90  22771.72  13188.36   2228.84  -9136.92
 -22016.93 -34993.29 -47071.57 -57677.98 -65783.80 -72991.81 -70624.24 -56648.26 -37902.54 -19071.76  -4192.50   3986.86      0.00
      0.00  64924.85  64494.88  67698.61  71228.10  71947.07  69335.47  65252.49  61567.15  58985.67  58192.33  60043.16  64237.81
  68692.59  72616.96  76031.36  79357.29  83324.87  88541.66  95408.61 103387.64 109286.79 115030.38 114857.61 108504.03 100319.32
  94568.61  93138.89  88185.43  77780.79  70333.23  62871.23  57160.05  48045.72  36994.41  26689.78  15752.20   3167.80  -9682.46
 -27749.34 -45449.43 -60354.05 -74038.09 -84431.47 -95536.94 -96756.32 -80221.97 -55426.32 -28309.04  -8388.46   1737.58      0.00
      0.00  77568.45  74128.09  78471.07  84197.23  87138.86  86100.72  82353.09  77291.91  72044.46  68825.16  69512.43  72892.20
  77041.34  81184.48  85488.01  90416.91  96430.27 103940.46 113513.22 122343.58 127173.83 141276.12 146656.00 134231.92 111365.34
 100542.01 111603.02 106977.38  87977.30  81500.72  74012.83  67393.33  58304.78  46776.32  35108.89  23844.13  11006.49  -2836.83
 -28696.66 -49770.16 -64962.77 -79494.80 -91239.27-101312.48-103222.40 -88885.11 -62105.30 -31132.21  -9167.00    852.84      0.00
      0.00  69275.12  77266.80  86821.23  97058.16 102756.37 103403.73 101644.21  97777.96  91414.27  85571.85  83646.36  84644.98
  86855.91  90552.34  96230.86 103965.02 113988.39 125602.09 140658.17 146600.11 145685.62 182163.33 205640.78 186252.81 125663.65
  93597.30 135387.78 137669.39 107668.28  92222.40  85804.28  78871.95  71945.18  62550.96  51874.04  43920.88  34827.66  19691.06
 -10181.71 -35850.98 -51980.03 -66188.96 -78411.00 -86465.20 -87058.06 -75896.72 -51466.97 -23114.26  -3975.33   2899.01      0.00
      0.00  58252.91  76892.20  92224.91 108115.48 116048.52 119091.45 119653.43 120706.78 118443.58 110364.64 103130.76  98072.92
  95440.14  98772.71 109407.55 126746.94 149269.89 168356.16 184413.75 173712.06 168227.53 242914.84 286132.75 288146.25 189054.20
  93196.59 143418.48 165203.67 140484.48 101324.71  91533.10  89407.75  92322.45  94902.67  94066.48  94079.25  85115.77  66217.24
  35935.03   9888.37  -8455.88 -23920.34 -37846.68 -47415.20 -49722.42 -42729.77 -23672.45  -5646.41   4302.11   5728.55      0.00
      0.00  51927.52  72242.41  89747.41 109722.73 122512.10 128768.05 130791.73 137416.59 148920.00 149152.38 133468.03 110940.71
  96907.21 101498.47 127179.63 179992.94 223208.27 234107.69 214513.58 187450.00 205798.80 339263.62 387073.94 441291.19 346987.41
 141781.56 140277.50 174295.39 152411.20  98185.51  86303.30 102118.29 133125.00 191628.52 205971.88 172515.33 154053.98 139248.69
 115407.81  95119.68  74559.35  53461.78  34277.81  17914.90   8724.30  12610.84  19391.82  15884.71  12509.96   7449.97      0.00
      0.00  36218.09  51504.48  68057.44  90844.67 108970.71 118762.21 120950.73 123550.25 152060.83 197853.19 189445.28 113821.22
  78082.52  78997.60 113814.46 199684.12 279263.78 215124.95 183867.06 164347.39 220522.98 408774.28 467003.62 595181.75 557410.06
 235037.89 130541.84 141142.42 124282.50  66744.18  64784.96 115991.12 190951.03 414207.97 374868.78 211311.02 198086.55 198350.20
 176474.62 176536.27 175478.25 151382.55 127435.84  95801.86  67124.89  62680.59  45182.35  24183.97  12431.58   4022.03      0.00
      0.00      0.00      0.00      0.00      0.00      0.00      0.00      0.00      0.00      0.00      0.00      0.00      0.00
      0.00      0.00      0.00      0.00      0.00      0.00      0.00      0.00      0.00      0.00      0.00      0.00      0.00
      0.00      0.00      0.00      0.00      0.00      0.00      0.00      0.00      0.00      0.00      0.00      0.00      0.00
      0.00      0.00      0.00      0.00      0.00      0.00      0.00      0.00      0.00      0.00      0.00      0.00      0.00
    -24.69    -24.98    -25.32    -26.00    -25.66    -26.30    -26.35    -26.30    -26.00    -25.96    -24.98    -25.28    -24.94
    -24.30    -23.92    -23.88    -23.54    -23.20    -22.90    -23.24    -22.56    -22.56    -22.56    -22.56    -21.88    -21.54
    -21.20    -20.22    -19.88    -19.28    -18.60    -18.30    -18.34    -18.34    -18.68    -18.73    -19.32    -19.96    -20.30
    -20.94    -20.90    -21.54    -21.83    -22.47    -22.47    -22.77    -22.77    -23.07    -23.45    -23.75    -23.11    -23.15
    -16.00   1044.33   2101.18   3133.47   4126.51   5070.36   5954.97   6780.98   7546.99   8247.30   8880.13   9446.03   9946.38
  10385.92  10778.59  11134.60  11461.08  11759.24  12024.17  12252.19  12448.27  12610.08  12713.54  12753.61  12729.44  12645.66
  12525.63  12381.47  12217.16  12039.97  11851.93  11645.34  11411.88  11152.82  10859.36  10527.33  10158.00   9751.51   9314.67
   8840.79   8327.09   7774.58   7183.57   6548.46   5865.75   5133.03   4345.54   3510.06   2640.69   1747.48    847.71    -36.69
     -7.53   1742.18   3418.22   4989.89   6442.90   7765.49   8954.75  10013.82  10949.17  11770.65  12492.51  13132.23  13700.46
  14205.66  14652.96  15041.22  15378.60  15668.87  15915.99  16124.87  16301.56  16439.79  16531.89  16573.88  16567.52  16516.35
  16426.89  16305.07  16147.86  15953.84  15737.00  15489.22  15197.31  14873.62  14525.19  14145.39  13715.70  13236.29  12727.57
  12170.97  11547.79  10875.70  10145.31   9347.14   8484.75   7546.08   6525.65   5415.23   4198.40   2862.72   1429.44    -44.26
     -2.81   2343.14   4504.43   6433.87   8119.72   9566.32  10794.91  11835.79  12727.31  13494.30  14158.42  14741.75  15268.02
  15751.73  16191.61  16579.54  16912.87  17196.12  17431.13  17618.31  17761.71  17867.91  17936.57  17963.16  17948.97  17897.63
  17806.38  17669.60  17492.06  17280.99  17042.73  16768.96  16461.14  16128.25  15760.73  15359.11  14934.73  14479.12  13979.41
  13430.35  12832.13  12176.10  11438.65  10624.85   9741.26   8765.07   7672.14   6447.27   5072.44   3533.54   1825.34    -46.43
     -4.17   2929.51   5446.21   7554.67   9301.36  10739.98  11920.21  12904.16  13754.32  14507.59  15183.07  15796.55  16360.35
  16873.13  17329.54  17729.50  18074.46  18366.94  18608.68  18804.60  18957.09  19065.55  19126.56  19138.34  19105.01  19029.00
  18913.49  18760.12  18567.12  18344.82  18094.77  17809.11  17488.43  17139.23  16762.25  16357.66  15926.07  15463.48  14971.07
  14452.29  13899.66  13303.14  12666.17  11994.04  11286.17  10513.58   9620.30   8528.75   7138.94   5318.39   2939.83    -58.39
     -7.19   3071.24   5636.57   7782.04   9581.58  11094.25  12372.58  13468.21  14427.79  15287.67  16060.18  16749.69  17358.10
  17887.35  18343.29  18740.42  19091.04  19395.02  19653.02  19869.80  20054.09  20205.94  20316.98  20384.37  20404.65  20370.75
  20272.86  20109.99  19894.17  19635.60  19340.88  19015.11  18665.42  18293.38  17893.63  17470.95  17034.68  16590.10  16141.44
  15694.11  15245.15  14820.38  14447.18  14106.97  13733.28  13258.38  12579.84  11549.35  10004.56   7758.96   4540.35    -50.05
     -5.62   3049.04   5710.32   7979.35   9902.38  11541.66  12955.90  14184.38  15240.80  16128.63  16867.08  17493.25  18048.38
  18539.51  18968.88  19353.20  19723.55  20084.37  20419.37  20719.31  20985.17  21206.62  21382.47  21509.75  21584.37  21603.50
  21562.96  21464.12  21291.76  21024.11  20691.81  20318.35  19913.42  19477.06  19022.92  18562.17  18107.30  17669.68  17254.68
  16835.81  16478.82  16272.60  16019.70  15688.88  15314.98  14811.06  14123.30  13072.43  11336.78   8757.98   5173.93    -48.73
     -7.62   3348.90   6257.24   8701.84  10687.67  12276.11  13603.31  14732.66  15691.55  16497.64  17186.91  17822.67  18417.79
  18958.96  19463.20  19965.48  20468.77  20952.66  21392.56  21777.41  22091.54  22337.02  22528.83  22669.70  22762.20  22801.89
  22783.14  22701.61  22549.02  22329.87  22019.44  21605.46  21132.95  20629.76  20095.11  19566.18  19059.31  18579.54  18126.28
  17741.37  17411.49  17091.27  16856.56  16623.89  16217.76  15584.77  14675.25  13330.96  11264.87   8459.73   4833.39    -47.75
    -23.58   3759.28   6731.51   9043.77  10896.34  12396.99  13640.55  14723.16  15699.89  16591.55  17421.78  18203.01  18908.08
  19563.64  20207.29  20861.55  21513.82  22163.37  22691.75  23084.88  23416.66  23712.39  23955.43  24120.73  24200.63  24217.50
  24176.32  24072.40  23901.15  23637.18  23294.17  22862.12  22322.12  21720.36  21094.52  20489.32  19902.99  19338.39  18835.22
  18344.96  17900.27  17629.46  17434.45  17031.87  16506.40  15808.30  14729.24  13056.29  10676.93   7718.09   4181.70    -58.18
     -9.32   3508.71   6322.68   8577.47  10454.59  12066.67  13478.36  14754.32  15908.04  16948.49  17910.62  18797.88  19615.09
  20399.98  21170.21  21930.31  22684.46  23351.45  23952.15  24438.03  24846.70  25208.29  25486.43  25675.97  25764.99  25733.56
  25651.31  25529.71  25293.64  25015.68  24621.74  24076.55  23453.64  22750.57  22033.25  21346.63  20674.80  20047.86  19428.96
  18718.83  18159.21  17775.32  17279.86  16704.30  16030.04  15215.57  14144.12  12483.11  10090.26   7169.26   3786.44    -68.61
     20.64   3247.50   6009.32   8358.50  10378.11  12136.91  13701.60  15117.67  16397.42  17560.69  18613.84  19572.85  20503.34
  21400.72  22297.43  23145.81  23930.15  24660.63  25318.67  25902.28  26420.33  26854.33  27169.74  27368.98  27472.56  27490.02
  27352.85  27086.00  26776.96  26476.83  26007.01  25310.11  24555.56  23761.60  22963.87  22183.80  21440.95  20739.89  19920.66
  19064.88  18287.99  17582.89  16852.16  16064.00  15211.66  14225.60  12995.73  11348.70   9195.29   6582.06   3494.14    -85.97
     37.45   3292.90   6105.33   8526.86  10638.92  12510.56  14189.71  15701.76  17065.13  18315.95  19465.36  20545.91  21582.49
  22581.52  23548.80  24474.56  25346.83  26152.90  26876.67  27527.12  28129.57  28609.10  28978.48  29294.17  29457.13  29435.75
  29308.13  28905.11  28441.58  28020.71  27370.66  26536.41  25677.55  24796.13  23906.43  23032.32  22210.26  21397.32  20426.11
  19460.55  18515.14  17558.58  16569.84  15513.09  14401.05  13183.45  11780.66  10101.76   8102.72   5731.39   3005.79    -95.93
     42.73   3473.93   6417.10   8938.20  11139.15  13114.70  14897.03  16496.58  17950.10  19285.43  20528.38  21705.93  22844.24
  23940.27  24985.29  25993.49  26933.92  27766.55  28576.80  29314.00  29896.50  30473.22  30976.19  31269.89  31387.58  31321.18
  31054.20  30671.48  30229.04  29541.31  28665.94  27744.79  26804.84  25839.12  24865.49  23907.68  23020.63  22088.54  20999.82
  19912.30  18847.40  17736.55  16563.98  15294.86  13954.20  12532.62  10986.54   9256.69   7286.97   5074.51   2602.96    -71.37
     46.43   3691.34   6805.07   9470.83  11808.32  13912.48  15809.81  17522.18  19086.41  20520.98  21865.38  23154.95  24388.23
  25553.02  26637.33  27656.51  28600.96  29466.66  30227.25  30991.05  31694.25  32368.15  32941.58  33102.74  33160.21  33053.60
  32765.08  32321.00  31698.51  30870.09  29912.22  28932.60  27937.35  26907.14  25856.97  24819.49  23840.48  22838.70  21658.52
  20442.87  19236.04  17991.27  16678.43  15287.81  13815.95  12248.26  10582.58   8801.49   6874.39   4773.38   2448.34    -36.13
     43.45   3924.55   7237.60  10107.76  12628.65  14882.14  16938.75  18842.84  20590.86  22200.99  23726.28  25160.37  26475.45
  27667.72  28704.62  29576.91  30362.93  31130.48  31889.46  32602.12  33374.68  34079.41  34511.54  34721.09  34692.63  34575.18
  34285.46  33692.53  32936.29  32036.70  31089.39  30114.23  29093.87  28026.40  26917.93  25794.83  24691.76  23582.67  22373.43
  21056.68  19708.51  18320.80  16888.79  15403.53  13855.04  12222.70  10497.36   8679.12   6747.83   4666.17   2409.32     -6.98
     38.47   4224.92   7820.20  10890.42  13621.76  16156.35  18493.04  20600.93  22556.88  24474.95  26342.22  28028.14  29438.19
  30653.97  31536.96  32147.51  32602.09  33038.41  33595.03  34279.19  35078.91  35855.16  36190.16  36294.13  36276.29  36076.64
  35543.88  34836.89  34049.91  33189.61  32300.85  31350.15  30319.35  29228.79  28073.46  26882.48  25665.11  24429.81  23153.55
  21765.09  20277.31  18771.39  17237.05  15657.99  14028.17  12344.72  10585.08   8738.06   6789.71   4706.53   2463.18     -1.23
     37.75   4591.11   8469.01  11808.71  14912.43  17841.11  20422.51  22687.38  24987.80  27357.49  29252.40  30784.24  32211.96
  33441.98  34411.18  34897.44  35203.16  35340.68  35480.02  36028.27  36809.24  37574.14  37878.90  37947.24  37741.39  37268.03
  36666.11  36003.31  35278.12  34504.20  33639.68  32686.39  31654.01  30544.85  29361.45  28120.20  26805.84  25439.73  24012.24
  22518.77  20935.84  19301.24  17640.40  15955.52  14253.80  12531.26  10764.15   8920.54   6965.06   4855.86   2543.12      3.49
     43.71   4930.64   9129.76  12884.05  16461.71  19781.66  22409.22  24919.20  27577.77  29785.99  31523.64  33162.43  34694.42
  35872.84  36729.52  37253.78  37536.89  37782.57  37683.20  38024.88  38635.73  39120.30  39376.12  39352.19  39025.48  38539.75
  37977.07  37382.46  36726.66  35984.58  35138.22  34187.02  33144.68  32016.32  30815.37  29517.61  28132.95  26644.48  25092.96
  23455.90  21703.30  19905.81  18103.38  16316.83  14552.79  12808.92  11050.98   9249.63   7335.29   5245.31   2843.23    -14.00
     47.33   5243.01   9786.38  13918.31  17848.82  21365.17  24299.95  27094.31  29631.36  31899.13  33867.70  35437.38  36960.14
  38333.75  39301.19  39917.48  40066.67  40281.46  40206.43  40418.56  40835.59  41061.11  41093.25  40957.32  40635.33  40161.23
  39627.96  39058.21  38431.73  37712.49  36866.09  35905.61  34847.78  33679.96  32414.13  31064.51  29613.49  28024.88  26333.99
  24536.69  22618.60  20655.33  18690.50  16754.62  14897.64  13138.63  11436.31   9732.60   7984.55   6015.88   3646.02     -4.98
     46.60   5502.01  10362.55  14785.58  18931.91  22767.56  26108.26  28992.88  31490.25  33834.58  35944.89  37819.02  39446.69
  40783.02  41893.39  42678.27  42929.70  42920.03  42945.14  43220.84  43415.36  43324.96  43186.72  42972.50  42639.79  42190.17
  41714.52  41201.26  40592.54  39852.80  38943.74  37889.20  36731.65  35491.12  34178.89  32775.95  31261.66  29608.57  27791.27
  25833.76  23745.93  21570.88  19340.04  17151.50  15161.30  13429.32  11915.69  10427.99   8802.53   6749.00   3843.70      7.62
     43.84   5703.60  10865.54  15537.23  19917.79  23948.76  27573.11  30728.29  33499.89  36058.56  38271.14  40240.20  41948.16
  43326.70  44499.24  45291.13  45491.89  45677.87  45921.45  46141.24  46027.41  45746.93  45515.98  45267.75  44977.73  44650.45
  44311.33  43859.00  43228.61  42373.25  41337.64  40158.22  38905.08  37627.45  36315.65  34931.07  33393.18  31646.91  29685.61
  27546.89  25215.38  22682.74  19994.18  17354.64  15085.44  13478.78  12361.08  11180.42   9573.07   7254.94   3990.29     13.41
     28.56   5851.70  11302.33  16263.51  20899.17  25244.69  29299.36  32810.00  35845.25  38533.89  40782.17  42718.92  44327.48
  45770.61  46969.89  47487.83  48106.91  48783.38  49277.58  49142.75  48630.05  48229.51  48018.09  47851.26  47695.10  47515.14
  47249.54  46763.08  45951.10  44869.96  43643.80  42425.18  41204.28  40003.18  38827.48  37560.36  36084.33  34310.55  32205.86
  29843.78  27135.36  24042.33  20712.16  17336.32  14419.18  12969.09  12558.54  12066.48  10762.97   8373.60   4739.34     26.47
     -5.58   6051.84  11789.31  17043.06  22030.70  26850.30  31389.59  35513.26  38984.75  41671.38  43656.35  45185.41  46492.79
  47848.79  48794.66  49756.04  51031.97  52044.52  52401.33  51760.88  51000.60  50690.29  50689.16  50770.38  50826.63  50725.25
  50171.67  49273.52  48160.05  47011.22  45899.29  44780.86  43608.10  42560.92  41669.83  40654.84  39337.35  37651.02  35599.16
  33017.43  29831.15  26123.05  22037.69  17761.63  13926.34  12663.33  12937.35  13262.42  12548.71  10216.47   6085.92     30.64
    -29.96   6295.97  12381.75  17858.94  23224.49  28500.71  33756.14  38687.65  42441.18  44872.87  46541.22  47629.97  48423.70
  49236.44  50157.40  51604.50  53182.84  54416.10  54433.79  53815.10  53114.73  53125.25  53650.93  54195.44  54333.77  53667.15
  52593.59  51384.89  50339.70  49337.30  48303.16  47242.21  45972.98  45104.29  44757.56  44019.99  43006.36  41741.57  40112.51
  37153.57  33617.06  29531.62  25062.67  20497.05  16007.87  14482.74  15194.19  15878.19  15148.42  12390.81   7442.40     33.79
    -42.31   6372.98  13001.10  18360.98  23976.48  29688.29  35663.36  41137.88  45126.37  47658.66  49144.52  49894.42  49835.30
  49716.15  50514.71  51874.71  53188.25  54060.81  54514.62  54824.48  55114.46  55640.89  57115.65  58144.12  58104.47  56876.62
  54826.58  53267.89  52692.02  51716.51  50222.68  49558.80  47922.90  47045.59  47437.27  47411.36  47053.57  46498.96  44973.88
  42277.71  38889.86  34937.58  30619.28  26544.92  22739.32  20920.10  21032.95  21153.58  19654.79  15417.50   8907.21     30.77
    -46.18   6058.61  12910.69  18371.89  24102.90  30249.57  36348.69  42005.21  46549.18  49540.92  50985.40  51108.94  49883.48
  49062.25  49577.90  50861.97  52458.00  54099.12  55653.90  56913.34  57410.75  58038.69  61346.31  63329.15  64121.64  61472.29
  55954.10  53882.36  55220.57  54005.99  50991.26  50287.82  48213.07  48030.92  49766.89  51426.00  52121.01  52212.44  50987.64
  48965.72  45967.02  42596.42  38846.59  35398.10  32457.96  30631.89  29622.81  28256.44  25068.93  19018.20  10571.99     23.79
    -33.20   5555.14  12145.86  17737.32  23741.49  29848.67  35526.46  41234.85  46505.77  50202.14  51442.74  50366.70  48093.14
  46730.41  47110.35  49065.45  52296.11  55881.71  58969.55  60169.66  58753.91  59282.20  66367.38  69355.09  74118.41  69366.51
  55290.47  51853.83  56415.97  56419.13  48781.11  48111.05  46552.65  47994.56  52683.71  57027.30  58475.46  58789.77  57167.35
  56004.05  54471.84  51958.51  48751.64  45560.03  42654.40  40477.71  38538.70  35205.21  29459.46  21565.33  11612.77     15.62
    -24.13   5072.21  11039.04  16476.71  22757.58  28368.56  33510.12  38496.33  44180.26  49224.01  50630.68  48002.93  44174.19
  42018.53  42565.21  46182.67  53198.50  59401.71  63779.93  62425.82  57222.46  58715.64  71142.73  72788.79  82459.84  78722.48
  55733.59  47342.45  52438.71  55070.56  43961.82  42255.51  42700.69  47633.41  58090.16  65030.72  63998.32  61876.03  61541.46
  62433.98  62436.11  60867.29  57815.86  54478.64  51265.89  48567.31  46401.66  41030.49  31392.95  21300.61  10873.16      5.19
    -13.62   4430.34   9466.46  14318.26  20294.20  25543.80  29816.94  33311.14  37994.95  44015.69  47589.84  43875.61  37464.35
  33931.46  34695.85  40334.76  52486.13  60079.41  61298.95  55337.14  49789.80  54762.45  74019.94  72071.73  82994.03  86691.45
  56725.04  40883.32  43592.00  44685.33  34581.46  32796.05  36751.20  46664.80  65539.14  71362.14  62877.39  59809.18  60822.01
  62952.98  65591.60  64856.67  62220.31  59628.40  55470.09  51445.46  49276.31  41757.66  28714.77  17744.79   8142.97      0.34
    -12.73   3207.79   6426.85  10006.81  14794.36  19064.80  22023.60  23682.84  25394.04  30072.93  35781.55  34435.72  25501.72
  20814.80  20804.24  25302.19  36284.03  45805.71  40382.71  35992.89  33364.35  40342.56  58819.27  59738.26  70509.06  73980.62
  46815.28  29307.50  27955.63  27593.72  19602.50  19400.28  27013.33  38585.20  65722.03  63766.84  46004.61  44737.86  46765.46
  47783.70  51985.42  55250.94  53986.48  51838.44  46864.45  41014.93  38381.52  29550.19  18465.18  10083.16   3360.19      3.49
    -11.58     -9.28     -7.32     -3.70     -2.09     -1.15      2.13      1.49      3.15      5.11      4.85      4.60     12.68
     20.81      0.34    -20.73    -32.69    -28.90    -20.39    -18.85    -12.00    -11.11     -5.79     -6.17     -6.81     -5.36
     -6.00     -1.23     -3.66      6.64     13.96     16.77     18.39     14.77      8.09      5.49      4.43      2.21      0.89
      0.64      2.30      2.30      5.70      5.32      5.19      4.98      5.58      5.58      3.53      1.87      3.19      9.36
