   10.5000000      -169.500000       85.5000000      -42.0000000       2.50000000       2.50000000       52.0000000       31.0000000    
    255.28    255.28    255.28    255.28    255.28    255.28    255.33    255.33    255.28    255.28    255.28    255.23    255.18
    255.13    255.08    255.03    255.08    255.13    255.18    255.28    255.23    255.23    255.23    255.18    255.18    255.23
    255.23    255.33    255.33    255.43    255.43    255.43    255.48    255.48    255.48    255.43    255.38    255.33    255.33
    255.28    255.28    255.28    255.23    255.23    255.28    255.28    255.33    255.38    255.54    255.69    255.79    255.89
    255.89    255.89    255.89    255.89    255.94    255.94    255.94    255.84    255.84    255.79    255.74    255.74    255.79
    255.84    255.84    255.79    255.74    255.74    255.68    255.58    255.33    255.13    254.93    254.88    254.83    254.72
    254.67    254.57    254.42    254.27    254.17    254.07    253.97    253.97    254.37    255.33    257.54    258.00    258.30
    258.60    257.90    257.19    255.98    254.17    253.77    254.02    253.42    253.62    254.27    255.28    257.09    256.89
    256.44    256.44    256.34    256.29    256.19    256.04    255.99    255.99    255.99    255.89    255.84    255.74    255.74
    255.74    255.69    255.59    255.54    255.43    255.43    255.23    255.13    254.93    254.73    254.47    254.27    254.12
    253.97    253.97    253.87    253.67    254.32    255.78    255.83    255.03    256.39    258.05    257.80    257.85    259.51
    259.66    258.65    256.64    256.59    258.20    260.87    261.32    261.02    261.22    261.38    262.33    263.14    263.55
    257.15    257.05    256.80    256.60    256.50    256.34    256.24    256.14    256.09    255.89    255.69    255.49    255.39
    255.49    255.64    255.69    255.74    255.69    255.48    255.23    254.88    254.58    254.22    253.62    253.42    253.42
    253.37    253.32    253.06    252.91    253.01    253.52    253.72    252.96    254.67    257.80    262.08    259.92    259.46
    261.79    263.70    264.61    264.86    264.86    264.76    264.36    264.15    264.10    263.95    264.00    264.30    264.00
    258.17    257.91    257.66    257.41    257.21    257.00    256.70    256.40    256.19    255.89    255.64    255.54    255.49
    255.49    255.49    255.54    255.43    255.28    255.18    254.73    254.22    253.72    253.87    253.32    253.11    253.26
    253.21    253.06    252.76    252.91    253.26    253.31    254.73    256.94    259.21    260.77    258.51    258.00    258.36
    258.86    259.37    260.43    261.04    261.14    261.69    264.77    265.87    265.87    265.57    265.47    265.87    265.97
    259.43    259.18    258.92    258.57    258.37    258.01    257.66    257.31    256.90    256.45    256.14    255.79    255.59
    255.54    255.44    255.34    255.34    255.29    254.73    253.72    253.52    254.02    254.02    253.97    253.92    253.16
    253.42    253.21    252.46    252.61    253.57    254.07    253.67    254.52    254.52    256.49    258.10    258.10    256.54
    255.84    256.44    256.75    257.10    257.81    259.33    261.55    266.99    268.00    268.00    267.69    267.49    267.49
    260.70    260.80    260.54    259.88    258.62    258.02    257.71    257.56    257.36    257.21    257.10    257.05    256.80
    256.55    256.55    256.55    256.55    256.20    255.69    255.59    255.44    255.08    254.28    252.86    253.32    252.76
    252.81    253.77    253.67    253.31    256.14    254.12    253.36    252.66    253.51    253.11    252.41    256.84    258.40
    258.55    257.60    255.79    255.94    257.31    259.38    263.16    267.04    268.46    269.87    269.01    268.80    268.70
    262.92    262.97    262.92    263.42    262.31    262.96    263.97    262.76    263.36    264.06    263.51    260.99    258.42
    259.37    256.05    255.75    256.10    256.25    255.49    257.41    257.40    256.50    255.79    254.83    254.48    253.87
    253.42    253.77    253.62    252.71    252.61    253.31    253.16    252.15    254.47    253.87    253.51    253.26    253.72
    254.37    256.79    259.01    258.15    257.05    259.48    262.96    266.95    268.16    270.73    270.12    269.31    269.71
    264.63    264.94    264.28    263.43    263.53    262.37    261.41    262.87    260.60    261.66    261.76    263.47    264.92
    262.40    261.14    261.50    259.63    260.08    257.01    257.01    257.01    256.40    256.70    256.65    257.05    255.79
    254.98    253.77    253.17    252.51    253.22    252.66    253.26    253.21    253.77    254.32    254.22    254.73    253.87
    253.82    254.48    256.34    259.82    260.48    261.14    265.63    269.72    271.23    271.99    271.18    270.32    271.33
    267.16    267.06    266.30    267.06    263.98    265.35    263.28    273.92    272.55    271.69    271.39    264.02    265.33
    266.49    265.99    267.44    269.06    271.03    264.17    259.69    258.17    257.47    257.26    258.67    257.26    257.66
    256.70    255.64    255.74    253.83    253.47    253.57    254.58    254.88    254.88    254.58    255.63    256.49    257.04
    257.19    258.76    259.72    260.33    261.39    265.73    269.31    271.59    273.05    273.96    272.55    271.94    274.32
    269.73    268.78    268.02    267.62    269.03    267.12    273.27    273.97    275.74    277.91    277.10    278.21    275.89
    272.14    270.98    270.88    268.96    268.66    267.45    263.32    262.72    261.86    261.20    260.19    260.54    259.73
    258.67    257.91    257.15    256.25    255.69    256.80    256.70    256.55    256.55    256.70    256.69    256.49    256.69
    256.85    258.16    260.27    261.08    264.21    267.90    271.23    273.30    274.42    274.92    275.18    274.72    276.29
    274.22    273.26    272.71    272.71    272.36    272.31    275.34    277.91    278.97    279.47    279.78    280.13    280.49
    279.12    277.01    273.77    273.66    273.86    274.57    268.78    268.32    266.66    265.85    264.74    264.23    262.91
    261.50    260.28    259.22    258.21    257.51    257.71    257.86    257.91    258.01    258.06    258.26    257.71    257.20
    256.85    257.45    258.61    259.62    263.51    267.59    271.48    273.55    274.92    275.88    276.59    277.04    277.60
    277.05    277.10    277.20    276.44    277.86    278.16    278.67    279.32    279.68    280.18    280.59    281.04    281.45
    281.80    281.65    279.58    276.75    275.64    274.42    273.56    273.57    272.91    272.16    270.19    268.72    266.15
    264.38    263.11    262.10    261.40    260.39    259.37    258.52    258.01    258.21    258.87    259.37    258.72    258.21
    258.01    258.46    259.62    261.09    262.76    265.73    269.62    272.45    274.52    275.93    276.79    277.40    278.11
    278.56    278.67    279.07    279.22    279.58    279.83    280.18    280.59    280.89    281.20    281.65    282.10    282.61
    282.86    283.07    282.86    281.40    279.02    278.57    278.52    279.17    279.73    276.70    273.93    271.50    269.68
    268.22    267.41    265.69    264.83    264.43    263.62    262.45    261.24    260.69    260.69    260.94    260.13    260.13
    260.33    260.78    261.49    262.90    264.42    265.74    267.66    271.09    273.56    275.53    277.10    278.36    279.37
    279.68    279.83    280.18    280.28    280.69    281.15    281.35    281.80    282.05    282.26    282.81    283.27    283.62
    283.97    284.13    284.33    284.28    283.42    282.61    281.20    279.98    280.43    280.44    278.32    276.30    274.03
    272.16    270.09    269.23    267.81    267.51    266.70    265.99    264.93    264.12    263.82    263.51    262.86    262.65
    262.45    263.01    264.67    267.10    268.16    269.93    271.54    272.96    274.57    275.73    277.40    278.92    280.64
    280.89    281.04    281.19    281.45    281.60    282.21    282.56    282.86    283.32    283.62    284.08    284.53    284.84
    284.99    285.19    285.44    285.65    285.50    284.74    284.69    281.55    282.21    282.71    283.62    282.51    278.93
    276.45    274.23    271.86    270.60    270.59    270.08    270.23    270.89    268.97    267.81    267.15    266.14    265.89
    266.14    267.35    267.96    270.68    272.55    273.76    273.52    274.22    276.09    277.10    278.06    279.43    281.60
    282.41    282.61    282.81    282.91    283.17    283.52    283.92    284.08    284.58    285.04    285.49    285.85    286.30
    286.61    286.66    286.86    287.07    286.91    286.46    285.09    285.24    283.88    285.64    284.73    286.50    284.84
    282.26    278.98    275.85    273.63    272.62    272.56    272.71    273.72    273.01    272.86    271.24    270.39    270.18
    270.23    270.84    271.80    272.76    274.33    276.24    277.81    278.67    279.38    279.94    281.35    283.37    285.04
    284.38    284.58    284.78    284.73    284.78    285.09    285.44    285.70    286.05    286.56    287.06    287.62    288.02
    288.23    288.33    288.48    288.43    288.08    287.87    288.48    287.56    286.66    286.65    284.38    287.11    286.25
    286.25    284.18    280.50    277.12    275.15    274.34    274.53    276.30    275.34    275.59    275.38    275.69    274.58
    274.73    276.80    277.91    278.62    279.94    281.05    282.21    283.22    283.63    283.73    285.65    287.72    288.53
    286.81    287.11    287.16    286.91    286.81    286.96    287.26    287.57    287.97    288.38    288.68    289.13    289.49
    289.69    289.84    289.80    289.49    288.99    288.74    290.70    289.44    288.73    287.67    287.56    286.05    287.72
    290.35    287.11    283.22    280.40    278.53    277.52    277.16    277.01    277.21    277.81    278.37    278.02    278.47
    280.54    281.30    282.57    284.48    286.15    287.46    288.73    289.33    289.59    289.74    290.15    291.05    291.51
    289.28    289.18    288.98    288.88    288.68    288.78    289.19    289.59    289.89    289.99    290.25    290.55    290.80
    290.96    290.96    290.76    290.35    289.90    289.65    290.76    292.98    291.66    291.15    290.24    289.38    292.17
    292.72    289.39    285.80    283.28    281.81    281.26    280.25    280.04    281.00    281.70    281.60    281.76    283.17
    285.44    287.41    288.68    289.79    290.75    291.66    292.31    292.77    292.92    293.18    293.28    293.28    293.33
    291.15    291.05    290.95    290.80    290.55    290.80    291.01    291.21    291.41    291.71    291.81    291.86    292.02
    292.07    291.92    291.82    291.42    290.96    290.71    291.67    293.79    294.09    294.09    293.38    292.77    292.47
    293.53    291.46    287.97    285.91    284.49    283.63    283.23    283.73    284.69    285.40    285.25    285.60    288.33
    290.09    291.41    292.16    292.82    293.38    293.68    294.09    294.49    294.64    294.54    294.44    294.39    294.34
    293.13    292.88    292.83    292.68    292.62    292.73    292.88    292.78    293.08    293.18    293.28    293.33    293.38
    293.13    292.98    292.93    292.53    292.08    291.88    291.78    292.43    294.65    296.11    296.31    295.76    295.20
    294.29    292.67    290.35    288.28    287.12    286.67    286.52    287.07    287.98    288.58    288.99    291.36    292.52
    293.18    293.78    294.24    294.69    294.90    295.20    295.40    295.50    295.50    295.35    295.40    295.20    295.15
    295.00    294.80    294.75    294.70    294.65    294.59    294.59    294.54    294.49    294.59    294.64    294.65    294.55
    294.35    294.10    293.79    293.44    293.09    292.84    292.79    292.94    293.34    295.71    297.73    299.60    298.03
    295.86    293.58    291.81    290.56    289.75    289.40    289.90    290.86    290.91    291.87    293.58    294.49    294.90
    295.35    295.76    296.06    296.46    296.67    296.77    296.77    296.67    296.51    296.36    296.31    296.11    295.86
    296.82    296.77    296.57    296.26    296.21    296.11    296.01    295.86    295.81    295.81    295.86    295.66    295.66
    295.36    295.16    294.86    294.55    294.20    294.00    293.85    293.90    294.15    296.12    297.08    300.96    301.77
    300.36    296.41    294.09    292.63    293.14    293.39    294.04    294.55    294.25    294.55    296.31    296.67    296.97
    297.27    297.53    297.83    298.03    298.08    298.03    297.93    297.83    297.63    297.48    297.22    297.02    296.67
    298.39    298.13    297.78    297.63    297.48    297.27    297.12    297.02    297.07    296.97    296.92    296.67    296.37
    296.27    296.07    295.72    295.52    295.32    295.01    294.86    294.91    295.11    295.77    296.98    297.19    302.79
    304.50    301.27    297.17    295.11    296.42    296.77    297.07    297.43    297.07    296.87    298.33    298.59    298.74
    298.99    299.19    299.24    299.35    299.25    299.19    299.14    298.84    298.64    298.33    298.08    297.83    297.63
    299.45    299.35    299.09    298.89    298.74    298.49    298.28    298.13    297.88    297.78    297.68    297.53    297.43
    297.18    297.03    296.78    296.47    296.32    296.12    296.07    296.03    296.23    296.93    298.04    298.75    300.37
    304.30    306.78    300.00    297.13    298.34    298.49    298.89    299.45    299.40    299.50    299.60    299.85    300.31
    300.51    300.51    300.46    300.31    300.31    300.11    299.85    299.65    299.45    299.09    298.84    298.59    298.43
    300.36    300.26    300.16    299.90    299.85    299.55    299.30    299.04    298.79    298.64    298.59    298.44    298.29
    298.09    297.94    297.74    297.69    297.64    297.49    297.39    297.44    297.74    298.30    299.16    299.96    300.98
    304.91    307.89    302.59    298.85    299.40    300.01    301.37    300.71    301.07    301.22    301.57    301.57    301.77
    301.52    301.32    301.32    301.12    300.96    300.76    300.61    300.26    300.05    299.80    299.60    299.45    299.19
    301.27    301.17    301.02    300.87    300.71    300.56    300.26    300.01    299.90    299.65    299.55    299.50    299.35
    299.20    299.05    298.95    299.05    298.95    299.10    299.05    299.31    299.71    300.06    300.67    301.28    301.93
    303.10    304.36    310.42    303.49    300.36    301.97    302.53    301.72    302.03    302.23    302.53    302.33    302.63
    302.79    302.23    301.92    301.77    301.62    301.37    301.17    300.86    300.66    300.56    300.31    300.10    299.90
    301.88    301.77    301.67    301.42    301.32    301.17    301.12    300.82    300.71    300.51    300.56    300.41    300.41
    300.36    300.36    300.41    300.41    300.52    300.72    300.82    301.02    301.27    301.43    301.88    302.34    302.84
    303.40    304.00    304.25    304.46    302.94    303.44    302.38    303.39    302.13    302.63    302.94    302.99    302.99
    302.84    302.68    302.53    302.33    302.08    301.82    301.67    301.42    301.22    301.07    300.91    300.81    300.56
    302.48    302.33    302.28    302.28    302.13    302.03    301.98    301.83    301.68    301.52    301.37    301.37    301.32
    301.37    301.48    301.37    301.47    301.68    301.88    302.08    302.23    302.43    302.64    302.89    303.14    303.29
    303.54    303.80    303.75    303.14    303.04    304.41    305.11    306.12    302.38    302.84    303.39    303.55    303.45
    303.45    303.04    302.84    302.63    302.58    302.33    302.28    302.18    302.08    301.87    301.62    301.47    301.42
    303.09    303.14    302.99    302.84    302.74    302.69    302.64    302.38    302.28    302.18    302.13    302.18    302.18
    302.13    301.98    302.13    302.13    302.23    302.38    302.64    302.74    303.04    303.14    303.24    303.29    303.39
    303.49    303.59    303.24    303.09    303.70    303.90    303.80    304.46    302.53    302.74    303.70    304.10    304.76
    304.25    303.75    302.69    302.74    302.23    302.68    302.68    302.73    302.58    302.53    302.28    302.23    302.08
    499.67    499.82    499.90    500.06    500.14    500.29    500.37    500.52    500.60    500.75    500.75    500.90    500.98
    500.98    501.05    501.05    501.05    501.05    501.05    501.13    501.13    501.13    501.13    501.13    501.05    500.89
    500.81    500.66    500.58    500.43    500.27    500.12    499.97    499.89    499.74    499.59    499.43    499.35    499.12
    499.04    498.81    498.73    498.65    498.57    498.42    498.34    498.26    498.18    498.11    498.03    497.87    497.80
    500.45    500.61    500.84    500.99    501.30    501.45    501.69    501.91    502.15    502.30    502.38    502.53    502.76
    502.91    502.91    503.07    503.06    503.14    503.14    503.14    503.06    503.06    502.90    502.90    502.90    502.82
    502.66    502.51    502.27    502.04    501.81    501.51    501.28    501.05    500.74    500.51    500.28    500.12    499.89
    499.73    499.65    499.57    499.42    499.26    499.11    498.96    498.80    498.72    498.57    498.49    498.41    498.25
    501.16    501.54    501.84    502.38    502.69    503.07    503.45    503.84    504.23    504.53    504.84    505.07    505.22
    505.37    505.37    505.53    505.45    505.45    505.37    505.22    505.06    504.98    504.82    504.75    504.52    504.28
    503.90    503.52    503.21    502.83    502.44    502.06    501.68    501.44    501.29    501.06    500.89    500.73    500.58
    500.34    500.19    499.87    499.65    499.34    498.96    498.72    498.49    498.34    498.11    497.96    497.96    497.96
    501.85    502.39    502.93    503.54    504.16    504.77    505.30    505.76    506.07    506.53    506.91    507.22    507.53
    507.68    507.83    507.91    507.91    507.76    507.60    507.29    507.06    506.83    506.44    506.14    505.67    505.21
    504.67    504.28    503.82    503.44    503.13    502.75    502.22    501.90    501.90    501.82    501.52    501.35    501.04
    500.81    500.27    499.65    499.20    498.58    498.27    498.05    497.74    497.35    497.19    497.04    497.05    497.13
    502.92    503.92    504.61    505.37    506.22    506.83    507.44    507.90    508.29    508.59    508.82    509.06    509.29
    509.37    509.37    509.30    509.23    509.07    508.92    508.53    508.23    507.84    507.45    507.07    506.60    506.06
    505.60    505.07    504.61    504.30    503.92    503.53    503.30    502.84    502.61    502.52    502.28    501.97    501.59
    501.20    500.74    500.20    499.58    499.04    498.42    497.89    497.27    496.81    496.28    496.13    496.05    495.66
    504.99    506.07    506.91    507.68    508.44    509.05    509.59    509.89    510.35    510.66    510.96    511.04    511.05
    510.97    510.90    510.91    510.76    510.61    510.24    509.78    509.24    508.78    508.32    507.86    507.47    507.01
    506.62    506.24    505.92    505.69    505.38    505.14    504.91    504.60    504.36    504.13    503.66    503.27    502.88
    502.50    501.88    501.26    500.64    499.79    499.03    498.19    497.43    496.74    495.82    495.21    494.90    494.52
    507.45    508.37    509.07    509.61    510.22    510.98    511.59    511.89    512.04    512.12    512.12    512.12    512.05
    512.06    511.75    511.76    511.69    511.54    511.39    510.93    510.32    509.79    509.18    508.79    508.41    508.02
    507.63    507.32    507.16    506.92    506.77    506.53    506.29    506.05    505.82    505.51    505.20    504.74    504.27
    503.87    503.26    502.64    502.18    501.42    500.42    499.35    498.28    497.21    496.28    495.59    495.28    494.88
    510.09    510.86    511.32    511.78    512.24    512.85    513.23    513.38    513.46    513.54    513.45    513.37    513.21
    513.05    512.97    512.90    512.84    512.76    512.38    512.01    511.55    511.25    510.79    510.55    510.17    509.71
    509.18    508.86    508.46    508.07    507.69    507.38    507.14    507.14    506.98    506.75    506.35    506.11    505.72
    505.41    504.80    504.26    503.49    502.79    501.95    501.03    500.03    499.20    498.44    497.80    497.41    497.19
    513.16    513.78    514.08    514.31    514.70    515.24    515.62    515.85    515.85    515.77    515.68    515.44    515.29
    514.97    514.66    514.43    514.22    514.00    513.62    513.31    513.00    512.62    512.46    512.31    512.15    511.62
    511.24    510.70    510.16    509.54    509.16    508.77    508.45    508.15    507.77    507.53    507.53    507.35    507.12
    506.96    506.27    505.73    505.19    504.42    503.80    503.34    502.96    502.65    501.94    501.32    500.85    501.01
    515.93    516.54    516.93    517.01    517.33    517.87    518.47    518.62    518.70    518.62    518.16    517.76    517.22
    516.68    515.91    515.62    515.30    514.85    514.55    513.86    513.48    513.63    513.93    513.92    513.92    513.45
    512.92    512.25    511.87    511.48    511.02    510.32    509.71    508.94    508.48    508.24    508.39    508.53    508.60
    508.44    508.36    508.13    507.82    507.36    507.13    506.36    505.96    505.95    505.88    504.78    504.39    504.57
    517.33    518.02    518.49    519.02    519.33    519.64    520.01    520.17    520.17    519.78    519.40    518.70    517.85
    517.31    516.78    516.32    516.08    515.54    515.00    514.47    514.17    514.02    514.25    514.47    514.78    514.85
    514.54    514.17    513.86    513.64    513.10    512.48    511.86    511.02    510.33    509.94    509.78    509.85    509.92
    509.77    509.99    510.15    510.52    510.60    510.29    510.06    509.89    509.57    509.33    509.02    508.64    508.10
    518.49    519.34    519.95    520.56    521.02    521.41    521.56    521.55    521.39    520.76    519.68    518.84    518.30
    517.77    517.47    517.33    517.32    516.77    516.07    515.14    514.53    514.38    514.32    514.39    514.77    515.31
    515.61    515.68    515.62    515.47    514.94    514.18    513.65    512.87    512.42    512.11    511.79    511.63    511.55
    511.40    511.71    512.31    513.14    513.59    513.75    513.75    513.59    513.42    512.95    512.64    511.88    511.34
    518.95    520.34    521.17    521.78    522.86    523.55    523.62    522.99    522.46    521.69    520.60    519.91    519.59
    519.12    518.52    518.15    518.06    517.67    516.51    515.37    514.67    514.06    513.29    513.30    514.16    514.86
    515.38    516.30    516.83    517.22    516.70    515.94    515.57    515.03    514.57    514.26    514.16    514.00    513.78
    513.85    514.39    515.00    515.67    516.42    516.95    517.33    517.02    516.49    515.57    514.63    514.24    513.85
    519.04    520.34    521.86    523.32    524.23    524.75    524.51    523.98    522.98    522.05    520.98    520.36    519.81
    519.27    518.73    517.87    517.47    517.00    515.17    514.11    513.41    512.58    511.81    511.59    512.06    512.91
    513.99    515.14    516.29    517.06    517.15    517.16    516.93    516.78    516.40    516.09    516.16    516.23    516.39
    516.62    517.23    517.83    518.43    519.03    519.33    519.25    518.85    518.31    517.85    517.07    516.60    515.98
    520.09    521.01    522.31    523.52    524.52    525.14    524.52    523.35    522.51    521.59    520.14    519.04    518.87
    518.71    518.15    517.45    516.43    515.43    513.79    511.90    511.54    511.46    510.61    510.47    510.64    511.49
    512.51    513.37    514.83    515.82    516.83    517.29    517.68    517.62    517.47    517.62    517.92    518.21    518.28
    518.44    518.75    519.05    519.57    520.02    519.86    519.38    519.37    519.29    518.90    518.26    518.03    517.25
    521.46    521.52    522.51    523.44    524.50    524.43    523.74    522.66    521.88    521.20    519.96    518.87    517.84
    517.73    517.63    516.79    515.46    514.45    512.83    511.56    510.10    509.87    510.18    509.26    510.22    510.16
    510.96    512.05    513.36    515.11    516.25    516.81    517.59    517.99    518.45    518.66    519.04    519.64    519.79
    519.70    519.56    519.24    519.39    519.22    519.13    518.97    519.81    519.33    518.22    517.84    516.75    515.45
    522.29    521.51    521.81    522.56    523.25    523.02    522.56    522.03    521.47    521.07    520.53    520.14    519.66
    518.63    517.15    515.52    513.84    512.90    512.18    511.27    510.37    510.15    509.86    509.72    509.49    509.21
    509.30    510.24    512.01    513.79    515.31    516.40    517.02    517.71    518.03    518.72    519.40    519.92    520.90
    520.66    520.35    519.88    518.79    518.16    518.00    517.83    517.59    517.34    516.64    515.55    513.85    512.78
    522.48    521.72    522.01    522.47    521.99    521.51    521.43    520.90    520.57    520.50    520.80    521.01    520.62
    519.39    517.59    515.65    513.73    512.73    512.42    511.78    511.02    510.97    510.77    510.63    510.18    508.97
    508.73    509.64    511.88    513.66    515.36    516.36    516.90    517.52    517.92    518.85    519.29    520.12    520.79
    520.62    520.53    519.74    518.59    517.36    516.80    516.40    515.70    514.99    514.35    513.04    511.42    510.58
    523.51    522.20    522.03    522.12    521.55    521.01    520.70    520.09    519.40    519.33    520.32    520.37    520.06
    518.98    517.18    515.47    514.16    513.17    512.80    512.95    512.31    512.26    512.35    512.45    511.07    510.65
    509.64    510.47    512.63    514.48    515.56    516.72    517.40    517.71    518.03    518.64    519.62    520.07    519.97
    519.49    519.09    518.32    517.71    516.93    516.22    515.51    514.64    513.70    512.84    511.69    510.61    509.60
    523.92    522.68    521.75    520.98    521.14    521.21    520.82    520.14    519.19    519.12    519.52    519.98    519.98
    518.82    517.65    515.70    514.38    513.75    513.38    513.77    514.07    513.77    513.47    513.47    513.27    512.76
    511.53    512.23    513.40    515.08    516.69    517.30    517.83    518.53    519.13    519.89    520.26    520.10    519.39
    518.91    518.50    518.11    518.10    517.16    515.84    515.43    514.66    513.96    512.96    511.65    510.49    510.02
    524.47    523.31    522.25    522.18    521.77    521.78    521.78    520.93    519.86    519.39    519.57    520.12    520.18
    519.03    517.72    516.08    515.13    514.64    514.35    515.35    515.58    515.30    514.84    514.38    514.48    514.57
    513.64    514.20    515.21    516.60    518.05    518.51    518.73    519.24    520.30    520.98    521.14    520.21    519.50
    519.33    519.32    518.99    518.36    517.27    516.11    515.56    515.56    514.86    513.86    512.55    511.85    510.84
    525.27    524.95    524.36    523.91    523.66    522.96    522.67    522.05    521.20    520.67    520.76    520.76    520.37
    519.46    518.39    517.14    516.33    516.09    516.35    517.57    517.87    517.66    516.67    516.29    515.92    516.31
    516.23    516.53    517.54    518.62    519.77    520.29    520.43    521.11    521.49    521.57    521.24    520.78    520.69
    520.60    520.27    519.57    518.94    518.33    517.39    516.60    516.30    515.61    514.29    513.69    512.83    511.77
    526.88    526.58    525.91    525.68    525.61    524.99    524.23    523.62    523.32    522.87    522.33    521.48    521.11
    520.65    519.87    519.17    518.54    518.63    519.04    519.66    519.56    519.02    518.87    518.49    518.27    518.50
    518.50    518.97    519.75    520.59    521.20    521.87    522.55    522.84    522.60    522.52    522.59    522.43    522.35
    522.25    521.70    521.15    520.84    520.06    519.21    518.52    517.91    516.83    516.30    515.30    514.61    513.46
    528.53    528.31    527.63    526.94    526.73    526.58    526.13    525.74    525.52    524.91    523.60    522.67    521.99
    522.00    521.52    521.21    521.13    521.29    521.53    521.70    521.17    520.38    520.46    520.24    520.16    520.85
    521.32    521.62    521.85    522.45    523.06    523.59    523.73    523.48    523.63    523.62    523.69    523.85    524.00
    523.68    523.37    522.83    522.28    521.82    521.05    520.44    519.67    518.83    518.30    517.61    516.84    515.85
    530.11    529.80    529.12    528.59    528.38    528.10    527.89    527.72    527.19    526.04    524.81    523.96    523.51
    523.51    523.50    524.04    523.88    523.80    523.80    523.81    523.36    523.04    522.65    522.49    522.33    523.03
    523.56    523.78    524.09    524.54    524.76    524.84    524.60    524.37    524.28    524.51    524.90    525.13    525.35
    525.58    525.13    524.59    524.21    523.28    522.66    522.20    521.59    520.90    520.74    520.29    519.61    519.02
    531.39    530.93    530.47    530.24    529.96    529.83    529.69    529.08    528.40    527.10    526.26    525.86    525.70
    525.63    525.78    526.08    525.84    525.45    525.44    525.44    525.06    524.68    524.15    524.14    524.22    524.21
    524.67    524.98    525.28    525.66    525.89    525.81    525.65    525.56    525.64    525.87    526.25    526.63    526.94
    527.02    526.94    526.57    525.96    525.35    524.89    524.19    523.50    523.12    522.73    522.50    522.22    521.62
    532.28    531.90    531.75    531.60    531.55    531.57    531.12    530.58    529.81    528.74    528.21    527.83    527.59
    527.36    527.27    527.11    527.04    526.80    526.79    526.86    526.71    526.18    525.80    525.48    525.09    524.94
    525.17    525.56    525.95    526.32    526.55    526.54    526.54    526.77    526.93    527.32    527.70    528.00    528.23
    528.54    528.46    528.15    527.93    527.40    526.95    526.25    525.64    525.34    524.80    524.65    524.35    523.82
    533.03    532.88    532.73    532.59    532.37    532.31    532.24    531.48    530.86    530.09    529.56    529.17    528.63
    528.40    527.85    527.94    528.01    527.76    527.76    527.84    527.62    527.31    526.54    526.21    525.99    525.91
    526.08    526.31    526.61    526.84    526.68    526.99    527.30    527.68    527.99    528.37    528.76    529.22    529.37
    529.52    529.75    529.67    529.29    528.75    528.45    528.22    528.00    527.85    527.40    526.71    526.32    526.01
    533.87    533.64    533.42    533.27    533.12    533.05    532.75    532.30    531.61    531.06    530.53    530.07    529.69
    529.08    528.91    528.92    528.68    528.37    528.29    528.21    527.98    527.75    526.90    526.82    526.82    526.90
    527.06    527.22    527.07    527.07    527.29    527.68    527.91    528.28    528.67    529.20    529.67    529.89    530.04
    530.42    530.73    530.66    530.27    529.97    529.74    529.51    529.28    528.97    528.67    528.06    527.67    527.29
    534.32    534.17    534.02    533.86    533.64    533.49    533.35    533.05    532.43    531.89    531.20    530.66    530.59
    530.21    530.13    529.82    529.36    528.90    528.59    528.74    528.43    528.19    527.73    527.58    527.42    527.58
    527.74    527.67    527.61    527.68    527.91    528.14    528.21    528.74    529.20    529.81    530.43    530.73    530.95
    531.10    531.25    531.25    531.03    530.79    530.64    530.56    530.18    530.03    529.87    529.26    528.65    528.26
    534.70    534.54    534.39    534.39    534.08    533.70    533.47    533.01    532.78    532.48    532.02    531.71    531.48
    530.94    530.87    530.41    530.26    529.80    529.49    529.26    529.03    528.73    528.49    528.34    528.34    528.35
    528.51    528.44    528.61    528.52    528.44    528.60    528.90    529.36    529.89    530.51    530.96    531.41    531.71
    531.78    531.78    531.63    531.55    531.39    531.32    531.09    530.94    530.63    530.32    530.01    529.71    529.39
   9999.90   9999.90   9999.90   9999.90   9999.90   9999.90   9999.90   9999.90   9999.90   9999.90   9999.90   9999.90   9999.90
   9999.90   9999.90   9999.90   9999.90   9999.90   9999.90   9999.90   9999.90   9999.90   9999.90   9999.90   9999.90   9999.90
   9999.90   9999.90   9999.90   9999.90   9999.90   9999.90   9999.90   9999.90   9999.90   9999.90   9999.90   9999.90   9999.90
   9999.90   9999.90   9999.90   9999.90   9999.90   9999.90   9999.90   9999.90   9999.90   9999.90   9999.90   9999.90   9999.90
   9999.90    236.82    242.90    248.43    249.29    247.02    250.47    253.46    254.20    252.35    251.99    257.38    261.25
    263.05    262.20    263.20    262.34    264.05    267.51    272.38    278.02    281.61    281.43    281.10    277.13    278.24
    278.86    278.80    275.64    268.90    273.11    277.05    274.17    281.23    267.77    252.68    221.16    204.05    206.79
    195.29    199.43    214.32    228.94    267.75    285.96    298.69    310.98    298.15    280.22    265.29    237.97   9999.90
   9999.90    236.27    238.52    241.18    243.55    247.67    250.89    251.14    250.29    249.74    249.05    253.73    256.21
    254.79    254.09    257.03    260.24    265.05    271.51    274.55    273.69    274.33    273.41    273.86    274.01    271.97
    277.10    288.97    301.58    305.95    272.74    236.27    240.80    258.10    226.51    195.78    205.16    214.56    186.45
    152.32    159.84    243.14    273.85    235.74    193.35    179.16    172.08    165.58    181.52    162.09    137.91   9999.90
   9999.90    240.70    241.79    244.54    242.58    240.85    241.39    242.75    242.77    244.56    250.76    254.30    256.41
    256.01    253.47    252.78    253.01    254.11    259.22    261.80    263.50    264.18    266.59    267.82    265.35    266.63
    273.41    279.84    285.70    297.98    296.31    273.86    268.60    268.06    244.62    209.08    155.83    157.09    218.18
    241.38    165.71    181.10    212.22    190.97    164.36    147.73    136.66    133.62    133.25    130.40    123.78   9999.90
   9999.90    237.96    242.25    247.33    250.59    252.94    254.15    252.42    249.20    247.86    250.85    253.51    255.53
    257.12    258.46    258.79    264.78    266.26    260.99    254.79    251.30    262.18    261.64    256.46    260.71    264.98
    275.15    277.53    273.00    276.15    282.96    273.89    259.22    230.78    188.17    180.67    191.86    220.84    257.30
    259.18    248.86    235.96    233.20    241.87    254.52    217.79    178.74    156.18    141.77    137.08    130.86   9999.90
   9999.90    232.03    236.92    242.67    248.81    254.11    258.51    259.22    258.61    259.05    257.87    259.89    264.11
    266.72    268.97    271.37    275.24    278.19    272.57    262.14    257.98    255.87    252.37    244.57    244.36    257.66
    263.70    277.47    286.61    289.38    267.04    260.02    276.74    265.55    264.63    238.86    186.05    169.71    213.06
    237.91    258.48    275.00    270.76    254.49    245.83    266.54    221.66    192.48    162.73    143.25    132.11   9999.90
   9999.90    242.69    245.82    246.91    252.44    258.14    260.57    259.66    265.92    261.38    245.45    236.22    236.85
    245.08    254.19    263.16    268.07    267.80    262.74    249.91    242.41    244.68    250.40    264.38    265.55    273.90
    278.32    277.74    282.71    275.86    228.26    253.05    273.41    273.37    247.66    256.12    280.85    229.68    195.90
    176.83    174.48    210.42    243.63    234.17    238.57    244.40    222.68    216.35    173.98    145.04    140.50   9999.90
   9999.90    253.45    257.98    243.78    246.37    230.60    193.91    209.57    196.19    173.90    190.19    218.31    234.18
    211.31    256.02    267.29    268.56    270.40    274.02    239.02    231.07    238.92    237.81    239.20    249.40    261.72
    273.55    283.01    289.45    298.78    276.01    237.42    236.26    253.53    222.78    237.56    263.25    278.82    264.65
    255.64    222.94    182.27    170.73    207.17    244.07    245.91    226.66    237.45    190.36    140.28    128.91   9999.90
   9999.90    255.95    250.03    260.53    246.39    248.12    264.95    250.48    284.49    271.56    259.22    224.14    176.34
    192.29    208.56    216.42    223.97    222.85    261.70    266.74    262.78    250.75    232.35    224.64    220.74    239.68
    253.17    278.17    290.93    287.97    259.30    249.47    233.30    244.00    240.20    226.72    241.29    251.04    273.95
    275.13    240.07    218.76    185.99    182.61    207.93    204.75    188.81    197.59    176.36    125.76     94.85   9999.90
   9999.90    224.13    236.03    220.60    252.02    252.14    288.05    175.32    162.42    163.21    152.45    220.22    206.97
    191.47    181.54    154.77    140.34    136.89    194.36    248.63    262.22    266.41    261.42    235.73    239.23    233.67
    242.21    255.05    259.76    281.24    270.87    260.36    241.08    229.76    228.09    233.53    229.22    212.95    198.26
    207.59    203.22    194.94    196.87    208.36    182.52    166.03    166.79    174.86    172.20    125.57    117.60   9999.90
   9999.90    206.32    223.48    238.16    217.13    249.04    187.54    177.17    182.96    157.17    156.25    143.98    147.81
    148.16    156.34    153.17    166.35    169.06    171.38    236.17    237.27    235.61    237.53    242.73    228.45    222.85
    223.85    227.90    234.31    249.76    255.55    238.35    235.16    230.39    222.42    218.91    224.72    224.89    215.87
    210.47    216.64    200.11    181.01    158.30    155.36    151.39    162.22    158.32    150.33    147.26    141.88   9999.90
   9999.90    168.69    186.44    195.52    194.64    201.49    175.72    165.23    164.19    154.02    153.17    154.05    143.49
    147.16    162.70    147.69    139.46    137.94    130.60    198.53    206.90    216.37    212.18    210.36    205.01    203.99
    206.10    210.54    215.27    222.16    232.51    227.17    223.42    222.85    216.37    214.85    217.61    225.02    219.61
    212.07    207.30    192.98    176.90    169.96    149.37    139.21    153.68    155.50    150.34    149.67    147.07   9999.90
   9999.90    142.52    152.09    162.18    151.98    154.95    157.91    158.21    155.16    144.02    141.91    146.38    152.55
    153.77    152.17    157.77    155.11    151.07    137.34    146.53    153.23    163.01    164.34    171.49    174.06    186.79
    193.95    198.31    204.19    209.54    209.51    208.61    212.33    211.08    211.90    213.01    210.47    209.32    198.25
    186.02    180.10    175.48    182.58    192.32    174.18    161.51    154.65    146.52    143.84    147.33    146.66   9999.90
   9999.90    132.16    137.89    145.71    151.54    154.92    153.63    148.51    141.50    140.00    139.70    141.78    146.69
    150.69    151.00    156.89    151.87    137.91    142.52    144.19    124.94    132.06    144.76    164.32    173.48    181.07
    179.91    172.84    186.65    194.96    189.25    184.43    185.14    186.72    190.67    199.63    200.05    196.14    182.41
    164.58    158.12    163.04    167.58    176.17    178.60    181.11    168.17    160.75    147.60    141.77    138.55   9999.90
   9999.90    128.00    133.50    140.32    149.07    153.64    153.24    146.13    137.68    133.57    137.17    138.59    142.33
    142.65    143.04    152.32    147.63    136.45    131.79    138.48    134.65    132.47    129.95    148.48    153.28    164.25
    168.81    176.18    177.91    182.52    175.18    170.10    170.51    176.96    175.13    175.09    176.45    177.67    168.00
    159.46    158.51    158.61    164.47    176.48    174.33    149.67    148.14    154.70    152.23    136.32    126.34   9999.90
   9999.90    122.85    125.98    129.60    142.90    144.78    140.37    140.20    134.82    134.54    135.62    139.71    142.67
    140.19    135.80    144.94    151.36    148.36    141.08    135.16    150.42    142.79    116.75    116.71    122.52    143.20
    149.34    156.79    170.49    176.91    162.70    155.14    154.93    149.13    157.06    157.49    159.18    158.69    151.00
    146.19    140.55    150.89    147.74    150.37    148.61    156.26    158.11    152.09    150.25    137.42    132.83   9999.90
   9999.90    122.91    121.35    121.41    127.21    131.38    128.03    132.39    133.47    134.03    136.04    139.53    147.17
    143.24    136.47    145.37    154.44    149.25    128.04    118.84    127.20    120.92    120.88    112.57    114.87    127.18
    125.16    132.81    156.05    169.11    168.33    156.66    150.02    145.66    142.17    140.30    149.88    149.99    143.84
    137.97    141.68    148.24    149.32    148.44    146.70    145.70    143.99    141.26    139.47    137.58    130.78   9999.90
   9999.90    131.90    122.46    117.38    119.93    121.49    125.44    129.21    132.12    132.43    131.73    135.96    134.26
    129.28    131.53    141.49    145.21    144.10    116.52     98.17    112.50    113.53    112.78    115.02    115.78    113.27
    102.72    115.62    128.92    150.29    162.17    160.59    154.98    135.72    137.06    130.34    128.73    120.04    125.24
    132.04    127.04    136.85    144.20    134.73    125.17    126.50    124.48    122.49    126.65    124.78    122.28   9999.90
   9999.90    124.05    116.04    106.97    108.30    111.83    114.20    118.62    120.45    118.40    117.30    124.57    121.07
    115.68    123.25    126.33    128.19    135.40    124.57    106.35    110.02    109.06    110.85    109.91    108.16    108.28
    101.11    108.82    125.33    136.25    142.63    144.87    142.70    135.87    130.74    121.88    107.67    110.78    131.53
    128.42    127.62    129.73    113.29    108.02    108.81    105.33    105.62    103.71    109.22    114.62    115.78   9999.90
   9999.90    110.95    103.79    100.72     99.67    104.60    111.02    110.21    109.16    105.48    107.36    112.63    113.71
    110.85    109.36    113.75    118.04    122.60    141.24    137.90    114.24    106.50    107.83    107.50    109.32    111.35
    113.14    106.95    115.20    126.06    127.42    121.85    123.57    124.77    117.83    104.99    105.96    119.70    119.33
    112.79    111.69    106.78    100.94    102.34    100.91     97.31     97.45    101.04    105.95    105.80    102.31   9999.90
   9999.90    101.68     99.46     95.85     99.70    104.32    105.20    101.89    101.57     98.06     99.03    101.35    105.15
    102.89    100.62    104.45    106.69    111.02    125.15    136.38    126.90    102.26    104.36    103.66    100.05    103.69
    105.49    100.92    105.82    114.73    114.55    117.00    122.88    116.63    108.18    102.54    108.66    116.54    103.92
     99.90     99.13     94.50     92.09     89.66     89.29     90.76     92.15     95.71     90.73     89.08     90.25   9999.90
   9999.90     90.78     87.96     92.02     93.38     92.95     93.76     93.96     93.60     94.34     93.07     93.50     94.94
     95.50     94.67     95.56     99.47    103.00    108.61    125.29    149.93    120.01     98.24    101.56     97.31     93.90
     93.00     85.00     92.98    105.19    110.75    111.65    116.84    114.86    104.88    102.92    100.98     90.03     89.06
     91.39     90.47     85.92     83.51     81.52     81.01     82.58     80.71     82.02     79.50     78.64     82.37   9999.90
   9999.90     80.23     82.50     81.37     79.38     82.81     81.12     81.08     87.13     87.54     83.77     83.88     87.15
     91.87     93.46     93.29     91.74     93.97    101.91    108.75    115.05    124.19    113.50    105.50     90.25     88.23
     85.35     81.03     86.03     97.56    104.01    105.87    107.21    103.68     98.99     91.79     81.90     80.39     80.43
     81.23     81.48     78.34     75.62     76.10     75.46     73.43     72.91     73.07     71.32     71.90     74.40   9999.90
   9999.90     72.93     70.01     68.85     69.24     70.95     71.53     72.48     79.35     78.74     72.03     75.49     80.61
     83.08     84.90     85.99     86.17     90.69     96.89     97.20     96.86    105.80    102.92    109.45     93.13     83.79
     81.07     74.87     80.06     87.94     85.06     89.18     87.39     83.15     84.55     83.16     72.86     70.96     70.92
     70.19     71.64     72.08     71.24     71.11     70.35     68.96     67.34     65.59     65.92     69.87     72.16   9999.90
   9999.90     66.75     61.99     62.10     62.83     61.94     64.96     65.74     66.75     67.32     67.82     70.25     72.20
     74.11     75.80     78.87     84.43     87.23     86.93     86.07     87.78     92.49     98.11     95.89    112.60     89.81
     77.63     79.29     76.85     80.36     69.58     70.65     70.35     68.26     70.66     74.10     65.27     64.52     64.86
     65.07     62.89     64.19     66.15     65.68     64.55     63.78     62.90     62.98     62.74     65.89     68.56   9999.90
   9999.90     58.67     57.98     57.43     60.54     64.83     60.50     57.56     57.82     61.03     64.65     65.22     64.21
     66.79     68.49     72.60     75.52     77.10     76.32     77.41     80.95     82.81     81.10     82.75     84.89     95.43
     85.29     76.42     66.74     73.61     64.75     63.69     65.44     61.30     59.81     60.09     60.43     62.68     63.19
     62.75     60.48     61.56     61.00     57.87     57.91     57.93     57.97     59.40     60.78     62.18     62.75   9999.90
   9999.90     50.70     47.83     47.88     51.33     56.10     54.86     54.12     56.56     56.44     56.88     56.68     57.00
     58.52     60.89     64.20     67.92     68.95     66.88     66.60     68.39     68.05     69.44     67.38     68.06     84.77
     81.59     67.43     66.04     68.09     67.33     66.34     59.38     54.04     52.49     52.40     56.88     62.13     58.34
     68.41     59.88     59.88     55.72     54.41     54.35     52.66     54.35     55.18     55.78     57.08     56.99   9999.90
   9999.90     45.48     44.54     44.40     45.40     42.22     47.39     50.89     51.23     51.01     49.40     49.79     50.53
     50.53     51.90     55.56     58.70     58.52     58.09     57.44     57.48     56.04     57.85     55.06     56.39     65.44
     74.86     66.53     49.86     47.40     65.37     67.37     54.04     54.96     53.95     49.08     49.77     46.42     45.28
     43.24     46.00     49.13     48.72     50.00     50.22     50.09     51.65     52.69     51.63     52.43     52.42   9999.90
   9999.90     41.29     42.68     42.67     41.73     43.00     44.41     45.38     45.03     46.08     45.91     45.31     46.57
     46.18     47.65     47.59     48.49     49.94     47.37     46.63     46.06     44.43     44.86     44.98     44.42     43.33
     42.89     41.88     36.82     27.62     53.77     59.86     45.57     45.24     45.36     45.67     44.14     38.16     38.91
     36.79     40.55     38.67     44.35     46.74     46.13     44.93     45.82     46.62     46.63     45.64     45.76   9999.90
   9999.90     38.16     38.99     39.04     38.70     38.33     37.56     39.43     40.22     40.86     42.02     40.75     40.06
     41.12     40.15     37.95     38.42     39.54     38.30     37.71     37.22     37.04     36.16     35.89     35.14     32.31
     28.30     23.51     19.10     24.34     32.72     29.50     23.71     16.21     33.07     46.18     47.96     58.47     72.81
     70.55     56.53     50.33     41.03     44.57     39.97     38.78     39.42     38.74     37.53     38.45     39.91   9999.90
   9999.90   9999.90   9999.90   9999.90   9999.90   9999.90   9999.90   9999.90   9999.90   9999.90   9999.90   9999.90   9999.90
   9999.90   9999.90   9999.90   9999.90   9999.90   9999.90   9999.90   9999.90   9999.90   9999.90   9999.90   9999.90   9999.90
   9999.90   9999.90   9999.90   9999.90   9999.90   9999.90   9999.90   9999.90   9999.90   9999.90   9999.90   9999.90   9999.90
   9999.90   9999.90   9999.90   9999.90   9999.90   9999.90   9999.90   9999.90   9999.90   9999.90   9999.90   9999.90   9999.90
   9999.90   9999.90   9999.90   9999.90   9999.90   9999.90   9999.90   9999.90   9999.90   9999.90   9999.90   9999.90   9999.90
   9999.90   9999.90   9999.90   9999.90   9999.90   9999.90   9999.90   9999.90   9999.90   9999.90   9999.90   9999.90   9999.90
   9999.90   9999.90   9999.90   9999.90   9999.90   9999.90   9999.90   9999.90   9999.90   9999.90   9999.90   9999.90   9999.90
   9999.90   9999.90   9999.90   9999.90   9999.90   9999.90   9999.90   9999.90   9999.90   9999.90   9999.90   9999.90   9999.90
   9999.90    226.48    231.04    238.94    237.86    232.91    233.05    236.08    239.22    236.84    237.44    245.13    252.81
    254.79    252.90    250.59    250.63    255.76    261.15    266.48    273.05    279.09    285.19    286.05    281.26    283.16
    285.28    279.74    275.30    270.84    273.43    282.66    276.58    261.75    258.36    261.77    244.65    239.59    245.82
    244.14    236.67    240.58    262.36    290.46    285.66    284.04    291.99    301.19    306.28    286.81    262.36   9999.90
   9999.90    223.69    220.60    225.66    229.38    227.32    227.16    226.96    228.37    230.59    231.56    237.23    242.51
    241.89    236.26    238.77    240.18    242.53    248.83    254.94    258.86    260.56    260.19    261.56    261.44    261.11
    268.64    283.67    294.50    286.61    260.91    246.94    258.33    266.64    249.23    235.68    240.66    234.54    213.12
    185.24    205.26    261.22    304.82    311.97    283.58    274.84    246.30    232.13    257.10    245.79    196.66   9999.90
   9999.90    229.88    228.95    229.26    227.61    225.40    226.85    229.01    228.09    227.78    231.27    237.88    238.06
    238.02    236.74    237.40    238.70    237.01    239.11    243.41    247.33    249.04    252.13    255.61    253.77    251.96
    258.08    264.48    269.28    270.83    260.16    243.29    241.26    256.41    248.66    236.67    215.34    211.32    257.72
    257.57    206.47    231.60    274.19    253.86    223.07    205.46    186.47    177.90    171.79    165.15    151.71   9999.90
   9999.90    217.64    224.58    231.25    233.93    236.42    239.52    237.19    233.06    230.76    233.07    237.58    238.63
    239.70    241.93    244.69    251.24    254.38    254.81    257.83    255.42    249.23    242.00    247.78    252.98    255.64
    256.42    256.55    259.54    260.34    257.48    254.48    251.00    247.16    227.19    202.20    215.98    253.69    272.76
    260.99    249.61    240.16    234.27    239.38    270.00    264.60    234.13    205.91    179.27    156.66    148.11   9999.90
   9999.90    214.14    218.86    220.95    225.79    235.56    242.67    241.96    239.74    237.14    237.92    244.31    250.02
    249.42    247.40    248.71    251.59    254.72    259.55    258.77    254.75    245.62    241.90    249.78    251.18    252.70
    255.16    260.30    267.12    266.79    263.94    261.03    259.03    254.39    253.13    240.29    213.60    205.60    225.74
    240.16    252.14    257.24    250.86    229.19    223.68    244.02    243.40    245.97    211.20    169.28    153.28   9999.90
   9999.90    220.71    225.75    230.04    234.37    241.31    242.10    239.24    244.77    245.89    235.50    227.56    231.08
    239.58    243.60    251.46    257.11    260.17    256.25    245.42    238.89    239.43    244.40    247.31    245.24    255.40
    265.62    267.14    265.52    262.50    244.78    251.19    252.62    246.71    244.00    252.19    257.64    234.70    213.56
    201.99    208.46    227.95    230.53    214.38    225.94    239.96    238.15    254.34    224.40    189.02    173.53   9999.90
   9999.90    240.35    243.17    234.90    236.24    225.47    210.77    218.71    220.13    222.73    225.34    235.01    242.93
    236.76    249.25    248.60    250.12    259.02    260.90    247.76    238.27    235.27    236.35    238.69    241.52    249.02
    261.25    268.18    269.69    268.35    252.66    233.53    230.60    236.61    232.90    241.11    252.08    258.28    255.84
    249.27    229.02    206.17    190.69    206.76    239.52    244.68    236.67    265.08    226.94    171.48    167.36   9999.90
   9999.90    234.90    239.73    244.74    230.76    219.10    222.45    236.97    265.67    267.24    267.42    245.93    227.58
    228.49    239.72    234.25    228.11    227.21    252.19    257.95    248.15    241.57    237.32    238.15    235.44    240.68
    253.13    263.32    262.93    260.83    248.40    242.25    230.65    229.84    230.21    229.68    237.68    247.33    259.90
    253.33    232.60    217.07    202.22    203.78    222.38    225.88    212.49    231.17    212.07    151.48    114.50   9999.90
   9999.90    212.40    218.34    223.37    226.33    226.91    254.32    203.81    213.50    220.00    215.24    242.18    238.86
    224.57    218.86    218.51    212.02    187.85    212.94    245.83    244.09    240.84    243.46    240.00    237.41    232.70
    246.71    253.36    256.69    262.21    252.04    243.01    233.19    228.28    225.44    229.62    232.73    228.86    221.96
    229.41    224.89    216.78    222.93    224.24    210.70    211.54    208.55    201.82    186.43    143.52    129.60   9999.90
   9999.90    199.68    211.09    229.32    230.93    235.55    199.55    199.21    212.78    198.57    189.67    172.38    180.68
    215.36    210.80    205.64    218.28    208.41    206.35    233.87    235.19    231.16    224.96    225.04    227.90    233.69
    236.00    244.36    256.41    258.79    249.96    236.80    231.34    223.18    218.63    221.06    228.98    232.99    221.96
    227.65    235.83    224.02    207.42    190.96    196.24    203.92    209.35    197.64    180.39    171.32    166.44   9999.90
   9999.90    187.47    201.27    209.17    209.27    204.44    206.62    208.75    212.15    199.56    194.98    199.31    181.75
    176.44    169.92    179.39    196.51    197.58    190.23    213.43    219.93    220.81    214.52    207.78    210.35    216.11
    222.40    229.13    235.61    244.13    247.65    241.20    232.35    222.05    216.48    218.25    224.67    231.40    227.08
    224.84    223.30    215.08    209.11    199.82    201.69    196.64    203.37    204.85    192.87    192.39    189.53   9999.90
   9999.90    181.48    184.26    189.93    189.81    195.04    198.05    198.91    193.25    183.12    178.34    181.33    186.54
    190.79    189.70    167.33    167.23    187.26    214.29    206.63    176.81    176.83    186.61    194.17    194.68    198.29
    203.86    215.36    227.96    232.00    231.49    231.85    228.11    227.13    223.62    222.45    222.36    223.10    220.89
    211.32    197.83    194.48    202.05    221.28    213.80    208.09    209.01    199.94    189.74    194.74    197.50   9999.90
   9999.90    167.27    176.01    186.22    193.75    195.10    191.53    183.82    174.64    170.97    173.96    175.81    184.82
    186.85    188.39    195.59    175.63    165.19    190.80    173.00    154.88    161.75    163.50    176.27    191.62    201.73
    197.57    198.97    213.10    216.46    211.44    208.79    208.71    208.57    215.35    221.94    223.74    217.68    209.65
    201.60    190.70    188.27    190.15    201.60    214.46    218.95    214.93    213.39    201.93    191.54    187.19   9999.90
   9999.90    159.95    166.13    178.04    184.55    188.68    193.60    180.77    172.79    170.86    179.17    178.61    181.37
    183.68    180.60    188.85    186.53    162.03    164.06    183.81    183.59    187.39    172.80    173.23    176.15    189.51
    193.51    191.85    193.43    197.55    195.18    195.56    197.95    199.28    203.85    203.27    201.58    204.99    200.59
    196.69    197.99    195.20    186.72    200.84    204.55    195.65    201.00    215.20    211.44    183.76    169.36   9999.90
   9999.90    155.89    154.80    166.83    180.98    181.18    178.55    173.93    167.45    167.97    175.88    181.60    181.37
    178.62    172.29    177.21    181.25    183.90    176.51    159.99    195.50    181.32    139.64    142.55    145.18    154.62
    169.84    172.00    182.78    186.92    179.54    180.06    185.83    186.77    190.08    182.28    193.76    199.72    186.37
    178.89    176.82    190.98    193.85    191.94    191.04    194.48    200.87    205.57    201.31    175.80    171.14   9999.90
   9999.90    161.52    159.55    159.04    164.45    167.83    165.18    169.92    169.09    169.32    171.93    173.98    178.29
    172.69    166.17    174.88    178.70    173.66    155.68    151.54    151.51    145.90    148.12    143.86    133.26    137.76
    139.57    147.82    171.34    180.07    169.61    165.70    172.43    173.98    184.95    186.03    188.54    182.02    169.64
    164.11    164.91    174.97    193.84    197.87    195.35    190.29    184.21    181.64    175.22    173.94    170.59   9999.90
   9999.90    172.11    154.60    151.21    154.61    153.63    158.72    164.06    165.05    160.58    159.84    162.33    157.10
    150.24    155.30    167.25    166.95    163.54    135.65    115.71    142.97    140.07    142.35    158.45    142.87    147.22
    124.78    130.24    144.74    163.15    171.70    172.12    175.12    172.57    170.89    175.25    174.20    159.45    152.94
    157.90    163.69    176.59    181.87    176.01    167.53    167.86    164.85    156.20    151.85    155.37    160.09   9999.90
   9999.90    159.85    147.26    136.33    138.71    143.43    146.90    149.55    147.83    146.96    148.29    153.94    143.08
    135.74    142.43    146.73    149.62    152.86    134.41    131.23    139.41    139.56    147.38    141.46    145.91    131.73
    115.60    125.01    143.10    154.40    166.54    171.34    164.65    164.44    169.93    169.50    145.78    139.50    158.71
    159.57    162.86    166.14    153.56    149.39    150.63    144.70    140.28    135.92    135.31    141.72    147.88   9999.90
   9999.90    144.61    138.57    130.23    126.21    128.93    132.48    135.56    136.40    134.26    133.90    139.41    137.44
    131.36    125.87    129.24    135.26    136.52    148.71    153.89    133.00    133.48    134.98    135.32    139.29    129.85
    137.65    132.63    139.53    152.36    149.84    143.57    142.26    149.95    152.30    135.74    137.11    147.66    150.87
    154.04    151.16    142.41    134.88    136.40    135.56    127.32    125.77    125.54    129.76    130.97    131.68   9999.90
   9999.90    129.72    127.46    120.80    121.79    122.38    125.32    130.36    129.48    126.50    123.70    123.84    124.62
    119.75    116.61    116.24    117.32    120.70    130.52    141.96    143.73    132.65    133.45    128.37    122.54    127.16
    132.99    128.78    130.53    140.53    134.37    128.89    138.55    142.06    137.26    125.16    127.90    139.18    134.86
    136.75    135.46    130.27    127.11    122.32    121.32    119.40    117.32    118.59    115.50    114.24    110.53   9999.90
   9999.90    114.55    110.51    112.43    111.99    108.76    117.53    119.41    118.68    124.61    119.66    111.60    115.20
    115.03    108.32    105.27    107.75    108.93    109.39    125.73    147.65    134.90    128.30    128.32    115.72    111.28
    117.17    116.66    118.75    123.52    127.58    129.93    136.49    138.21    128.24    122.71    120.90    118.96    121.25
    124.43    118.62    114.88    114.91    113.53    109.58    108.83    107.34    106.45    104.13     97.99     97.75   9999.90
   9999.90    100.22    101.36     97.41     94.37    104.81    104.77    104.66    116.59    116.70    107.07    101.95    101.33
    104.84    104.39     99.88     98.36     98.10    105.50    110.62    118.52    127.87    125.36    123.65    103.31    100.51
    105.60    105.36    115.63    120.98    117.07    120.28    123.29    119.64    114.79    111.19    109.61    108.85    107.86
    109.70    106.64    101.43    100.29    100.03     97.67     96.43     96.09     98.13     92.87     90.30     93.54   9999.90
   9999.90     91.80     88.40     85.40     85.50     90.26     96.15    100.93    105.71    106.39     94.83     92.39     94.15
     94.23     94.18     95.72     95.32     96.32    103.58    101.48    102.86    112.16    114.65    123.71    107.91     88.58
     89.19     91.31     99.37    107.41     99.25    102.20    102.82    102.48    106.82    104.83     98.53     97.24     97.67
     96.24     93.43     90.53     90.81     91.20     90.71     89.75     88.61     83.05     85.38     90.89     93.10   9999.90
   9999.90     86.03     79.60     80.88     84.30     84.80     90.09     93.13     92.45     90.32     88.62     88.80     88.86
     87.02     85.83     86.56     92.20     93.86     95.40     97.58     97.18    101.66    108.56    113.77    119.45     89.06
     84.44     95.10     93.69     89.98     83.87     83.89     90.29     91.71     90.95     90.12     86.25     86.54     89.51
     84.91     80.43     84.64     85.25     82.19     82.71     81.77     83.72     81.40     83.28     87.76     90.48   9999.90
   9999.90     73.23     75.72     77.24     79.91     87.28     84.14     80.84     81.70     82.85     84.02     83.10     80.82
     80.13     81.01     83.88     88.66     87.58     84.87     85.84     89.09     91.86     91.63     96.43    101.89     99.06
     87.83     80.74     85.64     88.70     80.10     76.76     79.01     77.81     76.32     75.91     75.41     77.32     83.02
     78.13     72.84     77.69     75.20     72.65     74.51     74.42     75.07     78.04     81.66     81.88     82.77   9999.90
   9999.90     67.49     63.80     61.11     65.68     70.26     73.77     74.86     76.46     76.28     75.31     73.23     70.99
     71.66     75.87     80.51     81.47     79.23     75.89     73.59     73.71     74.96     78.05     77.31     79.32     87.85
     75.78     70.10     82.93     82.90     85.08     76.75     68.30     65.46     66.54     69.40     69.31     67.62     65.79
     70.91     68.19     68.49     68.30     68.93     69.52     67.94     68.70     70.47     72.08     75.49     76.70   9999.90
   9999.90     60.53     58.18     56.45     58.73     55.71     62.40     66.71     68.39     66.92     63.09     61.78     65.38
     64.79     64.69     72.47     73.08     68.65     65.34     63.02     60.95     60.85     63.99     61.62     61.08     65.94
     69.77     63.80     49.71     60.66     71.57     78.36     69.70     70.02     62.50     60.01     57.57     52.48     44.97
     48.90     60.85     62.38     62.95     65.44     64.83     63.80     65.97     69.18     68.97     69.35     70.76   9999.90
   9999.90     56.49     57.74     57.54     55.71     54.63     54.69     57.59     57.05     58.86     60.25     57.56     58.06
     57.56     57.72     57.09     56.43     55.61     50.30     50.17     50.47     48.40     48.56     48.23     47.41     45.75
     45.18     41.37     35.10     34.56     54.26     56.60     51.00     48.20     51.30     54.76     51.44     49.56     49.52
     47.67     50.88     51.98     56.12     61.42     61.41     58.84     60.60     62.74     61.24     61.36     63.44   9999.90
   9999.90     49.14     49.93     50.18     48.66     46.43     42.93     45.81     49.01     50.00     51.57     48.57     46.75
     48.18     43.79     40.19     39.07     41.27     38.53     38.44     39.65     39.32     38.62     39.07     39.51     36.42
     33.16     28.33     27.27     30.97     29.22     11.25     13.72     22.30     44.00     60.20     62.77     81.45     88.06
     76.42     58.24     56.43     55.55     52.92     53.36     50.35     50.81     50.33     48.86     51.25     51.46   9999.90
   9999.90   9999.90   9999.90   9999.90   9999.90   9999.90   9999.90   9999.90   9999.90   9999.90   9999.90   9999.90   9999.90
   9999.90   9999.90   9999.90   9999.90   9999.90   9999.90   9999.90   9999.90   9999.90   9999.90   9999.90   9999.90   9999.90
   9999.90   9999.90   9999.90   9999.90   9999.90   9999.90   9999.90   9999.90   9999.90   9999.90   9999.90   9999.90   9999.90
   9999.90   9999.90   9999.90   9999.90   9999.90   9999.90   9999.90   9999.90   9999.90   9999.90   9999.90   9999.90   9999.90
   9999.90   9999.90   9999.90   9999.90   9999.90   9999.90   9999.90   9999.90   9999.90   9999.90   9999.90   9999.90   9999.90
   9999.90   9999.90   9999.90   9999.90   9999.90   9999.90   9999.90   9999.90   9999.90   9999.90   9999.90   9999.90   9999.90
   9999.90   9999.90   9999.90   9999.90   9999.90   9999.90   9999.90   9999.90   9999.90   9999.90   9999.90   9999.90   9999.90
   9999.90   9999.90   9999.90   9999.90   9999.90   9999.90   9999.90   9999.90   9999.90   9999.90   9999.90   9999.90   9999.90
   9999.90    258.03    259.84    259.40    258.50    255.41    254.59    249.58    246.23    248.01    251.22    259.84    268.85
    277.06    277.90    269.79    268.12    271.84    281.22    290.84    303.25    314.59    318.30    312.59    304.10    298.56
    297.87    298.09    295.30    293.23    290.67    293.87    296.40    290.87    285.95    282.93    278.33    278.99    282.75
    290.87    301.16    304.25    302.98    303.11    300.22    299.32    300.67    296.98    299.21    296.71    286.86   9999.90
   9999.90    251.03    251.83    252.07    251.44    253.15    251.85    244.41    240.51    240.40    244.64    251.56    256.66
    263.46    267.24    264.07    256.58    255.94    257.71    265.92    277.06    285.00    287.58    285.06    283.09    282.48
    283.10    288.34    295.52    296.79    293.26    284.68    282.65    283.69    283.89    279.96    269.84    265.63    267.89
    276.06    292.75    299.09    307.76    311.69    304.85    307.28    304.24    303.96    298.26    287.72    279.27   9999.90
   9999.90    247.93    250.89    253.30    252.23    251.66    247.75    243.10    243.47    245.60    247.09    246.29    248.01
    257.01    263.72    263.68    260.24    255.22    252.08    253.96    254.05    257.10    265.13    274.71    280.77    279.84
    278.34    273.65    268.03    270.04    269.24    263.13    267.45    273.59    270.49    270.64    270.77    268.01    282.62
    286.87    281.29    280.33    286.26    294.48    292.32    287.21    283.78    263.97    235.16    206.87    181.06   9999.90
   9999.90    233.44    234.88    239.35    245.44    249.45    253.74    257.56    258.24    255.10    256.61    261.33    264.05
    264.42    264.64    266.87    270.89    272.53    271.06    267.27    263.42    262.34    261.89    265.97    273.21    275.96
    267.60    267.36    276.53    275.04    268.52    269.06    270.31    268.50    262.07    251.23    264.34    278.48    279.94
    270.86    262.63    253.29    244.36    253.54    278.08    296.15    317.03    305.35    230.43    162.81    175.21   9999.90
   9999.90    228.11    233.17    237.88    242.72    248.81    255.38    263.79    269.33    267.34    264.96    272.53    279.80
    276.56    269.83    268.25    270.73    271.81    272.27    269.28    268.30    266.36    263.30    264.93    270.66    274.05
    271.51    271.77    281.62    283.71    279.26    276.27    274.69    266.75    261.56    259.81    258.97    258.32    257.87
    257.46    253.14    252.71    252.43    255.68    256.89    253.43    277.14    322.10    291.49    193.77    169.58   9999.90
   9999.90    240.36    246.79    250.06    253.57    255.02    252.02    257.29    261.71    267.71    272.32    271.08    268.86
    268.72    267.27    272.50    273.78    268.80    262.34    254.63    257.22    259.98    254.01    250.26    257.30    268.14
    273.95    280.02    284.31    281.82    271.52    265.17    265.11    266.47    270.03    268.80    254.49    244.22    250.74
    255.91    268.67    275.32    261.38    253.13    251.21    254.24    260.51    270.71    290.86    280.61    196.86   9999.90
   9999.90    256.64    258.14    249.90    248.99    250.30    259.24    257.30    259.62    268.50    268.10    265.73    257.00
    255.96    258.73    266.28    266.99    263.91    263.35    257.64    258.92    263.29    261.79    258.05    254.00    259.22
    273.23    277.38    272.24    271.18    267.73    260.97    255.92    258.53    261.78    262.58    264.25    266.44    274.96
    275.66    266.66    253.85    249.47    252.37    255.48    259.82    254.77    258.50    265.43    246.23    215.77   9999.90
   9999.90    255.48    252.86    249.78    248.96    237.88    238.03    246.12    250.28    248.66    262.16    267.21    282.42
    271.86    267.22    251.90    250.04    254.78    261.52    263.35    257.35    263.87    271.05    271.14    265.94    263.65
    267.96    266.82    263.98    266.94    267.35    264.17    260.41    257.87    254.88    261.53    264.98    263.98    271.73
    274.56    264.23    254.22    249.35    249.64    257.96    263.17    255.74    258.61    254.20    182.84    155.87   9999.90
   9999.90    228.51    223.64    240.72    246.50    242.01    251.34    245.57    256.70    250.79    230.68    239.57    270.29
    281.16    265.16    265.56    257.78    228.60    233.03    247.47    253.78    251.11    254.23    259.65    263.11    261.26
    263.27    264.05    261.81    263.42    266.94    267.16    257.55    246.97    245.94    250.91    254.82    260.37    267.97
    272.05    266.43    254.58    254.35    261.26    259.98    256.69    253.19    248.22    223.92    178.01    187.42   9999.90
   9999.90    212.37    217.69    246.63    263.37    256.49    242.76    245.87    242.05    236.80    234.07    221.78    234.26
    258.43    237.30    238.58    243.39    241.85    246.25    233.67    239.39    241.52    238.39    242.73    256.81    262.63
    262.21    268.43    272.54    267.28    266.11    260.66    244.57    229.99    231.14    240.67    259.54    265.85    255.82
    254.22    256.06    256.93    251.09    245.94    251.24    252.39    248.12    246.26    233.15    227.52    218.97   9999.90
   9999.90    222.72    222.94    238.78    245.84    249.32    248.20    242.36    253.32    240.38    240.00    246.35    232.81
    228.08    215.97    213.48    227.00    225.87    226.78    235.81    233.30    232.47    230.67    229.18    238.85    246.52
    251.77    266.17    267.02    262.88    265.25    265.24    254.70    239.98    233.00    237.97    246.28    248.67    251.18
    247.21    243.48    244.46    255.64    253.14    259.22    256.02    255.71    257.74    244.85    235.67    243.43   9999.90
   9999.90    225.33    218.88    230.86    241.72    244.33    243.13    238.00    236.75    225.09    216.45    217.94    224.13
    229.44    228.51    218.03    214.26    218.81    242.76    241.14    218.09    214.85    225.68    233.49    226.17    224.94
    240.20    254.28    261.06    257.52    250.89    264.03    263.15    253.17    249.06    247.21    239.17    232.45    240.35
    250.62    245.43    233.61    242.12    252.94    256.20    257.52    265.22    261.39    254.03    244.77    251.49   9999.90
   9999.90    210.92    217.29    228.69    238.18    239.43    237.82    227.81    217.58    216.79    210.44    213.33    228.94
    236.06    233.93    229.12    226.21    219.98    206.65    214.34    222.10    180.05    187.82    219.93    230.95    228.35
    231.52    243.12    249.85    243.94    236.58    240.26    248.61    250.87    245.10    246.90    253.54    247.06    241.01
    243.97    237.48    240.89    240.30    239.64    257.07    262.96    258.22    264.66    259.65    246.90    245.10   9999.90
   9999.90    199.18    202.77    220.23    227.18    228.54    230.65    230.26    220.22    216.26    223.13    224.72    232.32
    235.43    233.71    225.27    219.18    211.43    205.85    207.36    221.06    205.85    197.35    208.63    220.90    221.41
    220.98    224.06    227.51    223.76    229.77    231.61    231.58    234.01    234.73    237.21    242.07    243.61    242.48
    241.39    247.57    246.21    234.86    241.32    238.47    247.38    262.44    273.43    262.97    237.81    230.65   9999.90
   9999.90    203.43    203.17    216.84    221.21    220.91    223.80    224.16    212.62    206.49    219.25    225.57    225.33
    223.50    223.64    220.44    216.58    215.62    208.33    196.11    207.84    211.34    185.73    185.02    192.61    190.80
    195.10    202.65    212.92    214.00    215.72    218.95    214.05    211.85    224.23    230.37    234.32    243.51    244.94
    238.65    230.44    235.10    247.72    248.87    246.34    248.22    263.09    263.71    248.99    229.37    219.12   9999.90
   9999.90    204.21    205.44    208.86    214.69    213.47    213.42    219.06    213.52    201.60    203.36    215.85    219.99
    208.27    202.33    205.58    204.58    201.70    187.65    193.78    194.88    197.16    176.68    172.68    155.72    152.94
    173.79    191.04    199.22    201.91    193.37    201.59    212.41    203.35    212.00    229.04    230.09    224.96    223.78
    222.92    216.46    223.90    242.54    245.91    247.42    243.66    239.36    229.89    221.72    215.99    210.02   9999.90
   9999.90    206.57    195.39    189.60    195.48    197.00    202.50    211.31    205.73    196.08    196.48    193.66    194.41
    193.86    186.71    183.20    179.33    182.77    174.84    160.43    167.11    171.84    186.40    180.05    156.17    157.42
    167.50    182.35    187.47    187.31    188.22    201.60    209.16    207.34    205.15    213.62    211.82    203.77    203.82
    207.07    214.41    222.88    216.02    209.96    212.09    205.91    205.50    197.02    188.53    183.26    181.19   9999.90
   9999.90    200.64    189.43    178.25    173.16    175.95    188.20    188.15    185.56    185.54    185.12    186.58    183.52
    177.32    169.66    163.23    171.87    178.58    167.21    150.40    143.27    148.58    165.33    175.82    181.51    127.41
    132.25    167.29    186.38    184.68    193.21    198.40    193.47    194.26    199.48    203.22    205.20    204.88    205.00
    206.18    203.32    191.76    192.02    192.47    177.33    174.27    167.28    161.08    168.67    169.39    162.09   9999.90
   9999.90    180.82    179.94    169.61    163.42    159.52    165.33    168.19    171.48    173.28    166.42    174.88    174.36
    163.58    158.31    151.61    156.03    158.29    156.48    159.26    149.65    149.26    156.17    168.91    182.66    166.49
    146.04    150.51    177.80    183.99    185.37    183.20    176.74    181.69    189.44    182.69    192.94    198.10    192.10
    190.73    181.31    171.93    169.75    166.58    160.30    158.08    152.36    146.26    145.74    150.30    152.19   9999.90
   9999.90    156.21    160.08    158.28    151.80    149.57    150.82    160.36    161.34    158.01    160.64    160.60    156.22
    153.08    147.56    136.13    133.14    136.03    142.95    152.78    163.30    166.35    158.95    162.90    157.65    168.57
    159.62    159.04    157.84    174.90    179.18    172.39    177.21    181.23    178.58    167.15    163.31    167.76    159.48
    153.56    158.51    162.23    160.30    156.87    148.75    139.89    132.57    126.79    129.98    133.11    130.33   9999.90
   9999.90    138.63    138.94    133.53    133.45    142.75    141.40    143.59    147.37    154.08    150.08    142.20    143.73
    144.55    139.02    126.19    118.02    123.47    129.02    142.29    150.56    156.24    155.24    151.63    138.65    134.88
    140.75    150.85    157.27    160.33    159.40    169.39    169.41    159.00    153.87    150.44    157.52    153.66    141.04
    145.70    145.38    139.45    137.79    133.51    127.39    120.80    119.29    120.19    123.14    118.18    119.17   9999.90
   9999.90    122.96    122.21    115.44    115.82    124.14    125.99    135.02    145.60    141.62    135.14    131.17    127.42
    126.35    128.02    122.22    112.29    112.77    124.37    132.85    137.65    141.85    148.98    150.44    130.87    116.29
    125.65    140.96    152.46    150.84    143.88    143.51    141.73    137.71    132.97    139.31    143.55    134.05    130.77
    137.29    131.14    117.82    112.94    114.18    112.73    106.91    105.72    109.32    113.12    118.30    120.70   9999.90
   9999.90    107.95    112.15    105.67     99.19    104.26    113.58    125.41    134.10    129.37    124.06    118.17    114.61
    118.30    117.89    111.66    104.16    104.02    117.98    123.47    119.08    132.56    139.62    144.43    135.55    105.35
    105.70    113.57    124.90    128.70    122.97    115.59    116.63    124.60    127.67    126.16    118.29    117.03    119.93
    117.21    113.11    109.02    108.70    107.95    102.58    100.80     96.71     99.24    104.27    112.02    114.87   9999.90
   9999.90    100.43     97.00     95.74     99.98    101.30    107.82    114.24    114.08    114.29    111.29    106.79    106.38
    105.57    104.47    109.45    103.07     96.97    101.40    107.32    106.91    114.51    122.90    123.59    133.08    119.20
     98.25     93.08     96.74    102.43    100.68     98.14     98.89    105.51    109.49    102.41    103.15    106.44    105.69
    102.56     99.00     98.08     97.15     98.27     99.48     94.10     91.83     97.94    103.16    107.15    109.08   9999.90
   9999.90     85.21     85.29     88.96     93.82     97.76    100.74    106.13    111.54    110.24     98.93     93.98     94.61
     92.93     92.94     96.78    101.17     98.04     94.15     95.63    101.11    102.00    106.11    109.58    113.99    115.51
     96.92     86.74     86.75     89.30     87.52     90.12     90.86     89.06     91.32     91.64     94.54     95.53     91.10
     86.54     83.17     88.12     87.55     87.08     89.00     91.02     94.84     97.52    100.70    104.19    106.20   9999.90
   9999.90     80.38     78.18     75.92     80.15     84.80     86.82     92.31     98.85     97.71     96.91     88.94     82.91
     85.16     89.36     92.98     97.16     95.07     93.66     90.25     85.96     85.38     91.36     95.44     92.05     91.21
     82.60     78.15     83.80     81.61     82.46     82.92     80.53     77.85     79.05     80.35     79.09     78.72     76.36
     74.90     78.27     80.53     81.20     81.61     84.67     92.14     96.26     96.79     95.93     98.11    102.53   9999.90
   9999.90     76.09     75.00     71.52     68.87     70.72     78.60     84.35     85.07     88.32     87.53     79.68     81.48
     83.54     87.75     91.52     85.06     83.83     84.67     79.83     72.26     66.90     69.95     74.05     72.38     72.72
     70.70     61.54     57.34     67.36     84.10     79.66     70.01     72.20     62.94     63.96     67.77     69.88     69.80
     69.78     73.57     78.47     81.92     85.26     88.33     91.37     96.80     96.62     98.99     98.92     97.24   9999.90
   9999.90     70.14     69.11     70.96     72.28     71.87     72.37     77.86     79.69     78.69     72.67     74.09     75.52
     75.26     75.74     74.00     66.71     64.38     64.05     62.32     61.12     59.72     55.75     56.48     61.33     65.41
     60.42     48.99     49.05     63.91     66.08     52.54     62.24     66.73     58.55     63.01     70.63     77.25     73.37
     69.49     68.57     68.61     77.39     87.13     88.29     86.95     89.81     94.02     93.42     93.58     87.75   9999.90
   9999.90     65.82     66.49     69.10     66.59     65.98     66.22     61.69     58.24     61.94     61.48     58.91     59.81
     63.52     61.27     58.27     55.15     48.46     44.48     41.64     45.29     48.93     50.10     50.52     52.10     53.21
     53.27     54.08     54.01     53.18     48.31     47.86     54.05     53.72     57.73     72.77     80.37     88.52     89.52
     73.90     65.68     63.89     67.28     73.25     74.34     74.04     72.41     73.07     70.59     66.47     66.21   9999.90
   9999.90   9999.90   9999.90   9999.90   9999.90   9999.90   9999.90   9999.90   9999.90   9999.90   9999.90   9999.90   9999.90
   9999.90   9999.90   9999.90   9999.90   9999.90   9999.90   9999.90   9999.90   9999.90   9999.90   9999.90   9999.90   9999.90
   9999.90   9999.90   9999.90   9999.90   9999.90   9999.90   9999.90   9999.90   9999.90   9999.90   9999.90   9999.90   9999.90
   9999.90   9999.90   9999.90   9999.90   9999.90   9999.90   9999.90   9999.90   9999.90   9999.90   9999.90   9999.90   9999.90
   9999.90   9999.90   9999.90   9999.90   9999.90   9999.90   9999.90   9999.90   9999.90   9999.90   9999.90   9999.90   9999.90
   9999.90   9999.90   9999.90   9999.90   9999.90   9999.90   9999.90   9999.90   9999.90   9999.90   9999.90   9999.90   9999.90
   9999.90   9999.90   9999.90   9999.90   9999.90   9999.90   9999.90   9999.90   9999.90   9999.90   9999.90   9999.90   9999.90
   9999.90   9999.90   9999.90   9999.90   9999.90   9999.90   9999.90   9999.90   9999.90   9999.90   9999.90   9999.90   9999.90
   9999.90    304.28    306.58    309.23    311.02    313.22    308.12    300.41    296.14    296.09    302.17    311.66    320.87
    330.91    330.86    324.68    319.30    320.30    323.97    334.31    351.29    364.30    366.66    361.26    357.54    355.10
    351.92    345.57    337.52    327.27    328.50    330.28    329.73    328.95    328.36    325.57    325.39    320.86    319.99
    324.98    332.06    338.59    340.00    339.66    338.93    333.16    330.50    325.75    317.64    313.77    311.54   9999.90
   9999.90    303.83    305.26    306.20    306.18    311.39    316.22    311.30    304.07    298.35    299.84    308.49    318.94
    324.49    326.83    324.87    316.67    311.98    312.84    321.18    331.69    341.79    350.15    347.38    343.79    343.39
    337.05    332.51    333.79    330.15    326.00    317.86    316.89    321.84    322.12    322.45    318.25    318.77    318.24
    324.37    337.71    343.86    341.74    340.22    334.45    325.03    318.03    319.06    318.89    314.14    314.03   9999.90
   9999.90    295.51    296.70    295.63    296.83    304.52    307.63    307.80    309.86    305.05    302.36    302.48    305.72
    318.25    326.77    325.62    317.15    310.72    303.45    301.57    303.91    310.02    319.53    329.75    339.25    338.00
    323.94    315.14    312.20    312.34    312.35    310.04    308.86    312.45    311.70    310.71    312.86    314.41    330.62
    342.14    335.58    332.53    333.44    329.73    325.06    323.47    319.06    310.51    300.27    293.41    286.99   9999.90
   9999.90    276.83    277.76    280.52    288.53    303.13    312.66    317.43    323.43    320.01    317.93    321.98    324.47
    324.24    322.15    322.50    319.32    315.91    312.18    305.47    302.60    305.45    307.15    310.81    319.78    320.39
    310.07    306.00    311.73    315.41    312.15    308.69    311.03    309.94    300.67    292.23    301.36    315.21    323.52
    319.95    309.75    298.53    294.31    298.75    313.31    327.32    339.73    341.49    305.85    281.14    283.89   9999.90
   9999.90    273.23    279.30    288.20    295.05    301.88    311.48    321.27    331.64    333.26    332.18    340.73    347.27
    340.47    325.81    320.69    323.95    322.29    319.48    314.12    311.04    309.76    307.47    301.79    303.69    307.67
    308.99    312.65    322.39    329.99    328.18    327.88    326.80    315.44    306.93    304.18    298.24    297.26    296.78
    301.27    301.89    306.42    314.18    319.83    318.52    306.70    313.06    340.38    325.84    280.17    266.93   9999.90
   9999.90    286.33    290.22    294.36    295.96    293.96    296.58    304.29    311.03    319.46    327.63    329.60    318.33
    307.06    305.88    312.84    316.02    308.73    296.44    289.37    294.75    299.01    296.76    286.52    288.41    301.53
    312.51    327.27    334.07    331.16    321.58    314.86    319.04    325.52    325.16    310.81    293.75    292.27    300.61
    305.90    315.71    326.94    319.79    313.75    312.93    309.96    304.09    302.33    311.96    297.64    259.40   9999.90
   9999.90    299.27    302.80    293.93    287.24    287.83    289.46    288.80    290.14    296.83    298.98    290.51    277.02
    277.76    292.83    304.20    300.41    293.69    291.14    287.12    290.54    296.40    297.14    296.40    291.03    293.18
    308.01    319.53    319.60    316.27    311.79    309.12    309.24    312.85    308.02    300.56    303.68    310.25    322.70
    323.98    319.20    310.30    305.70    304.62    301.18    301.85    302.28    304.21    301.45    287.40    270.58   9999.90
   9999.90    301.53    298.66    291.62    285.47    281.46    280.73    282.06    283.33    277.80    286.17    293.24    293.48
    288.10    286.80    283.91    278.58    279.69    288.18    289.13    287.98    298.97    306.89    305.73    304.76    305.26
    304.91    304.94    306.61    310.38    311.42    311.03    312.52    308.56    299.10    299.71    310.13    311.18    317.77
    325.28    320.47    313.89    307.21    299.74    302.30    311.26    311.48    310.03    296.71    248.86    247.53   9999.90
   9999.90    259.38    263.90    283.30    287.56    285.69    297.58    292.97    286.57    279.14    262.00    267.67    298.23
    311.63    295.24    286.22    277.72    265.41    260.49    273.21    284.18    285.96    297.51    307.31    309.28    309.06
    302.52    295.15    294.61    302.53    312.28    315.82    307.76    292.82    287.61    289.28    296.25    307.55    317.65
    322.20    316.93    313.23    310.51    310.47    313.47    311.73    308.64    304.51    283.63    245.42    263.64   9999.90
   9999.90    251.93    253.09    279.13    303.87    307.25    295.17    294.59    292.06    284.87    279.56    275.63    280.98
    283.16    270.25    267.78    267.12    267.63    262.64    261.65    267.69    271.22    274.70    292.21    312.10    309.67
    302.22    301.34    299.51    296.05    301.81    305.39    290.18    272.70    275.54    285.27    302.90    312.48    307.76
    297.10    299.85    306.49    304.72    301.40    300.38    304.71    308.76    313.06    297.11    284.31    277.52   9999.90
   9999.90    270.54    260.44    272.09    290.96    300.86    296.26    293.65    295.20    283.09    284.39    287.32    275.91
    273.59    266.16    253.09    253.55    251.16    252.85    262.97    261.04    260.58    262.15    268.19    283.43    291.66
    296.59    303.57    299.66    293.63    291.94    295.85    295.98    280.40    273.79    281.68    288.38    288.96    288.50
    279.46    278.07    286.09    292.84    300.93    305.73    313.35    322.65    325.59    313.46    305.37    315.03   9999.90
   9999.90    273.65    265.47    269.19    286.88    300.57    295.73    285.39    282.97    268.85    260.58    262.75    271.57
    275.56    278.74    264.39    254.53    254.58    256.90    252.19    245.13    248.39    252.46    261.98    261.94    264.96
    282.20    297.08    305.83    297.76    288.85    296.88    301.33    294.75    289.83    289.70    276.59    263.72    270.11
    280.91    277.71    274.39    292.95    301.91    308.52    314.74    319.75    323.56    318.53    301.58    311.91   9999.90
   9999.90    256.62    264.74    271.64    287.02    298.20    292.32    277.85    270.33    263.07    250.91    257.61    275.38
    284.65    282.57    275.65    274.99    265.17    246.95    248.98    245.73    222.94    228.98    252.14    257.04    258.05
    267.28    284.50    295.05    289.19    282.61    285.58    289.35    288.50    281.40    289.78    294.80    282.61    275.97
    275.70    271.67    278.63    286.53    293.15    305.73    312.46    312.88    324.27    316.65    301.20    295.37   9999.90
   9999.90    242.55    257.56    271.17    278.11    280.37    275.35    274.20    269.60    267.78    261.62    261.23    274.11
    287.81    288.20    277.66    266.90    260.77    256.83    240.87    239.40    228.92    222.81    234.91    245.99    245.32
    249.28    255.66    263.97    264.99    271.89    273.22    269.13    272.41    274.96    280.74    288.32    284.14    279.23
    275.12    279.78    284.37    281.95    298.23    301.83    304.50    316.73    328.03    314.13    292.09    288.99   9999.90
   9999.90    240.27    254.45    273.95    267.51    264.17    265.36    266.11    256.55    249.70    254.15    260.89    262.95
    267.77    270.62    271.80    271.92    261.20    241.67    231.64    231.39    231.22    215.62    220.81    230.65    222.43
    220.89    223.04    240.81    254.36    258.99    261.52    258.68    258.43    267.40    274.74    277.02    278.22    283.92
    279.17    276.66    281.91    299.74    314.43    306.33    294.04    308.50    317.34    296.82    278.57    276.45   9999.90
   9999.90    242.12    236.57    247.51    260.63    258.91    260.37    264.36    259.05    241.61    237.22    250.48    263.54
    257.61    243.77    242.32    242.97    234.77    221.70    222.78    224.85    225.04    211.26    210.73    205.59    195.42
    208.18    220.62    228.62    239.57    242.55    248.67    255.81    252.91    257.25    265.21    268.61    272.91    282.12
    280.50    269.09    266.59    281.48    287.55    286.15    286.86    292.53    279.07    260.28    255.86    248.15   9999.90
   9999.90    252.30    236.52    232.40    238.36    241.16    246.16    250.06    248.95    241.48    241.42    241.75    249.32
    244.21    222.56    211.81    207.81    210.71    211.19    196.33    195.61    200.75    213.79    206.86    199.47    186.26
    202.86    223.35    220.31    223.50    225.54    238.53    254.35    251.82    243.41    249.40    244.82    252.78    263.71
    261.55    259.17    262.05    255.67    249.40    246.97    241.11    240.23    228.33    221.29    214.07    206.95   9999.90
   9999.90    239.96    232.70    222.78    217.04    218.67    223.14    219.66    221.01    227.36    229.74    237.20    234.64
    220.04    202.31    189.10    195.59    204.51    202.61    179.85    166.97    174.03    192.55    210.77    207.77    180.30
    175.43    207.28    227.96    226.50    225.26    233.07    235.55    228.05    226.18    233.95    240.84    245.14    250.67
    251.25    249.28    230.79    227.55    226.59    208.60    202.51    195.98    191.90    196.66    187.38    183.79   9999.90
   9999.90    213.95    209.20    204.18    204.79    198.20    198.69    198.98    201.20    206.56    206.33    216.98    215.15
    202.98    192.14    178.82    180.28    185.74    180.15    183.00    175.89    176.44    193.13    207.12    214.66    205.93
    180.08    185.68    219.13    223.43    225.29    225.45    217.55    218.70    223.60    216.84    227.80    236.59    228.82
    222.92    211.52    202.20    198.29    194.16    188.76    184.82    175.44    170.31    167.85    165.88    170.75   9999.90
   9999.90    193.39    184.15    180.75    184.33    188.07    185.84    188.14    186.36    178.99    188.23    199.43    196.50
    190.49    179.88    167.38    160.20    162.03    169.06    183.37    191.80    191.41    188.32    191.45    188.31    199.14
    190.89    192.55    192.40    203.32    214.50    214.13    218.47    218.97    213.89    206.00    205.20    204.26    187.71
    174.12    177.62    184.27    181.24    174.85    165.93    158.47    154.64    148.73    146.08    147.54    151.78   9999.90
   9999.90    167.14    168.13    163.69    163.00    171.98    172.00    176.99    173.04    170.46    175.84    181.22    180.31
    177.66    169.30    155.98    146.03    148.79    159.22    176.21    184.86    188.19    185.46    179.61    169.85    171.75
    175.14    177.87    184.40    192.36    195.55    201.07    198.31    190.54    186.89    184.44    186.81    175.43    160.73
    163.75    171.58    165.66    151.24    145.85    144.13    137.74    132.33    132.42    136.95    139.21    141.35   9999.90
   9999.90    145.49    148.15    146.64    144.37    149.38    150.08    157.57    170.58    165.84    156.73    161.18    161.26
    160.22    158.79    146.95    135.91    136.09    144.98    159.46    172.29    179.12    184.40    180.93    167.66    155.04
    159.74    167.52    174.02    178.73    175.09    173.72    167.02    166.46    163.95    163.80    157.84    149.98    151.25
    157.82    153.78    142.08    134.29    129.77    123.22    116.41    114.84    119.65    125.49    134.99    138.48   9999.90
   9999.90    125.53    124.77    124.70    122.90    125.37    132.97    146.82    157.54    152.23    143.99    140.32    137.49
    143.39    145.78    135.43    127.56    124.02    129.74    139.68    145.37    159.04    165.79    168.01    165.88    148.76
    140.16    140.63    148.77    150.91    147.95    138.50    139.30    145.82    145.07    139.09    131.38    132.40    137.55
    136.93    131.67    126.69    126.28    120.94    112.89    110.14    107.08    112.09    120.36    128.92    131.09   9999.90
   9999.90    109.81    108.20    105.17    108.17    111.54    120.36    132.84    138.22    130.35    128.89    128.32    122.98
    124.77    129.39    132.56    123.85    110.52    110.83    119.01    120.20    131.69    142.58    145.86    153.97    149.19
    130.45    116.68    118.57    123.50    123.19    117.97    118.58    123.53    125.40    118.42    117.50    119.87    118.48
    117.91    114.22    113.31    111.99    112.71    113.23    107.42    105.42    113.38    120.82    126.75    129.75   9999.90
   9999.90     93.20     94.54     95.39    100.26    106.20    111.44    117.72    123.53    120.44    115.08    109.97    107.98
    113.47    119.90    120.88    119.13    115.65    111.34    111.05    116.46    119.49    124.95    127.90    129.97    130.18
    121.41    113.45    105.42    105.93    105.38    108.59    110.33    108.67    107.70    105.42    106.86    107.93    104.26
     99.11     98.15    100.90     99.65    101.40    104.72    106.64    112.07    116.12    121.87    127.84    129.50   9999.90
   9999.90     85.11     86.52     87.26     91.66     95.95     99.83    105.20    108.88    106.57    106.35    101.28    100.17
    105.57    112.89    113.53    116.89    115.67    116.73    113.44    107.43    104.68    107.52    111.99    109.58    106.09
    101.03    100.27     96.17     95.27     96.24    102.32     97.62     90.25     92.63     92.11     90.71     92.29     91.31
     89.43     92.63     96.01     95.04     96.27    101.39    110.57    116.23    116.31    120.46    124.16    123.87   9999.90
   9999.90     79.89     82.19     80.79     81.70     87.56     93.98     99.47     98.81     99.10    100.86     97.68     97.94
     98.13    101.60    102.08    100.33    102.83    103.63     98.44     89.33     85.09     86.13     88.21     85.09     85.04
     85.15     82.16     80.26     79.74     94.92     93.81     82.78     80.61     76.23     77.39     82.54     84.99     85.74
     85.99     87.95     92.69     96.60     98.35    104.80    113.23    117.68    117.25    119.21    117.92    116.12   9999.90
   9999.90     74.31     77.24     79.65     82.93     88.49     90.10     94.58     96.80     94.13     88.75     89.63     89.25
     87.26     84.99     84.50     81.93     82.63     79.69     74.36     73.02     71.89     68.68     69.23     72.49     74.03
     71.40     66.03     67.43     75.47     76.95     68.39     72.46     78.47     74.68     78.54     83.61     87.32     86.86
     84.70     84.52     85.99     91.78     96.80     98.55    103.47    109.43    115.40    115.33    109.63    104.99   9999.90
   9999.90     70.88     74.51     79.94     80.22     80.56     80.47     77.96     76.52     78.18     74.65     72.73     70.59
     73.59     71.08     71.67     69.55     62.73     59.86     56.15     58.30     58.77     60.04     61.70     63.31     63.88
     63.95     65.03     67.39     68.53     63.01     62.61     66.92     69.20     71.32     81.83     86.48     94.16     97.55
     89.13     81.76     80.74     80.62     83.07     81.98     86.31     92.59     96.50     92.93     85.11     81.47   9999.90
   9999.90   9999.90   9999.90   9999.90   9999.90   9999.90   9999.90   9999.90   9999.90   9999.90   9999.90   9999.90   9999.90
   9999.90   9999.90   9999.90   9999.90   9999.90   9999.90   9999.90   9999.90   9999.90   9999.90   9999.90   9999.90   9999.90
   9999.90   9999.90   9999.90   9999.90   9999.90   9999.90   9999.90   9999.90   9999.90   9999.90   9999.90   9999.90   9999.90
   9999.90   9999.90   9999.90   9999.90   9999.90   9999.90   9999.90   9999.90   9999.90   9999.90   9999.90   9999.90   9999.90
   9999.90   9999.90   9999.90   9999.90   9999.90   9999.90   9999.90   9999.90   9999.90   9999.90   9999.90   9999.90   9999.90
   9999.90   9999.90   9999.90   9999.90   9999.90   9999.90   9999.90   9999.90   9999.90   9999.90   9999.90   9999.90   9999.90
   9999.90   9999.90   9999.90   9999.90   9999.90   9999.90   9999.90   9999.90   9999.90   9999.90   9999.90   9999.90   9999.90
   9999.90   9999.90   9999.90   9999.90   9999.90   9999.90   9999.90   9999.90   9999.90   9999.90   9999.90   9999.90   9999.90
   9999.90    381.18    379.46    386.10    391.99    397.33    390.12    379.62    373.98    374.40    385.31    396.52    407.08
    414.63    411.20    405.85    402.12    395.06    396.30    409.49    426.66    443.17    451.37    454.62    458.89    458.23
    449.90    437.94    425.98    409.77    401.11    409.74    412.07    410.85    419.07    425.06    429.01    423.12    409.77
    405.45    415.24    420.05    429.81    438.89    431.22    420.24    413.75    398.10    388.24    380.11    377.13   9999.90
   9999.90    378.87    379.99    378.40    378.65    395.19    407.60    409.03    398.17    382.91    386.72    401.16    415.64
    423.28    427.22    424.14    409.69    404.15    406.47    412.51    425.17    437.22    448.95    453.85    452.37    447.94
    437.58    420.09    410.16    404.91    395.06    389.53    391.62    401.15    407.68    412.93    423.91    437.11    435.47
    430.83    435.74    443.67    438.25    429.15    423.93    410.47    395.46    381.82    381.25    388.05    391.19   9999.90
   9999.90    361.73    361.61    353.84    356.05    381.97    405.35    415.99    413.84    397.55    392.86    394.30    400.56
    414.60    426.60    433.53    423.28    413.18    402.83    396.78    403.05    415.21    418.75    425.20    439.82    438.89
    412.63    393.35    394.65    394.80    397.23    399.11    391.30    391.52    396.84    394.08    395.99    407.79    422.89
    438.91    436.35    427.95    415.08    401.22    397.67    396.65    382.94    379.11    387.49    401.40    410.72   9999.90
   9999.90    342.16    341.80    347.79    362.08    386.70    405.84    422.11    436.29    428.80    421.54    425.43    428.40
    424.36    422.48    420.52    407.68    399.52    396.08    390.20    393.34    401.36    397.58    397.78    409.79    412.30
    399.08    394.54    400.99    406.81    403.88    393.63    395.91    396.98    382.54    372.97    375.10    390.01    407.40
    416.69    398.38    378.66    375.97    376.47    381.54    387.61    393.54    401.54    409.96    406.83    380.83   9999.90
   9999.90    348.86    356.70    363.62    372.12    381.90    396.38    416.60    434.96    445.74    447.67    457.21    465.63
    450.02    418.65    407.28    409.72    404.96    406.23    406.98    402.41    396.57    394.65    387.25    383.89    387.93
    393.38    403.14    416.81    427.15    429.42    436.49    436.99    415.94    399.47    390.96    382.90    380.44    380.68
    394.15    397.81    400.95    414.81    417.24    401.56    377.94    363.36    367.80    372.36    370.14    358.39   9999.90
   9999.90    361.31    364.04    370.64    371.65    362.73    374.17    388.37    400.02    415.09    426.71    432.39    412.34
    382.48    377.83    386.07    392.80    392.17    380.23    371.48    374.09    377.33    379.50    363.39    354.45    375.56
    398.02    422.49    433.09    425.27    417.89    418.47    427.84    445.06    436.21    398.49    381.55    387.61    397.84
    408.63    411.67    414.63    420.33    418.09    409.79    392.99    362.36    338.41    327.73    318.97    327.94   9999.90
   9999.90    372.21    379.17    371.11    360.73    360.27    362.05    357.48    356.53    367.59    364.87    349.86    339.40
    340.16    366.21    383.10    371.10    358.70    356.83    357.01    363.65    372.17    373.13    374.67    363.92    360.77
    382.73    403.76    412.83    410.43    401.55    399.31    412.33    419.80    399.56    382.17    388.44    401.21    420.32
    420.46    416.84    418.42    417.28    408.06    381.29    368.21    379.03    373.04    351.92    347.27    332.24   9999.90
   9999.90    380.49    374.78    364.00    355.34    360.39    358.02    359.17    363.02    352.70    356.83    365.07    361.47
    359.90    368.52    376.59    359.07    351.19    353.75    351.94    356.15    373.95    382.26    380.44    383.92    391.66
    386.62    385.54    392.09    403.19    400.50    398.03    408.44    402.73    382.20    373.51    396.19    408.80    413.54
    423.47    417.77    412.43    403.89    383.20    375.84    380.67    387.35    382.72    357.87    346.38    353.16   9999.90
   9999.90    314.19    333.02    362.11    366.58    369.38    389.29    381.41    363.44    355.71    353.78    363.01    389.65
    392.27    379.13    365.68    347.90    344.68    329.89    333.83    354.75    356.41    372.69    390.52    400.97    401.22
    381.83    366.66    364.51    380.83    402.21    409.72    402.99    382.56    365.24    363.93    381.98    405.23    417.38
    417.34    407.80    415.69    408.29    388.03    391.63    386.82    374.23    368.84    354.55    328.08    343.56   9999.90
   9999.90    321.29    309.19    333.20    368.77    393.03    383.57    378.58    377.15    360.17    347.07    347.55    351.22
    349.32    351.04    352.11    343.60    336.58    322.60    322.61    330.63    331.74    339.95    376.60    416.05    410.35
    387.61    376.75    373.51    364.62    376.15    391.89    376.92    354.41    358.16    371.68    384.29    397.16    399.35
    382.59    385.55    404.34    406.57    397.19    377.28    382.38    395.68    402.24    381.13    354.92    360.79   9999.90
   9999.90    357.69    323.11    313.50    353.12    379.94    370.23    365.43    362.41    353.57    344.33    334.24    322.38
    321.30    328.15    338.09    335.88    326.68    322.54    328.00    320.69    313.26    312.37    333.98    367.92    388.88
    394.41    400.08    391.02    376.17    363.50    366.14    372.45    361.03    351.73    364.78    372.04    368.36    365.34
    354.15    352.99    378.72    397.71    387.50    389.77    405.55    412.20    416.88    403.52    391.81    408.19   9999.90
   9999.90    344.85    339.13    322.02    349.35    384.32    373.86    357.09    347.48    330.89    327.86    337.94    340.70
    326.13    332.74    328.49    326.12    335.14    329.16    318.26    313.02    314.35    305.47    318.90    326.63    331.84
    355.40    391.18    410.12    391.00    374.97    378.97    381.31    376.91    368.04    368.70    353.26    336.60    342.68
    353.09    353.37    366.60    401.84    400.69    397.73    407.39    404.47    415.04    394.05    366.89    389.12   9999.90
   9999.90    316.50    336.31    338.56    363.19    392.16    383.90    363.88    353.16    331.02    310.17    327.53    347.70
    351.22    345.88    337.41    341.10    341.19    334.54    318.54    296.15    296.04    303.85    302.44    309.09    313.54
    324.72    357.00    388.93    381.99    373.10    378.36    375.45    363.66    358.98    374.75    380.32    360.45    351.10
    352.98    353.23    366.07    382.49    402.20    405.84    404.34    412.06    425.81    402.04    376.53    358.98   9999.90
   9999.90    310.22    349.88    354.09    356.38    361.02    344.63    336.59    349.10    344.28    321.57    317.11    335.63
    360.12    367.93    359.22    336.09    326.52    322.21    294.88    286.09    279.02    284.22    287.86    295.64    294.59
    298.25    310.11    324.87    337.41    349.55    350.05    348.20    353.19    355.02    366.87    373.92    359.56    350.23
    345.34    356.15    371.26    376.67    394.70    405.58    394.64    405.72    421.55    405.74    379.76    375.62   9999.90
   9999.90    302.56    327.61    361.46    350.28    338.45    335.22    325.64    319.77    313.66    309.71    315.96    317.17
    330.54    338.47    347.19    351.18    314.94    270.40    264.54    272.51    267.00    264.28    279.18    286.48    271.80
    266.19    260.86    286.93    319.97    334.29    341.35    335.39    341.60    347.45    354.75    353.32    349.41    362.21
    360.76    367.03    367.26    380.24    408.54    402.97    374.06    383.51    403.19    379.72    363.32    366.95   9999.90
   9999.90    308.47    289.00    305.55    329.39    328.39    332.23    328.11    322.54    306.74    292.72    303.71    320.78
    326.84    301.51    287.37    294.53    278.46    258.14    254.79    261.32    264.72    255.53    264.43    265.32    252.39
    251.86    257.43    266.78    294.50    322.38    324.14    329.64    333.56    338.94    337.57    332.39    353.61    377.41
    380.54    367.62    350.01    351.19    356.01    355.43    364.62    375.84    357.68    320.37    317.82    304.55   9999.90
   9999.90    321.62    303.74    303.04    303.59    305.57    311.32    300.61    308.88    308.43    304.23    307.16    326.29
    313.02    270.00    251.71    248.83    248.26    256.19    242.07    231.52    240.19    247.61    247.62    239.34    235.31
    254.65    271.49    259.52    279.18    292.03    296.38    331.04    325.58    309.82    312.48    301.65    325.91    360.62
    355.36    339.45    333.24    314.97    307.45    305.50    301.00    297.37    282.41    266.79    256.47    248.36   9999.90
   9999.90    293.33    294.53    295.45    291.89    288.54    279.13    268.00    274.34    289.77    300.48    312.90    302.96
    270.53    242.03    230.08    233.99    245.09    255.18    217.14    197.38    208.20    234.61    255.23    245.35    245.21
    234.91    252.24    274.75    289.83    280.96    298.23    312.33    288.54    278.28    289.10    298.94    311.94    316.77
    324.44    327.95    298.58    283.56    276.49    260.81    245.61    238.09    238.60    232.31    214.13    217.07   9999.90
   9999.90    261.54    252.23    254.25    270.19    258.52    250.34    250.58    246.41    255.31    265.49    275.79    274.11
    257.61    240.85    218.11    216.33    225.62    211.91    210.98    203.73    209.45    242.39    253.84    247.45    232.72
    218.29    233.75    276.46    290.08    297.70    304.16    291.30    281.31    279.00    276.94    290.61    298.90    284.52
    269.64    256.63    244.48    238.72    233.13    231.02    220.92    203.50    199.65    198.82    183.92    194.07   9999.90
   9999.90    253.56    217.08    207.67    230.76    243.21    239.80    231.57    222.04    211.23    224.07    251.25    258.74
    247.17    227.85    210.89    203.11    197.53    205.79    230.46    230.15    226.21    225.31    225.93    226.13    220.34
    220.20    239.22    245.02    248.28    273.44    278.36    278.53    274.87    268.97    267.34    273.44    258.49    226.84
    204.01    205.50    220.56    213.17    198.77    188.50    185.41    190.89    183.37    171.34    169.06    180.51   9999.90
   9999.90    215.90    217.64    207.84    209.03    211.06    214.28    229.19    212.10    195.32    209.35    237.10    238.90
    226.05    215.19    198.86    185.57    183.18    199.69    227.41    238.48    235.08    231.95    217.91    205.87    210.48
    220.35    223.76    228.89    236.72    247.60    252.49    241.76    235.79    238.40    237.17    232.91    207.32    188.05
    189.87    205.03    203.19    170.59    166.96    172.31    162.07    154.10    152.05    159.90    172.52    174.31   9999.90
   9999.90    180.38    186.18    194.99    187.73    190.98    192.37    196.23    207.58    202.65    186.55    202.49    206.80
    204.41    199.78    178.69    168.24    169.79    172.26    197.65    222.48    236.76    239.96    220.07    207.56    200.36
    206.91    211.19    218.15    225.89    220.02    219.97    204.58    202.81    206.12    194.93    175.91    171.19    178.31
    185.54    185.21    174.68    164.32    155.17    137.58    133.14    129.98    137.46    147.63    160.92    162.94   9999.90
   9999.90    152.44    142.76    156.43    162.66    163.35    170.63    186.58    198.33    194.68    176.07    171.80    169.67
    174.99    180.39    168.91    161.88    158.14    150.35    161.75    183.42    195.50    202.27    202.54    206.49    203.08
    184.21    185.26    191.37    190.00    184.09    173.32    171.33    175.90    169.67    157.37    149.87    153.49    165.68
    170.36    158.95    152.38    153.43    140.49    127.76    127.56    124.82    131.63    145.14    156.08    153.38   9999.90
   9999.90    125.71    126.95    125.35    128.94    134.92    148.39    171.09    187.28    165.44    161.19    164.21    145.92
    148.98    164.17    166.99    156.88    134.40    129.25    140.91    144.31    157.33    174.74    180.29    181.41    182.69
    167.61    151.38    158.71    160.20    157.38    147.30    145.43    149.89    149.56    143.91    138.78    137.62    139.74
    140.17    135.67    135.89    134.94    134.26    135.95    126.66    128.21    138.71    150.67    161.70    163.26   9999.90
   9999.90    106.66    112.01    108.04    114.03    125.42    135.70    145.93    150.80    141.18    144.36    136.67    127.75
    143.49    160.78    160.75    151.04    146.33    143.65    140.30    142.52    147.75    155.85    157.68    153.15    147.66
    148.45    141.01    136.02    132.85    134.53    135.76    137.74    134.45    128.84    121.72    120.40    122.02    120.87
    114.57    115.17    116.98    117.13    119.46    124.89    127.97    138.30    147.07    159.65    166.78    168.51   9999.90
   9999.90     94.35    103.34    109.81    114.42    121.06    128.42    133.41    131.70    123.83    122.69    121.07    126.65
    138.83    150.72    147.67    150.08    152.38    154.22    149.43    141.48    135.88    133.18    137.18    135.05    124.15
    116.97    119.65    116.05    112.76    116.23    126.63    117.46    103.21    105.26    101.87     99.56    103.52    105.71
    102.45    104.73    113.38    110.67    113.64    123.69    136.66    145.04    144.57    159.90    167.06    161.16   9999.90
   9999.90     88.70     94.35     98.11    105.75    119.22    126.02    130.54    126.76    116.31    122.93    127.27    126.48
    122.44    123.72    120.50    125.39    135.20    134.61    125.93    114.64    110.95    110.40    107.05    100.30     96.15
     94.76    100.70     95.02     91.19    102.01    108.72     93.49     85.47     86.13     87.37     94.43     98.73     98.53
     96.72     99.55    107.98    110.91    114.51    126.49    142.43    146.17    148.96    154.13    152.16    149.37   9999.90
   9999.90     81.51     88.81     93.52    102.67    117.66    123.37    125.40    124.66    120.10    117.09    117.53    110.36
    103.87     97.62    100.49    105.69    110.69    102.74     92.38     89.33     87.70     87.43     86.71     84.68     79.58
     78.73     83.74     85.29     80.79     83.12     83.97     79.85     85.89     91.83     91.97     92.29     92.88     97.00
     97.95     99.50    105.31    106.96    104.90    110.22    124.33    136.88    148.70    150.55    137.98    137.28   9999.90
   9999.90     76.00     86.55     96.72    101.66    103.11    102.64    105.37    105.27    102.47     95.43     94.67     87.67
     87.89     84.58     91.78     89.60     81.81     80.66     78.32     77.28     72.43     71.68     76.03     75.88     75.32
     74.15     75.19     80.32     82.62     78.48     78.26     76.10     81.54     85.14     86.24     86.03     90.39     97.97
    104.02     98.14     99.13     97.31     92.63     88.09     96.97    119.62    134.32    129.13    114.87    108.22   9999.90
   9999.90   9999.90   9999.90   9999.90   9999.90   9999.90   9999.90   9999.90   9999.90   9999.90   9999.90   9999.90   9999.90
   9999.90   9999.90   9999.90   9999.90   9999.90   9999.90   9999.90   9999.90   9999.90   9999.90   9999.90   9999.90   9999.90
   9999.90   9999.90   9999.90   9999.90   9999.90   9999.90   9999.90   9999.90   9999.90   9999.90   9999.90   9999.90   9999.90
   9999.90   9999.90   9999.90   9999.90   9999.90   9999.90   9999.90   9999.90   9999.90   9999.90   9999.90   9999.90   9999.90
   9999.90   9999.90   9999.90   9999.90   9999.90   9999.90   9999.90   9999.90   9999.90   9999.90   9999.90   9999.90   9999.90
   9999.90   9999.90   9999.90   9999.90   9999.90   9999.90   9999.90   9999.90   9999.90   9999.90   9999.90   9999.90   9999.90
   9999.90   9999.90   9999.90   9999.90   9999.90   9999.90   9999.90   9999.90   9999.90   9999.90   9999.90   9999.90   9999.90
   9999.90   9999.90   9999.90   9999.90   9999.90   9999.90   9999.90   9999.90   9999.90   9999.90   9999.90   9999.90   9999.90
   9999.90    530.46    540.37    554.52    576.26    602.43    600.03    578.25    569.25    571.60    577.68    567.17    552.94
    543.44    547.59    560.26    574.40    587.17    595.21    596.17    597.58    610.97    637.29    658.48    677.14    696.35
    683.80    641.24    609.89    596.81    589.08    600.01    615.76    620.33    622.93    623.47    614.51    589.85    564.61
    565.09    584.21    610.99    624.52    616.05    588.84    571.95    569.67    566.36    568.64    569.19    574.75   9999.90
   9999.90    515.39    523.93    535.59    556.99    584.91    597.80    593.04    575.80    575.42    604.36    623.92    624.77
    620.30    613.34    605.39    607.83    614.67    622.02    645.44    666.90    665.26    655.37    646.35    649.76    662.44
    655.21    628.83    602.26    574.55    552.64    541.61    547.93    570.26    580.14    589.14    612.84    631.26    630.84
    624.50    627.10    640.31    628.72    603.03    592.92    575.46    560.15    557.92    562.03    566.22    567.04   9999.90
   9999.90    481.15    489.10    516.12    541.70    564.33    581.00    600.87    610.56    597.04    597.20    597.23    595.20
    625.78    660.88    666.49    655.57    630.52    624.25    635.15    645.79    644.99    641.24    632.30    627.48    635.53
    627.08    607.46    589.42    578.80    566.57    548.42    538.05    536.93    547.70    570.07    589.90    618.40    639.23
    642.24    638.58    616.24    575.24    548.18    531.71    519.76    516.54    519.41    535.81    560.84    562.83   9999.90
   9999.90    500.83    516.69    516.89    515.98    541.43    575.57    606.40    630.38    625.41    616.80    625.48    636.11
    640.58    629.10    612.59    610.22    592.40    581.43    593.76    609.43    613.41    596.91    592.36    607.75    617.47
    605.36    581.50    578.47    599.92    598.32    578.11    573.95    576.06    574.91    568.61    567.23    572.11    589.02
    607.76    603.46    573.86    543.58    537.17    537.73    531.26    531.78    546.10    553.57    538.18    523.93   9999.90
   9999.90    505.64    535.16    535.04    537.78    548.10    566.37    596.42    620.67    640.86    650.64    662.04    661.62
    640.22    621.31    603.06    595.27    598.89    599.22    601.72    583.43    575.16    580.36    574.88    565.69    568.74
    581.08    591.43    606.15    609.28    623.35    647.67    653.75    640.56    619.82    605.08    590.14    588.61    617.64
    625.67    606.31    602.50    589.87    562.31    545.32    527.72    509.35    500.68    493.71    477.12    449.13   9999.90
   9999.90    502.82    538.10    542.89    524.14    503.08    521.98    579.80    614.44    602.15    577.35    574.37    578.00
    553.74    538.85    545.32    544.54    558.11    586.30    586.04    548.27    532.07    544.17    541.30    538.56    562.19
    589.74    602.92    595.42    591.52    614.90    631.34    639.56    655.92    652.13    631.70    630.07    627.44    625.90
    631.40    615.36    602.67    614.36    637.06    622.30    569.30    502.58    426.95    395.99    405.89    407.39   9999.90
   9999.90    511.36    523.08    520.19    506.56    506.69    501.53    504.84    512.58    507.54    490.28    472.88    478.51
    500.95    511.63    520.47    524.91    517.78    515.43    517.60    520.86    516.05    542.27    560.93    541.58    547.99
    576.32    596.31    607.22    607.50    592.23    580.04    603.31    627.45    609.88    613.05    626.56    626.92    640.72
    649.84    637.74    610.78    605.58    612.75    576.55    544.60    530.80    495.49    460.05    447.14    428.88   9999.90
   9999.90    541.15    517.80    504.58    497.43    502.94    516.72    545.13    534.34    520.89    541.42    528.50    512.89
    514.36    507.22    514.99    530.10    519.62    513.19    508.30    505.15    505.03    532.34    562.36    574.54    591.31
    587.63    576.45    577.82    579.36    575.28    577.06    590.82    591.43    574.12    578.15    614.56    638.41    645.32
    641.23    633.38    614.47    578.64    545.07    526.93    525.97    551.10    540.32    493.53    478.66    492.36   9999.90
   9999.90    487.06    480.76    483.78    499.76    516.90    550.24    575.26    560.59    532.80    547.50    551.01    537.70
    539.71    532.31    527.65    515.93    492.72    450.71    447.28    489.17    512.84    514.95    534.62    584.53    612.75
    578.33    556.38    557.13    547.10    576.21    599.96    577.53    539.37    527.52    541.31    572.34    599.41    619.77
    626.29    619.49    618.21    603.81    580.21    554.59    549.22    545.04    536.47    509.82    490.65    497.69   9999.90
   9999.90    467.66    451.82    469.97    499.01    522.69    530.86    535.57    536.86    514.65    496.80    481.71    467.41
    465.09    482.21    516.20    522.84    495.05    458.21    440.21    440.85    454.70    476.77    518.92    591.75    631.07
    605.48    569.40    557.60    552.31    557.57    582.80    563.03    524.36    511.50    522.64    550.73    581.35    575.50
    567.36    584.77    617.30    638.61    610.86    554.20    543.85    580.76    609.64    574.10    519.12    530.64   9999.90
   9999.90    497.43    460.41    446.75    479.30    496.20    496.57    498.92    501.86    507.25    467.25    425.41    433.02
    409.29    401.52    478.59    522.23    479.54    462.16    476.33    467.50    443.54    450.39    472.26    503.66    566.73
    601.79    606.10    610.16    577.66    524.59    523.86    540.25    527.75    514.21    525.43    535.14    528.92    517.62
    508.91    517.96    582.25    625.10    602.45    573.02    563.26    594.19    619.33    607.45    585.00    591.77   9999.90
   9999.90    511.29    491.74    456.44    496.53    531.57    536.62    536.05    502.54    464.00    459.39    473.23    486.20
    468.51    415.50    432.51    473.10    489.17    491.11    474.95    460.87    437.11    409.83    407.91    433.29    477.24
    523.60    575.06    609.25    600.57    559.98    542.34    565.70    551.52    522.11    533.89    545.95    534.96    521.20
    499.31    498.95    542.77    610.51    630.18    629.35    628.27    607.23    609.34    549.19    515.65    543.22   9999.90
   9999.90    465.18    516.23    517.81    532.91    577.33    578.39    547.33    516.50    470.71    448.69    482.99    496.99
    490.42    457.80    456.33    475.07    485.81    478.44    436.87    402.81    423.19    416.89    385.63    404.96    441.31
    446.57    494.56    550.44    559.41    543.89    542.66    566.19    565.01    535.61    527.31    535.23    531.54    513.99
    508.16    530.20    562.69    604.09    641.56    646.58    617.88    610.57    611.37    555.92    528.35    518.14   9999.90
   9999.90    445.48    519.99    559.78    555.35    559.91    508.93    470.47    473.17    450.57    424.98    445.58    446.39
    450.09    509.32    518.37    469.93    444.25    394.48    357.48    355.34    385.04    385.54    373.53    399.39    412.13
    403.47    407.73    447.93    496.00    520.60    510.79    511.00    530.06    514.51    503.07    499.87    487.84    490.62
    502.18    540.26    572.26    584.18    613.45    617.45    555.57    545.17    583.14    575.15    552.87    557.01   9999.90
   9999.90    461.48    458.49    480.27    537.08    533.34    487.83    450.41    444.12    449.88    430.93    413.80    413.05
    440.67    441.94    448.94    457.53    425.88    340.77    286.68    308.76    340.46    352.17    345.48    369.56    370.82
    367.50    357.47    375.26    443.58    506.18    513.33    492.60    494.88    490.98    508.13    527.55    514.48    529.20
    557.18    547.39    526.70    523.42    568.18    561.30    517.41    543.13    574.61    546.10    516.38    528.68   9999.90
   9999.90    453.67    412.71    413.33    456.22    479.72    484.95    456.11    426.97    431.17    424.90    407.65    432.09
    434.69    381.87    356.44    367.66    382.76    345.94    293.38    296.46    301.52    326.91    355.74    314.93    307.37
    330.51    343.29    352.83    390.51    457.90    478.82    480.52    467.29    475.17    502.82    502.29    534.52    572.47
    547.04    516.09    504.09    478.22    469.12    471.81    498.60    525.86    503.33    449.59    410.70    393.66   9999.90
   9999.90    411.96    415.61    438.22    431.09    424.30    405.14    392.29    424.52    427.83    417.00    443.78    472.99
    414.32    343.62    336.34    328.61    306.67    312.60    316.28    288.18    282.04    314.65    339.38    305.87    282.27
    297.23    333.50    348.42    374.68    413.41    429.99    445.02    451.79    459.34    443.31    418.50    450.70    502.76
    508.50    506.21    475.00    421.13    398.49    403.37    397.25    383.97    378.53    351.64    328.65    314.35   9999.90
   9999.90    389.81    422.25    423.39    428.74    422.85    366.52    336.65    365.27    383.66    403.74    445.43    425.54
    374.67    332.81    316.96    299.99    277.41    302.22    296.23    266.36    269.02    300.16    331.13    329.12    287.07
    271.56    308.83    349.79    404.76    409.68    433.37    446.81    444.75    409.57    367.36    389.30    425.63    428.46
    444.28    433.94    389.50    349.88    346.49    348.39    324.39    307.59    284.94    282.68    273.54    271.20   9999.90
   9999.90    377.39    345.96    327.93    368.41    381.69    370.53    326.78    297.38    315.91    342.08    368.75    363.83
    355.72    349.76    301.79    269.69    270.68    284.94    284.00    276.55    276.78    303.61    334.78    339.72    292.28
    269.72    282.73    333.02    389.53    431.27    441.78    438.78    411.48    379.43    394.33    412.52    413.83    375.51
    328.79    303.05    305.51    311.04    306.94    296.41    276.59    254.25    241.54    231.09    219.15    243.65   9999.90
   9999.90    351.04    295.72    273.55    308.32    341.13    342.06    300.16    279.11    272.59    279.13    320.94    350.55
    350.54    315.62    281.49    270.53    256.56    267.07    308.50    316.24    306.18    305.89    313.69    308.07    294.08
    299.50    310.47    319.57    322.74    382.90    393.84    356.57    356.88    373.08    378.15    386.19    345.24    284.09
    250.13    265.69    284.03    269.60    254.96    232.70    220.16    223.57    218.01    206.33    219.62    219.25   9999.90
   9999.90    292.02    285.76    282.08    290.45    296.66    294.24    291.48    275.65    254.45    254.54    304.41    344.88
    312.97    293.07    260.93    238.40    218.45    232.74    300.32    343.75    325.08    321.12    303.13    271.72    280.68
    306.99    313.10    314.81    339.97    352.05    345.59    319.49    295.11    312.45    323.50    291.80    256.05    234.34
    230.97    262.80    258.41    221.38    204.96    194.70    187.05    191.35    189.23    204.22    213.34    213.60   9999.90
   9999.90    231.26    242.99    264.41    257.13    257.93    258.72    268.61    277.39    279.63    272.51    267.61    277.58
    270.42    269.95    245.08    205.53    204.42    214.99    242.94    292.27    313.34    305.75    290.55    283.52    283.68
    279.96    285.25    291.29    291.12    289.05    292.07    286.67    269.55    263.21    247.05    223.88    222.66    227.90
    237.71    237.64    221.52    211.03    203.32    182.24    173.34    171.03    174.74    189.11    194.62    208.13   9999.90
   9999.90    200.60    181.26    202.34    212.65    220.04    237.20    254.34    275.90    292.45    261.52    234.21    224.08
    232.85    230.31    216.90    208.74    199.04    204.49    218.42    227.97    250.87    261.67    260.92    264.48    282.64
    271.43    244.98    239.98    239.25    235.41    228.28    223.59    229.95    215.82    196.67    201.03    205.46    209.26
    207.53    193.56    198.61    216.68    203.28    177.70    170.08    166.19    167.84    180.82    196.32    195.05   9999.90
   9999.90    162.27    155.26    165.29    178.72    187.67    206.46    226.04    256.81    251.51    222.24    208.97    202.89
    199.09    213.51    222.73    222.97    200.68    195.64    197.99    209.12    227.07    236.47    227.36    232.41    247.53
    239.54    228.07    228.66    217.78    196.15    188.45    188.60    181.72    169.16    172.02    183.14    186.58    185.57
    173.23    165.40    166.30    171.82    177.76    177.37    173.07    177.33    196.60    199.97    211.36    211.39   9999.90
   9999.90    128.70    135.01    142.26    158.19    181.83    186.87    205.33    222.91    191.57    167.83    171.64    178.13
    187.01    222.74    248.85    221.32    200.87    202.74    215.23    215.99    207.91    206.53    201.52    196.95    196.91
    197.57    196.90    196.49    177.46    163.08    154.49    156.37    157.51    155.06    148.55    136.73    142.03    158.47
    156.89    144.15    136.69    142.84    154.38    168.60    170.84    190.67    213.34    216.47    230.79    235.01   9999.90
   9999.90    104.30    110.34    127.95    148.89    174.57    178.53    186.32    194.61    162.28    155.25    175.69    182.18
    196.44    209.06    206.74    205.40    192.45    188.85    206.95    199.48    176.67    168.77    166.57    163.10    155.66
    153.94    152.70    146.79    139.40    136.46    136.76    137.07    132.79    127.81    116.55    105.54    116.61    127.92
    127.77    128.96    134.79    150.24    157.48    155.47    167.98    190.13    201.28    217.07    229.17    231.62   9999.90
   9999.90     96.14    108.56    122.15    142.78    163.49    172.57    181.46    188.62    173.92    169.15    190.84    181.68
    174.39    159.46    156.25    167.79    158.30    166.51    171.28    168.81    149.00    131.25    127.14    119.35    119.47
    124.93    118.81    108.41    122.41    129.41    123.41    115.67    111.17    111.90    109.82    113.85    113.62    105.07
    109.50    119.41    132.49    143.06    145.32    156.63    176.28    189.37    195.55    206.86    219.99    229.35   9999.90
   9999.90    102.83    118.51    132.71    148.61    166.77    173.89    177.56    177.50    170.57    157.69    156.46    146.62
    130.36    119.17    121.15    126.14    128.71    140.02    146.21    130.49    114.77    111.39    104.92    101.51    106.02
    103.28     92.73     92.85    103.70    106.11    100.08    103.28    108.10    105.49    109.76    113.57    115.95    110.58
    105.36    110.92    121.78    126.95    129.23    142.64    154.02    165.02    181.17    202.46    204.54    199.16   9999.90
   9999.90    101.24    112.11    127.61    143.40    150.30    159.14    164.23    154.98    126.19    107.70    106.21    117.02
    113.76    112.40    103.14    103.63    108.63    119.07    125.44    109.10     98.57     90.79     87.47     88.10     86.07
     87.25     80.54     82.56     83.77     86.66     89.71     91.83     91.49     93.15     94.36     98.85    104.26    102.43
    103.31    110.38    116.65    122.61    124.58    124.62    121.23    124.83    140.38    158.96    158.28    139.67   9999.90
   9999.90   9999.90   9999.90   9999.90   9999.90   9999.90   9999.90   9999.90   9999.90   9999.90   9999.90   9999.90   9999.90
   9999.90   9999.90   9999.90   9999.90   9999.90   9999.90   9999.90   9999.90   9999.90   9999.90   9999.90   9999.90   9999.90
   9999.90   9999.90   9999.90   9999.90   9999.90   9999.90   9999.90   9999.90   9999.90   9999.90   9999.90   9999.90   9999.90
   9999.90   9999.90   9999.90   9999.90   9999.90   9999.90   9999.90   9999.90   9999.90   9999.90   9999.90   9999.90   9999.90
   9999.90   9999.90   9999.90   9999.90   9999.90   9999.90   9999.90   9999.90   9999.90   9999.90   9999.90   9999.90   9999.90
   9999.90   9999.90   9999.90   9999.90   9999.90   9999.90   9999.90   9999.90   9999.90   9999.90   9999.90   9999.90   9999.90
   9999.90   9999.90   9999.90   9999.90   9999.90   9999.90   9999.90   9999.90   9999.90   9999.90   9999.90   9999.90   9999.90
   9999.90   9999.90   9999.90   9999.90   9999.90   9999.90   9999.90   9999.90   9999.90   9999.90   9999.90   9999.90   9999.90
   9999.90    876.98    894.91    919.30    956.61    978.94    992.02    999.78    994.36    980.25    973.05    985.56    991.20
    975.52    967.83    967.40    967.19    978.78    969.23    965.94    972.90    997.94   1022.96   1052.15   1080.41   1088.22
   1109.27   1097.86   1059.34   1036.72   1024.89   1020.07   1023.79   1007.63    979.24    944.07    916.15    920.84    915.07
    932.70    971.42    977.46    954.69    938.93    925.28    917.01    911.71    900.26    909.48    932.68    934.93   9999.90
   9999.90    867.44    882.58    902.09    923.88    940.62    947.46    971.99   1007.08   1020.10   1024.69   1057.42   1083.47
   1082.69   1062.29   1046.00   1037.29   1029.40   1014.39   1009.50   1035.58   1070.81   1083.88   1091.71   1099.97   1101.95
   1077.55   1038.24   1004.85    970.04    946.95    939.16    942.34    935.21    930.92    916.96    932.06    955.13    981.45
   1013.68   1031.40   1003.88    956.04    929.22    909.18    883.75    877.89    891.01    902.70    900.04    894.67   9999.90
   9999.90    809.69    817.00    819.02    845.34    922.65    975.05    971.85    960.98    958.43    972.82   1006.67   1045.51
   1092.45   1114.55   1105.93   1086.06   1075.07   1055.56   1031.85   1058.20   1071.72   1074.18   1095.35   1091.07   1059.67
   1029.40   1008.72    991.39    962.77    933.52    925.31    914.91    908.41    916.65    908.26    930.20   1009.69   1061.79
   1050.78    998.42    925.94    872.67    860.95    870.10    860.41    835.04    830.00    859.35    896.64    908.79   9999.90
   9999.90    836.26    866.32    859.34    864.57    889.25    913.85    920.87    929.36    952.67    967.48    975.96    987.88
    996.10   1007.60   1020.44   1044.50   1063.20   1046.37   1025.26   1028.05   1026.26   1025.04   1018.65   1023.93   1035.46
    998.83    960.01    951.36    960.68    965.37    965.82    962.50    928.87    914.33    964.43   1004.48    984.39    974.53
    984.40    962.35    923.29    902.98    921.09    908.69    853.12    815.26    814.92    829.25    849.64    825.63   9999.90
   9999.90    837.48    875.04    885.60    885.98    888.59    885.85    892.34    916.12    949.34    984.19   1006.89   1009.00
    981.08    948.48    957.99   1021.04   1062.60   1029.97    990.23    968.17    949.46    962.80    970.30    976.12    974.36
    952.07    952.64    965.49    982.77   1008.10   1019.45   1023.16   1028.12   1037.20   1048.06   1017.33    989.37   1010.43
   1026.88   1004.87    979.37    966.27    950.39    911.48    853.36    825.90    800.16    755.40    716.88    696.40   9999.90
   9999.90    843.77    839.30    821.20    826.20    843.68    868.71    891.33    902.63    910.40    903.15    884.58    871.43
    887.67    896.23    889.41    926.13    977.92    972.93    949.27    933.00    920.52    921.65    937.24    930.77    931.76
    942.31    943.09    940.54    947.64    979.78   1017.93   1054.82   1071.65   1063.70   1034.08   1035.50   1047.11   1041.83
   1028.35   1002.52    993.08    994.37   1004.16    981.94    908.74    818.30    735.78    677.95    639.74    632.31   9999.90
   9999.90    794.88    794.70    799.48    815.36    822.15    821.49    835.07    848.62    818.28    790.63    792.41    793.74
    817.38    850.05    850.07    871.58    916.41    905.10    885.99    889.53    877.96    900.97    950.08    938.51    924.68
    945.67    958.15    962.82    958.98    936.35    931.41    962.68   1025.83   1051.70   1052.00   1055.23   1041.59   1039.45
   1048.80   1024.62    985.99    959.09    953.94    928.10    889.55    836.51    778.15    731.24    693.33    682.69   9999.90
   9999.90    874.44    841.17    805.19    793.82    803.14    841.58    869.86    869.38    855.14    836.30    828.60    830.50
    822.21    805.31    816.62    861.44    883.34    876.48    872.64    880.39    874.04    905.77    950.91    952.36    963.04
    983.03    975.69    958.19    926.97    914.09    933.24    969.50    981.99    955.02    975.02   1040.94   1063.25   1053.08
   1039.51   1019.51   1003.61    948.14    887.35    857.63    867.95    880.27    871.25    833.32    801.55    774.81   9999.90
   9999.90    886.42    837.53    789.68    761.22    780.60    868.30    939.12    916.92    868.69    853.08    836.18    836.47
    851.32    818.17    778.75    812.96    838.90    810.94    764.28    783.81    865.40    897.52    917.89    975.05   1011.51
    976.40    928.87    937.99    955.79    961.14    975.12    945.94    878.91    878.71    904.56    961.60   1036.36   1046.70
   1039.85   1031.02   1010.17    976.94    963.53    946.05    906.91    922.67    904.09    883.52    868.21    804.57   9999.90
   9999.90    818.33    799.99    816.73    809.36    787.13    808.17    856.64    864.28    824.04    783.61    762.56    747.65
    742.40    762.22    782.48    812.79    843.75    807.81    756.50    739.50    762.09    808.02    858.98    951.96   1022.53
    999.71    960.12    939.69    959.01    991.53   1002.93    980.27    905.28    865.53    883.82    919.40    969.05    976.09
    961.12    976.48   1013.52   1061.36   1040.45    976.12    926.07    941.94    969.68    959.80    929.32    891.35   9999.90
   9999.90    860.18    819.03    815.29    806.28    760.23    788.94    814.52    818.63    820.59    750.40    686.24    683.16
    674.55    679.81    739.42    801.43    836.45    820.28    797.56    785.74    754.12    744.07    805.35    884.93    945.24
    995.83    988.85    992.29    995.06    952.65    927.45    941.29    913.12    874.80    887.98    913.52    919.11    918.21
    882.98    886.61    976.81   1066.31   1056.32    979.54    949.88    972.69    983.40    974.52    976.51    947.93   9999.90
   9999.90    882.94    872.05    812.38    832.72    864.53    873.29    856.20    813.40    750.80    739.70    752.28    785.82
    785.00    710.95    726.96    791.69    791.17    788.54    779.34    775.73    772.16    737.41    715.74    751.76    820.87
    910.09    957.61   1009.83   1050.07    967.96    907.72    947.32    938.68    894.59    892.93    931.25    933.03    905.81
    887.78    909.73    958.68   1004.86   1073.25   1098.29   1072.59   1035.54   1005.47    945.99    863.83    830.81   9999.90
   9999.90    800.35    886.15    901.55    903.70    949.49    951.20    860.28    811.70    782.20    737.12    761.73    774.76
    775.22    763.92    763.40    774.47    741.80    720.31    679.44    674.42    677.76    645.38    617.51    628.21    706.46
    758.42    842.25    906.79    940.64    926.57    906.07    943.38    970.96    911.15    846.35    859.54    894.33    894.91
    908.83    949.21   1015.15   1068.55   1100.83   1102.61   1045.84   1012.41    983.85    906.54    829.85    808.03   9999.90
   9999.90    730.41    847.41    934.33    948.58    942.15    887.34    808.12    769.39    772.78    694.85    620.90    612.70
    657.40    735.12    759.40    714.66    670.17    584.97    499.56    491.69    532.72    564.36    548.37    587.17    648.86
    656.54    677.87    753.12    814.63    853.76    884.99    897.58    867.16    837.09    833.27    850.77    883.21    894.96
    928.49    951.84    967.34   1007.89   1027.54    987.37    916.43    897.21    911.68    869.67    873.42    897.30   9999.90
   9999.90    747.68    773.99    788.93    871.96    878.04    822.17    748.41    725.04    708.89    630.55    562.41    528.96
    600.78    641.39    610.12    628.97    608.00    484.58    411.95    414.40    437.93    502.18    511.40    514.63    531.29
    556.37    579.77    646.75    744.84    805.18    817.82    825.77    830.42    818.86    847.59    894.34    904.92    906.89
    934.74    903.64    868.93    869.27    870.60    855.39    851.41    884.23    863.25    819.03    794.45    772.31   9999.90
   9999.90    737.87    684.69    697.86    770.40    762.01    719.49    709.77    700.82    680.10    629.06    610.56    626.35
    609.07    572.76    500.51    458.50    484.31    464.75    432.23    424.70    407.31    413.12    480.38    462.72    421.53
    446.11    505.22    574.27    650.46    741.17    774.73    761.68    756.41    751.01    799.37    833.46    868.63    902.29
    855.39    821.29    798.37    739.67    706.92    704.07    726.90    723.18    711.40    687.66    620.11    557.64   9999.90
   9999.90    647.86    667.92    708.39    713.53    682.25    642.02    629.93    638.08    631.18    645.04    705.96    698.48
    617.84    556.22    498.95    416.97    380.51    406.96    432.09    444.89    416.45    389.41    471.92    465.58    391.42
    378.82    440.38    547.06    626.13    689.74    726.46    704.60    693.87    731.72    742.81    707.34    751.11    799.41
    789.18    752.34    681.93    604.11    571.10    593.30    570.84    502.50    488.63    500.54    464.16    427.17   9999.90
   9999.90    638.13    680.09    666.74    645.71    644.43    592.84    555.04    530.96    543.31    594.99    641.35    624.31
    570.38    539.01    479.65    404.47    364.28    366.06    391.91    414.21    414.41    439.52    512.75    515.10    381.48
    336.24    415.65    519.15    647.84    698.80    692.68    730.47    695.05    633.91    633.50    667.91    681.51    683.56
    623.28    552.05    510.74    475.16    495.49    508.88    464.66    400.02    339.96    341.43    359.53    368.08   9999.90
   9999.90    613.23    574.68    520.09    526.54    554.92    554.55    494.85    458.09    467.02    482.46    551.56    585.89
    555.89    507.69    419.75    379.33    360.95    361.36    401.50    422.86    425.03    463.70    525.48    519.70    426.83
    388.05    423.22    490.03    592.49    666.54    653.69    630.74    606.88    585.20    600.93    643.54    604.49    518.46
    439.18    427.89    436.71    440.72    407.28    375.62    359.62    333.25    308.56    295.32    299.95    340.86   9999.90
   9999.90    506.03    451.63    428.20    434.65    480.63    520.50    457.31    393.93    400.52    419.05    504.53    576.53
    538.73    479.44    393.45    352.49    343.46    350.46    425.72    449.87    432.64    449.90    466.72    456.87    458.44
    471.89    469.62    509.51    557.69    596.84    568.13    485.10    486.29    533.82    528.60    530.62    472.41    388.23
    362.25    386.67    405.53    368.82    314.14    274.80    274.53    296.27    280.90    280.72    296.30    292.86   9999.90
   9999.90    391.00    392.02    413.01    424.33    415.16    425.49    427.62    385.18    383.35    424.31    471.34    507.84
    455.87    421.06    366.59    307.99    295.46    327.90    408.95    459.09    464.74    449.66    449.42    431.67    468.41
    514.14    502.02    509.63    541.76    547.54    496.40    442.36    432.59    444.48    432.20    399.08    367.65    336.19
    352.65    357.43    324.42    315.93    284.97    252.91    250.76    245.45    243.79    280.25    279.07    262.55   9999.90
   9999.90    325.24    322.43    372.51    394.55    369.87    363.18    387.02    409.49    445.35    445.06    401.10    401.88
    425.28    408.03    346.19    294.05    282.96    309.15    361.86    405.49    435.89    458.80    432.60    427.96    460.88
    447.16    443.73    442.89    451.33    437.85    423.42    414.10    390.05    347.05    325.87    328.45    334.79    334.98
    335.58    303.47    286.33    304.27    280.83    244.41    234.80    227.44    240.37    265.70    268.50    280.09   9999.90
   9999.90    285.13    278.77    299.47    311.10    305.30    316.61    372.51    437.21    468.68    409.02    327.02    346.92
    382.67    366.05    341.53    321.55    297.72    294.43    340.90    356.33    372.18    395.65    380.52    378.41    411.54
    412.29    381.16    356.65    347.34    345.03    355.75    327.20    281.94    256.16    247.60    265.76    292.15    296.43
    276.78    262.49    258.95    258.28    249.59    224.53    237.30    247.81    258.01    265.90    274.65    279.50   9999.90
   9999.90    217.53    229.21    246.47    256.76    264.19    293.57    360.24    424.55    400.81    316.99    285.27    299.61
    326.70    341.30    366.14    349.35    309.81    301.39    336.45    347.94    348.23    336.62    336.83    327.02    343.62
    354.58    328.38    315.99    313.80    296.38    264.51    225.94    200.27    194.01    196.62    208.84    238.62    257.26
    245.56    229.26    228.74    215.87    213.16    233.09    260.98    278.02    287.77    295.20    322.36    348.65   9999.90
   9999.90    155.89    165.07    222.63    255.30    263.45    288.69    331.05    365.07    307.77    261.68    265.88    274.74
    299.53    320.61    358.62    354.39    302.26    301.58    323.47    330.12    304.67    285.63    295.94    268.02    241.19
    242.46    240.63    254.53    251.95    230.41    204.03    185.47    166.96    165.31    180.82    185.79    195.99    214.20
    216.15    218.58    219.75    210.93    229.33    271.69    272.02    272.99    302.53    327.21    370.25    407.70   9999.90
   9999.90    125.28    148.41    182.86    228.06    262.07    294.33    310.96    306.23    277.05    258.92    252.01    266.59
    278.44    264.29    267.11    288.29    264.01    259.86    278.62    285.57    261.86    238.76    215.28    191.36    168.59
    170.09    174.81    187.05    191.97    192.91    185.17    182.99    184.61    188.01    190.82    180.84    169.73    166.23
    175.07    202.18    216.45    223.17    241.56    258.78    270.15    286.48    302.83    318.57    349.76    379.45   9999.90
   9999.90    124.59    149.66    170.47    197.91    242.48    287.54    296.66    277.93    277.70    266.52    246.02    240.46
    213.36    192.28    208.31    221.98    203.59    213.79    244.91    235.35    210.52    175.79    153.35    150.13    147.24
    151.28    150.49    152.69    158.99    165.29    176.18    185.55    193.06    188.56    181.94    175.74    165.27    150.71
    157.02    191.87    229.12    224.82    208.07    222.00    262.07    285.99    320.84    323.51    326.06    350.73   9999.90
   9999.90    137.53    155.03    183.76    204.50    226.22    245.33    264.47    267.37    254.94    219.61    208.71    195.44
    152.65    151.14    191.30    170.82    150.51    172.71    195.30    192.87    184.78    142.47    128.36    124.61    121.43
    140.42    138.85    125.44    139.13    169.76    170.61    171.04    167.84    150.40    141.09    143.38    150.85    145.78
    146.72    181.13    200.81    205.54    213.35    217.05    235.59    243.99    263.27    281.34    270.74    262.82   9999.90
   9999.90    138.25    152.60    165.57    173.44    187.59    223.81    235.98    219.82    188.36    170.46    150.31    153.90
    153.94    151.33    153.48    148.49    136.27    141.52    142.68    154.53    144.62    133.56    119.23     97.20    114.55
    130.79    114.04    112.11    130.21    158.15    150.14    141.40    119.84     98.78    102.16    110.56    117.76    107.82
    112.08    131.81    154.29    165.64    174.27    176.89    168.63    172.31    174.95    193.11    191.32    184.65   9999.90
   9999.90   9999.90   9999.90   9999.90   9999.90   9999.90   9999.90   9999.90   9999.90   9999.90   9999.90   9999.90   9999.90
   9999.90   9999.90   9999.90   9999.90   9999.90   9999.90   9999.90   9999.90   9999.90   9999.90   9999.90   9999.90   9999.90
   9999.90   9999.90   9999.90   9999.90   9999.90   9999.90   9999.90   9999.90   9999.90   9999.90   9999.90   9999.90   9999.90
   9999.90   9999.90   9999.90   9999.90   9999.90   9999.90   9999.90   9999.90   9999.90   9999.90   9999.90   9999.90   9999.90
   9999.90   9999.90   9999.90   9999.90   9999.90   9999.90   9999.90   9999.90   9999.90   9999.90   9999.90   9999.90   9999.90
   9999.90   9999.90   9999.90   9999.90   9999.90   9999.90   9999.90   9999.90   9999.90   9999.90   9999.90   9999.90   9999.90
   9999.90   9999.90   9999.90   9999.90   9999.90   9999.90   9999.90   9999.90   9999.90   9999.90   9999.90   9999.90   9999.90
   9999.90   9999.90   9999.90   9999.90   9999.90   9999.90   9999.90   9999.90   9999.90   9999.90   9999.90   9999.90   9999.90
   9999.90   1502.11   1517.21   1541.93   1583.18   1610.52   1606.83   1603.73   1628.36   1651.79   1658.64   1685.99   1709.40
   1721.34   1715.98   1730.22   1718.80   1690.39   1696.07   1688.61   1681.14   1690.80   1684.48   1690.06   1704.38   1712.18
   1703.39   1718.20   1744.94   1755.81   1750.00   1694.92   1641.59   1612.55   1586.16   1559.99   1554.47   1546.61   1555.56
   1567.64   1557.63   1556.64   1573.89   1547.86   1540.60   1544.58   1533.84   1521.69   1523.15   1527.20   1515.05   9999.90
   9999.90   1503.46   1493.26   1508.59   1543.49   1581.35   1598.85   1612.74   1642.80   1672.20   1695.17   1734.95   1753.76
   1749.98   1743.32   1741.89   1735.60   1730.85   1723.54   1705.72   1724.14   1737.10   1743.02   1760.70   1758.09   1748.00
   1735.56   1700.54   1666.26   1634.89   1608.02   1591.40   1566.49   1569.13   1572.51   1558.87   1558.94   1574.18   1605.20
   1637.13   1624.33   1590.66   1556.84   1538.26   1532.94   1505.89   1481.48   1468.33   1474.46   1505.37   1531.98   9999.90
   9999.90   1450.66   1446.77   1450.30   1474.21   1517.10   1549.74   1568.95   1590.02   1612.96   1652.20   1718.79   1784.94
   1798.01   1787.98   1776.29   1763.74   1753.88   1740.10   1734.41   1724.80   1733.50   1757.04   1772.81   1753.45   1701.14
   1638.98   1605.58   1588.07   1596.47   1610.25   1587.47   1573.00   1578.69   1583.67   1561.18   1567.80   1627.65   1675.10
   1672.17   1616.56   1543.67   1487.55   1453.32   1472.84   1516.36   1507.16   1472.53   1467.58   1474.50   1494.34   9999.90
   9999.90   1434.06   1435.92   1444.70   1465.35   1490.92   1512.78   1519.82   1539.68   1559.62   1572.79   1595.05   1637.42
   1686.01   1716.68   1741.02   1752.85   1745.68   1722.77   1689.62   1690.32   1721.13   1730.07   1713.77   1680.38   1658.46
   1650.58   1612.51   1581.33   1583.31   1601.41   1609.17   1600.85   1580.85   1582.73   1617.82   1637.92   1635.00   1619.54
   1618.51   1609.86   1577.79   1527.38   1495.20   1510.50   1502.05   1466.64   1447.72   1430.51   1423.82   1412.62   9999.90
   9999.90   1450.40   1482.48   1478.19   1459.16   1444.38   1433.87   1443.97   1471.54   1496.15   1524.39   1554.71   1575.49
   1577.54   1590.18   1629.98   1684.76   1726.50   1711.42   1670.38   1662.28   1676.63   1669.06   1653.95   1649.74   1639.11
   1615.86   1591.00   1593.43   1624.41   1670.57   1685.99   1660.36   1652.33   1667.41   1682.58   1684.03   1665.10   1653.10
   1632.89   1608.27   1593.00   1567.91   1536.90   1528.75   1513.59   1465.39   1414.06   1362.29   1338.01   1341.59   9999.90
   9999.90   1426.41   1436.36   1425.44   1432.73   1451.48   1417.15   1401.91   1408.75   1426.77   1440.04   1422.10   1456.43
   1512.59   1500.62   1508.58   1579.19   1651.03   1649.41   1606.74   1601.18   1605.94   1627.62   1631.16   1612.36   1628.08
   1611.66   1607.48   1654.45   1657.85   1640.59   1653.48   1673.84   1697.01   1714.78   1709.82   1681.64   1648.88   1640.83
   1654.45   1637.16   1600.71   1595.32   1569.69   1550.52   1549.16   1479.03   1350.10   1259.66   1228.15   1222.66   9999.90
   9999.90   1412.37   1403.71   1383.17   1388.44   1433.51   1453.62   1423.84   1384.44   1377.71   1383.57   1393.33   1390.55
   1384.59   1408.79   1449.77   1522.33   1575.34   1563.36   1550.00   1541.34   1530.31   1562.15   1609.53   1641.96   1645.51
   1618.31   1601.15   1583.56   1569.18   1557.90   1561.70   1603.30   1661.92   1691.51   1681.89   1673.87   1666.98   1648.21
   1631.64   1595.85   1581.15   1575.62   1550.94   1527.99   1457.06   1391.10   1377.43   1329.35   1286.58   1256.30   9999.90
   9999.90   1450.80   1410.03   1364.69   1353.75   1395.12   1437.51   1464.19   1436.03   1427.35   1398.15   1372.06   1348.56
   1339.20   1352.60   1409.67   1481.47   1503.38   1516.39   1520.37   1523.59   1511.33   1534.83   1561.51   1592.87   1610.84
   1639.53   1638.02   1587.04   1559.55   1553.43   1562.48   1588.33   1605.53   1617.46   1636.45   1678.99   1688.22   1652.86
   1621.21   1623.03   1631.86   1582.54   1508.78   1458.79   1466.12   1460.75   1442.56   1423.20   1394.29   1348.44   9999.90
   9999.90   1479.27   1432.37   1384.99   1376.62   1429.75   1452.63   1493.43   1526.45   1511.34   1493.65   1465.08   1428.11
   1407.42   1355.01   1283.59   1313.46   1414.25   1465.79   1466.23   1466.41   1500.03   1558.42   1599.81   1632.19   1634.35
   1605.57   1604.88   1637.95   1654.63   1645.61   1636.88   1613.22   1555.09   1552.11   1582.35   1638.30   1699.56   1706.61
   1680.25   1671.38   1669.13   1637.74   1649.03   1631.53   1561.39   1529.62   1512.38   1517.62   1446.23   1384.42   9999.90
   9999.90   1458.77   1451.38   1412.26   1388.04   1386.19   1440.52   1489.69   1518.12   1490.89   1437.28   1381.08   1354.18
   1334.52   1361.46   1359.70   1382.68   1419.76   1403.66   1376.86   1377.61   1410.01   1471.32   1582.18   1658.30   1688.88
   1660.00   1617.05   1638.21   1686.93   1712.73   1697.67   1666.80   1595.13   1561.20   1587.16   1623.62   1669.12   1673.81
   1647.02   1645.48   1653.02   1720.07   1746.02   1660.89   1612.70   1607.01   1588.20   1552.87   1554.46   1523.52   9999.90
   9999.90   1504.22   1507.84   1441.78   1398.30   1429.65   1441.15   1446.15   1431.54   1385.33   1298.74   1252.54   1268.81
   1278.48   1315.08   1373.82   1436.97   1462.51   1470.44   1442.59   1404.33   1401.17   1425.95   1506.54   1584.95   1606.16
   1642.35   1656.51   1669.92   1705.37   1696.24   1673.79   1652.85   1616.99   1575.88   1580.50   1598.04   1613.89   1622.05
   1606.58   1595.01   1640.97   1708.83   1721.98   1698.41   1669.11   1653.26   1642.83   1643.04   1612.57   1548.69   9999.90
   9999.90   1532.50   1510.12   1485.04   1532.78   1540.74   1483.11   1405.45   1377.41   1335.07   1266.82   1292.79   1336.93
   1328.64   1312.95   1396.61   1422.71   1390.07   1393.08   1415.90   1390.94   1375.24   1332.57   1356.58   1494.08   1534.88
   1530.59   1605.47   1674.17   1715.63   1651.79   1621.27   1670.71   1658.58   1552.37   1512.53   1551.31   1575.92   1597.30
   1612.05   1639.87   1681.65   1679.64   1667.75   1717.56   1745.52   1710.62   1667.61   1609.76   1511.98   1436.02   9999.90
   9999.90   1450.08   1512.38   1560.00   1575.39   1576.87   1519.61   1443.99   1417.33   1361.98   1294.54   1302.98   1314.48
   1343.10   1366.58   1320.87   1278.23   1262.71   1235.08   1193.27   1156.66   1196.89   1204.32   1165.74   1215.81   1293.22
   1359.13   1475.08   1556.88   1566.09   1579.73   1587.86   1638.41   1623.35   1533.24   1485.02   1513.29   1585.08   1648.22
   1673.87   1694.85   1710.17   1698.03   1696.01   1746.99   1747.19   1659.71   1573.96   1501.82   1422.22   1393.24   9999.90
   9999.90   1359.26   1432.99   1500.21   1569.38   1579.89   1531.24   1463.63   1421.07   1387.36   1274.02   1153.70   1125.59
   1171.53   1242.45   1226.10   1155.43   1082.81   1030.51    961.96    944.06    971.67   1002.42   1000.77   1059.70   1133.49
   1205.17   1296.77   1363.72   1386.46   1442.69   1483.62   1534.33   1548.71   1538.19   1481.84   1495.86   1555.04   1593.19
   1636.38   1643.78   1620.06   1649.24   1679.86   1657.07   1553.30   1490.96   1501.95   1478.29   1404.34   1377.95   9999.90
   9999.90   1344.04   1364.83   1404.70   1464.21   1492.83   1413.25   1316.28   1323.95   1318.27   1202.81   1069.39    949.23
    984.73   1078.21   1092.07   1006.75    894.20    838.45    833.15    778.09    773.06    841.80    861.15    889.34    988.62
   1072.42   1121.23   1179.55   1283.40   1348.45   1388.70   1421.12   1489.63   1503.52   1494.58   1502.64   1505.98   1461.41
   1480.34   1534.26   1509.31   1484.56   1458.92   1422.55   1396.62   1400.89   1366.69   1295.89   1232.55   1192.13   9999.90
   9999.90   1340.28   1325.04   1336.03   1407.71   1356.01   1253.96   1220.71   1213.35   1183.95   1140.81   1100.47   1029.56
   1006.78    973.73    886.11    810.88    734.51    681.64    703.48    728.16    734.23    743.45    810.34    790.10    782.99
    825.22    926.66   1044.60   1215.33   1292.16   1307.01   1319.30   1335.66   1362.42   1408.12   1413.37   1423.92   1426.52
   1385.50   1352.08   1313.93   1228.95   1178.50   1161.92   1137.42   1125.13   1095.63   1044.53    988.95    934.91   9999.90
   9999.90   1234.38   1234.38   1285.22   1271.60   1209.66   1187.04   1161.63   1067.41   1053.27   1068.93   1084.73   1103.33
   1044.60    918.82    811.33    720.14    649.98    654.29    693.15    695.49    710.53    746.50    805.11    802.61    728.90
    706.46    801.50    964.67   1126.07   1236.29   1229.47   1190.12   1194.65   1248.06   1277.50   1285.17   1317.38   1299.88
   1241.28   1150.67   1049.93    998.08    988.85    966.68    915.30    838.00    786.02    758.95    756.55    707.27   9999.90
   9999.90   1158.51   1132.17   1126.78   1063.69   1057.75   1043.83   1018.89    963.70    917.42    954.82   1009.37   1037.99
    980.75    867.21    738.68    660.65    668.89    643.83    630.91    663.22    696.61    782.72    902.61    892.41    742.86
    680.46    750.45    918.65   1085.33   1137.94   1158.03   1193.34   1160.66   1102.58   1137.11   1173.61   1142.46   1075.06
    985.81    902.83    834.86    804.43    808.44    796.92    741.72    619.06    557.40    534.26    549.94    555.62   9999.90
   9999.90   1062.05    986.28    888.78    870.52    894.71    916.77    869.60    835.95    818.66    832.57    923.71   1002.75
    960.49    845.88    669.35    607.26    636.27    602.95    612.61    693.88    710.15    728.42    850.12    899.95    785.83
    732.00    802.38    902.64   1020.29   1097.63   1081.35   1044.06   1003.84    970.98    968.79   1013.33    983.50    843.04
    729.08    702.67    664.67    642.06    619.39    574.32    505.39    464.37    459.02    468.49    461.15    491.03   9999.90
   9999.90    835.58    782.44    738.40    730.38    753.63    788.71    739.45    706.20    731.95    774.87    884.00    977.82
    914.97    798.71    627.96    558.54    567.64    588.00    654.29    699.03    688.49    690.48    737.22    779.94    821.98
    847.31    872.96    919.53    991.49   1032.09    943.54    822.65    771.95    786.83    813.38    825.59    725.99    609.21
    588.33    582.87    535.04    492.60    474.36    424.84    391.97    430.96    413.66    415.22    428.84    429.65   9999.90
   9999.90    658.20    651.11    636.37    656.91    683.96    679.90    635.56    617.40    693.83    793.07    827.29    812.95
    796.12    748.09    639.30    520.18    483.92    531.98    620.70    696.62    752.04    740.96    740.30    742.77    796.19
    859.79    865.55    859.97    876.17    893.14    807.61    682.73    665.90    699.63    662.79    620.64    559.92    491.73
    506.27    495.52    436.73    439.58    446.11    363.88    328.58    352.99    345.39    361.81    407.24    396.53   9999.90
   9999.90    505.60    512.35    548.18    588.46    595.43    580.61    592.82    650.50    697.40    717.27    688.54    677.74
    701.76    672.68    622.87    512.51    480.30    536.89    612.05    651.91    716.36    748.93    711.79    716.73    748.76
    751.00    730.88    740.93    733.71    712.70    673.46    613.94    574.78    536.54    508.88    526.91    514.74    489.67
    459.16    417.29    402.87    420.59    379.79    324.62    315.06    300.71    323.70    398.23    420.00    415.71   9999.90
   9999.90    355.70    387.85    458.47    492.70    472.89    473.00    534.84    642.88    692.02    654.31    576.39    573.79
    590.66    549.15    516.54    486.90    481.21    517.42    575.90    624.38    633.79    624.37    608.17    620.36    680.64
    678.08    621.47    574.43    575.08    545.67    502.83    459.49    387.02    341.51    367.08    383.17    432.33    460.18
    401.15    361.19    349.69    347.93    322.32    313.63    328.98    356.53    407.96    429.15    411.19    418.90   9999.90
   9999.90    247.70    266.46    337.91    413.58    423.28    410.90    499.94    631.61    644.69    543.41    461.00    471.42
    496.95    490.69    490.25    507.68    490.55    486.85    526.12    552.99    533.21    519.65    518.39    517.04    533.40
    503.57    468.83    439.44    425.85    395.96    342.04    314.21    278.44    270.20    268.94    272.65    343.42    382.40
    366.10    347.20    333.33    304.75    322.76    357.65    393.13    424.60    435.94    440.75    465.66    510.76   9999.90
   9999.90    196.13    199.45    262.63    338.08    388.79    430.34    496.82    570.81    525.92    418.29    394.68    398.15
    423.11    454.71    477.51    472.82    445.32    453.05    483.14    470.63    429.17    428.60    426.73    383.17    329.29
    320.86    312.50    327.62    315.97    293.93    280.01    254.99    242.28    247.55    254.08    273.51    284.88    288.90
    283.03    308.14    337.71    340.46    374.82    400.28    420.75    427.39    410.23    439.99    539.47    591.49   9999.90
   9999.90    158.07    164.95    224.37    308.24    354.66    418.61    486.91    480.24    433.99    384.88    357.12    352.16
    380.23    365.68    366.78    381.10    361.25    359.14    379.48    374.84    363.39    334.84    288.68    252.41    246.69
    246.76    248.99    236.32    238.14    246.90    256.79    251.54    239.60    232.80    249.69    249.40    234.10    220.83
    226.94    273.46    338.17    373.99    366.34    371.02    391.48    420.46    443.34    469.28    506.15    560.40   9999.90
   9999.90    155.89    178.11    213.88    270.99    321.15    381.68    427.19    407.97    373.78    361.97    328.55    324.43
    295.69    261.65    290.26    314.32    272.31    261.40    301.26    295.79    292.25    232.17    192.58    192.54    185.88
    197.79    210.85    195.12    202.08    224.48    252.98    265.45    241.93    233.84    236.31    228.19    206.16    192.46
    195.27    231.72    293.59    325.65    317.50    328.05    364.29    404.33    463.97    496.77    462.11    480.26   9999.90
   9999.90    169.43    194.94    232.77    261.68    292.80    342.29    364.24    344.44    318.35    293.17    270.62    274.84
    226.70    202.33    233.97    226.95    199.04    211.02    246.58    239.67    230.05    205.47    159.63    153.24    155.91
    183.30    193.69    189.52    193.87    219.35    232.30    231.08    222.39    199.68    193.50    193.82    173.70    160.28
    161.65    186.84    235.16    269.31    277.37    287.13    314.70    335.11    350.10    374.03    370.83    347.55   9999.90
   9999.90    178.03    197.24    219.35    228.72    263.15    299.78    302.90    301.67    251.76    208.43    192.16    210.28
    211.49    192.84    210.86    203.14    181.44    188.23    195.57    201.72    191.80    177.47    170.68    124.67    127.79
    183.70    204.24    196.64    192.85    197.49    193.89    181.03    170.31    143.64    150.10    153.19    143.86    129.16
    117.77    133.73    172.30    189.78    195.03    199.63    214.40    213.04    203.37    216.74    234.27    231.55   9999.90
   9999.90   9999.90   9999.90   9999.90   9999.90   9999.90   9999.90   9999.90   9999.90   9999.90   9999.90   9999.90   9999.90
   9999.90   9999.90   9999.90   9999.90   9999.90   9999.90   9999.90   9999.90   9999.90   9999.90   9999.90   9999.90   9999.90
   9999.90   9999.90   9999.90   9999.90   9999.90   9999.90   9999.90   9999.90   9999.90   9999.90   9999.90   9999.90   9999.90
   9999.90   9999.90   9999.90   9999.90   9999.90   9999.90   9999.90   9999.90   9999.90   9999.90   9999.90   9999.90   9999.90
