   10.5000000      -169.500000       85.5000000      -42.0000000       2.50000000       2.50000000       52.0000000       31.0000000    
    131.00    129.70    128.40    127.20    125.60    124.10    122.70    121.10    119.50    117.80    116.20    114.50    112.80
    111.00    109.40    107.70    106.10    104.40    102.90    101.40    100.00     98.70     97.50     96.40     95.30     94.30
     93.30     92.40     91.50     90.70     89.90     89.30     88.80     88.20     87.50     87.00     86.50     85.80     85.30
     84.70     84.10     83.60     83.10     82.60     82.10     81.70     81.30     80.70     80.10     79.60     79.00     78.40
    144.30    142.90    141.30    139.50    137.50    135.40    133.10    130.90    128.50    126.00    123.60    120.80    118.00
    115.20    112.40    109.50    106.80    104.10    101.60     99.20     97.30     95.70     94.30     93.00     91.80     90.80
     89.90     89.10     88.50     88.00     87.40     87.00     86.60     86.10     85.20     83.10     75.00     71.30     70.50
     66.60     70.50     73.20     77.70     81.70     82.40     81.90     82.30     82.50     82.00     80.90     76.30     77.60
    156.70    155.50    153.90    152.10    150.20    148.10    145.80    143.30    140.70    138.00    135.00    131.80    128.60
    125.00    121.40    117.80    114.30    110.90    107.80    105.10    102.70    100.70     98.80     97.00     95.30     93.40
     91.50     89.40     87.50     86.00     84.30     79.20     77.00     81.90     77.80     72.30     73.80     73.60     63.50
     62.80     65.80     72.40     72.50     66.60     52.50     47.60     52.60     53.20     54.60     48.30     43.80     40.30
    165.40    164.40    163.20    161.60    159.80    157.70    155.40    153.00    150.30    147.30    144.20    140.80    137.20
    133.40    129.50    125.50    121.90    118.40    115.40    112.90    110.60    108.40    106.30    104.30    101.70     98.70
     95.50     92.00     88.50     85.50     83.20     81.80     81.50     81.50     79.10     66.40     47.00     58.10     56.80
     44.50     36.50     27.50     23.30     19.70     19.70     22.90     25.80     27.80     29.70     31.30     30.70     35.60
    167.60    166.20    164.50    162.70    160.70    158.60    156.50    154.40    152.20    149.80    147.00    143.90    140.40
    136.80    132.90    128.90    125.60    122.80    120.90    119.60    118.20    115.90    113.20    111.00    107.30    103.00
     99.10     95.20     91.20     87.50     83.30     81.30     76.60     69.30     60.50     50.90     59.00     56.30     50.40
     45.10     41.10     35.70     31.90     30.80     29.50     25.70     20.60     18.80     20.90     21.50     20.10     22.90
    162.30    161.10    159.70    157.90    155.80    153.80    152.00    150.40    148.90    147.50    145.80    143.80    141.20
    138.10    134.90    132.00    129.50    127.60    126.70    126.70    125.40    121.70    119.40    115.80    110.80    106.50
    100.40     95.20     90.70     87.20     82.20     78.50     77.70     73.60     72.90     67.60     61.20     58.30     58.50
     54.50     48.80     44.50     40.80     36.70     31.40     24.80     12.30      9.70     10.60     12.50     14.20     15.20
    145.90    145.20    145.40    146.70    148.40    148.90    148.40    147.40    146.40    145.70    145.00    144.30    143.40
    140.90    137.80    134.70    132.20    130.70    130.10    129.60    127.90    125.80    124.40    120.90    114.80    108.50
    101.30     94.40     89.80     86.80     78.00     80.40     79.00     77.70     74.50     71.60     69.30     61.30     56.20
     53.00     57.20     54.60     46.70     37.60     26.70     12.90      3.50      3.10      1.30     12.00     15.90     15.80
    122.70    118.40    116.20    115.30    121.80    119.70    118.70    124.00    123.30    121.40    118.50    129.40    141.50
    138.70    144.90    142.50    140.30    138.50    138.90    132.80    131.20    131.50    128.70    124.80    118.70    112.30
    104.70     97.40     92.00     89.50     89.50     87.70     85.90     84.80     76.80     73.00     67.90     63.30     60.60
     57.30     51.00     42.40     47.30     40.30     22.60      6.30     -6.60     -7.30    -12.70     -0.70      8.80      7.30
    101.50     95.30     94.10     94.50     96.60     97.90     98.80    100.80    106.60    105.40    106.70    108.80    108.20
    122.30    129.30    126.90    130.00    130.80    137.70    136.10    134.20    134.90    132.30    128.20    121.60    117.70
    111.00    105.40     99.70     96.80     93.50     93.30     89.90     86.00     81.20     76.60     71.20     65.20     61.00
     57.30     53.90     44.50     31.40     21.60     13.60     -4.40    -23.40    -29.40    -27.40    -16.00     -7.50     -2.70
     77.50     74.00     71.40     69.80     71.90     67.80     69.70     32.90     51.10     62.20     66.50    107.00    104.20
    103.30    111.50    108.80    104.90     93.80    126.60    137.20    137.00    135.80    132.50    126.90    126.20    120.00
    114.90    109.10    102.30     99.90     96.30     94.10     91.40     87.90     84.40     79.50     73.50     68.80     63.70
     56.50     44.10     37.70     28.10     15.80     -2.90    -22.00    -35.20    -42.50    -43.80    -38.00    -28.80    -29.20
     54.20     53.10     49.70     44.70     44.10     42.10     26.10     23.20     18.60     18.20     28.50     31.70     53.30
     78.80     91.80     99.00    113.20    116.60    122.00    132.40    131.20    132.10    131.00    129.60    125.90    123.30
    120.10    115.50    110.30    104.80    100.10     96.60     94.20     91.50     88.00     83.10     77.40     73.00     69.10
     64.50     54.70     45.80     36.40     17.00     -6.20    -29.80    -45.90    -50.90    -50.70    -48.10    -44.40    -48.90
     32.80     32.20     28.80     23.40     19.90     17.00     11.50      1.20     -0.30      4.80     11.20     16.90     23.60
     39.10     57.70     88.40     98.50    102.60     98.30    121.10    121.90    125.70    126.70    128.50    127.80    127.10
    125.30    122.20    118.60    113.90    108.40    104.20    101.00     98.10     94.60     90.10     85.10     82.30     81.60
     80.30     74.00     67.20     52.70     25.30      3.00    -23.20    -42.20    -51.70    -53.70    -52.00    -48.70    -45.40
     17.80     14.20     10.60      7.60      0.20     -2.10     -4.30     -4.00     -0.80      5.70     11.10     15.60     20.80
     26.90     36.40     51.50     82.70    100.00    109.60    114.90    115.70    118.20    121.00    126.10    128.20    132.20
    132.00    128.60    123.20    118.30    115.90    114.80    113.30    110.50    105.80    101.00     97.40     96.80     97.80
     97.00     91.60     80.30     64.40     41.20     20.20     -3.20    -23.20    -34.50    -38.90    -38.10    -35.10    -30.70
      9.10      6.60      2.30     -1.70     -6.10     -8.00     -7.50     -3.70      2.80      9.10     13.80     17.60     20.10
     25.30     33.60     43.80     61.40     89.20     99.10    107.30    114.00    105.10    115.80    126.50    132.50    134.20
    134.70    132.70    128.30    124.60    122.50    120.90    119.70    118.50    115.30    110.40    107.10    109.70    111.10
    109.30    102.40     91.90     76.90     57.80     40.10     20.90      4.10     -7.70    -13.30    -14.00    -12.20     -9.70
      4.50      4.90      3.10      0.70     -2.80     -4.30     -3.10      0.80      7.10     14.80     19.10     22.50     26.10
     32.20     39.60     47.70     60.70     80.80     99.60    112.10    127.40    132.10    118.60    122.90    130.00    135.40
    138.00    140.30    136.40    134.20    132.10    129.80    126.50    124.20    121.60    118.40    117.50    119.60    120.50
    118.70    110.60     95.20     75.70     60.60     45.00     33.60     23.70     17.40     15.90     18.10     21.40     21.80
     -3.50      5.00      9.60     10.40      8.80      8.50     10.40     13.60     18.70     24.50     27.90     31.20     36.50
     45.10     53.90     60.60     70.10     85.90    102.60    115.40    134.40    138.90    140.30    118.50    124.40    135.20
    141.00    145.00    146.50    144.00    140.60    137.20    129.50    121.90    122.10    122.90    123.50    126.20    126.60
    124.40    114.00    101.40     84.50     71.10     60.10     53.30     49.40     46.20     47.90     52.90     56.40     54.80
     -0.60      8.90     17.20     22.90     25.00     26.20     28.50     30.40     33.10     37.20     41.00     44.70     48.50
     57.00     67.50     74.80     83.00     98.50    116.50    135.10    142.50    162.90    153.70    156.80    131.20    129.90
    136.50    144.80    149.70    151.40    149.70    145.30    138.50    129.50    126.10    124.20    126.60    128.80    128.50
    127.70    118.70    107.90     98.50     87.60     77.50     71.40     70.80     72.90     77.30     80.10     81.40     84.80
      5.00     15.80     26.90     37.40     43.40     46.60     48.00     48.90     51.50     54.60     58.40     61.60     67.50
     76.60     85.00     92.20    102.20    116.60    132.50    144.10    156.40    166.20    171.60    185.90    157.40    146.60
    132.20    138.30    148.80    155.80    157.10    155.00    149.20    141.00    139.00    136.30    135.20    133.70    135.30
    129.80    119.40    110.10    103.50     98.10     95.10     93.90     94.80     99.20    104.70    107.20    107.10    112.10
     16.40     28.50     42.50     56.30     63.70     67.60     69.70     70.80     72.90     76.20     79.50     82.00     88.30
     98.80    106.60    114.60    123.80    133.90    145.20    153.00    163.80    172.30    180.10    182.40    189.80    174.10
    128.40    140.10    152.40    158.90    161.30    160.60    158.10    155.60    153.20    150.10    147.50    145.10    138.90
    129.30    123.50    118.10    113.90    109.30    108.90    111.10    114.80    120.40    125.40    129.60    133.40    139.80
     41.10     52.10     65.60     77.00     84.20     88.80     88.90     90.10     91.90     96.50    100.40    103.40    109.50
    118.50    127.20    135.80    142.80    149.60    152.80    153.80    154.60    165.50    168.70    173.20    176.80    153.00
    127.50    140.60    154.20    162.20    165.50    165.80    165.70    164.20    160.10    157.30    154.50    147.80    141.90
    134.60    127.50    125.20    126.50    127.80    130.20    134.40    138.70    144.40    149.30    154.90    161.60    167.70
     70.50     79.50     89.00     97.70    103.40    106.00    107.70    108.70    110.80    114.40    118.60    123.00    127.90
    136.10    144.70    151.80    158.30    161.60    160.00    154.00    149.70    150.40    149.90    158.10    162.00    160.80
    138.50    146.30    159.40    165.60    169.30    170.30    169.40    167.30    164.30    160.70    157.70    154.80    148.40
    142.60    140.50    142.20    145.90    150.00    155.30    159.80    164.70    170.10    175.90    181.70    186.70    191.00
     97.50    104.40    110.30    115.70    119.50    121.60    123.30    124.40    125.30    127.40    132.40    138.00    142.50
    149.10    156.00    162.10    167.20    168.70    164.70    157.10    146.50    143.70    139.70    139.20    148.60    152.70
    151.30    157.10    163.10    168.80    170.60    170.80    169.50    167.40    164.90    162.90    162.60    157.80    155.10
    153.50    155.00    159.80    164.50    170.30    175.00    179.70    185.50    190.90    195.40    199.10    202.70    205.70
    118.50    122.60    126.30    129.20    132.20    133.00    134.30    135.40    135.30    136.40    141.60    147.20    152.20
    156.70    161.80    166.20    170.00    170.30    166.50    160.60    153.10    146.60    139.30    133.30    132.80    146.10
    155.60    162.70    167.90    169.30    169.70    169.40    167.90    166.10    166.40    166.30    164.70    163.50    163.70
    162.80    165.50    170.50    175.20    179.90    185.00    190.20    195.40    199.50    202.50    204.50    207.00    209.50
    131.70    134.00    137.20    139.80    140.80    140.90    142.00    142.50    141.40    142.70    146.90    151.40    155.50
    159.30    163.00    166.20    168.30    168.10    165.50    161.50    156.00    149.00    139.30    131.80    121.50    138.20
    142.30    160.00    164.70    167.00    166.50    165.70    164.80    164.00    165.30    166.50    165.30    166.10    167.50
    169.40    171.40    174.40    178.40    182.70    187.60    191.80    195.90    199.10    201.40    202.50    204.00    205.10
    139.40    140.60    142.60    143.70    143.80    144.30    143.90    143.60    143.60    144.70    147.10    150.70    155.00
    157.90    160.30    162.40    163.10    162.40    161.40    159.00    154.50    148.00    140.10    131.00    123.60    131.30
    127.50    145.40    160.50    161.30    159.90    160.20    160.30    160.30    162.20    163.70    163.10    164.70    166.20
    167.20    169.50    172.80    175.90    179.40    183.40    187.10    190.20    192.50    194.10    194.60    195.30    195.70
    139.70    140.00    140.50    140.40    139.80    139.50    139.50    139.70    140.10    141.00    143.10    146.20    149.50
    151.60    153.00    154.50    155.00    154.50    154.10    152.50    149.30    145.00    138.80    130.60    123.00    114.10
    129.90    128.50    149.20    154.60    152.70    153.10    152.60    153.00    154.30    155.10    156.40    157.30    157.90
    159.20    161.80    164.40    167.20    170.70    174.00    177.00    179.30    180.80    181.90    182.40    183.00    183.10
    134.70    134.90    134.70    134.40    133.10    131.50    132.80    132.90    133.00    133.30    135.20    137.80    140.20
    142.10    143.00    144.20    144.00    143.80    143.50    142.80    141.60    138.50    133.60    127.60    120.90    111.60
    112.30    122.30    143.30    151.80    144.00    141.90    140.60    145.10    145.20    145.30    143.90    143.40    144.50
    147.20    151.10    153.80    156.60    159.30    161.60    164.10    165.90    167.20    168.10    168.70    169.60    170.10
    125.80    125.90    126.00    126.10    125.30    123.80    123.70    123.60    123.30    123.30    124.50    126.00    127.30
    128.70    130.20    131.00    130.80    131.00    130.50    130.70    130.00    128.10    125.00    120.80    115.80    109.00
    101.40     98.70     94.60    142.20    135.90    131.90    132.90    135.20    134.90    134.00    132.10    134.20    132.40
    131.20    139.00    142.80    144.80    146.70    148.90    150.90    152.60    153.60    154.50    155.40    156.60    157.30
    114.90    114.70    114.40    114.30    113.50    112.70    112.00    111.50    111.40    112.10    112.40    113.30    114.10
    114.70    115.60    116.60    116.90    116.40    116.20    116.20    116.40    115.50    114.50    112.20    109.40    105.60
    102.40    100.10     98.00    105.70    105.00    131.60    136.80    132.40    127.30    122.50    119.70    118.50    118.90
    121.70    126.10    129.60    132.00    134.40    136.80    138.80    140.10    141.30    142.70    144.00    144.90    145.50
    102.50    102.10    101.90    101.10    100.50    100.20     99.60     99.00     99.40    100.20    101.20    101.60    101.90
    101.80    102.50    103.40    103.60    103.30    103.10    102.90    102.60    102.50    102.70    102.60    101.50    100.80
    100.10     99.60     99.50     99.20     98.10     94.10     92.50    100.60    115.80    111.00    105.60    102.00    101.10
    105.30    112.10    117.20    120.20    123.00    125.50    127.20    128.60    129.80    131.20    132.90    134.00    135.00
     89.90     89.40     89.30     89.10     88.90     88.50     88.20     88.10     88.30     89.20     90.80     90.80     90.40
     90.40     90.80     90.70     91.10     91.40     91.40     91.50     91.40     91.40     92.70     93.60     94.20     95.10
     95.20     94.80     96.10     95.70     94.20     92.40     89.70     85.90    102.30    104.20     94.30     85.90     90.40
     91.40    108.20    108.90    105.10    114.20    115.60    116.90    117.80    119.20    120.40    121.80    123.40    124.90
    703.70    702.30    701.00    699.80    698.20    696.70    695.30    693.60    691.80    690.10    688.30    686.50    684.80
    683.00    681.20    679.60    677.90    676.20    674.60    673.00    671.50    670.20    668.90    667.70    666.60    665.60
    664.60    663.80    663.00    662.30    661.60    661.00    660.50    660.00    659.40    658.90    658.40    657.90    657.40
    656.90    656.40    656.10    655.70    655.30    655.00    654.80    654.60    654.30    654.00    653.80    653.50    653.20
    718.70    717.30    715.70    713.90    711.90    709.90    707.60    705.30    702.80    700.20    697.50    694.60    691.60
    688.60    685.70    682.70    679.80    676.90    674.10    671.40    669.10    666.90    665.10    663.50    662.00    660.80
    659.60    658.70    658.00    657.40    656.70    656.20    655.80    655.40    654.80    653.70    649.20    647.20    646.50
    644.30    646.00    647.00    649.10    651.20    651.60    651.50    651.90    652.20    652.30    652.20    650.20    651.10
    732.90    731.60    730.00    728.10    726.00    723.80    721.30    718.60    715.70    712.70    709.40    705.90    702.40
    698.80    695.20    691.50    687.80    684.20    680.70    677.60    674.60    672.00    669.60    667.30    665.20    663.00
    660.90    658.70    656.80    655.40    654.20    651.30    649.60    651.80    649.50    646.60    647.20    646.90    641.50
    641.00    641.70    644.30    643.90    641.40    635.00    633.40    636.50    637.90    639.40    637.10    634.80    632.80
    743.50    742.10    740.60    738.70    736.70    734.30    731.70    728.90    725.90    722.60    719.10    715.30    711.50
    707.50    703.50    699.40    695.60    691.90    688.50    685.40    682.50    679.70    677.10    674.40    671.50    668.40
    665.20    661.90    658.60    655.90    653.90    652.50    651.70    650.90    648.70    641.20    630.20    635.20    633.50
    626.10    622.30    617.80    615.40    613.30    614.00    617.50    620.80    623.50    626.00    628.10    628.30    632.50
    749.10    747.10    744.80    742.30    739.60    736.80    734.00    731.20    728.40    725.60    722.30    718.70    714.80
    710.90    706.80    702.80    699.00    695.80    693.10    690.90    688.80    686.10    683.10    680.10    676.20    672.00
    668.00    664.10    660.30    656.70    653.10    651.00    647.40    642.60    637.30    631.40    635.10    632.10    627.30
    623.40    620.70    617.70    615.70    615.40    615.40    614.40    614.20    615.50    619.30    621.40    621.60    624.80
    746.60    744.60    742.40    739.80    737.00    734.10    731.40    728.90    726.70    724.50    722.10    719.30    716.20
    712.80    709.50    706.30    703.40    700.90    698.80    697.40    695.30    691.90    688.90    684.70    679.60    674.90
    669.10    663.90    659.40    655.70    651.50    648.30    647.00    643.90    643.10    639.90    636.20    633.90    632.60
    628.90    624.60    621.50    619.40    617.40    614.60    610.90    604.80    606.30    610.20    614.10    617.50    619.70
    732.70    731.40    730.40    729.90    729.80    729.10    727.80    726.20    724.40    723.10    722.10    720.90    719.40
    716.70    713.70    710.40    707.40    705.20    703.80    702.80    700.70    697.90    695.00    690.60    684.40    677.70
    670.80    664.20    659.50    656.10    649.90    650.00    648.10    646.70    643.90    641.20    639.20    634.40    631.30
    628.90    630.40    627.40    622.00    616.20    609.10    600.80    595.90    597.50    600.50    612.20    618.30    620.10
    712.30    708.40    706.00    704.20    707.00    705.70    705.90    708.30    708.20    707.50    705.00    710.80    717.70
    716.30    719.40    717.10    714.90    712.80    711.80    707.40    705.60    704.30    700.80    696.00    689.80    683.00
    675.30    668.00    662.60    659.50    658.30    656.60    654.60    652.60    646.60    642.60    638.00    633.70    631.00
    628.40    624.50    620.00    622.60    616.40    603.80    593.30    586.30    587.10    587.10    600.80    611.00    611.70
    692.80    688.10    686.40    686.20    687.00    687.50    687.00    687.20    690.40    690.10    692.10    694.80    696.90
    706.60    711.50    710.80    712.70    712.00    714.50    712.30    710.10    708.90    705.60    701.00    694.60    689.30
    682.30    676.00    670.30    666.50    663.30    662.10    659.20    655.80    651.40    646.70    641.30    635.70    631.40
    628.00    625.40    619.30    610.40    603.60    596.30    584.60    573.90    572.00    575.60    588.50    597.30    601.00
    673.20    670.70    668.20    665.70    666.00    662.50    662.40    641.50    655.00    663.50    668.60    692.80    692.50
    694.40    701.70    702.80    703.80    696.60    712.50    716.90    715.80    713.70    709.90    704.60    701.60    694.90
    688.60    682.10    675.30    671.70    668.10    665.60    663.10    660.10    656.50    651.60    645.80    641.00    636.10
    629.70    620.60    615.50    608.30    598.50    585.50    573.20    565.30    562.00    562.90    569.70    578.70    578.20
    656.00    654.60    651.10    646.00    643.80    641.90    632.60    632.20    630.50    633.80    642.40    648.00    664.30
    682.70    693.10    699.90    710.00    712.10    714.90    719.00    717.30    716.70    714.80    711.90    706.90    702.30
    697.20    691.00    684.80    679.00    674.80    671.50    669.00    666.40    662.70    657.80    652.10    647.40    643.20
    638.70    630.70    624.00    616.00    602.00    585.70    569.20    557.90    555.80    557.70    561.10    564.30    562.50
    641.00    639.50    635.70    630.90    627.60    624.70    621.40    616.40    616.90    623.00    630.20    636.80    644.50
    657.90    672.10    694.40    705.00    710.10    707.30    717.80    717.90    719.30    719.00    718.50    715.50    712.10
    707.70    702.20    696.60    690.70    685.00    681.00    678.10    675.30    671.80    667.20    662.20    658.40    656.40
    654.20    648.70    642.60    630.50    610.70    594.30    576.00    562.10    556.00    556.20    559.50    563.80    568.40
    630.60    627.50    624.40    620.70    615.50    613.80    612.60    614.20    618.60    626.00    632.50    638.00    644.00
    650.70    660.30    673.30    695.30    709.50    717.30    720.80    721.30    723.10    723.70    724.80    724.00    723.70
    720.10    714.20    707.10    701.10    697.10    694.00    691.40    688.40    684.00    679.50    676.10    674.40    673.50
    671.70    667.00    657.50    644.20    625.80    609.80    592.70    578.90    572.30    571.30    573.90    578.20    584.30
    625.60    623.70    620.30    616.70    612.80    611.60    612.90    617.60    624.70    632.10    637.70    642.50    646.00
    652.00    660.60    670.70    685.90    707.10    715.60    723.40    732.00    724.40    728.00    733.00    734.40    732.90
    730.60    726.30    719.80    714.30    710.10    706.50    703.60    700.90    696.90    692.20    688.90    689.10    689.20
    687.50    681.80    673.00    660.50    644.70    630.00    615.50    604.20    597.00    595.80    598.90    603.50    608.40
    623.50    624.60    623.80    621.90    619.00    618.30    620.00    625.00    631.90    640.10    645.30    649.90    654.30
    661.10    669.30    678.00    690.90    709.20    725.80    734.50    746.80    752.70    739.00    738.50    741.30    742.40
    741.50    740.00    734.80    730.30    725.90    721.50    716.70    713.00    709.40    705.50    703.40    703.50    703.40
    701.00    694.10    682.40    667.60    655.50    643.80    634.90    627.80    624.50    625.90    631.80    638.50    642.40
    618.40    627.40    632.60    633.90    632.70    633.60    636.40    640.60    646.70    653.00    657.30    661.50    667.40
    676.30    685.70    693.60    703.90    719.10    734.90    746.10    757.90    763.70    765.90    745.90    749.10    752.80
    753.70    752.90    750.60    746.20    741.10    735.80    728.40    721.90    718.90    717.20    716.10    716.60    716.50
    714.70    706.30    695.90    683.90    673.90    665.80    659.40    657.40    657.40    661.90    669.50    675.70    677.60
    624.50    634.60    643.30    649.30    651.90    653.80    657.10    659.70    663.60    668.80    673.60    678.20    683.20
    692.40    703.10    711.20    720.50    735.60    752.70    767.00    774.40    791.30    785.80    786.80    764.80    759.60
    760.70    762.60    762.00    759.80    755.80    750.20    743.00    735.70    730.90    728.40    728.30    728.70    728.80
    727.50    719.80    711.40    703.50    695.70    689.40    686.60    688.00    692.10    698.50    704.30    709.00    715.20
    634.60    646.00    657.80    668.10    673.90    677.70    679.90    681.60    685.30    689.90    695.00    699.30    706.30
    716.00    724.90    732.70    743.40    757.30    772.50    782.60    792.60    800.60    805.80    815.30    792.40    780.00
    765.50    766.80    770.10    770.90    768.70    764.60    758.60    752.30    749.10    746.50    744.80    744.20    744.00
    739.00    732.30    725.50    720.80    717.90    717.60    719.20    722.40    728.60    735.50    740.60    744.20    750.80
    651.80    664.50    678.50    691.90    699.00    703.20    706.00    708.00    711.20    715.40    719.60    723.10    730.60
    741.70    750.10    758.20    767.00    776.90    787.80    795.80    804.20    810.90    816.50    818.50    822.70    810.60
    769.70    774.80    779.30    780.70    779.50    777.10    773.80    770.40    767.80    765.60    764.10    760.90    756.40
    750.70    747.10    744.20    743.60    742.70    745.10    750.10    755.40    761.90    767.80    772.90    778.40    785.60
    682.50    693.20    706.20    717.10    724.00    728.60    729.90    732.20    734.70    739.70    744.20    748.10    755.00
    764.30    773.20    781.60    788.50    795.00    798.40    800.30    802.30    809.60    811.90    814.70    816.70    797.70
    773.10    780.00    786.50    789.80    790.70    789.30    788.00    785.90    783.00    781.30    777.90    773.60    770.20
    766.50    763.70    764.60    768.20    771.70    776.20    782.10    787.80    793.80    799.30    805.20    811.90    818.50
    716.40    725.10    734.30    742.30    747.60    750.70    752.80    754.20    757.10    761.20    765.90    770.80    776.20
    784.70    793.00    800.30    806.20    809.30    808.10    803.60    800.70    800.40    800.20    805.60    808.50    806.50
    785.50    790.20    796.50    799.00    800.20    800.30    798.70    796.90    795.50    793.30    791.30    789.70    787.20
    785.10    786.00    789.50    794.80    800.20    806.50    812.00    817.70    823.50    829.30    835.00    839.90    844.50
    747.90    754.40    759.80    764.70    768.60    770.80    772.40    773.50    775.00    777.50    782.80    788.50    793.30
    799.60    806.60    812.80    817.40    818.80    815.50    809.10    800.70    797.90    794.80    794.30    800.90    803.40
    799.80    803.60    805.40    807.70    808.30    807.80    806.20    805.30    804.20    803.90    804.60    803.30    803.20
    803.40    806.60    812.20    817.90    824.20    829.50    835.10    841.00    846.50    851.00    854.60    857.80    860.30
    773.00    776.70    779.80    782.80    785.60    786.10    787.20    788.00    788.10    789.60    794.90    800.50    805.40
    809.70    814.70    819.20    822.50    822.80    819.30    814.10    807.50    801.60    796.00    791.90    792.30    800.60
    807.60    811.50    813.30    813.50    813.70    813.40    812.70    812.40    813.20    814.30    815.20    815.90    817.60
    818.10    821.80    827.50    832.80    838.10    843.50    848.80    853.70    857.50    860.40    862.00    863.70    865.40
    790.30    792.00    794.60    796.60    797.50    797.40    797.80    797.80    797.00    798.40    802.60    807.10    811.10
    814.80    818.30    821.20    822.80    822.30    819.90    816.30    811.40    805.10    797.80    792.40    787.00    796.20
    800.70    813.30    816.10    817.10    817.60    817.40    817.40    817.60    819.00    821.00    822.10    824.10    826.40
    829.00    832.10    835.70    840.00    844.50    849.20    853.20    856.90    859.80    861.50    861.70    862.50    862.90
    801.00    801.70    802.90    803.40    803.10    803.10    802.20    801.80    801.90    803.00    805.40    808.60    812.30
    815.30    817.40    818.90    819.20    818.40    817.30    815.00    811.10    805.90    799.70    793.40    788.70    794.00
    790.20    804.30    816.90    817.20    817.40    818.30    819.00    819.80    821.80    823.90    825.00    827.20    829.50
    831.40    834.20    837.50    840.70    844.20    847.80    850.80    853.50    855.10    856.00    855.80    855.80    855.70
    804.00    803.80    803.80    803.20    802.30    801.40    800.90    800.80    800.90    801.60    803.60    806.20    809.00
    810.90    811.90    812.60    812.80    812.50    811.90    810.60    808.10    804.70    800.10    794.30    789.30    784.60
    793.20    791.10    810.10    815.10    815.00    816.00    816.70    818.00    819.60    820.90    822.50    823.80    825.10
    827.00    829.80    832.20    835.00    838.00    840.60    843.00    844.70    845.50    845.90    845.70    845.70    845.30
    801.40    801.00    800.50    799.80    798.20    796.30    796.80    796.40    796.20    796.30    798.00    800.20    802.20
    803.50    803.80    804.30    804.20    804.30    804.40    803.90    803.00    800.80    797.40    793.30    788.80    783.30
    782.90    786.70    803.40    813.70    810.10    810.20    810.60    813.60    814.30    814.80    814.70    814.90    816.00
    818.10    821.70    824.10    826.50    828.40    830.20    832.10    833.30    834.00    834.30    834.20    834.20    834.00
    794.50    794.10    793.70    793.30    792.20    790.60    789.80    789.40    789.10    788.90    789.90    791.20    792.10
    793.00    793.90    794.30    794.50    794.90    794.80    795.00    795.20    794.10    792.30    789.50    786.20    782.00
    777.80    775.90    770.80    805.30    804.80    803.60    805.20    806.50    806.70    806.30    805.50    807.00    806.50
    806.30    811.70    814.50    816.10    817.40    819.00    820.50    821.40    821.90    822.30    822.60    822.80    822.80
    785.10    784.60    784.00    783.60    782.60    781.60    780.70    780.00    779.60    779.90    780.50    781.10    781.50
    782.00    782.70    783.70    784.30    784.30    784.60    785.00    785.70    785.40    785.00    783.80    782.10    779.90
    778.10    777.20    776.20    780.70    780.30    798.00    803.80    801.70    799.30    796.20    794.30    793.30    793.70
    796.20    800.00    803.00    804.70    806.20    808.10    809.50    810.20    810.70    811.60    812.40    812.70    812.60
    774.60    774.10    773.70    773.00    772.10    771.50    770.80    770.00    770.10    770.70    771.40    771.80    771.90
    772.00    772.80    773.70    774.30    774.60    774.80    775.10    775.40    775.50    776.20    776.60    776.10    775.80
    775.70    775.70    775.80    775.80    774.90    772.80    772.40    777.90    788.50    785.60    781.40    778.00    777.60
    781.70    787.30    791.60    793.90    796.10    798.10    799.50    800.30    801.00    801.90    802.80    803.30    803.90
    764.10    763.50    763.20    762.80    762.40    762.10    761.70    761.20    761.30    761.80    763.10    763.40    763.10
    763.00    763.40    763.70    764.40    765.00    765.20    765.80    766.00    766.40    767.90    769.00    769.70    770.50
    770.70    770.50    771.60    771.20    770.30    769.10    767.10    765.20    776.20    779.00    770.70    764.40    766.90
    770.40    780.70    783.10    781.70    788.10    789.50    790.60    791.20    792.20    792.70    793.50    794.60    795.80
   1324.80   1323.40   1322.10   1320.90   1319.30   1317.70   1316.20   1314.50   1312.50   1310.70   1308.80   1306.90   1305.10
   1303.30   1301.50   1299.80   1298.00   1296.30   1294.60   1293.00   1291.50   1290.00   1288.70   1287.40   1286.30   1285.30
   1284.30   1283.60   1282.90   1282.20   1281.70   1281.10   1280.60   1280.20   1279.70   1279.20   1278.70   1278.30   1277.90
   1277.50   1277.20   1276.90   1276.60   1276.50   1276.40   1276.40   1276.40   1276.40   1276.40   1276.60   1276.60   1276.70
   1341.60   1340.30   1338.60   1336.90   1335.00   1332.90   1330.70   1328.30   1325.70   1322.80   1320.00   1316.80   1313.60
   1310.50   1307.40   1304.30   1301.20   1298.10   1295.10   1292.00   1289.20   1286.50   1284.20   1282.20   1280.40   1278.90
   1277.60   1276.50   1275.60   1275.00   1274.20   1273.60   1273.10   1272.90   1272.60   1272.50   1272.00   1271.90   1271.30
   1270.90   1270.10   1269.30   1268.80   1268.80   1269.00   1269.30   1269.60   1270.20   1270.90   1271.80   1272.60   1273.10
   1357.80   1356.40   1354.80   1352.80   1350.60   1348.20   1345.50   1342.50   1339.30   1336.00   1332.40   1328.60   1324.90
   1321.10   1317.50   1313.70   1309.80   1305.90   1302.10   1298.50   1295.00   1291.70   1288.70   1285.90   1283.30   1280.90
   1278.40   1276.10   1274.20   1272.90   1272.20   1271.80   1270.70   1269.90   1269.70   1269.40   1269.20   1268.80   1268.40
   1268.10   1266.40   1264.60   1263.60   1264.90   1266.80   1268.80   1269.90   1272.00   1273.60   1275.70   1275.90   1275.50
   1370.50   1368.70   1366.80   1364.70   1362.40   1359.70   1356.70   1353.50   1350.10   1346.50   1342.60   1338.50   1334.40
   1330.20   1326.00   1321.80   1317.90   1313.80   1310.00   1306.30   1302.80   1299.40   1296.10   1292.90   1289.60   1286.30
   1283.10   1280.10   1276.90   1274.60   1272.80   1271.40   1270.00   1268.40   1266.40   1264.50   1262.80   1261.10   1258.90
   1256.90   1257.70   1258.20   1257.50   1257.10   1258.70   1262.40   1266.10   1269.50   1272.70   1275.40   1276.40   1279.80
   1379.90   1377.20   1374.20   1370.90   1367.50   1363.90   1360.40   1356.80   1353.40   1350.10   1346.30   1342.10   1337.80
   1333.60   1329.40   1325.10   1321.00   1317.20   1313.70   1310.60   1307.70   1304.50   1301.30   1297.40   1293.20   1289.20
   1285.10   1281.20   1277.50   1274.20   1271.00   1268.80   1266.60   1264.40   1262.80   1261.10   1260.00   1256.50   1252.90
   1250.60   1249.40   1248.80   1249.00   1249.40   1250.80   1252.80   1258.00   1262.70   1268.30   1272.00   1273.90   1277.60
   1380.20   1377.50   1374.40   1371.00   1367.30   1363.50   1359.80   1356.40   1353.30   1350.30   1347.10   1343.50   1339.70
   1336.10   1332.70   1329.30   1325.90   1322.60   1319.30   1316.40   1313.40   1310.20   1306.50   1301.80   1296.50   1291.40
   1286.00   1280.80   1276.10   1272.30   1268.90   1266.30   1264.50   1262.50   1261.60   1260.60   1259.80   1258.20   1255.20
   1251.90   1249.00   1247.40   1246.90   1247.30   1247.00   1246.50   1247.40   1253.40   1260.50   1266.60   1271.70   1275.30
   1369.10   1367.20   1364.90   1362.40   1360.40   1358.30   1356.20   1353.90   1351.40   1349.30   1347.90   1346.30   1344.10
   1341.30   1338.20   1334.80   1331.30   1328.30   1326.10   1324.40   1321.90   1318.30   1313.90   1308.50   1302.20   1295.10
   1288.50   1282.20   1277.30   1273.50   1270.20   1267.70   1265.50   1263.80   1261.50   1259.00   1257.50   1255.90   1255.10
   1253.60   1252.00   1248.70   1246.00   1243.80   1240.80   1238.40   1238.40   1242.30   1250.40   1263.30   1271.70   1275.60
   1351.90   1348.40   1345.80   1342.80   1341.70   1341.30   1342.90   1342.10   1342.50   1343.20   1341.10   1341.40   1342.60
   1342.70   1342.60   1340.40   1338.10   1335.60   1333.20   1330.70   1328.60   1325.60   1321.30   1315.70   1309.20   1301.90
   1294.20   1287.00   1281.50   1277.60   1275.30   1273.50   1271.30   1268.50   1264.70   1260.50   1256.30   1252.40   1249.70
   1247.70   1246.40   1246.50   1246.50   1241.10   1234.20   1229.90   1229.40   1231.80   1237.60   1253.10   1264.10   1267.10
   1334.10   1331.10   1328.90   1327.90   1327.30   1326.90   1325.00   1323.10   1323.50   1324.30   1327.00   1330.40   1335.40
   1340.30   1342.90   1344.00   1344.70   1342.40   1340.00   1337.20   1334.80   1331.50   1327.40   1322.20   1316.10   1309.20
   1302.00   1294.90   1289.10   1284.50   1281.30   1279.00   1276.70   1273.80   1269.80   1265.00   1259.70   1254.40   1250.10
   1247.10   1245.20   1242.70   1238.40   1234.80   1228.30   1223.40   1221.70   1224.20   1229.70   1244.10   1253.30   1255.90
   1319.30   1317.90   1315.50   1311.90   1310.30   1307.60   1305.30   1301.50   1310.00   1315.60   1321.60   1328.20   1330.60
   1335.60   1341.70   1347.00   1353.40   1350.40   1347.80   1345.60   1343.60   1340.40   1336.20   1331.10   1325.70   1318.50
   1310.80   1303.50   1296.70   1291.90   1288.20   1285.40   1283.30   1280.70   1277.10   1272.10   1266.50   1261.60   1257.00
   1251.30   1245.90   1242.10   1237.60   1230.50   1223.80   1218.90   1216.70   1217.70   1220.90   1228.80   1237.50   1237.10
   1308.70   1306.90   1303.40   1298.20   1294.20   1292.40   1290.40   1292.70   1294.20   1301.50   1308.20   1316.40   1327.00
   1337.70   1345.30   1351.60   1357.20   1358.00   1357.90   1355.10   1353.10   1350.80   1348.00   1343.40   1337.10   1330.30
   1323.00   1315.20   1307.80   1301.80   1298.20   1294.90   1292.50   1289.90   1286.10   1281.10   1275.50   1270.30   1266.00
   1261.40   1255.50   1251.00   1244.60   1236.40   1227.60   1218.80   1212.80   1213.80   1217.50   1221.90   1224.50   1225.70
   1300.50   1298.10   1294.00   1289.80   1286.80   1283.80   1283.00   1283.70   1286.30   1293.60   1301.70   1309.20   1318.00
   1329.10   1338.40   1351.70   1362.70   1369.00   1367.90   1364.90   1364.30   1363.20   1361.40   1358.40   1352.90   1346.50
   1339.30   1331.20   1323.40   1316.40   1310.50   1306.60   1304.00   1301.20   1297.80   1293.20   1288.00   1283.30   1279.80
   1276.50   1272.10   1266.70   1257.20   1245.60   1235.60   1226.00   1217.50   1215.10   1217.70   1222.90   1228.00   1234.10
   1295.30   1292.80   1290.10   1285.80   1282.90   1281.80   1281.70   1284.60   1290.30   1298.80   1306.60   1313.00   1319.90
   1327.40   1337.00   1347.60   1359.80   1370.70   1376.40   1377.90   1378.30   1379.20   1377.30   1374.20   1370.20   1365.20
   1358.00   1349.30   1340.30   1333.20   1327.50   1322.30   1318.40   1315.10   1311.10   1307.00   1303.70   1300.80   1297.90
   1295.10   1291.10   1283.60   1273.10   1259.90   1249.30   1239.00   1231.90   1230.50   1233.00   1237.60   1243.40   1251.40
   1294.20   1293.00   1290.50   1287.40   1284.10   1283.60   1285.80   1291.40   1299.30   1307.70   1314.40   1320.40   1324.90
   1331.60   1340.70   1350.60   1363.30   1377.30   1384.20   1391.50   1402.30   1396.00   1392.00   1390.90   1387.20   1382.10
   1376.90   1370.20   1361.40   1353.80   1347.50   1341.70   1336.90   1332.60   1327.80   1323.30   1319.90   1317.50   1316.20
   1314.70   1310.20   1303.20   1293.50   1281.20   1269.80   1260.50   1255.10   1252.80   1256.40   1263.70   1271.30   1278.70
   1295.00   1296.70   1297.00   1295.60   1293.40   1293.60   1295.90   1301.90   1309.60   1318.40   1324.60   1330.30   1335.60
   1343.30   1352.20   1361.60   1374.40   1390.70   1405.00   1409.60   1418.70   1425.90   1412.00   1406.20   1404.30   1400.70
   1396.10   1390.50   1383.80   1376.90   1370.00   1363.20   1356.90   1351.70   1346.80   1342.20   1338.90   1336.70   1335.60
   1332.70   1326.90   1319.30   1309.50   1300.80   1293.20   1287.00   1283.00   1283.10   1287.50   1297.50   1307.80   1315.50
   1293.00   1302.60   1308.30   1310.20   1309.40   1311.60   1315.40   1320.60   1327.80   1334.70   1340.00   1345.10   1351.60
   1361.00   1371.00   1380.20   1391.20   1405.90   1420.60   1430.20   1434.10   1441.40   1444.30   1426.40   1426.60   1422.60
   1418.30   1412.30   1405.90   1399.40   1392.50   1385.10   1378.00   1372.70   1366.20   1361.80   1359.00   1357.10   1356.30
   1354.90   1348.60   1340.50   1334.10   1327.60   1322.80   1316.70   1316.90   1320.40   1328.00   1338.30   1347.40   1353.20
   1302.60   1313.30   1322.50   1328.70   1331.80   1334.50   1339.00   1342.10   1347.40   1353.90   1359.60   1365.20   1371.50
   1381.50   1392.40   1401.40   1412.00   1426.60   1442.70   1452.40   1459.90   1473.00   1471.40   1470.20   1452.00   1442.60
   1437.70   1432.70   1426.10   1419.60   1413.20   1406.30   1398.70   1393.10   1387.00   1383.70   1381.00   1379.40   1379.90
   1378.10   1371.70   1366.00   1359.70   1355.40   1353.10   1353.80   1357.30   1363.70   1372.40   1381.20   1389.70   1399.00
   1317.50   1329.60   1342.00   1352.20   1357.70   1362.10   1365.40   1367.70   1372.70   1379.00   1385.40   1390.90   1399.10
   1409.50   1419.00   1427.30   1438.80   1452.30   1466.60   1475.20   1482.80   1488.60   1493.60   1497.80   1481.00   1467.00
   1452.30   1448.40   1443.90   1438.10   1432.00   1425.90   1419.60   1415.30   1410.90   1408.20   1406.10   1406.20   1404.20
   1399.80   1397.10   1393.00   1390.20   1390.20   1392.80   1397.50   1403.20   1411.20   1419.70   1427.60   1435.10   1443.60
   1341.10   1354.40   1368.40   1381.20   1387.90   1392.50   1396.10   1399.10   1403.50   1408.70   1413.80   1418.60   1427.20
   1438.90   1448.00   1456.20   1464.60   1474.40   1484.80   1493.10   1498.70   1503.60   1506.70   1508.30   1509.30   1500.90
   1465.10   1463.10   1459.20   1455.10   1450.00   1445.80   1441.70   1437.10   1434.50   1433.10   1432.90   1428.80   1426.20
   1424.60   1423.30   1423.40   1426.70   1429.70   1435.10   1443.30   1450.20   1457.80   1464.50   1470.50   1477.90   1486.10
   1378.20   1388.70   1400.90   1411.40   1417.90   1422.50   1425.20   1428.60   1432.00   1437.30   1442.40   1447.30   1455.20
   1464.80   1473.90   1482.20   1488.70   1495.00   1498.70   1501.40   1504.80   1508.20   1509.50   1510.60   1510.70   1497.00
   1473.40   1473.50   1472.30   1470.50   1468.80   1465.60   1463.00   1460.20   1458.50   1458.10   1454.20   1452.30   1451.50
   1451.90   1453.70   1458.10   1464.20   1470.10   1476.90   1484.70   1491.70   1498.10   1504.30   1510.60   1517.30   1524.30
   1416.90   1425.40   1434.10   1441.30   1446.30   1449.90   1452.30   1454.20   1458.00   1462.70   1467.90   1473.40   1479.40
   1488.20   1496.20   1503.70   1508.90   1511.70   1510.90   1508.30   1506.70   1505.40   1505.40   1507.80   1509.70   1506.90
   1487.30   1488.70   1487.50   1486.00   1484.60   1483.60   1481.30   1479.90   1480.10   1479.40   1478.40   1478.30   1480.00
   1481.90   1486.10   1491.50   1498.50   1505.40   1512.80   1519.30   1525.90   1532.30   1537.90   1543.60   1548.40   1553.20
   1453.40   1459.40   1464.30   1468.70   1472.70   1474.90   1476.30   1477.50   1479.80   1482.70   1488.20   1494.10   1499.20
   1505.10   1512.30   1518.60   1522.60   1523.90   1521.40   1516.20   1510.40   1507.50   1505.40   1504.90   1508.40   1509.10
   1503.10   1504.80   1502.00   1500.60   1500.00   1498.70   1496.70   1497.20   1497.50   1499.00   1501.00   1503.30   1506.00
   1508.40   1513.30   1519.90   1526.50   1533.40   1539.40   1545.90   1552.10   1557.60   1562.00   1565.50   1568.30   1570.40
   1482.90   1486.20   1488.60   1491.70   1494.30   1494.50   1495.40   1495.90   1496.20   1498.10   1503.40   1509.20   1513.70
   1518.00   1522.90   1527.50   1530.20   1530.60   1527.30   1522.80   1517.20   1512.10   1508.20   1506.40   1507.70   1510.50
   1514.70   1515.20   1513.30   1512.30   1512.10   1511.90   1512.10   1513.30   1514.80   1517.20   1520.70   1523.50   1526.70
   1528.90   1533.50   1540.00   1546.00   1551.90   1557.70   1563.10   1567.70   1571.10   1574.00   1575.00   1575.90   1576.80
   1504.50   1505.80   1507.70   1509.00   1509.70   1509.40   1509.00   1508.70   1508.00   1509.60   1513.80   1518.20   1522.10
   1525.80   1529.00   1531.60   1532.60   1531.90   1529.70   1526.50   1522.10   1516.60   1512.00   1508.90   1508.80   1509.80
   1514.80   1521.90   1522.50   1522.10   1523.70   1524.30   1525.10   1526.50   1528.10   1530.80   1534.40   1537.70   1541.00
   1544.50   1548.70   1553.00   1557.60   1562.20   1566.70   1570.50   1573.90   1576.30   1577.40   1576.80   1576.60   1576.30
   1518.60   1518.70   1519.00   1519.00   1518.20   1517.60   1516.30   1515.70   1515.90   1517.10   1519.50   1522.20   1525.30
   1528.30   1530.10   1530.90   1530.80   1530.00   1528.70   1526.50   1523.30   1519.50   1515.00   1511.80   1510.20   1512.70
   1508.90   1518.90   1528.80   1528.50   1530.40   1532.10   1533.50   1535.00   1537.10   1540.00   1542.90   1545.80   1548.90
   1551.80   1555.10   1558.40   1561.70   1565.20   1568.30   1570.80   1572.80   1573.70   1573.80   1573.00   1572.20   1571.50
   1524.50   1523.80   1523.20   1522.10   1520.80   1519.20   1518.30   1517.70   1517.60   1518.00   1519.80   1522.00   1524.30
   1526.00   1526.40   1526.40   1526.30   1526.10   1525.30   1524.40   1522.50   1520.20   1517.30   1514.20   1511.90   1511.90
   1512.60   1509.80   1526.90   1531.50   1533.30   1535.10   1537.00   1539.20   1541.20   1543.00   1544.90   1546.80   1548.80
   1551.40   1554.30   1556.60   1559.20   1561.70   1563.70   1565.30   1566.40   1566.60   1566.10   1565.20   1564.50   1563.50
   1524.50   1523.50   1522.60   1521.50   1519.60   1517.30   1517.00   1516.00   1515.50   1515.40   1516.90   1518.60   1520.20
   1520.90   1520.40   1520.30   1520.30   1520.80   1521.10   1520.90   1520.30   1519.10   1517.40   1515.40   1513.20   1511.90
   1510.10   1507.20   1519.40   1531.60   1532.60   1535.00   1537.40   1538.60   1539.90   1540.90   1542.20   1543.20   1544.40
   1545.80   1549.10   1551.20   1552.90   1554.20   1555.30   1556.70   1557.20   1557.20   1556.80   1555.90   1555.10   1554.10
   1519.80   1518.80   1517.90   1516.90   1515.60   1513.70   1512.20   1511.60   1511.20   1510.70   1511.60   1512.70   1513.10
   1513.40   1513.60   1513.70   1514.30   1515.00   1515.20   1515.60   1516.60   1516.50   1516.00   1514.80   1513.40   1512.00
   1511.50   1510.50   1504.20   1524.40   1530.30   1532.10   1534.30   1534.50   1535.30   1535.50   1535.90   1536.80   1537.70
   1538.60   1541.40   1543.10   1544.20   1544.70   1545.70   1546.70   1546.90   1546.60   1546.60   1546.20   1545.40   1544.50
   1512.10   1511.20   1510.30   1509.50   1508.30   1507.00   1505.90   1505.00   1504.40   1504.30   1505.10   1505.40   1505.30
   1505.80   1506.30   1507.30   1508.10   1508.70   1509.40   1510.40   1511.60   1512.10   1512.20   1512.20   1511.70   1511.10
   1511.00   1511.60   1511.80   1512.80   1512.70   1520.80   1527.30   1527.80   1528.10   1527.00   1526.00   1525.20   1525.50
   1527.70   1530.90   1533.30   1534.30   1534.90   1536.10   1536.90   1537.00   1536.90   1537.20   1537.40   1537.00   1536.20
   1503.60   1502.90   1502.40   1501.60   1500.50   1499.60   1498.80   1497.80   1497.50   1497.90   1498.40   1498.70   1498.60
   1498.80   1499.80   1500.80   1501.80   1502.70   1503.30   1504.20   1505.00   1505.50   1506.60   1507.60   1507.70   1507.90
   1508.40   1509.00   1509.40   1509.60   1508.90   1508.80   1509.90   1512.60   1518.10   1517.30   1514.30   1511.30   1511.40
   1515.30   1519.60   1523.10   1524.60   1526.20   1527.60   1528.70   1528.90   1529.00   1529.40   1529.30   1529.30   1529.40
   1495.40   1494.60   1494.00   1493.50   1492.90   1492.70   1492.10   1491.30   1491.20   1491.40   1492.30   1492.90   1492.70
   1492.50   1493.00   1493.60   1494.70   1495.60   1496.10   1497.00   1497.60   1498.50   1500.20   1501.50   1502.30   1503.10
   1503.40   1503.40   1504.20   1503.90   1503.60   1502.90   1501.70   1502.10   1507.20   1510.90   1504.30   1500.30   1500.70
   1506.80   1510.20   1514.40   1515.50   1518.90   1520.50   1521.30   1521.60   1522.10   1521.90   1522.00   1522.70   1523.40
   2740.60   2739.30   2738.20   2737.00   2735.40   2733.80   2732.30   2730.50   2728.60   2726.70   2724.70   2722.70   2720.80
   2719.00   2717.10   2715.30   2713.70   2712.00   2710.40   2709.00   2707.70   2706.50   2705.30   2704.20   2703.20   2702.30
   2701.50   2700.80   2700.20   2699.60   2699.10   2698.70   2698.30   2698.00   2697.80   2697.70   2697.60   2697.60   2697.70
   2697.80   2697.90   2698.00   2698.10   2698.30   2698.40   2698.70   2699.00   2699.30   2699.70   2700.10   2700.40   2700.70
   2760.50   2758.90   2757.10   2755.40   2753.40   2751.40   2749.20   2746.90   2744.30   2741.40   2738.50   2735.30   2731.90
   2728.70   2725.40   2722.00   2718.80   2715.50   2712.10   2708.80   2705.70   2702.80   2700.30   2698.30   2696.50   2695.00
   2693.70   2692.60   2691.60   2690.70   2689.90   2689.20   2688.60   2688.40   2688.10   2688.00   2687.40   2687.40   2687.40
   2687.10   2687.10   2687.00   2687.50   2687.90   2688.30   2689.10   2689.80   2690.90   2691.80   2693.20   2694.10   2695.30
   2779.80   2778.00   2776.00   2773.60   2771.10   2768.40   2765.60   2762.50   2759.20   2755.70   2751.90   2747.80   2743.80
   2739.60   2735.50   2731.60   2727.80   2723.90   2719.90   2715.80   2711.90   2708.20   2704.90   2701.90   2699.10   2696.60
   2694.40   2692.20   2690.40   2688.90   2687.70   2686.80   2685.80   2685.60   2685.10   2684.30   2683.80   2683.80   2683.20
   2683.40   2682.60   2682.80   2682.70   2684.00   2685.10   2687.10   2689.30   2691.30   2693.70   2695.50   2697.30   2698.50
   2798.00   2795.60   2792.90   2789.90   2786.80   2783.40   2780.00   2776.20   2772.10   2768.00   2763.60   2759.10   2754.40
   2749.60   2745.00   2740.70   2736.80   2732.80   2728.80   2724.80   2720.80   2716.80   2712.60   2708.60   2704.60   2701.20
   2698.30   2695.80   2693.10   2691.00   2689.10   2687.10   2685.30   2683.90   2682.40   2681.70   2680.50   2678.80   2678.20
   2677.90   2678.20   2679.30   2680.50   2682.90   2685.90   2689.50   2693.60   2698.30   2703.10   2707.30   2710.40   2711.80
   2814.30   2810.70   2806.90   2802.60   2798.00   2793.10   2788.10   2783.10   2778.40   2773.90   2769.20   2764.40   2759.80
   2755.30   2750.90   2746.60   2742.40   2738.50   2734.70   2731.20   2727.40   2723.60   2719.70   2715.00   2710.20   2706.00
   2701.90   2697.80   2693.90   2690.70   2687.60   2685.30   2683.20   2681.80   2680.60   2679.20   2677.70   2675.80   2674.90
   2674.80   2675.80   2676.90   2678.30   2679.70   2681.80   2685.10   2689.80   2696.30   2705.00   2714.70   2721.50   2726.30
   2821.70   2817.90   2813.60   2808.90   2803.90   2798.70   2793.30   2787.90   2782.70   2778.10   2773.80   2769.30   2765.10
   2761.50   2758.20   2754.80   2751.00   2747.40   2743.70   2740.10   2736.10   2731.80   2726.90   2721.80   2716.20   2710.40
   2704.50   2698.90   2693.40   2688.60   2684.90   2682.00   2679.90   2678.10   2677.00   2675.90   2674.80   2674.40   2673.40
   2672.70   2672.50   2673.10   2674.20   2676.50   2679.40   2683.00   2687.10   2692.70   2701.70   2712.90   2723.60   2730.70
   2818.30   2814.90   2811.20   2807.30   2803.90   2800.30   2796.80   2793.20   2789.50   2785.90   2782.50   2779.30   2776.40
   2773.70   2771.10   2768.00   2764.70   2761.60   2758.30   2754.90   2750.50   2745.70   2740.40   2734.10   2726.70   2718.30
   2710.10   2702.20   2695.70   2690.70   2686.80   2683.40   2680.30   2677.50   2675.10   2673.40   2672.90   2671.70   2670.40
   2668.30   2667.30   2667.10   2668.50   2671.10   2674.30   2678.50   2683.80   2689.70   2698.50   2708.20   2719.80   2730.20
   2808.00   2805.20   2802.80   2801.00   2798.70   2797.20   2795.10   2793.70   2792.20   2790.70   2789.50   2788.90   2788.30
   2787.00   2785.70   2783.00   2780.40   2777.40   2773.90   2769.70   2764.60   2758.50   2752.00   2744.80   2737.00   2728.30
   2719.10   2710.60   2703.40   2697.20   2692.20   2688.70   2685.10   2681.40   2677.70   2674.00   2670.40   2667.10   2664.30
   2663.10   2663.40   2664.40   2666.10   2668.10   2670.10   2673.50   2678.80   2685.70   2694.20   2703.30   2712.30   2720.40
   2796.50   2795.00   2793.60   2792.70   2792.30   2792.40   2791.90   2791.30   2791.70   2791.80   2792.40   2793.20   2793.80
   2795.20   2796.20   2796.70   2795.90   2793.50   2790.00   2785.30   2779.90   2773.00   2765.30   2757.40   2749.00   2740.40
   2731.60   2723.00   2715.00   2707.60   2701.60   2696.80   2692.70   2688.60   2684.40   2679.30   2674.40   2669.90   2666.10
   2664.00   2663.30   2663.30   2663.70   2665.20   2666.20   2668.30   2673.20   2679.60   2688.90   2698.60   2707.90   2710.40
   2789.60   2789.90   2789.00   2785.60   2783.90   2782.30   2781.70   2782.70   2787.10   2789.90   2794.20   2797.80   2799.30
   2802.10   2806.10   2809.70   2811.80   2810.90   2810.00   2805.90   2799.80   2792.70   2784.30   2775.20   2765.90   2756.40
   2746.90   2737.50   2729.10   2721.00   2713.80   2707.80   2704.20   2701.00   2696.40   2690.90   2684.70   2679.00   2673.80
   2669.80   2667.00   2665.90   2665.40   2664.10   2664.00   2665.50   2669.80   2676.70   2684.40   2691.30   2700.10   2703.60
   2785.10   2785.20   2783.20   2778.60   2775.00   2774.60   2776.00   2778.50   2782.40   2789.30   2796.50   2804.10   2810.30
   2813.30   2819.70   2825.50   2829.20   2829.80   2829.00   2826.50   2822.20   2815.90   2808.20   2798.70   2787.70   2776.60
   2765.60   2754.80   2745.60   2737.80   2730.90   2725.50   2721.90   2718.50   2713.10   2706.40   2698.70   2692.50   2688.20
   2684.30   2680.70   2677.50   2675.40   2672.60   2669.70   2668.30   2670.10   2675.50   2682.80   2690.90   2695.20   2701.10
   2781.00   2780.80   2779.60   2776.10   2773.10   2772.40   2773.20   2777.30   2783.40   2792.00   2800.60   2808.10   2817.50
   2826.90   2835.10   2841.10   2846.90   2849.80   2849.90   2849.60   2847.10   2842.60   2835.50   2826.40   2815.70   2803.80
   2791.10   2778.40   2767.80   2758.60   2750.80   2744.40   2739.60   2735.90   2731.10   2725.10   2718.70   2713.60   2709.60
   2705.80   2701.70   2697.00   2691.20   2685.60   2680.40   2677.30   2675.90   2678.50   2686.30   2695.70   2704.10   2712.70
   2780.30   2779.60   2780.00   2777.00   2776.70   2776.60   2778.50   2783.80   2791.50   2801.90   2812.60   2821.00   2828.50
   2836.80   2846.20   2856.00   2862.20   2868.50   2870.80   2872.70   2873.90   2872.20   2865.70   2856.50   2846.60   2835.10
   2821.40   2807.30   2794.90   2784.20   2775.00   2766.10   2759.30   2753.80   2749.40   2745.30   2741.20   2737.80   2733.50
   2728.40   2723.80   2718.70   2712.50   2705.00   2699.10   2695.30   2693.50   2696.30   2703.10   2713.60   2723.90   2735.80
   2785.80   2786.30   2786.00   2785.00   2784.40   2785.50   2790.00   2798.00   2807.30   2817.00   2827.00   2835.00   2840.70
   2848.00   2857.90   2869.00   2878.80   2885.90   2893.10   2902.60   2903.40   2899.10   2897.70   2890.10   2878.90   2867.10
   2854.10   2840.50   2827.70   2816.50   2806.70   2796.50   2787.60   2780.30   2774.10   2768.40   2763.20   2759.40   2756.80
   2753.70   2749.70   2744.50   2738.30   2732.50   2726.60   2724.10   2723.80   2726.20   2734.50   2746.50   2758.70   2771.10
   2793.20   2797.00   2799.20   2799.10   2800.10   2803.00   2807.80   2815.00   2824.40   2834.00   2843.00   2851.30   2858.40
   2866.70   2876.80   2888.40   2901.30   2913.60   2921.60   2928.00   2934.40   2933.90   2926.80   2922.90   2914.60   2903.40
   2891.20   2878.30   2865.30   2852.70   2840.50   2829.70   2819.50   2810.60   2803.60   2797.60   2791.60   2787.30   2784.40
   2780.90   2776.70   2772.60   2768.90   2764.60   2761.80   2759.70   2760.90   2765.40   2774.70   2789.20   2803.60   2816.50
   2799.80   2809.60   2816.00   2819.70   2822.40   2827.10   2833.10   2840.20   2849.10   2858.60   2866.70   2874.00   2882.70
   2892.80   2903.70   2914.60   2927.30   2940.40   2952.40   2962.20   2964.00   2969.70   2966.60   2955.20   2950.90   2942.40
   2930.70   2917.90   2903.60   2889.60   2876.20   2864.40   2854.70   2845.20   2835.40   2829.10   2823.30   2818.40   2815.90
   2813.70   2811.10   2807.80   2804.50   2802.20   2802.50   2803.70   2807.60   2816.00   2827.90   2843.10   2857.20   2869.40
   2816.60   2829.70   2840.00   2847.20   2852.30   2857.60   2863.40   2868.90   2877.20   2887.20   2895.70   2903.30   2912.00
   2924.00   2936.40   2947.90   2960.40   2973.10   2985.80   2991.90   2999.00   3003.80   3002.30   2995.70   2983.40   2977.10
   2965.20   2952.30   2938.40   2924.90   2912.20   2899.30   2888.10   2879.70   2871.10   2865.00   2859.80   2857.20   2855.70
   2854.40   2853.70   2852.30   2849.50   2850.20   2853.30   2858.90   2866.80   2878.90   2892.50   2906.20   2919.10   2932.20
   2842.60   2857.90   2871.50   2881.80   2888.30   2894.30   2899.30   2903.70   2911.40   2920.20   2928.10   2936.70   2946.60
   2959.10   2971.80   2983.90   2997.10   3008.70   3019.40   3024.40   3029.10   3033.30   3030.40   3026.90   3014.20   3004.80
   2992.50   2980.80   2968.90   2957.00   2945.30   2932.80   2922.20   2914.40   2908.60   2904.40   2901.40   2899.10   2897.30
   2897.30   2900.10   2901.70   2904.00   2908.40   2915.70   2924.60   2935.10   2948.60   2961.60   2973.70   2985.70   2996.80
   2880.50   2894.40   2909.10   2922.10   2930.00   2935.90   2941.10   2946.20   2951.70   2958.50   2964.80   2971.70   2981.60
   2995.20   3008.50   3021.00   3030.60   3039.10   3047.80   3051.10   3055.00   3056.80   3054.40   3050.70   3043.60   3037.30
   3020.20   3008.40   2995.90   2985.80   2975.40   2965.70   2957.20   2951.20   2946.70   2944.10   2942.10   2940.40   2941.10
   2944.70   2948.30   2955.10   2962.10   2969.50   2979.80   2992.70   3004.10   3015.10   3025.40   3035.80   3046.40   3055.80
   2928.10   2939.70   2951.90   2963.10   2971.00   2977.10   2981.90   2986.40   2991.40   2996.80   3002.60   3008.50   3017.60
   3029.60   3041.60   3052.90   3061.10   3066.90   3071.80   3074.10   3074.30   3071.00   3068.90   3064.10   3059.90   3052.20
   3035.70   3029.70   3020.30   3012.40   3005.20   2998.50   2993.40   2988.90   2985.30   2984.70   2983.10   2985.00   2988.70
   2994.10   3002.30   3010.80   3019.50   3029.50   3040.50   3051.90   3062.10   3072.10   3080.80   3088.70   3096.30   3103.10
   2978.40   2988.50   2997.50   3005.70   3011.50   3015.80   3019.20   3021.90   3026.30   3031.20   3036.30   3042.70   3050.80
   3060.50   3070.70   3080.20   3087.70   3091.10   3092.40   3089.40   3085.80   3081.80   3079.90   3076.80   3074.40   3067.60
   3055.80   3052.50   3046.40   3039.90   3034.30   3030.40   3026.60   3023.60   3022.60   3023.90   3027.90   3031.50   3038.00
   3045.00   3052.90   3061.10   3070.40   3079.80   3090.30   3100.40   3110.20   3117.90   3124.30   3129.50   3134.40   3138.80
   3027.80   3034.70   3040.50   3046.50   3049.30   3051.30   3053.00   3054.70   3057.10   3060.30   3065.80   3072.20   3078.70
   3086.20   3094.40   3102.60   3108.40   3110.60   3108.50   3103.80   3098.80   3093.90   3090.40   3088.90   3087.30   3084.30
   3078.30   3074.90   3070.50   3066.60   3063.80   3061.20   3059.20   3059.60   3060.60   3063.70   3068.00   3074.10   3081.10
   3086.70   3094.20   3103.10   3112.60   3121.90   3130.20   3138.10   3145.80   3151.20   3154.90   3157.30   3159.20   3160.70
   3070.60   3073.70   3076.90   3080.40   3082.00   3082.20   3081.70   3081.20   3081.30   3084.30   3089.60   3094.80   3100.60
   3107.20   3113.40   3119.50   3123.60   3124.40   3121.00   3116.00   3110.60   3105.30   3100.90   3099.50   3100.80   3100.40
   3098.40   3096.50   3092.90   3091.20   3091.30   3090.80   3090.80   3091.90   3093.80   3097.40   3102.90   3109.20   3114.40
   3118.50   3125.60   3134.50   3143.10   3150.50   3157.50   3163.70   3168.20   3171.00   3172.00   3171.60   3171.60   3171.90
   3104.80   3105.60   3106.90   3108.00   3107.50   3106.10   3104.30   3102.50   3102.20   3103.70   3107.30   3112.80   3117.60
   3122.00   3126.50   3130.70   3133.20   3133.40   3130.60   3126.70   3122.30   3116.40   3111.90   3110.50   3112.40   3115.30
   3115.70   3115.10   3114.70   3114.70   3115.80   3116.60   3117.00   3118.00   3120.70   3125.00   3130.80   3136.10   3140.30
   3144.70   3150.50   3156.60   3162.40   3168.10   3173.20   3177.30   3179.90   3180.40   3179.60   3177.80   3176.60   3175.60
   3128.80   3128.10   3127.20   3126.50   3124.30   3121.90   3119.40   3117.80   3117.40   3118.00   3121.10   3124.80   3128.10
   3131.60   3134.40   3136.40   3137.90   3138.70   3137.70   3134.80   3132.10   3128.00   3123.80   3121.80   3122.80   3125.90
   3128.40   3130.40   3131.10   3132.70   3134.10   3135.50   3137.20   3139.30   3142.70   3146.10   3150.10   3153.50   3157.30
   3161.70   3165.30   3169.00   3173.00   3176.20   3179.10   3181.50   3182.30   3181.20   3180.00   3177.90   3175.90   3174.40
   3142.70   3141.20   3139.40   3136.90   3134.00   3131.00   3128.60   3126.90   3125.60   3125.70   3127.90   3131.10   3133.80
   3136.10   3137.60   3138.80   3139.20   3139.80   3139.80   3139.00   3137.60   3135.30   3132.80   3131.30   3131.20   3134.00
   3137.30   3140.20   3140.70   3143.20   3145.00   3146.70   3149.00   3151.40   3153.90   3156.20   3159.00   3161.70   3164.90
   3168.10   3170.90   3173.10   3175.00   3176.30   3177.50   3178.30   3178.00   3176.80   3175.40   3173.50   3171.50   3169.80
   3148.60   3146.60   3144.40   3142.00   3139.00   3136.40   3133.90   3131.40   3129.60   3129.70   3130.80   3132.60   3134.70
   3135.90   3136.60   3137.40   3138.10   3138.80   3139.50   3140.00   3140.10   3140.00   3139.10   3138.00   3138.10   3139.50
   3142.80   3145.30   3146.20   3148.70   3150.60   3152.40   3153.70   3156.40   3158.70   3160.70   3162.30   3163.70   3166.10
   3168.30   3169.90   3170.80   3171.40   3171.60   3172.00   3171.50   3170.80   3170.00   3169.10   3167.40   3165.90   3164.20
   3148.50   3146.30   3144.20   3142.10   3139.40   3137.00   3134.30   3132.10   3130.60   3130.50   3130.70   3131.90   3132.80
   3133.40   3133.80   3134.70   3136.30   3137.30   3138.30   3139.10   3140.80   3141.90   3142.00   3141.20   3141.10   3141.70
   3143.40   3145.30   3147.80   3149.80   3151.20   3152.90   3155.10   3156.90   3158.80   3160.10   3160.60   3161.30   3162.20
   3163.00   3164.60   3165.30   3165.00   3164.90   3164.80   3163.90   3163.10   3162.30   3161.80   3161.20   3160.40   3158.80
   3143.90   3142.20   3140.30   3138.00   3135.80   3133.60   3132.10   3130.60   3129.50   3129.10   3129.40   3129.30   3129.80
   3130.30   3131.30   3132.60   3133.80   3135.20   3136.50   3137.90   3139.20   3140.30   3140.50   3140.70   3140.60   3140.80
   3141.40   3143.00   3145.10   3146.20   3146.70   3148.70   3151.90   3153.20   3154.10   3154.60   3154.20   3154.10   3154.70
   3156.00   3157.60   3158.50   3158.30   3157.90   3157.50   3157.40   3156.90   3156.20   3156.00   3156.40   3157.00   3156.60
   3138.60   3136.80   3135.30   3133.70   3131.90   3130.00   3128.50   3127.70   3127.40   3127.00   3127.10   3126.70   3126.70
   3127.40   3128.50   3129.00   3130.20   3132.00   3133.20   3134.50   3135.70   3136.80   3137.30   3137.80   3138.10   3138.10
   3138.40   3139.20   3140.60   3141.90   3143.20   3144.60   3145.50   3146.10   3146.60   3147.20   3146.20   3145.90   3146.70
   3149.30   3150.90   3152.00   3152.20   3152.20   3152.40   3152.50   3152.70   3152.80   3153.10   3154.10   3155.00   3155.40
   3133.40   3132.00   3130.70   3129.20   3127.70   3126.30   3125.00   3124.50   3124.40   3123.80   3124.70   3124.50   3124.40
   3124.70   3125.00   3125.40   3126.40   3127.40   3128.50   3129.80   3130.50   3131.60   3132.60   3133.80   3134.20   3134.20
   3134.30   3135.00   3136.30   3137.00   3137.60   3138.80   3139.40   3139.70   3139.70   3141.60   3140.10   3140.80   3140.80
   3144.40   3144.80   3146.30   3146.60   3147.70   3148.40   3149.00   3149.80   3150.90   3152.00   3152.50   3153.00   3153.80
   3822.80   3821.60   3820.50   3819.40   3817.90   3816.30   3814.90   3813.20   3811.30   3809.50   3807.70   3805.80   3803.90
   3802.00   3800.20   3798.40   3796.70   3795.10   3793.50   3792.10   3790.70   3789.50   3788.30   3787.20   3786.30   3785.50
   3784.70   3784.10   3783.60   3783.10   3782.80   3782.50   3782.20   3782.00   3781.90   3781.80   3781.80   3782.00   3782.10
   3782.30   3782.60   3782.80   3783.10   3783.40   3783.70   3784.10   3784.60   3785.00   3785.50   3786.20   3786.60   3787.10
   3844.20   3842.60   3840.80   3838.90   3836.80   3834.60   3832.20   3829.80   3827.10   3824.10   3821.10   3817.80   3814.40
   3811.20   3807.90   3804.50   3801.30   3798.00   3794.70   3791.50   3788.40   3785.50   3783.00   3780.90   3779.20   3777.70
   3776.50   3775.60   3774.70   3774.10   3773.50   3772.90   3772.40   3772.30   3772.00   3772.00   3771.50   3771.70   3771.90
   3771.90   3772.20   3772.40   3773.10   3773.80   3774.60   3775.90   3777.00   3778.50   3779.70   3781.20   3782.30   3783.60
   3866.30   3864.20   3861.70   3859.00   3855.90   3852.50   3849.00   3845.30   3841.60   3837.80   3833.70   3829.30   3825.00
   3820.50   3816.30   3812.30   3808.40   3804.50   3800.50   3796.50   3792.60   3788.80   3785.50   3782.50   3780.00   3777.80
   3775.90   3774.30   3773.00   3771.80   3770.90   3770.10   3769.00   3768.70   3768.10   3767.30   3766.70   3766.70   3766.40
   3767.00   3766.80   3767.60   3768.40   3770.50   3772.20   3774.70   3777.50   3780.00   3782.70   3784.80   3786.90   3788.60
   3889.00   3886.10   3882.80   3879.20   3875.10   3870.70   3866.00   3861.20   3856.40   3851.70   3846.70   3841.70   3836.60
   3831.40   3826.50   3821.90   3817.80   3813.70   3809.80   3805.70   3801.70   3797.50   3793.50   3789.60   3786.00   3782.80
   3780.20   3778.00   3775.50   3773.40   3771.60   3769.70   3768.10   3766.80   3765.40   3764.80   3763.80   3762.20   3761.90
   3762.10   3763.20   3765.00   3767.30   3770.60   3774.40   3778.40   3782.80   3787.30   3791.70   3795.70   3799.00   3801.20
   3909.80   3905.80   3901.20   3896.10   3890.40   3884.20   3877.90   3871.60   3865.90   3860.70   3855.50   3850.40   3845.50
   3840.80   3836.40   3832.10   3828.10   3824.10   3820.20   3816.30   3812.20   3807.90   3803.70   3798.90   3794.10   3789.60
   3785.40   3781.10   3777.00   3773.40   3770.10   3767.70   3765.70   3764.10   3763.20   3762.00   3760.90   3759.50   3759.20
   3759.70   3761.50   3763.60   3766.20   3769.10   3772.60   3777.00   3782.40   3788.80   3796.60   3805.10   3811.90   3817.30
   3922.20   3917.70   3912.70   3907.40   3901.60   3895.50   3889.00   3882.40   3876.00   3870.20   3865.10   3860.00   3855.50
   3852.10   3849.00   3845.50   3841.70   3837.70   3833.60   3829.40   3824.90   3820.10   3814.70   3809.10   3803.10   3796.60
   3789.90   3783.40   3777.00   3771.50   3766.80   3763.30   3760.70   3758.80   3757.90   3757.00   3756.20   3756.10   3755.70
   3755.70   3756.50   3758.30   3760.90   3764.90   3770.10   3776.30   3783.00   3790.40   3799.60   3810.20   3820.10   3827.40
   3923.70   3919.90   3916.00   3911.90   3908.10   3904.00   3899.70   3895.00   3890.40   3886.20   3882.20   3878.80   3876.00
   3873.50   3870.50   3866.90   3862.80   3858.80   3854.70   3850.40   3845.30   3839.40   3832.70   3825.20   3817.10   3807.70
   3798.10   3788.80   3780.80   3774.40   3769.30   3764.70   3760.60   3757.10   3754.60   3753.30   3752.90   3751.90   3751.00
   3749.50   3749.70   3750.90   3753.90   3758.70   3764.80   3772.60   3782.00   3791.20   3801.60   3812.00   3823.00   3832.50
   3918.70   3916.10   3913.80   3912.10   3910.30   3908.60   3906.60   3905.10   3903.50   3901.70   3900.40   3899.40   3897.90
   3895.60   3892.90   3889.10   3885.70   3881.90   3877.60   3872.00   3865.40   3857.60   3849.40   3840.80   3831.60   3821.50
   3810.80   3800.30   3791.10   3783.20   3776.80   3771.80   3767.00   3762.60   3759.00   3755.40   3751.80   3748.30   3745.70
   3745.00   3746.30   3748.60   3751.70   3756.50   3762.20   3769.30   3777.80   3787.80   3798.50   3809.30   3819.10   3827.60
   3910.50   3909.80   3909.40   3909.20   3909.20   3909.20   3909.00   3908.70   3909.30   3909.70   3910.00   3910.20   3910.30
   3910.60   3910.20   3909.40   3907.80   3904.80   3900.50   3894.30   3886.90   3877.80   3867.90   3857.80   3847.20   3836.60
   3826.30   3816.10   3806.20   3797.20   3789.50   3783.20   3777.70   3772.60   3768.10   3762.90   3757.30   3752.40   3748.90
   3747.10   3747.50   3749.00   3751.50   3756.00   3760.70   3766.20   3773.70   3782.70   3793.90   3805.10   3814.70   3820.30
   3907.10   3909.00   3909.00   3906.80   3905.60   3904.60   3904.40   3905.80   3910.30   3913.20   3916.80   3919.90   3921.50
   3924.00   3927.00   3929.50   3930.40   3929.00   3927.20   3921.50   3913.10   3903.70   3892.60   3880.50   3868.50   3857.00
   3846.20   3835.60   3825.50   3815.60   3806.40   3798.50   3793.30   3789.20   3784.10   3778.00   3771.00   3764.40   3759.10
   3755.60   3754.10   3754.20   3755.30   3757.80   3761.60   3766.60   3774.10   3783.20   3792.00   3800.30   3809.00   3817.00
   3905.30   3907.40   3907.70   3905.20   3902.30   3901.70   3904.00   3907.00   3911.70   3919.30   3926.30   3933.10   3939.00
   3942.40   3947.80   3952.50   3955.40   3955.50   3954.10   3950.50   3944.40   3935.70   3924.50   3911.00   3896.20   3882.90
   3870.20   3858.10   3847.40   3837.70   3828.90   3821.10   3815.90   3811.30   3805.00   3797.40   3789.30   3782.70   3778.10
   3774.80   3772.00   3769.30   3768.20   3768.10   3769.00   3771.00   3775.30   3782.80   3792.60   3803.00   3810.80   3820.10
   3903.70   3905.80   3907.50   3906.80   3904.40   3904.50   3906.70   3911.90   3919.10   3928.50   3938.20   3946.80   3956.10
   3964.40   3970.90   3975.10   3979.50   3982.20   3982.60   3981.30   3977.60   3971.30   3961.30   3948.40   3933.20   3917.30
   3901.60   3886.90   3874.30   3863.60   3854.10   3845.70   3839.20   3834.00   3828.30   3821.40   3814.70   3809.60   3805.60
   3802.00   3798.00   3793.40   3788.80   3785.40   3783.20   3782.50   3783.90   3789.80   3800.40   3812.80   3823.40   3834.80
   3908.40   3909.30   3911.60   3911.70   3911.70   3912.20   3915.80   3923.00   3932.80   3944.70   3955.80   3965.00   3973.20
   3981.90   3990.30   3998.60   4003.40   4008.50   4011.10   4013.20   4012.80   4008.90   4001.20   3989.40   3975.40   3959.70
   3941.60   3923.40   3907.10   3894.00   3883.10   3872.70   3864.40   3857.70   3852.50   3847.40   3843.00   3839.50   3835.20
   3830.00   3825.10   3819.90   3813.90   3808.90   3805.90   3804.70   3806.60   3812.90   3823.40   3837.50   3850.70   3865.20
   3920.00   3921.40   3922.00   3922.60   3922.90   3924.80   3930.50   3940.30   3951.90   3964.10   3976.20   3985.00   3991.80
   4000.10   4009.80   4020.00   4028.10   4033.90   4042.00   4049.90   4050.20   4046.50   4043.30   4033.10   4019.10   4003.30
   3985.90   3967.40   3949.50   3934.30   3921.20   3908.80   3898.60   3890.00   3883.00   3876.50   3870.80   3867.40   3864.40
   3861.00   3857.00   3852.20   3847.00   3842.70   3840.30   3841.00   3843.80   3849.70   3861.80   3877.40   3893.10   3908.20
   3931.70   3936.50   3938.80   3940.70   3943.00   3947.50   3954.80   3964.50   3975.50   3987.10   3999.10   4008.90   4016.60
   4024.50   4034.80   4046.40   4058.50   4069.40   4077.20   4085.50   4090.50   4088.70   4083.90   4076.70   4064.90   4050.30
   4034.00   4016.40   3998.30   3980.50   3964.30   3950.70   3938.60   3928.20   3919.70   3912.70   3906.50   3902.80   3899.80
   3896.50   3892.80   3889.30   3886.70   3883.90   3883.90   3886.50   3891.10   3898.70   3911.50   3928.20   3945.10   3960.70
   3944.10   3954.60   3961.30   3965.20   3969.80   3977.00   3985.90   3995.80   4006.70   4017.70   4028.50   4038.30   4047.90
   4057.30   4068.60   4079.90   4093.10   4107.00   4119.10   4127.80   4131.80   4133.70   4128.50   4119.60   4109.90   4098.40
   4083.30   4066.30   4046.80   4027.20   4009.00   3994.30   3981.70   3970.20   3960.30   3953.20   3947.30   3942.70   3939.60
   3937.90   3936.60   3935.70   3934.30   3933.90   3937.20   3943.40   3949.90   3960.70   3975.30   3993.00   4009.70   4026.00
   3966.20   3981.70   3993.90   4001.90   4007.10   4014.20   4022.50   4030.50   4040.20   4051.80   4062.70   4072.30   4082.00
   4094.70   4108.90   4122.20   4135.50   4148.60   4160.20   4166.70   4172.60   4174.10   4170.30   4163.20   4151.00   4141.60
   4127.00   4110.30   4091.80   4073.00   4055.00   4038.70   4024.90   4014.30   4005.50   3998.90   3993.90   3990.30   3987.70
   3987.50   3989.90   3992.40   3994.10   3998.30   4004.90   4012.20   4021.50   4036.40   4053.80   4070.60   4087.00   4103.10
   4000.20   4017.20   4032.00   4043.00   4050.70   4058.40   4065.70   4073.20   4081.20   4090.50   4099.90   4109.30   4119.50
   4134.30   4150.20   4164.70   4178.70   4190.30   4199.50   4205.10   4209.60   4210.80   4205.70   4199.70   4187.60   4177.70
   4162.90   4147.10   4130.90   4114.10   4098.20   4082.80   4069.00   4059.90   4054.00   4049.60   4047.20   4044.30   4042.70
   4044.60   4050.00   4056.00   4063.00   4071.40   4082.00   4093.00   4106.30   4122.00   4137.70   4152.70   4167.00   4179.60
   4047.10   4062.80   4077.50   4090.30   4099.10   4107.00   4114.40   4122.50   4128.80   4135.70   4142.00   4149.30   4161.00
   4176.60   4192.30   4206.80   4217.40   4226.20   4232.90   4236.40   4241.00   4240.90   4235.80   4229.00   4221.40   4211.90
   4198.40   4182.20   4166.00   4151.30   4138.20   4124.90   4114.20   4108.00   4103.80   4101.30   4100.20   4100.00   4101.60
   4106.90   4113.90   4125.10   4136.30   4146.80   4159.90   4175.30   4188.80   4202.00   4214.30   4227.00   4238.40   4248.20
   4103.20   4117.30   4130.30   4142.00   4149.60   4156.50   4163.30   4169.90   4176.50   4182.30   4187.90   4193.90   4203.60
   4217.00   4230.60   4244.00   4253.70   4259.70   4264.10   4265.90   4265.30   4261.80   4256.90   4250.20   4244.60   4235.80
   4222.90   4213.10   4199.30   4186.90   4176.00   4167.10   4161.20   4156.20   4153.10   4153.10   4154.30   4157.40   4164.40
   4173.50   4185.00   4196.50   4207.50   4219.80   4232.50   4246.10   4258.40   4269.60   4279.80   4289.00   4296.70   4302.90
   4163.60   4175.20   4186.10   4195.00   4200.30   4204.30   4208.80   4213.30   4219.10   4224.70   4229.50   4234.50   4241.90
   4252.80   4264.80   4276.80   4285.40   4289.80   4290.30   4286.10   4282.10   4278.30   4274.40   4270.00   4266.20   4259.40
   4250.50   4243.50   4234.30   4225.10   4216.60   4210.80   4206.60   4203.70   4202.40   4204.50   4209.90   4217.40   4227.30
   4238.10   4247.90   4258.40   4269.80   4281.40   4293.60   4304.30   4314.70   4323.30   4330.50   4336.00   4340.40   4343.70
   4224.20   4231.70   4237.80   4243.60   4246.20   4248.50   4250.70   4252.60   4256.60   4260.90   4265.50   4269.70   4276.00
   4284.60   4294.60   4304.90   4312.00   4315.00   4312.80   4306.10   4299.80   4294.90   4290.70   4288.30   4286.10   4282.70
   4277.70   4272.40   4266.70   4261.40   4256.60   4253.10   4251.90   4252.50   4253.80   4257.90   4264.00   4273.20   4282.50
   4290.80   4299.50   4309.80   4321.30   4331.70   4341.40   4350.60   4358.10   4363.40   4366.50   4368.50   4369.70   4370.20
   4277.60   4281.20   4283.90   4285.90   4287.10   4287.80   4287.30   4286.80   4287.40   4290.60   4295.50   4299.80   4305.50
   4312.50   4319.60   4327.60   4332.90   4334.40   4331.60   4325.10   4317.60   4311.10   4306.40   4305.00   4305.30   4305.10
   4303.10   4300.40   4296.80   4294.70   4294.20   4293.70   4294.10   4295.90   4299.00   4304.60   4311.50   4319.10   4325.70
   4331.20   4339.00   4348.50   4358.40   4367.00   4374.90   4381.40   4385.70   4387.70   4387.80   4386.90   4386.00   4385.20
   4322.10   4323.00   4323.60   4323.20   4321.80   4319.50   4316.70   4314.40   4313.80   4315.30   4319.10   4324.40   4329.80
   4334.20   4339.00   4344.20   4347.60   4348.30   4346.20   4341.60   4336.10   4329.90   4324.70   4322.80   4323.70   4325.70
   4327.10   4326.90   4326.50   4326.60   4327.80   4329.30   4330.50   4333.00   4336.80   4342.30   4348.70   4354.40   4359.20
   4364.30   4370.60   4377.20   4383.60   4389.90   4395.20   4398.90   4400.80   4400.30   4398.70   4396.30   4394.10   4392.20
   4355.30   4354.00   4352.20   4350.10   4346.70   4343.00   4339.50   4336.20   4334.70   4335.50   4338.60   4342.60   4346.40
   4349.60   4352.30   4354.50   4356.60   4358.10   4357.50   4354.90   4352.10   4348.10   4343.90   4341.60   4341.90   4343.10
   4346.60   4348.90   4349.90   4351.90   4354.20   4356.40   4358.90   4362.10   4365.80   4370.00   4374.80   4378.80   4382.80
   4387.70   4391.90   4395.80   4399.60   4402.60   4404.90   4406.60   4406.20   4404.20   4401.70   4398.50   4395.70   4393.10
   4376.00   4373.40   4370.30   4366.60   4362.30   4357.90   4354.10   4351.00   4349.20   4349.50   4351.40   4354.20   4356.80
   4358.70   4359.80   4360.50   4361.60   4363.00   4363.20   4362.60   4361.40   4359.80   4357.90   4356.90   4357.30   4359.30
   4361.90   4365.00   4366.40   4369.40   4371.80   4374.00   4376.60   4379.60   4382.80   4385.90   4389.20   4392.30   4395.70
   4399.20   4401.90   4404.00   4405.60   4406.40   4406.80   4406.20   4404.40   4402.10   4399.40   4396.50   4393.50   4391.10
   4387.20   4383.90   4380.10   4375.90   4371.40   4367.30   4363.40   4360.10   4358.10   4358.10   4359.10   4360.60   4362.30
   4363.00   4363.40   4364.00   4364.70   4365.70   4366.50   4366.90   4367.40   4368.20   4368.20   4368.00   4368.60   4370.50
   4373.50   4375.70   4377.50   4380.20   4382.60   4384.60   4386.50   4389.70   4392.50   4394.80   4396.80   4398.50   4400.80
   4402.90   4404.60   4405.20   4405.50   4404.90   4403.90   4401.90   4399.80   4397.80   4395.30   4392.90   4390.80   4388.60
   4390.60   4387.20   4383.50   4379.80   4375.60   4371.50   4367.90   4364.60   4362.60   4362.80   4362.80   4363.50   4364.10
   4364.50   4364.80   4365.50   4366.70   4367.90   4368.90   4369.90   4371.60   4373.40   4374.40   4374.70   4375.40   4376.90
   4379.10   4381.30   4383.50   4385.30   4387.60   4389.10   4391.30   4393.60   4395.80   4397.40   4398.30   4399.20   4400.10
   4401.10   4402.30   4402.50   4401.80   4400.80   4399.20   4396.70   4394.70   4392.80   4391.00   4389.60   4388.40   4386.90
   4388.80   4385.80   4382.50   4379.10   4375.60   4371.80   4368.80   4366.20   4364.70   4364.20   4364.30   4364.10   4364.30
   4364.60   4365.30   4366.20   4367.30   4368.80   4370.30   4371.70   4373.30   4375.00   4376.00   4377.10   4378.00   4379.00
   4380.60   4382.60   4384.70   4385.70   4386.80   4387.80   4390.50   4392.00   4393.50   4394.50   4394.70   4394.90   4395.60
   4396.60   4397.70   4398.00   4397.50   4396.60   4395.00   4393.20   4391.40   4389.70   4388.40   4388.00   4387.90   4387.60
   4385.00   4382.50   4379.80   4376.90   4374.00   4370.90   4368.30   4366.60   4365.60   4365.00   4364.50   4364.10   4364.00
   4364.40   4365.00   4365.40   4366.70   4368.40   4369.80   4371.20   4372.40   4373.90   4374.90   4376.20   4377.50   4378.30
   4379.40   4380.90   4382.60   4383.90   4385.00   4386.00   4386.80   4387.50   4388.60   4389.60   4389.60   4389.60   4390.20
   4391.70   4392.70   4393.30   4393.50   4393.30   4392.60   4391.50   4390.10   4389.00   4388.20   4388.30   4388.80   4388.80
   4380.50   4378.50   4376.60   4374.20   4371.90   4369.70   4367.80   4366.30   4365.50   4364.50   4364.20   4363.90   4364.00
   4364.30   4364.30   4364.70   4365.70   4366.60   4367.90   4369.00   4369.80   4371.00   4372.50   4374.00   4375.10   4376.00
   4376.70   4378.10   4379.50   4380.20   4381.00   4382.00   4382.60   4383.20   4383.80   4385.40   4385.20   4385.90   4385.70
   4388.20   4388.60   4389.40   4389.60   4390.30   4390.50   4390.30   4389.90   4389.80   4389.80   4389.60   4389.60   4389.90
   5102.70   5101.60   5100.60   5099.60   5098.10   5096.70   5095.30   5093.70   5092.00   5090.30   5088.50   5086.70   5084.90
   5083.00   5081.20   5079.40   5077.80   5076.10   5074.50   5073.10   5071.70   5070.40   5069.20   5068.10   5067.30   5066.50
   5065.90   5065.50   5065.10   5064.70   5064.50   5064.30   5064.10   5064.00   5064.10   5064.10   5064.20   5064.40   5064.70
   5065.00   5065.40   5065.90   5066.40   5066.80   5067.30   5067.90   5068.50   5069.10   5069.80   5070.60   5071.30   5072.00
   5126.00   5124.40   5122.50   5120.40   5118.10   5115.70   5113.10   5110.50   5107.70   5104.60   5101.50   5098.20   5094.80
   5091.50   5088.20   5084.80   5081.60   5078.40   5075.20   5072.00   5069.00   5066.10   5063.50   5061.40   5059.60   5058.20
   5057.10   5056.40   5055.80   5055.40   5055.00   5054.60   5054.30   5054.20   5054.00   5054.00   5053.70   5054.10   5054.60
   5055.00   5055.60   5056.00   5057.00   5058.10   5059.50   5061.30   5062.80   5064.80   5066.40   5068.10   5069.40   5070.70
   5151.40   5148.90   5146.00   5142.60   5138.90   5134.70   5130.40   5126.10   5121.90   5117.70   5113.20   5108.40   5103.70
   5099.00   5094.60   5090.40   5086.50   5082.50   5078.70   5074.70   5070.80   5067.00   5063.60   5060.70   5058.30   5056.50
   5055.20   5054.20   5053.40   5052.70   5052.00   5051.30   5050.20   5049.70   5049.00   5048.20   5047.60   5047.50   5047.60
   5048.50   5049.00   5050.70   5052.50   5055.50   5057.90   5061.10   5064.50   5067.60   5070.70   5073.10   5075.60   5077.90
   5179.30   5175.90   5172.00   5167.60   5162.40   5156.60   5150.60   5144.50   5138.80   5133.40   5127.80   5122.20   5116.50
   5110.90   5105.60   5100.70   5096.50   5092.20   5088.20   5084.20   5080.00   5075.80   5071.90   5068.30   5064.90   5062.10
   5059.80   5057.90   5055.60   5053.70   5051.90   5050.10   5048.70   5047.60   5046.30   5045.90   5045.10   5043.60   5043.70
   5044.60   5046.50   5049.20   5052.70   5057.10   5061.70   5066.40   5070.90   5075.20   5079.30   5083.00   5086.40   5089.60
   5205.50   5200.90   5195.50   5189.30   5182.40   5174.70   5166.80   5159.10   5152.10   5146.10   5140.30   5134.80   5129.60
   5124.80   5120.30   5116.10   5112.10   5108.20   5104.10   5099.80   5095.10   5090.40   5085.90   5081.00   5076.00   5071.20
   5066.80   5062.40   5058.00   5054.10   5050.40   5048.00   5045.90   5044.30   5043.70   5042.80   5041.90   5041.30   5041.70
   5042.80   5045.50   5048.90   5053.00   5057.60   5062.80   5068.50   5074.60   5081.00   5087.70   5094.70   5101.50   5107.60
   5223.70   5218.40   5212.80   5206.60   5200.00   5192.80   5185.00   5176.90   5169.00   5161.90   5155.70   5150.00   5145.20
   5141.90   5139.10   5135.70   5131.60   5127.30   5122.60   5117.70   5112.70   5107.30   5101.30   5095.20   5088.60   5081.20
   5073.50   5066.00   5058.70   5052.20   5046.40   5042.10   5039.10   5037.10   5036.40   5035.70   5035.10   5035.60   5035.70
   5036.60   5038.60   5041.90   5046.10   5052.30   5060.00   5069.30   5079.10   5088.70   5098.10   5108.00   5117.00   5124.70
   5231.20   5226.80   5222.60   5218.40   5214.10   5209.30   5204.00   5198.10   5192.50   5187.50   5183.00   5179.10   5176.50
   5174.20   5170.90   5166.60   5161.60   5156.60   5151.50   5146.10   5140.10   5133.00   5124.60   5115.80   5106.80   5096.30
   5084.90   5073.80   5064.10   5056.10   5049.50   5043.60   5038.40   5034.10   5031.50   5030.40   5030.40   5029.40   5029.00
   5028.30   5030.00   5032.80   5037.60   5045.00   5054.60   5066.70   5080.80   5094.10   5106.40   5117.40   5127.70   5136.30
   5232.30   5230.10   5227.70   5226.30   5225.00   5223.20   5221.30   5219.50   5217.90   5215.90   5214.40   5212.80   5210.40
   5206.70   5202.30   5197.30   5192.90   5188.20   5182.90   5175.70   5167.30   5157.50   5147.30   5137.00   5126.30   5114.60
   5101.90   5089.10   5077.50   5067.50   5059.50   5052.80   5046.70   5041.50   5037.80   5034.50   5030.70   5027.10   5024.80
   5024.60   5027.10   5031.00   5035.80   5043.80   5053.90   5065.50   5077.60   5091.20   5104.60   5117.50   5128.10   5137.10
   5228.00   5228.40   5229.10   5229.80   5230.10   5230.10   5230.20   5230.40   5231.10   5231.90   5231.80   5231.30   5230.90
   5229.90   5227.80   5225.30   5222.90   5219.30   5214.00   5206.10   5196.30   5184.50   5171.90   5159.30   5146.00   5133.20
   5121.10   5109.00   5097.00   5085.90   5076.30   5068.20   5060.80   5054.70   5049.90   5044.60   5038.10   5032.80   5029.40
   5028.20   5029.70   5033.10   5038.00   5046.00   5055.20   5064.70   5075.30   5087.40   5100.90   5113.80   5123.60   5133.00
   5228.90   5232.60   5233.70   5232.90   5232.20   5232.00   5232.30   5234.10   5238.80   5241.80   5244.40   5247.20   5248.80
   5250.80   5252.70   5254.00   5253.50   5251.50   5248.60   5241.00   5230.00   5217.80   5203.50   5187.90   5172.60   5158.70
   5146.40   5134.30   5122.30   5110.30   5098.70   5088.50   5081.40   5076.30   5070.60   5063.70   5055.80   5048.30   5042.80
   5039.80   5040.00   5041.30   5044.50   5051.40   5059.90   5069.00   5080.20   5091.90   5102.10   5111.90   5120.60   5133.90
   5230.10   5234.80   5237.70   5237.70   5235.60   5234.90   5238.10   5241.70   5247.40   5255.70   5262.50   5268.50   5274.00
   5278.00   5282.10   5285.50   5287.40   5286.90   5285.00   5279.80   5271.60   5260.20   5244.90   5226.60   5207.40   5191.30
   5176.70   5162.90   5150.40   5138.70   5127.40   5117.00   5109.80   5103.80   5096.40   5087.80   5079.30   5072.00   5067.10
   5064.50   5062.80   5060.70   5060.80   5063.80   5069.30   5075.10   5082.50   5092.50   5105.10   5118.40   5130.20   5143.50
   5231.70   5236.40   5241.50   5244.10   5242.40   5243.50   5247.50   5253.90   5262.30   5272.70   5283.60   5293.70   5302.70
   5309.80   5314.20   5316.30   5319.10   5321.70   5322.30   5319.80   5314.60   5306.10   5292.70   5275.40   5255.00   5234.30
   5215.00   5198.00   5182.90   5170.50   5159.00   5148.40   5139.60   5132.90   5125.90   5118.10   5111.10   5105.80   5101.80
   5098.50   5094.80   5090.20   5087.00   5086.30   5087.50   5089.70   5094.30   5104.10   5118.10   5134.10   5147.30   5161.90
   5242.80   5245.40   5249.90   5253.80   5254.10   5255.30   5260.90   5270.30   5282.70   5296.30   5308.00   5318.10   5327.00
   5336.20   5343.50   5350.10   5353.20   5356.90   5359.80   5362.20   5360.00   5353.40   5344.20   5329.30   5310.50   5289.90
   5266.50   5243.50   5222.50   5206.50   5193.70   5181.50   5171.40   5163.40   5157.20   5150.90   5146.00   5142.50   5138.20
   5132.80   5127.60   5122.40   5116.60   5114.60   5114.90   5117.00   5123.20   5133.50   5148.40   5166.70   5183.40   5201.00
   5261.40   5264.00   5265.50   5268.10   5269.50   5272.30   5279.40   5291.40   5305.60   5320.90   5335.30   5345.20   5353.30
   5362.60   5372.30   5381.30   5387.40   5391.80   5400.90   5406.90   5406.40   5403.60   5398.40   5385.00   5367.60   5347.20
   5324.70   5300.30   5276.40   5256.50   5239.30   5224.50   5212.70   5202.50   5194.60   5187.20   5180.90   5177.70   5174.50
   5170.60   5166.60   5162.40   5158.20   5155.80   5157.50   5162.10   5168.50   5178.50   5195.10   5215.10   5234.70   5253.20
   5278.30   5284.10   5286.70   5290.80   5294.70   5301.10   5311.30   5324.00   5336.90   5351.00   5366.50   5377.90   5386.50
   5393.90   5404.40   5415.90   5427.20   5436.50   5444.10   5454.70   5457.90   5454.70   5452.50   5441.40   5425.50   5406.80
   5385.60   5362.60   5338.20   5314.50   5293.50   5276.70   5262.30   5250.00   5239.80   5231.70   5225.30   5222.10   5219.00
   5216.00   5212.70   5210.10   5208.80   5207.80   5211.00   5219.20   5228.00   5239.20   5256.00   5275.40   5295.30   5314.00
   5297.40   5308.90   5315.90   5320.10   5326.90   5337.10   5349.50   5362.60   5375.70   5388.50   5402.50   5415.20   5425.90
   5434.50   5446.30   5458.20   5472.00   5486.70   5499.00   5506.40   5513.00   5510.50   5502.90   5496.80   5480.80   5465.80
   5446.50   5424.50   5398.80   5372.70   5348.90   5330.60   5314.70   5300.80   5290.70   5282.80   5276.70   5272.40   5268.70
   5267.50   5267.90   5269.70   5270.50   5272.40   5279.30   5291.30   5301.00   5314.70   5332.30   5353.10   5372.70   5393.90
   5325.90   5344.30   5358.70   5367.50   5372.90   5382.20   5393.50   5404.40   5415.70   5429.40   5442.90   5455.00   5465.70
   5479.30   5495.70   5511.10   5525.40   5538.90   5549.20   5556.20   5560.70   5558.20   5551.70   5544.00   5531.90   5518.90
   5501.10   5479.90   5456.00   5430.80   5406.50   5386.40   5369.50   5356.30   5347.20   5340.10   5335.10   5330.50   5326.60
   5327.70   5333.70   5340.80   5347.80   5356.20   5366.80   5376.20   5387.20   5405.40   5427.20   5447.90   5468.20   5488.00
   5369.40   5388.30   5404.50   5416.50   5425.50   5435.10   5445.30   5456.40   5464.90   5474.60   5485.90   5496.20   5506.80
   5524.30   5544.00   5561.40   5576.20   5587.90   5595.30   5601.70   5605.80   5603.60   5595.80   5586.90   5575.40   5565.00
   5547.20   5526.50   5505.30   5482.70   5461.90   5443.00   5425.40   5414.60   5408.80   5404.10   5402.40   5398.80   5397.40
   5401.60   5410.00   5421.20   5433.80   5446.90   5461.30   5474.80   5491.50   5509.80   5528.80   5547.10   5564.10   5578.60
   5426.80   5444.60   5459.40   5471.90   5481.80   5492.10   5502.10   5513.70   5521.10   5528.10   5534.30   5542.10   5556.00
   5573.90   5592.40   5609.40   5621.10   5630.20   5634.50   5638.40   5643.80   5641.40   5633.00   5622.60   5614.50   5601.30
   5591.80   5570.40   5550.00   5529.70   5513.50   5496.00   5482.50   5476.10   5472.40   5470.10   5469.90   5471.60   5474.10
   5481.50   5492.50   5509.00   5525.20   5539.30   5555.70   5574.10   5589.90   5605.70   5620.50   5635.80   5648.10   5658.60
   5493.10   5510.10   5524.00   5536.40   5543.60   5551.50   5560.60   5569.60   5578.20   5584.40   5589.80   5596.00   5606.40
   5621.40   5636.80   5652.70   5664.20   5670.60   5674.30   5675.50   5674.10   5670.30   5661.90   5653.00   5645.80   5635.60
   5627.00   5612.70   5593.70   5576.00   5560.80   5549.30   5542.30   5536.80   5534.30   5535.10   5539.40   5544.20   5554.90
   5568.40   5583.80   5598.80   5612.70   5627.60   5642.30   5658.50   5673.30   5686.10   5697.80   5708.60   5716.60   5722.00
   5565.40   5578.60   5591.80   5601.60   5606.30   5609.90   5615.90   5622.50   5629.80   5636.20   5640.80   5644.10   5650.70
   5663.00   5677.00   5692.10   5702.00   5707.50   5707.20   5701.40   5697.00   5693.40   5687.10   5681.20   5675.70   5668.90
   5663.50   5652.10   5639.40   5626.90   5615.00   5607.00   5602.40   5599.50   5597.80   5600.90   5607.90   5620.10   5634.00
   5649.20   5661.40   5674.50   5688.40   5702.60   5716.70   5728.30   5739.20   5749.00   5757.20   5763.00   5766.80   5768.90
   5639.10   5647.40   5653.90   5659.40   5661.80   5664.50   5667.20   5669.50   5675.40   5680.80   5684.50   5686.10   5692.10
   5702.20   5714.00   5727.00   5735.60   5739.50   5737.10   5728.10   5720.20   5715.30   5710.30   5706.90   5703.90   5700.10
   5696.20   5688.60   5681.50   5674.60   5667.50   5662.70   5662.40   5663.50   5665.00   5670.40   5678.60   5691.40   5703.40
   5714.80   5725.10   5737.10   5750.90   5762.70   5773.90   5784.60   5791.80   5797.20   5799.70   5801.10   5801.50   5800.70
   5705.20   5709.30   5711.60   5711.70   5712.40   5713.70   5713.20   5712.80   5713.80   5717.40   5721.80   5725.10   5730.70
   5738.00   5746.30   5756.50   5763.30   5765.50   5763.40   5755.10   5745.20   5737.40   5732.20   5730.70   5729.90   5729.90
   5728.00   5724.40   5720.80   5718.10   5717.00   5716.30   5717.30   5720.00   5724.50   5732.30   5740.90   5750.20   5758.30
   5765.50   5774.10   5784.20   5795.90   5805.80   5814.80   5821.60   5825.70   5826.90   5825.80   5824.30   5822.30   5820.30
   5761.80   5762.90   5762.70   5760.50   5757.90   5754.60   5750.50   5747.60   5746.90   5748.30   5752.50   5757.60   5763.40
   5767.90   5773.00   5779.50   5783.90   5785.30   5783.80   5778.50   5771.70   5765.20   5759.20   5756.70   5756.30   5757.40
   5759.90   5760.20   5759.70   5760.10   5761.30   5763.70   5765.70   5769.90   5775.10   5782.00   5789.20   5795.30   5801.00
   5806.70   5813.60   5820.90   5828.00   5835.10   5840.60   5843.90   5844.80   5843.20   5840.70   5837.50   5834.20   5831.00
   5805.80   5803.90   5801.10   5797.20   5792.50   5787.20   5782.40   5777.20   5774.50   5775.50   5778.70   5782.90   5787.20
   5790.20   5792.70   5795.20   5798.00   5800.30   5800.20   5798.00   5795.00   5791.00   5786.90   5784.20   5783.80   5782.80
   5787.50   5790.00   5791.50   5793.90   5797.20   5800.50   5803.90   5808.40   5812.50   5817.40   5823.40   5827.90   5832.40
   5837.70   5842.70   5846.60   5850.30   5853.10   5854.70   5855.50   5853.80   5850.60   5846.70   5842.20   5838.30   5834.50
   5834.80   5830.90   5826.10   5821.00   5815.20   5809.10   5803.70   5798.80   5796.50   5797.00   5798.60   5801.00   5803.20
   5804.80   5805.40   5805.60   5807.50   5809.60   5810.20   5809.80   5808.90   5808.00   5806.90   5806.60   5807.50   5808.50
   5810.20   5813.60   5816.10   5819.80   5822.90   5825.70   5828.60   5832.20   5836.20   5840.30   5844.30   5847.80   5851.50
   5855.20   5857.90   5859.90   5861.10   5861.30   5860.70   5858.60   5855.00   5851.40   5847.10   5842.90   5838.90   5835.60
   5852.20   5847.30   5841.60   5835.40   5828.90   5823.20   5817.60   5813.30   5811.10   5811.00   5811.80   5813.00   5814.20
   5814.40   5814.40   5814.70   5815.40   5816.90   5817.70   5818.10   5819.10   5820.80   5821.90   5822.60   5824.10   5826.40
   5829.00   5831.00   5833.70   5836.80   5839.70   5842.00   5844.50   5848.40   5851.70   5854.40   5856.90   5859.00   5861.10
   5863.20   5864.80   5865.10   5865.00   5863.70   5861.00   5857.10   5853.50   5849.90   5845.70   5842.40   5839.50   5836.90
   5859.70   5854.80   5849.40   5843.70   5837.60   5831.60   5827.10   5822.30   5819.80   5820.20   5820.00   5820.20   5820.40
   5820.60   5820.80   5821.30   5822.00   5823.40   5824.50   5825.70   5827.40   5830.10   5832.00   5833.70   5835.30   5838.00
   5840.70   5843.20   5845.00   5846.60   5849.90   5851.20   5853.40   5856.30   5858.90   5860.80   5862.20   5863.20   5864.30
   5865.50   5866.30   5865.80   5864.70   5862.50   5859.10   5854.80   5851.40   5848.30   5844.80   5842.40   5840.90   5839.40
   5861.20   5856.70   5851.70   5847.00   5841.90   5836.30   5831.40   5827.60   5825.70   5824.90   5824.80   5824.50   5824.50
   5824.50   5824.70   5825.20   5826.30   5827.90   5829.60   5831.00   5832.90   5835.30   5837.30   5839.40   5841.50   5843.60
   5846.30   5848.70   5850.70   5851.70   5853.40   5853.30   5855.50   5857.20   5859.30   5860.90   5861.80   5862.50   5863.30
   5863.90   5864.50   5864.00   5863.20   5861.70   5858.60   5854.80   5851.50   5848.60   5845.90   5844.70   5843.80   5843.60
   5859.30   5855.80   5851.90   5847.30   5843.10   5838.70   5834.70   5831.90   5830.20   5829.20   5828.10   5827.70   5827.30
   5827.40   5827.40   5827.80   5829.10   5830.70   5832.30   5833.90   5835.30   5837.00   5838.70   5840.90   5843.40   5845.20
   5847.20   5849.50   5851.50   5852.80   5853.70   5854.30   5854.80   5855.90   5857.50   5859.00   5860.20   5860.70   5860.90
   5861.20   5861.50   5861.50   5861.70   5861.20   5859.40   5856.90   5853.60   5851.10   5848.90   5848.10   5848.00   5847.70
   5855.40   5852.70   5850.30   5846.80   5843.60   5840.40   5837.70   5835.10   5833.30   5832.10   5830.40   5829.70   5830.00
   5830.40   5830.10   5830.50   5831.40   5832.30   5833.80   5834.60   5835.50   5837.00   5838.90   5840.70   5842.80   5844.80
   5846.10   5848.40   5849.80   5850.70   5851.60   5852.50   5853.10   5854.00   5855.20   5856.60   5857.70   5858.50   5858.20
   5859.30   5859.70   5859.60   5859.80   5860.00   5859.70   5858.40   5856.60   5855.20   5853.80   5852.90   5852.20   5851.90
   6591.90   6590.80   6589.80   6588.70   6587.30   6585.80   6584.50   6582.90   6581.30   6579.60   6578.00   6576.20   6574.50
   6572.80   6571.20   6569.60   6568.00   6566.50   6564.90   6563.50   6562.10   6560.80   6559.60   6558.50   6557.70   6556.90
   6556.30   6555.80   6555.50   6555.30   6555.20   6555.20   6555.30   6555.50   6555.90   6556.20   6556.50   6556.90   6557.40
   6557.80   6558.30   6558.80   6559.30   6559.90   6560.60   6561.30   6562.10   6562.90   6563.70   6564.60   6565.40   6566.20
   6617.80   6616.00   6613.90   6611.60   6608.90   6606.20   6603.30   6600.60   6597.70   6594.60   6591.60   6588.40   6585.20
   6582.00   6578.60   6575.20   6571.90   6568.60   6565.40   6562.20   6559.10   6556.10   6553.40   6550.90   6548.90   6547.30
   6546.20   6545.60   6545.20   6545.00   6544.70   6544.40   6544.20   6544.40   6544.60   6545.10   6545.30   6546.20   6547.20
   6548.00   6548.90   6549.60   6550.90   6552.30   6553.80   6555.80   6557.40   6559.30   6560.90   6562.70   6564.20   6565.90
   6648.60   6645.70   6642.20   6638.10   6633.50   6628.60   6623.60   6618.60   6613.80   6608.80   6603.80   6598.70   6593.80
   6589.00   6584.50   6580.10   6575.80   6571.50   6567.30   6563.20   6559.30   6555.70   6552.70   6549.90   6547.50   6545.60
   6544.20   6543.30   6542.80   6542.40   6542.20   6542.00   6541.10   6540.50   6539.70   6539.10   6538.60   6538.80   6539.20
   6540.70   6541.70   6543.90   6546.20   6549.80   6552.90   6556.60   6560.30   6563.80   6567.30   6570.20   6573.30   6576.40
   6681.10   6677.40   6672.80   6667.40   6661.40   6654.90   6648.00   6641.10   6634.50   6628.30   6622.00   6615.70   6609.30
   6603.00   6596.90   6591.40   6586.50   6581.70   6577.20   6572.70   6568.30   6564.20   6560.70   6557.50   6554.40   6551.60
   6549.10   6547.10   6545.00   6543.30   6541.70   6540.10   6539.10   6538.00   6536.30   6535.70   6535.00   6533.90   6534.80
   6536.40   6539.30   6542.70   6547.10   6552.60   6558.10   6563.40   6568.80   6573.70   6578.20   6581.90   6585.80   6589.60
   6712.90   6707.40   6701.40   6695.00   6687.80   6679.90   6671.50   6663.10   6655.20   6648.00   6641.30   6634.80   6628.70
   6623.40   6618.60   6614.10   6609.40   6604.70   6599.60   6594.20   6588.50   6583.10   6578.10   6572.80   6567.50   6562.40
   6557.60   6553.00   6548.60   6544.50   6540.60   6538.20   6535.70   6533.70   6532.30   6531.20   6530.50   6530.60   6531.50
   6533.10   6536.60   6541.20   6546.80   6553.20   6560.20   6567.80   6575.50   6583.10   6590.80   6598.20   6605.60   6612.40
   6736.90   6730.90   6724.90   6718.80   6712.50   6705.40   6697.60   6689.10   6680.70   6672.70   6665.80   6659.50   6653.90
   6649.30   6644.90   6640.40   6635.60   6630.20   6624.50   6618.50   6612.60   6606.30   6599.20   6591.80   6584.40   6576.50
   6567.90   6559.70   6551.60   6544.40   6537.50   6531.90   6527.70   6524.40   6522.60   6521.40   6520.80   6521.50   6522.30
   6524.60   6528.60   6534.00   6541.20   6550.30   6560.40   6571.90   6583.80   6595.30   6606.40   6617.20   6627.80   6637.00
   6750.40   6746.00   6741.90   6738.10   6734.30   6729.80   6724.30   6717.50   6711.20   6706.40   6702.60   6698.60   6694.80
   6690.60   6685.80   6680.30   6674.20   6667.10   6659.30   6652.10   6645.50   6637.80   6628.50   6618.10   6607.50   6595.60
   6583.40   6571.80   6561.10   6551.30   6542.50   6534.70   6527.90   6522.30   6518.30   6515.90   6514.90   6514.10   6515.10
   6516.70   6520.90   6526.30   6533.00   6542.50   6555.30   6571.40   6588.60   6605.20   6620.80   6633.80   6645.30   6656.00
   6757.70   6756.70   6755.40   6754.30   6753.40   6751.70   6750.40   6748.60   6747.20   6745.40   6743.50   6741.20   6737.60
   6732.30   6726.70   6720.20   6713.80   6707.20   6699.80   6690.70   6680.90   6669.70   6657.30   6644.50   6632.00   6618.30
   6604.00   6589.80   6576.30   6564.80   6555.20   6547.00   6539.10   6531.90   6526.90   6522.10   6517.90   6515.10   6513.80
   6514.70   6518.80   6525.30   6533.40   6543.60   6556.80   6571.50   6587.70   6604.50   6620.70   6635.70   6649.30   6660.90
   6757.50   6759.40   6762.00   6764.40   6765.20   6765.30   6765.20   6765.20   6765.70   6766.40   6766.20   6765.80   6765.10
   6763.20   6759.80   6755.50   6750.50   6745.50   6738.70   6729.20   6717.80   6704.50   6689.10   6673.20   6657.30   6641.80
   6627.20   6613.20   6599.70   6587.40   6576.30   6566.50   6557.60   6550.00   6543.80   6536.90   6529.80   6524.00   6521.30
   6521.60   6525.20   6531.20   6539.80   6550.20   6562.00   6574.80   6587.70   6602.50   6618.50   6634.20   6647.20   6657.70
   6759.80   6766.00   6770.50   6773.00   6774.00   6774.00   6773.70   6774.70   6779.20   6782.70   6785.70   6789.10   6791.10
   6792.50   6793.40   6792.30   6790.20   6787.80   6783.00   6774.60   6761.20   6745.70   6728.80   6710.10   6690.60   6672.70
   6658.00   6644.00   6630.10   6616.80   6603.50   6591.90   6583.50   6576.90   6569.60   6561.00   6552.20   6544.80   6539.90
   6537.70   6538.80   6541.90   6546.80   6556.40   6567.80   6580.50   6594.30   6608.40   6622.20   6636.30   6648.10   6662.50
   6765.60   6773.40   6779.60   6783.00   6784.20   6785.50   6788.70   6792.50   6798.30   6806.70   6814.10   6820.90   6827.10
   6831.10   6833.00   6832.40   6832.30   6830.90   6827.80   6822.30   6812.70   6798.20   6780.10   6758.70   6735.00   6713.60
   6695.60   6679.50   6664.00   6649.60   6636.40   6624.30   6615.30   6608.60   6601.00   6591.70   6582.70   6575.60   6571.20
   6568.20   6566.00   6564.30   6565.30   6570.60   6579.60   6589.60   6600.40   6613.30   6629.20   6646.20   6663.20   6680.10
   6773.50   6781.10   6789.00   6794.90   6796.30   6800.10   6805.10   6812.40   6821.50   6832.20   6845.60   6857.30   6866.10
   6872.90   6876.70   6875.50   6874.20   6874.70   6874.20   6870.50   6863.60   6853.00   6837.50   6817.70   6793.40   6767.00
   6742.80   6721.20   6702.10   6687.50   6675.30   6663.40   6653.10   6645.20   6637.60   6629.30   6621.50   6615.90   6611.70
   6608.80   6604.70   6599.70   6597.00   6598.30   6603.20   6610.70   6619.70   6632.80   6650.50   6669.90   6687.50   6707.00
   6792.20   6795.50   6801.80   6808.60   6810.00   6813.20   6820.30   6831.60   6846.50   6861.80   6875.50   6886.40   6895.70
   6906.10   6914.50   6917.90   6918.90   6920.60   6921.60   6922.10   6919.00   6911.80   6900.60   6883.00   6860.60   6835.20
   6807.10   6778.40   6752.10   6732.00   6716.80   6704.10   6692.60   6683.70   6676.70   6669.10   6662.20   6657.20   6653.80
   6650.60   6645.90   6639.70   6634.80   6634.70   6638.20   6644.50   6655.60   6670.80   6692.70   6714.20   6734.10   6754.70
   6817.30   6820.20   6822.10   6826.00   6829.70   6834.00   6842.50   6857.70   6875.40   6893.90   6910.10   6921.40   6931.50
   6941.40   6952.10   6960.10   6964.30   6967.90   6975.80   6979.70   6978.10   6974.40   6967.40   6952.00   6931.50   6906.20
   6879.30   6849.90   6820.20   6794.40   6773.50   6756.00   6741.40   6729.50   6721.50   6714.60   6708.00   6704.20   6700.70
   6696.90   6692.30   6688.20   6685.60   6686.00   6691.10   6700.30   6711.00   6726.70   6748.20   6771.00   6793.70   6815.80
   6839.60   6846.00   6848.90   6853.20   6859.20   6867.90   6881.70   6898.70   6916.10   6933.90   6950.60   6964.00   6975.60
   6984.60   6994.50   7005.20   7016.50   7025.50   7034.80   7045.30   7045.30   7037.60   7034.50   7018.80   7000.20   6977.20
   6952.50   6925.20   6895.10   6865.50   6839.10   6818.60   6801.70   6787.40   6777.20   6769.60   6763.80   6760.50   6756.60
   6753.80   6750.70   6749.30   6750.00   6752.40   6759.80   6774.10   6786.50   6801.10   6820.60   6842.30   6865.00   6887.50
   6865.20   6877.30   6887.30   6894.00   6898.90   6910.70   6927.20   6945.20   6961.40   6976.90   6994.30   7009.80   7023.40
   7033.40   7046.20   7059.70   7072.60   7086.00   7100.30   7109.00   7115.30   7106.30   7095.40   7088.40   7067.40   7048.10
   7025.00   6999.10   6968.20   6936.30   6905.80   6883.30   6865.70   6850.60   6838.90   6830.50   6824.30   6820.90   6817.50
   6816.80   6820.10   6825.10   6829.90   6836.40   6846.80   6861.20   6872.80   6890.60   6912.70   6936.00   6959.10   6983.70
   6902.50   6922.10   6938.60   6948.20   6955.60   6966.80   6981.70   6996.60   7010.90   7024.60   7041.00   7056.30   7069.60
   7085.20   7103.80   7121.00   7136.90   7148.80   7159.00   7167.60   7171.90   7165.90   7154.60   7144.70   7131.50   7114.40
   7092.80   7067.00   7038.90   7008.90   6977.60   6952.40   6933.20   6918.50   6909.20   6900.40   6896.90   6892.80   6889.00
   6893.10   6902.50   6912.20   6926.10   6939.70   6952.00   6964.30   6979.40   7000.40   7025.30   7050.00   7073.60   7093.90
   6955.40   6977.60   6994.70   7006.20   7017.30   7030.80   7045.10   7058.50   7068.40   7079.40   7091.80   7102.50   7114.70
   7135.80   7158.50   7177.50   7194.50   7206.30   7213.30   7219.20   7222.60   7218.10   7207.80   7195.00   7185.70   7172.10
   7152.60   7126.40   7099.90   7071.70   7044.60   7021.70   7003.00   6990.80   6984.20   6980.40   6980.90   6978.50   6978.10
   6984.30   6995.10   7010.40   7029.30   7049.00   7065.40   7082.10   7102.70   7123.60   7145.10   7167.10   7185.40   7200.40
   7023.30   7046.10   7060.40   7072.90   7082.90   7095.70   7111.10   7126.30   7135.50   7144.60   7150.20   7157.20   7171.90
   7191.80   7212.40   7230.90   7246.30   7257.20   7261.30   7263.70   7268.00   7263.00   7251.90   7238.30   7229.70   7216.60
   7207.20   7181.10   7155.30   7128.90   7106.30   7086.60   7071.80   7064.10   7063.00   7063.50   7065.30   7068.20   7074.30
   7084.60   7099.90   7120.40   7142.00   7160.30   7178.20   7197.30   7216.60   7236.10   7253.60   7270.60   7283.20   7292.70
   7102.00   7122.90   7139.00   7152.60   7160.20   7168.40   7179.90   7191.70   7203.60   7210.50   7216.30   7221.00   7231.10
   7247.50   7264.60   7283.20   7297.40   7305.90   7308.40   7306.90   7303.90   7299.50   7288.30   7276.60   7267.70   7259.30
   7251.30   7232.80   7211.20   7187.70   7167.70   7154.00   7146.10   7141.40   7141.10   7142.40   7149.20   7158.60   7174.00
   7192.30   7210.30   7228.30   7246.00   7263.10   7280.50   7297.40   7314.70   7329.50   7343.10   7354.30   7361.10   7365.30
   7190.90   7206.20   7220.60   7230.70   7235.40   7239.30   7246.40   7255.80   7265.00   7271.50   7276.30   7278.70   7283.90
   7296.70   7313.20   7330.70   7342.70   7349.90   7350.00   7341.40   7333.30   7329.10   7320.00   7312.70   7305.80   7298.90
   7294.20   7279.40   7265.60   7251.20   7236.10   7227.80   7225.00   7223.30   7221.90   7226.30   7235.50   7252.60   7271.00
   7289.30   7303.00   7318.10   7335.50   7351.90   7368.70   7382.00   7392.80   7402.80   7411.70   7416.80   7419.60   7420.30
   7281.80   7289.70   7295.90   7300.90   7303.20   7306.50   7309.60   7312.60   7319.20   7326.00   7329.10   7328.60   7331.80
   7343.60   7357.60   7374.10   7385.00   7391.30   7388.60   7375.50   7362.70   7356.70   7349.90   7346.10   7343.20   7338.90
   7333.40   7325.10   7316.50   7308.70   7301.70   7297.60   7300.30   7303.90   7306.80   7313.10   7325.20   7340.00   7354.50
   7367.80   7380.30   7393.90   7409.50   7423.10   7436.60   7447.70   7454.70   7459.40   7461.60   7462.20   7460.90   7458.90
   7365.50   7368.50   7370.10   7368.30   7366.70   7366.70   7364.70   7364.70   7366.60   7369.20   7373.10   7375.90   7380.60
   7388.70   7399.10   7411.30   7419.60   7422.70   7419.90   7410.50   7398.30   7388.50   7381.70   7378.70   7376.80   7376.50
   7375.10   7371.80   7368.30   7366.50   7366.40   7366.90   7369.00   7374.70   7382.10   7391.70   7401.50   7411.30   7420.70
   7430.10   7440.00   7451.50   7463.60   7473.90   7483.50   7490.60   7494.80   7495.30   7493.00   7490.30   7486.60   7482.90
   7435.50   7434.70   7432.90   7428.70   7423.50   7418.00   7411.80   7407.80   7406.10   7406.10   7410.30   7415.70   7422.60
   7428.10   7434.70   7440.90   7445.70   7448.10   7445.70   7440.20   7433.60   7426.70   7418.60   7414.50   7413.10   7413.40
   7416.20   7418.50   7418.90   7420.40   7422.90   7427.40   7432.20   7438.60   7445.40   7453.70   7461.00   7467.60   7474.30
   7481.60   7489.50   7496.90   7503.30   7510.00   7515.40   7518.80   7519.40   7515.80   7511.50   7506.50   7501.50   7496.90
   7491.50   7487.00   7482.40   7475.80   7468.10   7459.60   7452.60   7446.20   7441.60   7442.30   7445.40   7450.20   7455.40
   7459.10   7462.00   7462.50   7466.10   7468.70   7468.90   7466.50   7462.70   7458.40   7454.00   7451.50   7452.20   7450.40
   7455.10   7457.50   7460.90   7464.90   7471.10   7476.10   7482.30   7488.70   7493.90   7499.70   7505.50   7510.80   7516.00
   7521.00   7526.30   7530.40   7534.10   7535.70   7535.80   7535.30   7532.20   7527.00   7520.50   7513.60   7508.10   7503.50
   7530.00   7524.40   7517.30   7508.60   7499.20   7489.90   7481.70   7474.90   7471.20   7473.00   7475.20   7477.50   7480.00
   7481.80   7481.10   7479.80   7482.40   7485.20   7485.70   7484.40   7483.50   7483.00   7482.70   7483.00   7485.10   7486.30
   7489.10   7493.40   7497.20   7501.90   7507.40   7512.20   7516.90   7522.40   7526.90   7531.90   7536.20   7540.00   7543.00
   7546.10   7549.30   7551.40   7552.00   7550.60   7547.80   7543.80   7538.30   7531.70   7524.50   7517.10   7511.60   7507.00
   7554.20   7547.80   7540.30   7531.10   7521.00   7511.90   7502.80   7496.10   7493.20   7494.80   7495.50   7496.50   7497.40
   7498.20   7498.20   7498.00   7498.80   7500.10   7500.60   7500.10   7500.90   7503.70   7506.10   7507.80   7510.50   7513.50
   7517.30   7520.40   7524.50   7529.50   7533.90   7537.40   7541.00   7545.30   7549.30   7553.00   7556.40   7558.90   7560.80
   7562.10   7563.40   7563.10   7561.20   7558.70   7554.60   7549.10   7542.30   7535.70   7528.70   7521.80   7517.10   7513.40
   7568.30   7562.00   7554.80   7546.20   7537.60   7527.90   7518.80   7512.20   7509.20   7510.20   7510.00   7509.60   7510.00
   7510.90   7511.90   7512.00   7512.50   7513.60   7514.20   7514.60   7516.10   7519.40   7522.80   7525.90   7529.40   7532.60
   7536.70   7540.70   7543.50   7547.20   7551.00   7553.30   7555.40   7558.70   7561.90   7564.80   7567.40   7569.00   7570.60
   7571.40   7571.20   7569.60   7567.40   7564.10   7559.70   7553.10   7546.70   7541.00   7534.10   7528.40   7524.00   7521.30
   7574.80   7569.00   7562.40   7555.00   7547.00   7538.80   7530.60   7525.00   7522.30   7522.10   7521.70   7521.00   7521.20
   7521.30   7521.70   7521.40   7522.50   7524.00   7525.60   7526.10   7527.80   7530.70   7534.20   7537.90   7541.70   7545.10
   7548.90   7552.40   7555.10   7557.60   7560.50   7561.80   7563.30   7564.90   7567.40   7569.80   7571.50   7572.80   7574.10
   7574.90   7574.60   7573.50   7571.70   7569.50   7565.50   7560.20   7554.40   7548.10   7542.20   7537.90   7534.80   7532.30
   7577.80   7572.80   7566.80   7560.30   7554.10   7547.70   7541.20   7536.50   7534.20   7533.70   7532.60   7530.70   7529.70
   7529.70   7528.80   7528.80   7530.60   7532.60   7534.20   7534.60   7536.10   7538.20   7541.60   7545.10   7548.70   7551.90
   7554.80   7557.60   7560.60   7563.10   7565.30   7566.80   7567.30   7568.50   7570.40   7572.10   7573.70   7574.60   7575.40
   7576.50   7576.70   7575.90   7574.90   7573.60   7571.30   7567.80   7563.60   7558.10   7552.40   7549.00   7546.70   7544.60
   7577.90   7574.30   7569.80   7564.70   7559.70   7554.60   7549.90   7546.10   7543.50   7542.80   7540.50   7538.10   7536.90
   7537.00   7536.70   7536.90   7537.70   7539.40   7539.90   7540.10   7541.70   7543.50   7546.70   7549.00   7551.70   7554.90
   7557.10   7559.60   7562.40   7564.50   7566.50   7568.00   7569.00   7570.20   7571.90   7573.50   7574.50   7575.10   7575.40
   7577.70   7578.90   7578.50   7577.70   7576.60   7575.40   7573.90   7570.90   7567.40   7563.00   7559.40   7557.30   7555.70
   8427.90   8426.80   8425.70   8424.60   8423.20   8421.70   8420.40   8418.90   8417.20   8415.70   8414.10   8412.50   8411.00
   8409.50   8408.00   8406.50   8405.00   8403.50   8402.10   8400.70   8399.40   8398.10   8397.00   8395.90   8395.00   8394.20
   8393.50   8393.10   8392.80   8392.50   8392.50   8392.60   8392.80   8393.10   8393.60   8394.10   8394.70   8395.40   8396.10
   8396.80   8397.50   8398.20   8399.00   8399.80   8400.60   8401.50   8402.40   8403.40   8404.40   8405.50   8406.60   8407.60
   8455.00   8453.30   8451.10   8448.80   8446.10   8443.30   8440.30   8437.30   8434.30   8431.20   8428.10   8424.80   8421.40
   8418.30   8415.10   8411.90   8408.70   8405.70   8402.80   8400.00   8397.30   8394.80   8392.30   8390.00   8388.00   8386.40
   8385.10   8384.10   8383.40   8383.10   8383.00   8383.10   8383.30   8384.00   8384.60   8385.40   8385.80   8386.90   8387.90
   8388.60   8389.60   8390.30   8391.90   8393.50   8395.10   8397.00   8398.60   8400.60   8402.30   8404.20   8405.80   8407.80
   8489.90   8487.10   8483.60   8479.60   8475.20   8470.60   8465.80   8460.60   8455.40   8450.10   8444.90   8439.60   8434.50
   8429.50   8425.00   8420.60   8416.40   8412.20   8408.20   8404.20   8400.20   8396.40   8393.00   8390.00   8387.40   8385.30
   8383.70   8382.60   8381.90   8381.40   8381.20   8381.20   8380.50   8380.50   8380.30   8380.10   8380.00   8380.50   8381.00
   8382.60   8383.70   8386.00   8388.30   8392.00   8395.00   8398.70   8402.10   8405.40   8409.00   8412.00   8415.20   8418.10
   8529.40   8525.70   8521.40   8516.20   8510.20   8503.80   8497.20   8490.70   8484.00   8477.30   8470.40   8463.50   8456.60
   8449.90   8443.40   8437.50   8432.10   8426.80   8421.90   8417.00   8412.10   8407.30   8403.00   8399.10   8395.50   8392.60
   8389.90   8387.70   8385.30   8383.40   8381.50   8379.90   8378.90   8377.60   8375.60   8375.10   8374.90   8374.20   8375.70
   8377.60   8381.30   8385.40   8390.00   8395.90   8401.30   8406.50   8411.90   8417.00   8421.70   8425.90   8430.10   8434.30
   8567.40   8562.00   8556.30   8550.60   8544.40   8537.70   8530.70   8523.70   8516.50   8509.30   8502.10   8495.10   8488.30
   8481.60   8474.90   8468.20   8461.50   8454.80   8448.50   8442.30   8436.00   8429.80   8423.70   8417.40   8411.60   8406.20
   8401.10   8396.20   8391.60   8387.10   8382.50   8378.90   8375.80   8373.30   8371.30   8369.30   8368.30   8368.80   8370.50
   8373.00   8377.10   8382.00   8388.00   8395.20   8403.20   8411.70   8420.50   8429.00   8437.60   8445.70   8453.40   8460.70
   8596.60   8591.90   8587.00   8581.90   8576.60   8571.00   8565.00   8558.50   8551.60   8544.40   8537.30   8530.40   8523.70
   8517.40   8510.80   8503.60   8495.80   8487.90   8480.60   8473.60   8466.20   8458.60   8450.20   8441.60   8432.90   8424.20
   8415.80   8407.30   8399.00   8391.10   8383.60   8377.00   8371.40   8366.60   8363.30   8361.00   8359.90   8360.80   8361.70
   8364.60   8369.60   8376.30   8384.60   8394.50   8405.40   8417.60   8430.40   8443.40   8456.10   8468.60   8479.70   8490.10
   8617.60   8615.30   8613.50   8611.40   8608.10   8604.10   8599.60   8594.70   8589.90   8585.20   8580.70   8576.00   8570.50
   8563.70   8556.30   8548.10   8539.00   8529.70   8520.40   8511.70   8502.70   8493.20   8482.80   8471.50   8459.80   8447.70
   8435.80   8423.90   8412.70   8401.90   8391.90   8382.60   8374.20   8367.60   8362.20   8358.50   8356.90   8356.30   8357.90
   8360.40   8366.20   8373.00   8381.40   8392.40   8405.90   8421.80   8438.90   8455.50   8472.30   8487.30   8500.50   8512.70
   8632.00   8633.50   8634.70   8635.20   8635.60   8634.60   8633.60   8632.10   8630.60   8628.20   8625.50   8622.00   8617.00
   8610.50   8603.40   8594.70   8585.70   8576.00   8566.60   8555.80   8544.00   8531.30   8517.60   8502.70   8488.40   8474.40
   8460.10   8446.10   8432.90   8420.60   8409.50   8399.40   8389.60   8380.10   8372.50   8366.50   8362.20   8360.10   8360.30
   8362.20   8367.40   8374.70   8384.60   8396.10   8410.30   8425.90   8443.60   8461.40   8478.30   8494.40   8509.70   8523.80
   8639.00   8643.30   8648.20   8652.70   8655.50   8656.90   8657.10   8657.60   8658.10   8658.30   8658.20   8657.60   8655.80
   8652.50   8647.50   8641.10   8633.20   8624.20   8614.40   8602.70   8589.20   8574.00   8556.60   8539.00   8521.40   8504.50
   8488.20   8473.00   8458.90   8445.60   8433.00   8421.20   8410.30   8400.70   8392.80   8385.00   8377.90   8372.90   8370.80
   8371.60   8376.30   8383.80   8393.70   8405.20   8418.70   8432.90   8447.50   8463.80   8481.50   8498.80   8514.70   8527.80
   8644.80   8651.70   8659.00   8666.00   8671.60   8674.90   8675.60   8677.00   8681.10   8683.80   8687.70   8691.60   8693.80
   8694.40   8693.60   8689.70   8683.70   8676.40   8667.10   8656.90   8641.90   8623.50   8603.50   8582.90   8561.90   8542.30
   8524.70   8508.20   8491.60   8476.20   8461.90   8449.40   8439.30   8431.00   8422.20   8413.00   8403.90   8396.20   8391.80
   8390.20   8391.70   8396.90   8403.60   8414.10   8426.50   8441.40   8456.90   8473.10   8489.50   8510.00   8526.20   8540.50
   8656.70   8664.90   8673.10   8679.70   8686.10   8692.30   8697.60   8702.30   8708.30   8716.20   8723.20   8730.40   8736.90
   8740.00   8740.40   8738.10   8734.00   8728.30   8721.70   8712.90   8700.50   8683.80   8663.20   8640.20   8615.30   8591.60
   8569.90   8549.90   8531.00   8513.40   8498.10   8484.70   8473.40   8465.10   8457.30   8448.50   8439.60   8431.90   8426.80
   8424.50   8423.60   8424.10   8426.30   8433.50   8444.90   8458.20   8472.50   8488.80   8507.20   8526.10   8547.00   8565.90
   8672.50   8679.60   8687.90   8696.20   8703.40   8711.70   8719.10   8727.50   8737.90   8749.50   8762.80   8773.70   8781.80
   8787.50   8790.10   8789.00   8784.50   8781.20   8777.10   8771.20   8761.30   8747.50   8730.10   8708.00   8681.80   8654.10
   8626.50   8601.40   8578.60   8559.30   8543.50   8530.00   8517.80   8508.30   8499.90   8491.50   8483.50   8476.90   8472.30
   8469.60   8467.30   8464.50   8463.10   8466.80   8475.70   8488.10   8502.40   8519.60   8540.00   8561.40   8583.90   8605.40
   8694.80   8699.40   8706.00   8714.80   8721.40   8729.70   8739.40   8752.80   8768.40   8785.10   8799.70   8811.30   8820.50
   8828.40   8836.00   8839.20   8839.00   8838.90   8837.60   8835.40   8828.50   8818.30   8804.60   8784.00   8757.40   8729.20
   8698.40   8667.40   8638.40   8613.80   8596.00   8581.20   8568.00   8557.40   8549.00   8540.90   8532.10   8525.90   8521.90
   8519.10   8516.00   8512.90   8511.50   8513.60   8519.90   8531.30   8547.80   8568.20   8593.00   8617.60   8640.80   8663.20
   8725.20   8729.80   8733.60   8739.10   8746.40   8755.30   8768.00   8785.90   8805.10   8824.10   8842.60   8856.40   8868.00
   8877.50   8886.90   8894.40   8898.10   8901.90   8908.90   8908.50   8903.60   8897.20   8886.70   8867.20   8843.10   8813.90
   8782.60   8749.20   8716.70   8687.70   8663.50   8643.80   8627.10   8613.90   8605.60   8598.90   8591.40   8585.20   8580.60
   8576.80   8574.10   8572.50   8573.50   8578.10   8587.00   8600.90   8617.60   8638.40   8663.00   8688.70   8712.30   8734.50
   8754.00   8763.00   8769.30   8775.50   8783.50   8794.40   8810.90   8831.50   8852.20   8872.10   8893.00   8910.90   8924.50
   8934.60   8944.60   8954.60   8964.10   8971.70   8981.30   8990.00   8986.10   8976.80   8968.90   8947.90   8925.50   8898.80
   8869.00   8836.80   8802.70   8770.00   8740.30   8715.80   8696.50   8682.70   8672.60   8664.00   8656.70   8651.90   8649.00
   8647.50   8648.40   8651.40   8656.00   8662.50   8674.40   8692.40   8708.60   8727.40   8750.70   8775.00   8798.40   8821.50
   8786.80   8802.60   8814.30   8824.40   8831.90   8845.50   8864.20   8884.90   8904.80   8924.10   8945.50   8965.20   8981.80
   8993.80   9005.70   9020.50   9033.40   9044.60   9056.10   9063.00   9068.00   9057.30   9042.20   9029.10   9004.40   8981.90
   8953.50   8922.70   8887.80   8852.10   8820.00   8794.80   8773.50   8756.80   8745.00   8736.40   8729.20   8726.00   8726.10
   8729.30   8736.80   8746.00   8754.40   8766.90   8781.20   8796.50   8810.90   8833.70   8858.60   8884.00   8909.50   8934.50
   8834.60   8856.60   8873.80   8885.10   8895.40   8910.70   8928.90   8947.00   8964.80   8980.70   8999.20   9016.60   9032.90
   9050.90   9069.70   9089.30   9107.10   9118.60   9125.30   9132.30   9133.50   9125.20   9111.90   9097.40   9079.60   9059.00
   9034.70   9004.30   8970.20   8935.70   8902.80   8876.10   8856.40   8839.60   8830.50   8822.20   8818.70   8815.70   8816.10
   8825.00   8836.70   8850.70   8869.40   8887.30   8903.50   8920.00   8939.90   8963.20   8987.90   9014.40   9039.60   9058.50
   8898.20   8923.30   8941.20   8955.00   8969.40   8985.30   9002.20   9018.50   9033.10   9047.20   9058.40   9070.00   9085.30
   9106.60   9129.40   9151.80   9171.90   9184.50   9189.50   9193.30   9191.70   9182.90   9172.50   9155.50   9144.80   9128.10
   9107.60   9078.10   9044.30   9010.90   8980.60   8957.40   8939.70   8927.50   8920.50   8916.50   8918.10   8918.30   8922.50
   8933.50   8948.40   8969.10   8993.10   9015.60   9034.40   9053.60   9078.00   9101.50   9123.60   9147.00   9166.50   9179.90
   8978.80   9004.40   9021.50   9036.00   9049.30   9064.60   9080.50   9097.00   9111.30   9121.10   9128.50   9136.60   9149.60
   9169.30   9191.20   9212.90   9231.90   9243.40   9247.50   9246.80   9244.50   9234.80   9221.70   9205.50   9194.80   9182.10
   9171.50   9143.20   9112.80   9080.90   9055.70   9036.90   9022.90   9016.20   9015.70   9016.70   9020.10   9026.30   9038.60
   9056.50   9075.80   9099.70   9124.50   9144.70   9166.20   9187.10   9209.30   9230.40   9248.80   9264.90   9276.80   9285.50
   9077.10   9099.20   9117.20   9131.30   9140.40   9150.00   9162.00   9175.00   9188.10   9195.00   9201.60   9205.90   9214.60
   9232.00   9251.60   9273.70   9290.30   9299.60   9302.60   9297.70   9289.30   9281.00   9267.20   9252.90   9241.00   9232.40
   9223.80   9203.10   9180.40   9155.30   9133.70   9121.60   9114.60   9112.10   9112.90   9117.10   9126.00   9139.80   9159.70
   9181.40   9201.90   9221.80   9242.30   9263.10   9284.30   9302.30   9320.20   9335.10   9348.70   9359.20   9365.30   9368.00
   9186.50   9202.10   9216.10   9224.00   9229.00   9233.50   9240.00   9250.30   9259.60   9265.20   9269.60   9271.20   9275.40
   9290.50   9309.50   9330.80   9345.30   9352.70   9353.70   9342.30   9329.80   9320.50   9309.50   9299.90   9289.60   9280.40
   9274.50   9258.50   9243.90   9228.70   9216.20   9211.90   9213.20   9214.10   9215.50   9222.20   9234.10   9253.70   9274.00
   9294.00   9310.80   9329.10   9347.20   9366.70   9385.40   9399.60   9410.20   9419.40   9427.10   9431.90   9432.90   9432.10
   9297.20   9303.70   9309.10   9312.00   9312.80   9314.40   9316.90   9319.90   9324.50   9329.20   9330.50   9331.60   9334.00
   9346.90   9363.10   9382.70   9396.00   9402.10   9399.10   9384.80   9369.40   9357.20   9349.70   9342.60   9336.90   9330.80
   9324.70   9316.00   9307.30   9301.40   9297.50   9298.80   9305.40   9310.90   9317.30   9326.00   9339.40   9355.20   9371.30
   9386.60   9402.50   9418.80   9434.10   9449.00   9463.70   9475.00   9481.20   9485.60   9487.60   9486.60   9483.60   9478.80
   9399.60   9399.70   9399.30   9394.90   9389.50   9386.30   9383.80   9381.90   9382.20   9383.00   9384.60   9387.90   9392.40
   9399.60   9412.20   9426.90   9437.60   9440.90   9437.00   9427.00   9414.20   9402.40   9392.60   9387.00   9383.50   9382.30
   9381.00   9379.20   9377.40   9376.60   9378.90   9384.10   9390.00   9399.10   9408.70   9418.70   9428.60   9439.20   9450.50
   9462.90   9476.00   9488.60   9499.60   9510.60   9520.00   9526.50   9528.80   9528.20   9523.90   9519.40   9513.30   9507.00
   9485.40   9481.40   9476.20   9469.10   9460.20   9451.30   9443.60   9437.50   9432.90   9431.10   9434.70   9439.80   9444.10
   9449.00   9457.70   9465.90   9471.70   9474.50   9472.10   9465.10   9458.20   9450.30   9441.20   9437.30   9435.00   9435.20
   9436.90   9440.40   9443.30   9447.00   9452.20   9460.10   9469.20   9479.60   9487.60   9495.80   9503.20   9510.10   9517.80
   9527.20   9536.80   9544.90   9551.50   9557.00   9560.70   9561.30   9559.00   9553.40   9546.30   9539.10   9531.60   9524.50
   9554.50   9547.40   9539.30   9528.00   9517.10   9505.70   9495.00   9485.70   9479.10   9479.20   9482.40   9486.80   9489.60
   9492.70   9495.70   9497.50   9502.40   9504.80   9504.50   9500.90   9496.20   9491.30   9487.60   9486.10   9487.00   9485.80
   9492.70   9495.90   9502.10   9506.80   9515.10   9524.10   9533.60   9543.00   9549.40   9555.80   9561.60   9566.30   9571.00
   9576.30   9582.40   9586.50   9589.50   9590.20   9587.80   9583.70   9577.70   9570.10   9560.00   9550.40   9541.00   9532.80
   9604.30   9595.90   9586.00   9573.50   9559.60   9546.60   9534.20   9525.50   9520.10   9520.80   9522.90   9524.60   9525.70
   9526.40   9526.80   9526.80   9529.90   9533.40   9533.40   9531.10   9529.70   9529.00   9529.60   9530.60   9533.50   9536.30
   9541.10   9546.60   9551.90   9557.00   9564.40   9572.50   9579.90   9586.60   9591.80   9597.00   9601.20   9604.90   9608.20
   9611.40   9613.20   9613.70   9613.70   9610.70   9605.30   9599.20   9591.60   9583.10   9573.10   9561.30   9550.50   9542.80
   9638.50   9629.80   9619.50   9607.20   9591.60   9578.30   9566.20   9557.90   9552.50   9552.10   9552.50   9553.20   9553.60
   9554.50   9555.90   9557.00   9558.10   9559.60   9559.40   9558.00   9557.80   9559.80   9563.50   9567.60   9572.30   9576.70
   9580.80   9584.50   9589.80   9595.40   9601.00   9606.30   9611.60   9616.20   9620.60   9624.80   9628.90   9632.10   9635.10
   9636.00   9635.60   9633.30   9630.70   9626.60   9620.70   9613.60   9605.10   9596.10   9587.00   9576.20   9566.10   9558.60
   9661.90   9653.20   9643.50   9631.90   9618.40   9605.50   9592.50   9585.20   9579.50   9578.30   9577.90   9578.00   9578.80
   9579.60   9580.70   9580.20   9580.70   9582.20   9582.30   9581.60   9582.50   9585.60   9591.00   9596.90   9601.90   9604.90
   9608.50   9612.00   9615.50   9621.30   9625.80   9629.20   9632.10   9635.60   9640.30   9643.70   9647.00   9650.10   9652.40
   9653.30   9651.70   9648.40   9645.50   9642.10   9636.60   9628.80   9619.90   9610.30   9601.50   9593.30   9585.00   9578.60
   9675.10   9667.50   9659.20   9649.30   9638.20   9626.90   9615.50   9607.50   9603.10   9600.90   9600.00   9600.20   9600.20
   9600.60   9599.60   9598.20   9599.00   9600.70   9601.40   9601.70   9602.60   9605.20   9611.10   9616.50   9620.40   9623.30
   9626.30   9629.40   9632.70   9636.80   9640.30   9642.80   9645.90   9648.90   9652.70   9656.00   9658.60   9661.50   9663.50
   9664.50   9663.30   9661.10   9658.60   9656.30   9652.00   9645.80   9638.80   9630.70   9622.30   9615.20   9609.10   9603.80
   9683.50   9677.20   9670.10   9662.30   9653.80   9644.70   9635.40   9627.80   9623.50   9621.50   9620.70   9619.30   9617.80
   9616.60   9614.40   9613.60   9614.40   9615.80   9617.00   9617.20   9618.00   9620.20   9624.90   9629.10   9632.60   9635.10
   9637.20   9640.20   9643.30   9646.60   9649.40   9652.50   9655.40   9658.50   9661.50   9664.30   9666.90   9669.30   9671.10
   9673.10   9673.30   9672.30   9670.90   9669.20   9666.10   9662.10   9657.40   9650.90   9643.00   9637.50   9632.70   9628.00
   9689.30   9684.60   9678.90   9672.40   9665.90   9659.00   9652.10   9646.70   9641.50   9638.70   9635.80   9633.80   9632.10
   9630.10   9628.40   9627.40   9627.50   9628.40   9628.80   9628.10   9629.30   9631.40   9634.20   9637.10   9639.90   9642.30
   9644.20   9645.90   9648.70   9652.00   9654.90   9657.80   9661.10   9663.80   9667.20   9669.80   9672.30   9674.00   9675.90
   9679.30   9681.30   9681.70   9681.00   9679.60   9677.50   9675.80   9672.20   9668.00   9662.40   9656.70   9652.40   9648.20
   9561.20   9560.20   9559.20   9558.20   9556.90   9555.50   9554.30   9552.90   9551.40   9549.90   9548.50   9547.00   9545.50
   9544.10   9542.70   9541.30   9540.00   9538.70   9537.40   9536.20   9535.00   9533.90   9532.90   9531.90   9531.00   9530.20
   9529.40   9528.80   9528.30   9527.90   9527.70   9527.60   9527.60   9527.70   9528.00   9528.30   9528.70   9529.30   9530.00
   9530.70   9531.40   9532.30   9533.10   9533.90   9534.70   9535.50   9536.40   9537.30   9538.30   9539.50   9540.60   9541.70
   9588.80   9587.40   9585.70   9583.70   9581.40   9578.80   9576.00   9573.30   9570.40   9567.30   9564.20   9561.00   9557.80
   9554.70   9551.70   9548.70   9546.00   9543.30   9540.70   9538.10   9535.60   9533.20   9531.00   9528.90   9527.00   9525.40
   9524.00   9522.80   9521.80   9521.20   9520.60   9520.30   9520.20   9520.50   9520.80   9521.50   9521.60   9522.40   9523.30
   9523.90   9525.00   9525.80   9527.40   9528.70   9530.10   9531.90   9533.40   9535.30   9536.90   9538.80   9540.40   9542.50
   9625.20   9623.00   9620.30   9617.10   9613.60   9609.70   9605.40   9600.70   9596.00   9591.10   9586.20   9581.20   9576.50
   9571.70   9567.10   9562.60   9558.30   9554.20   9550.20   9546.30   9542.40   9538.60   9535.10   9531.90   9528.90   9526.50
   9524.30   9522.60   9521.30   9520.10   9519.30   9518.50   9517.40   9517.40   9517.20   9516.90   9517.00   9517.60   9518.00
   9519.70   9520.60   9522.60   9524.60   9527.70   9530.10   9533.30   9536.30   9539.20   9542.40   9545.00   9548.10   9551.10
   9666.10   9663.40   9660.00   9656.00   9651.30   9646.20   9640.80   9635.00   9629.00   9622.80   9616.40   9609.90   9603.50
   9597.10   9590.80   9584.80   9579.00   9573.30   9568.00   9562.70   9557.50   9552.30   9547.50   9543.00   9538.80   9535.20
   9531.80   9528.90   9525.80   9523.20   9520.60   9518.00   9516.50   9515.20   9513.30   9512.60   9512.00   9511.80   9513.10
   9514.60   9517.40   9520.90   9524.60   9529.60   9534.40   9538.90   9543.70   9548.50   9553.00   9557.30   9561.80   9565.90
   9707.40   9703.90   9699.90   9695.60   9690.70   9685.40   9679.90   9674.00   9667.80   9661.30   9654.60   9647.70   9640.70
   9633.50   9626.20   9618.80   9611.50   9604.30   9597.10   9590.10   9583.00   9575.90   9569.20   9562.40   9555.90   9550.10
   9544.30   9538.60   9533.20   9528.20   9523.00   9518.80   9515.00   9512.10   9509.80   9507.80   9506.70   9506.80   9508.10
   9510.10   9513.70   9518.20   9523.70   9530.20   9537.10   9544.60   9552.70   9560.70   9568.60   9576.30   9583.60   9590.80
   9741.40   9738.80   9735.80   9732.40   9728.80   9724.70   9720.10   9715.00   9709.30   9703.00   9696.30   9689.50   9682.30
   9674.70   9666.80   9658.30   9649.50   9640.70   9632.00   9623.50   9614.90   9606.00   9596.70   9587.40   9578.40   9569.40
   9560.40   9551.80   9543.20   9535.00   9527.00   9520.40   9514.50   9509.30   9505.80   9503.00   9501.30   9501.80   9502.70
   9505.50   9509.80   9515.70   9522.70   9531.20   9540.80   9551.30   9562.60   9574.40   9586.10   9598.00   9608.80   9618.70
   9767.50   9767.40   9767.20   9766.40   9764.40   9761.90   9759.10   9755.80   9751.80   9747.20   9742.00   9736.40   9730.00
   9722.40   9714.10   9704.90   9694.70   9684.20   9673.60   9663.70   9653.10   9642.10   9630.80   9618.70   9606.50   9594.20
   9582.60   9570.80   9559.10   9548.20   9538.30   9528.80   9520.60   9513.70   9507.80   9503.70   9501.80   9501.30   9502.90
   9504.60   9509.50   9515.70   9523.30   9533.10   9544.80   9558.20   9572.70   9587.30   9602.50   9616.60   9629.90   9642.20
   9786.50   9789.30   9791.90   9793.90   9795.10   9794.80   9794.60   9793.70   9792.60   9790.00   9787.10   9783.60   9778.80
   9772.50   9765.00   9755.40   9744.60   9733.20   9721.90   9709.80   9697.30   9683.70   9669.30   9654.20   9638.90   9624.20
   9610.10   9596.40   9583.20   9570.70   9558.50   9547.30   9537.00   9527.40   9519.70   9513.80   9510.10   9508.00   9507.80
   9509.60   9514.20   9520.50   9529.50   9540.20   9552.80   9566.40   9582.30   9598.10   9613.70   9629.90   9644.60   9658.90
   9799.40   9804.90   9810.80   9816.00   9819.40   9821.70   9822.80   9824.20   9825.20   9825.70   9825.90   9825.30   9823.20
   9819.80   9814.40   9806.90   9796.80   9785.30   9773.30   9760.10   9745.90   9730.10   9712.70   9694.90   9676.60   9659.00
   9642.30   9626.40   9611.60   9597.30   9583.80   9571.20   9559.70   9549.40   9540.40   9532.70   9526.40   9522.20   9520.20
   9520.90   9524.80   9531.30   9540.40   9551.20   9563.60   9577.00   9591.60   9608.00   9624.80   9641.50   9658.10   9671.80
   9809.80   9817.60   9825.20   9832.40   9838.80   9843.20   9846.10   9848.90   9853.80   9856.20   9859.90   9863.80   9865.00
   9865.10   9863.00   9857.70   9850.90   9840.60   9828.30   9815.70   9800.20   9782.10   9762.10   9741.70   9721.10   9701.10
   9682.10   9663.70   9646.10   9629.20   9614.30   9600.80   9589.20   9579.30   9569.60   9560.40   9551.90   9545.60   9542.10
   9541.10   9542.50   9547.50   9553.90   9563.50   9575.10   9589.70   9605.80   9622.40   9638.50   9660.40   9677.90   9690.80
   9824.70   9833.50   9842.20   9849.90   9858.00   9865.30   9871.50   9877.10   9883.80   9891.00   9897.50   9904.40   9910.00
   9911.10   9910.40   9907.20   9902.20   9895.20   9886.50   9875.30   9861.10   9843.50   9822.70   9800.20   9776.70   9753.70
   9731.20   9709.90   9689.50   9670.50   9653.20   9638.40   9625.90   9616.00   9607.10   9598.30   9589.70   9582.50   9577.80
   9575.70   9575.60   9577.30   9580.80   9588.50   9599.40   9612.70   9628.30   9645.90   9664.60   9683.80   9704.50   9723.10
   9842.30   9849.80   9859.40   9869.20   9878.70   9887.80   9896.80   9906.40   9917.40   9928.80   9939.80   9949.10   9955.80
   9960.50   9961.10   9959.40   9955.10   9950.90   9945.10   9937.80   9926.40   9911.20   9892.50   9869.90   9844.20   9817.60
   9791.20   9766.10   9742.50   9720.80   9702.10   9686.40   9673.00   9662.50   9653.30   9644.60   9636.40   9629.70   9624.90
   9621.80   9620.60   9620.50   9621.80   9627.00   9636.60   9649.80   9665.90   9684.60   9705.40   9727.00   9748.70   9770.20
   9865.20   9872.40   9880.60   9891.10   9899.90   9910.50   9922.80   9937.40   9951.70   9966.50   9980.40   9992.00  10000.30
  10007.50  10012.30  10013.60  10013.80  10013.70  10010.60  10005.90   9997.30   9985.20   9969.70   9947.50   9920.40   9892.60
   9864.40   9834.70   9806.40   9780.80   9760.20   9743.30   9728.50   9716.70   9707.70   9699.40   9691.30   9685.00   9680.50
   9676.80   9674.60   9674.70   9676.80   9682.00   9690.30   9702.50   9719.40   9739.30   9763.40   9788.70   9812.20   9834.70
   9896.50   9904.30   9911.50   9919.90   9929.70   9941.60   9956.50   9973.50   9991.40  10008.90  10026.20  10040.60  10052.20
  10061.00  10068.80  10075.20  10078.60  10082.50  10087.10  10083.00  10076.10  10067.50  10055.00  10034.00  10008.50   9979.30
   9949.00   9917.10   9885.80   9857.00   9831.20   9810.50   9793.60   9779.80   9770.70   9763.00   9755.40   9749.30   9743.90
   9740.80   9740.30   9742.30   9746.50   9753.40   9763.40   9778.10   9796.20   9817.50   9841.40   9867.60   9891.00   9913.00
   9930.00   9941.10   9950.70   9959.80   9970.20   9982.90   9999.60  10018.90  10038.00  10057.20  10077.50  10096.10  10111.10
  10122.30  10131.90  10140.90  10149.40  10155.70  10163.80  10167.80  10160.80  10151.10  10141.30  10119.00  10095.30  10067.40
  10036.50  10004.10   9971.60   9940.50   9911.40   9887.10   9867.50   9852.30   9840.90   9832.80   9826.50   9822.10   9819.60
   9819.40   9822.00   9827.40   9834.20   9843.40   9856.60   9875.10   9892.20   9912.30   9936.30   9961.30   9985.20  10008.20
   9967.60   9984.10   9997.70  10010.00  10020.50  10035.20  10053.40  10073.00  10092.40  10112.00  10133.00  10152.80  10171.10
  10184.70  10197.30  10210.20  10222.90  10233.20  10240.30  10242.50  10245.90  10235.00  10219.80  10203.90  10177.30  10152.70
  10123.00  10091.90  10058.10  10025.20   9995.40   9969.70   9947.80   9930.20   9918.30   9911.20   9905.90   9905.00   9906.40
   9911.00   9917.90   9928.00   9937.90   9952.20   9967.50   9983.80  10000.60  10025.50  10050.80  10076.10  10101.20  10123.50
  10019.50  10041.00  10058.10  10071.60  10085.00  10100.90  10118.60  10137.40  10155.90  10173.00  10191.40  10208.30  10226.10
  10244.50  10263.10  10281.40  10296.80  10308.20  10314.30  10317.60  10315.60  10306.00  10292.00  10275.60  10255.50  10232.80
  10207.80  10177.30  10143.40  10109.50  10079.30  10054.20  10035.10  10019.10  10009.90  10002.50  10000.90  10000.40  10004.00
  10014.00  10026.30  10041.50  10059.70  10077.40  10095.10  10113.40  10135.40  10159.60  10184.20  10208.90  10231.60  10249.50
  10089.20  10112.70  10131.50  10146.40  10162.30  10178.00  10195.20  10212.10  10228.60  10243.00  10255.20  10268.30  10283.60
  10302.80  10325.10  10346.70  10365.00  10376.20  10380.40  10383.20  10379.20  10367.60  10354.90  10336.50  10324.60  10304.20
  10283.30  10254.70  10222.00  10189.10  10160.70  10139.60  10123.70  10112.80  10105.80  10101.80  10103.90  10107.40  10115.80
  10128.90  10145.70  10166.70  10189.60  10211.20  10230.80  10250.90  10275.60  10299.70  10322.20  10343.30  10360.60  10372.60
  10176.90  10200.40  10218.70  10233.40  10247.80  10262.80  10277.70  10293.50  10308.00  10317.90  10326.90  10337.60  10350.30
  10367.70  10389.90  10411.50  10429.10  10439.10  10442.20  10440.40  10436.40  10424.00  10409.00  10390.80  10377.80  10362.40
  10350.30  10324.40  10295.90  10266.40  10242.10  10225.10  10213.20  10207.00  10206.20  10208.00  10213.90  10222.70  10237.60
  10258.00  10278.80  10301.70  10324.80  10345.30  10367.30  10388.90  10412.20  10433.40  10451.10  10465.20  10475.90  10483.90
  10282.20  10303.40  10320.70  10333.30  10343.10  10352.90  10363.90  10375.50  10388.20  10396.00  10401.40  10406.70  10415.10
  10431.60  10452.10  10474.00  10490.40  10498.30  10501.20  10495.80  10486.50  10475.90  10461.10  10445.50  10430.10  10419.30
  10408.90  10388.70  10367.20  10344.70  10326.50  10316.10  10310.90  10310.20  10312.50  10318.80  10329.50  10343.80  10364.10
  10386.50  10408.50  10428.80  10450.20  10471.60  10492.50  10511.90  10529.10  10542.70  10555.10  10563.60  10568.50  10570.80
  10400.10  10414.90  10426.20  10432.70  10438.30  10443.00  10448.80  10457.70  10464.80  10469.80  10472.80  10474.70  10479.60
  10494.00  10512.10  10533.40  10549.20  10556.90  10556.70  10546.40  10533.80  10521.40  10509.50  10498.20  10485.10  10474.50
  10466.70  10450.10  10436.00  10423.40  10414.60  10412.70  10415.70  10419.60  10424.20  10433.40  10445.60  10464.50  10484.60
  10504.80  10523.60  10543.60  10562.00  10580.70  10598.50  10612.80  10623.50  10632.10  10638.10  10641.70  10641.50  10639.20
  10519.90  10525.50  10528.20  10529.90  10530.20  10530.60  10532.20  10533.60  10536.50  10538.60  10539.00  10540.30  10544.30
  10554.90  10569.60  10589.30  10604.10  10610.70  10606.00  10594.10  10579.40  10564.70  10554.70  10545.80  10538.40  10531.50
  10525.60  10516.30  10509.30  10505.70  10504.10  10509.20  10518.00  10525.00  10533.60  10543.30  10557.20  10572.60  10589.80
  10605.50  10623.60  10639.90  10654.70  10668.50  10682.40  10693.80  10699.10  10702.50  10703.30  10700.10  10695.60  10688.60
  10632.30  10630.40  10627.70  10622.30  10615.40  10610.20  10606.20  10602.90  10601.30  10600.20  10600.60  10602.90  10606.20
  10612.80  10624.60  10639.40  10650.80  10653.70  10649.20  10639.90  10628.00  10614.70  10604.30  10597.70  10593.00  10591.80
  10590.20  10588.90  10588.60  10589.50  10594.10  10601.80  10610.40  10621.70  10632.40  10642.20  10652.00  10662.60  10675.50
  10689.30  10703.40  10716.00  10726.50  10736.70  10745.50  10750.60  10751.20  10748.50  10742.10  10736.00  10728.50  10719.60
  10725.90  10719.80  10712.90  10703.30  10692.30  10682.20  10674.00  10666.50  10659.80  10656.90  10658.20  10662.00  10664.70
  10668.30  10677.40  10685.90  10692.10  10694.90  10691.70  10684.20  10676.00  10667.20  10658.70  10654.70  10652.10  10652.80
  10654.80  10659.40  10664.20  10669.50  10677.10  10686.50  10697.10  10709.20  10717.90  10726.20  10733.80  10741.00  10748.90
  10759.40  10769.80  10777.40  10784.10  10788.00  10790.30  10789.20  10784.90  10777.30  10768.70  10759.80  10750.70  10740.30
  10802.60  10793.60  10783.60  10769.50  10756.00  10742.40  10730.50  10720.90  10712.60  10710.10  10711.60  10715.10  10716.50
  10718.70  10722.70  10725.30  10730.50  10733.30  10732.20  10727.60  10721.40  10716.80  10712.90  10711.30  10712.70  10713.00
  10721.50  10725.50  10733.10  10739.80  10749.00  10759.10  10768.90  10778.80  10785.60  10792.10  10798.20  10803.20  10808.50
  10814.10  10819.30  10823.10  10825.70  10824.70  10820.80  10815.40  10807.50  10798.90  10787.90  10776.40  10764.70  10752.70
  10858.00  10848.20  10836.50  10822.70  10805.50  10789.90  10776.00  10766.40  10758.80  10756.50  10757.30  10759.00  10759.50
  10759.90  10760.80  10762.10  10765.70  10769.40  10769.70  10766.70  10764.20  10763.00  10762.80  10764.40  10767.80  10771.30
  10777.30  10783.40  10790.10  10796.00  10803.80  10812.30  10820.20  10827.40  10832.80  10838.20  10842.90  10847.70  10852.10
  10855.40  10856.50  10855.90  10853.90  10849.20  10842.90  10835.80  10827.20  10817.80  10807.50  10793.50  10779.90  10768.60
  10897.70  10887.60  10876.00  10861.90  10843.80  10828.40  10814.40  10804.70  10797.70  10794.40  10793.80  10794.60  10795.20
  10795.70  10797.20  10798.60  10800.50  10802.30  10802.10  10800.60  10800.00  10800.80  10803.90  10808.90  10813.70  10818.20
  10822.30  10826.20  10832.50  10838.70  10844.50  10850.80  10856.90  10861.60  10866.20  10870.80  10875.60  10879.80  10883.80
  10885.40  10884.50  10881.10  10876.90  10871.80  10864.80  10856.40  10846.60  10836.20  10826.20  10814.30  10802.40  10792.30
  10925.50  10915.80  10904.60  10891.40  10876.00  10861.40  10847.20  10837.80  10830.90  10827.60  10825.80  10826.30  10827.20
  10827.80  10828.10  10826.80  10828.40  10830.10  10830.10  10828.90  10829.80  10831.80  10837.00  10843.60  10848.10  10851.40
  10854.40  10857.40  10861.70  10867.70  10872.50  10876.70  10880.30  10884.60  10890.30  10894.60  10898.50  10902.40  10905.70
  10907.10  10905.60  10901.70  10897.40  10893.20  10887.10  10879.00  10868.90  10857.30  10846.10  10837.50  10828.80  10821.20
  10941.60  10933.10  10923.70  10912.90  10900.70  10887.90  10874.50  10864.50  10858.80  10855.80  10853.90  10853.60  10852.90
  10852.70  10851.60  10849.80  10850.40  10852.40  10852.80  10852.90  10853.80  10854.90  10860.70  10866.20  10870.00  10873.10
  10875.40  10877.80  10880.90  10885.00  10889.30  10892.10  10896.20  10901.10  10906.10  10910.40  10914.10  10918.10  10921.00
  10922.70  10921.50  10918.30  10914.90  10911.90  10907.20  10900.80  10893.50  10884.70  10874.70  10866.40  10859.70  10853.40
  10952.30  10945.40  10937.90  10929.40  10919.60  10909.10  10898.40  10889.10  10883.40  10880.70  10878.70  10876.40  10874.50
  10872.90  10870.80  10869.70  10869.20  10870.10  10870.90  10870.90  10871.80  10872.70  10877.20  10881.60  10885.20  10887.40
  10888.30  10890.30  10893.20  10896.60  10899.80  10903.50  10907.80  10912.70  10917.30  10921.20  10924.70  10928.60  10931.40
  10934.20  10934.80  10933.50  10931.70  10929.60  10925.90  10921.60  10916.30  10909.50  10901.00  10893.90  10887.90  10882.60
  10960.40  10955.00  10948.80  10942.10  10934.60  10926.90  10918.60  10912.00  10905.90  10901.90  10897.80  10895.30  10893.30
  10891.20  10888.60  10886.50  10885.60  10885.80  10885.90  10884.60  10885.20  10886.20  10889.10  10891.80  10894.70  10896.20
  10896.80  10898.10  10900.50  10904.10  10907.20  10911.10  10915.20  10919.20  10924.40  10928.20  10932.20  10935.40  10938.30
  10942.50  10944.60  10945.20  10944.40  10942.90  10940.70  10938.30  10934.40  10929.70  10924.10  10917.80  10912.30  10907.50
  10944.00  10943.30  10942.70  10942.10  10941.10  10940.20  10939.30  10938.20  10937.00  10935.90  10934.70  10933.50  10932.30
  10931.10  10929.80  10928.40  10927.20  10925.80  10924.50  10923.20  10922.00  10920.80  10919.60  10918.50  10917.40  10916.50
  10915.60  10914.80  10914.10  10913.40  10912.80  10912.30  10911.90  10911.60  10911.40  10911.20  10911.10  10911.10  10911.20
  10911.30  10911.70  10912.10  10912.50  10913.10  10913.70  10914.40  10915.20  10915.90  10916.60  10917.50  10918.20  10918.90
  10973.40  10972.60  10971.40  10970.10  10968.50  10966.80  10964.80  10962.60  10960.20  10957.70  10955.20  10952.60  10949.80
  10947.20  10944.50  10941.80  10939.10  10936.40  10933.80  10931.20  10928.70  10926.20  10923.80  10921.60  10919.40  10917.20
  10915.30  10913.60  10912.00  10910.70  10909.50  10908.40  10907.60  10907.10  10906.50  10906.30  10905.70  10906.00  10906.50
  10906.80  10907.50  10907.90  10909.00  10910.10  10911.10  10912.50  10913.70  10915.30  10916.50  10918.10  10919.40  10921.30
  11011.80  11010.60  11009.00  11006.90  11004.50  11001.60  10998.40  10994.90  10991.30  10987.50  10983.50  10979.30  10975.20
  10970.90  10966.70  10962.50  10958.20  10953.70  10949.40  10945.20  10941.10  10937.00  10933.10  10929.30  10925.80  10922.50
  10919.40  10916.60  10914.10  10911.80  10909.70  10907.80  10905.80  10905.20  10904.00  10902.90  10902.60  10903.00  10903.10
  10904.30  10904.40  10905.80  10906.90  10909.00  10910.50  10913.00  10915.40  10917.80  10920.50  10922.90  10925.90  10928.70
  11054.70  11053.50  11051.70  11049.30  11046.30  11042.90  11039.00  11034.50  11029.60  11024.50  11019.30  11014.00  11008.50
  11002.80  10997.00  10991.10  10985.30  10979.40  10973.40  10967.40  10961.50  10955.60  10949.80  10944.20  10938.70  10933.60
  10928.90  10924.70  10920.30  10916.70  10913.20  10909.50  10906.50  10904.20  10902.10  10901.20  10899.80  10898.90  10899.50
  10900.20  10901.50  10903.50  10905.90  10909.10  10912.50  10916.00  10919.70  10923.80  10928.20  10932.60  10936.90  10941.10
  11098.20  11097.40  11095.90  11093.80  11091.00  11087.70  11083.90  11079.20  11074.10  11068.50  11062.60  11056.40  11050.00
  11043.30  11036.20  11028.90  11021.40  11013.70  11005.90  10998.00  10989.90  10981.80  10974.10  10965.90  10958.00  10950.60
  10943.40  10936.50  10930.00  10923.80  10917.40  10912.20  10907.30  10903.30  10900.20  10898.00  10896.70  10895.90  10896.00
  10897.10  10899.40  10902.20  10905.90  10910.60  10915.90  10921.50  10927.80  10934.40  10941.10  10948.10  10954.70  10961.10
  11137.50  11137.90  11137.70  11136.80  11135.10  11132.70  11129.50  11125.40  11120.70  11115.50  11109.60  11103.10  11096.00
  11088.50  11080.40  11071.90  11063.00  11053.80  11044.30  11034.40  11024.30  11014.10  11003.60  10993.20  10982.80  10972.40
  10962.20  10952.50  10943.10  10934.10  10925.20  10917.70  10911.40  10905.30  10901.10  10897.50  10894.70  10894.20  10894.10
  10895.80  10898.60  10902.70  10907.80  10914.30  10921.60  10929.60  10938.40  10947.80  10956.80  10966.30  10975.80  10985.00
  11170.70  11173.00  11174.50  11175.30  11175.60  11175.10  11174.10  11171.70  11168.00  11163.60  11158.70  11152.90  11145.90
  11138.30  11129.90  11120.40  11110.30  11099.70  11088.70  11077.70  11065.50  11052.90  11040.00  11026.70  11013.60  11000.20
  10987.00  10974.50  10962.40  10951.00  10940.20  10930.30  10921.50  10914.00  10907.60  10902.70  10899.80  10897.50  10897.90
  10898.60  10902.00  10907.10  10913.00  10920.60  10929.50  10939.60  10950.70  10962.20  10974.00  10986.80  10998.60  11010.00
  11196.40  11201.30  11205.40  11208.60  11211.00  11212.60  11213.70  11213.50  11212.50  11209.90  11207.00  11203.20  11197.80
  11191.00  11183.80  11173.80  11163.40  11151.80  11139.90  11126.70  11112.80  11097.90  11082.40  11066.60  11050.60  11034.50
  11018.80  11003.80  10989.50  10975.80  10962.90  10951.30  10940.30  10930.50  10922.40  10916.00  10911.10  10908.20  10907.20
  10907.90  10910.60  10915.40  10922.20  10931.00  10941.40  10953.20  10965.90  10978.40  10991.30  11005.90  11019.90  11033.70
  11218.30  11225.60  11232.50  11238.40  11242.30  11245.70  11248.60  11250.20  11251.50  11252.10  11252.00  11250.50  11247.50
  11243.30  11237.00  11228.60  11218.50  11206.70  11194.50  11180.50  11165.00  11148.30  11130.60  11112.40  11093.60  11074.90
  11056.60  11039.00  11022.30  11006.60  10992.00  10978.70  10966.50  10955.20  10945.50  10937.10  10930.30  10925.50  10923.40
  10923.40  10925.80  10930.90  10938.10  10946.40  10957.10  10969.30  10983.20  10998.10  11012.80  11027.90  11043.20  11057.30
  11236.90  11246.40  11254.70  11262.30  11269.20  11274.30  11279.30  11283.10  11288.40  11290.30  11292.70  11295.00  11294.30
  11292.60  11288.80  11282.20  11274.90  11263.20  11250.90  11236.90  11221.30  11203.20  11183.80  11163.50  11143.10  11122.00
  11101.30  11080.70  11061.50  11044.10  11028.00  11012.90  10999.60  10987.50  10976.50  10966.90  10958.90  10952.80  10949.10
  10947.90  10949.30  10953.50  10959.80  10967.70  10978.30  10990.90  11005.90  11021.80  11036.90  11056.70  11072.70  11085.20
  11255.40  11265.80  11276.10  11285.40  11294.40  11302.20  11309.10  11315.80  11322.50  11328.90  11333.90  11337.80  11341.00
  11341.00  11338.30  11334.00  11328.60  11320.50  11310.50  11297.70  11282.90  11265.50  11245.40  11224.00  11201.40  11177.70
  11154.40  11132.20  11111.00  11091.30  11073.50  11057.30  11043.00  11030.40  11019.20  11009.20  11000.50  10993.70  10989.00
  10986.90  10987.00  10989.40  10994.10  11001.50  11011.50  11024.10  11038.90  11055.30  11073.00  11091.50  11110.90  11127.70
  11275.70  11286.70  11297.60  11308.60  11319.30  11329.20  11338.50  11348.70  11358.70  11368.70  11377.20  11383.40  11388.00
  11390.80  11390.70  11388.70  11384.80  11379.50  11372.10  11362.10  11349.00  11333.00  11314.10  11292.30  11268.00  11242.90
  11217.50  11192.30  11168.60  11147.00  11127.30  11110.00  11095.30  11082.30  11071.40  11061.60  11052.40  11045.50  11040.40
  11037.40  11037.00  11038.40  11042.30  11049.00  11058.60  11071.40  11086.90  11104.50  11124.00  11144.60  11164.40  11183.90
  11299.90  11310.50  11322.50  11334.00  11346.10  11358.10  11370.50  11382.90  11395.50  11408.30  11419.70  11429.10  11435.80
  11440.80  11443.90  11444.70  11444.00  11442.80  11438.10  11430.70  11419.40  11405.60  11388.80  11366.30  11341.40  11316.10
  11289.10  11262.00  11235.60  11211.60  11190.20  11171.40  11155.20  11141.90  11131.10  11121.80  11113.60  11106.70  11102.00
  11098.80  11098.40  11100.20  11104.40  11111.40  11120.90  11134.30  11150.90  11169.40  11190.10  11213.00  11234.90  11255.90
  11331.70  11343.60  11355.30  11366.90  11379.30  11392.70  11406.20  11420.60  11435.50  11450.40  11465.00  11477.40  11487.60
  11494.90  11501.00  11505.30  11507.80  11510.00  11509.70  11502.90  11494.70  11483.50  11468.70  11446.90  11423.10  11396.80
  11368.80  11340.20  11312.70  11286.00  11262.10  11241.40  11223.70  11209.50  11198.70  11190.20  11183.30  11177.30  11172.70
  11171.00  11171.70  11175.40  11180.70  11189.50  11200.30  11215.50  11232.40  11251.90  11273.50  11297.30  11319.80  11340.40
  11367.20  11382.00  11395.50  11408.50  11420.80  11434.40  11449.80  11464.70  11480.60  11497.30  11513.70  11528.50  11541.40
  11552.60  11562.10  11570.20  11575.80  11579.30  11583.30  11580.40  11571.90  11562.20  11550.10  11527.10  11504.80  11479.70
  11451.80  11422.20  11393.30  11365.80  11339.90  11317.60  11298.40  11283.50  11272.20  11264.50  11259.40  11255.50  11253.70
  11254.10  11257.10  11263.30  11271.50  11282.00  11294.30  11311.90  11328.10  11348.30  11371.10  11394.80  11417.40  11438.40
  11408.80  11426.20  11442.50  11457.50  11471.60  11485.40  11501.20  11517.40  11533.60  11550.70  11568.10  11584.90  11600.90
  11614.90  11627.30  11637.70  11646.70  11654.00  11657.20  11654.60  11653.60  11639.60  11626.30  11608.40  11584.50  11560.40
  11532.80  11504.30  11475.20  11447.30  11421.20  11397.30  11377.50  11361.90  11351.70  11345.30  11341.10  11341.40  11343.50
  11347.90  11354.40  11364.20  11374.10  11387.90  11403.40  11418.60  11437.30  11461.50  11483.90  11507.70  11529.60  11548.50
  11462.50  11482.50  11501.20  11516.90  11532.40  11547.70  11563.30  11580.70  11596.60  11612.00  11628.60  11644.70  11661.10
  11676.60  11691.00  11704.60  11715.50  11723.90  11728.00  11729.20  11724.60  11713.80  11698.30  11681.40  11661.00  11637.10
  11612.60  11584.40  11555.90  11528.50  11503.20  11480.80  11462.70  11448.90  11440.50  11435.90  11436.70  11438.10  11444.50
  11454.10  11464.50  11478.40  11494.50  11510.40  11526.80  11544.00  11565.10  11588.70  11611.80  11633.70  11651.60  11665.80
  11532.50  11554.40  11573.90  11590.30  11605.80  11620.50  11636.70  11652.10  11667.00  11679.10  11693.40  11707.70  11722.80
  11737.60  11754.60  11770.40  11782.70  11791.20  11794.60  11796.20  11790.00  11778.10  11764.60  11746.10  11732.80  11707.70
  11686.20  11660.50  11635.00  11608.00  11584.00  11565.90  11551.30  11541.40  11535.50  11535.40  11539.90  11545.80  11555.80
  11567.80  11584.00  11603.80  11623.40  11641.30  11660.00  11678.10  11701.10  11723.10  11743.90  11761.40  11773.60  11783.10
  11622.40  11642.50  11661.80  11676.20  11689.10  11703.00  11717.50  11731.40  11742.50  11751.90  11763.80  11775.20  11787.50
  11802.20  11818.10  11835.10  11847.60  11855.40  11856.50  11855.40  11850.70  11838.70  11823.60  11806.80  11790.30  11771.50
  11756.00  11733.50  11710.30  11686.50  11666.00  11652.90  11642.90  11637.50  11637.40  11641.60  11650.60  11660.90  11675.50
  11693.80  11713.90  11734.70  11756.10  11774.50  11794.20  11813.70  11835.00  11853.50  11868.30  11879.40  11886.80  11891.60
  11731.00  11747.40  11762.30  11773.10  11783.10  11793.40  11804.10  11813.90  11822.60  11829.50  11837.00  11844.10  11852.50
  11864.70  11881.10  11897.70  11910.40  11917.10  11918.80  11914.40  11906.60  11895.00  11878.80  11863.40  11847.90  11835.70
  11821.00  11802.20  11783.90  11766.60  11752.60  11744.30  11741.00  11742.80  11747.00  11755.60  11767.90  11781.60  11799.90
  11821.40  11842.90  11862.10  11883.30  11902.20  11919.20  11937.60  11952.30  11964.20  11973.40  11977.50  11979.60  11980.40
  11850.80  11861.80  11869.20  11875.50  11880.70  11885.50  11892.30  11898.10  11902.10  11905.50  11909.10  11912.90  11918.80
  11928.80  11942.10  11958.90  11972.50  11978.60  11978.00  11970.20  11957.70  11943.80  11930.60  11918.00  11905.40  11894.90
  11885.20  11870.40  11858.80  11850.10  11845.60  11844.20  11847.80  11853.40  11862.00  11873.60  11885.50  11902.20  11920.30
  11940.50  11959.30  11978.70  11995.60  12011.80  12026.30  12038.70  12049.30  12056.10  12058.90  12058.20  12056.40  12051.90
  11973.30  11977.20  11978.40  11978.90  11978.90  11977.60  11978.40  11978.10  11979.20  11979.10  11980.20  11981.70  11984.30
  11991.10  12002.10  12018.50  12031.90  12036.20  12032.20  12023.90  12009.80  11994.60  11981.90  11971.20  11962.80  11956.70
  11951.50  11943.90  11939.30  11938.20  11940.00  11947.50  11955.50  11965.40  11975.40  11985.00  11998.30  12012.20  12029.30
  12045.30  12062.60  12077.10  12090.10  12102.20  12113.50  12123.00  12127.20  12128.00  12125.10  12120.60  12114.10  12104.30
  12091.20  12088.40  12083.60  12077.70  12070.40  12063.60  12057.40  12052.30  12049.30  12046.50  12046.50  12045.60  12047.90
  12053.20  12062.90  12075.60  12085.20  12087.80  12084.40  12076.20  12063.90  12049.60  12038.70  12030.50  12024.50  12024.60
  12023.20  12022.90  12024.70  12028.20  12034.90  12044.80  12055.30  12067.80  12078.00  12087.40  12098.00  12108.80  12121.40
  12134.70  12147.70  12158.40  12167.70  12175.90  12181.90  12185.20  12184.20  12178.50  12170.20  12161.40  12151.90  12140.10
  12189.90  12183.50  12175.00  12163.00  12151.00  12140.10  12129.90  12121.40  12113.50  12109.30  12107.20  12107.50  12108.70
  12112.90  12121.10  12128.30  12134.60  12137.20  12135.00  12127.60  12117.20  12106.00  12098.00  12093.20  12090.70  12094.20
  12097.40  12102.20  12107.60  12115.30  12124.80  12135.90  12146.70  12158.40  12167.60  12175.90  12183.90  12191.40  12199.70
  12209.50  12218.90  12225.20  12229.90  12232.10  12232.10  12229.50  12223.20  12213.00  12202.80  12192.20  12181.10  12168.00
  12271.40  12261.70  12249.70  12234.60  12220.10  12205.30  12192.00  12181.90  12172.50  12166.20  12163.50  12164.40  12164.90
  12167.40  12171.50  12175.10  12180.40  12183.10  12182.10  12177.30  12170.40  12164.40  12159.50  12157.90  12159.30  12161.20
  12171.10  12176.00  12184.50  12192.60  12203.00  12212.80  12222.40  12232.00  12238.40  12245.50  12252.20  12258.10  12264.30
  12270.70  12274.20  12275.70  12276.50  12273.00  12268.10  12261.20  12251.60  12241.00  12229.40  12216.40  12203.00  12189.60
  12330.70  12319.50  12306.80  12292.30  12274.50  12258.70  12244.10  12231.90  12222.10  12216.40  12214.40  12214.50  12214.60
  12215.00  12216.50  12219.20  12222.10  12224.80  12225.10  12222.20  12218.70  12216.00  12214.50  12215.60  12219.60  12222.90
  12230.50  12238.40  12245.60  12252.70  12261.10  12269.10  12276.80  12283.50  12289.40  12295.30  12301.20  12307.40  12312.20
  12315.50  12316.60  12314.70  12310.90  12304.20  12296.50  12287.40  12276.60  12266.10  12254.80  12240.60  12226.10  12213.40
  12373.00  12361.90  12350.00  12335.60  12317.30  12302.00  12287.00  12275.10  12265.40  12259.60  12257.50  12256.80  12256.40
  12256.60  12257.80  12259.20  12260.00  12261.40  12261.60  12260.50  12259.20  12258.70  12260.30  12264.40  12268.70  12272.70
  12277.40  12282.70  12290.10  12297.30  12303.60  12309.70  12315.50  12320.90  12326.70  12332.20  12338.00  12343.00  12347.50
  12349.70  12349.30  12345.10  12339.70  12333.00  12324.80  12314.40  12302.70  12291.50  12279.60  12267.10  12254.60  12243.40
  12403.10  12392.80  12381.20  12367.40  12351.70  12337.20  12322.40  12310.50  12301.00  12296.60  12293.90  12292.60  12291.60
  12291.40  12290.50  12289.60  12291.20  12292.60  12292.60  12291.90  12291.80  12292.80  12295.50  12301.50  12305.60  12308.30
  12312.20  12316.00  12321.20  12327.90  12332.00  12336.60  12341.10  12347.20  12353.40  12358.90  12364.00  12369.00  12372.70
  12374.50  12373.80  12369.60  12364.40  12359.00  12351.90  12342.90  12331.40  12319.60  12307.20  12296.40  12286.90  12279.10
  12421.60  12412.60  12402.30  12391.00  12378.50  12365.70  12351.20  12340.00  12332.10  12328.10  12324.50  12322.40  12320.60
  12318.30  12316.80  12315.30  12314.90  12316.40  12316.20  12316.70  12317.00  12317.40  12320.50  12325.90  12329.80  12333.10
  12335.90  12339.00  12341.70  12345.50  12349.90  12353.60  12358.90  12364.80  12371.00  12377.10  12381.80  12386.70  12390.10
  12392.70  12392.40  12389.10  12384.60  12381.00  12375.70  12368.60  12360.30  12350.70  12340.00  12329.80  12321.90  12314.50
  12433.80  12426.30  12418.10  12409.30  12399.10  12388.30  12377.10  12366.80  12359.40  12354.90  12350.60  12347.10  12345.40
  12342.20  12340.10  12337.70  12336.20  12335.90  12335.90  12336.30  12336.40  12336.80  12339.40  12343.40  12346.70  12349.40
  12351.00  12352.90  12355.40  12358.70  12362.10  12366.60  12371.40  12377.30  12383.70  12389.70  12394.80  12399.40  12403.20
  12406.50  12407.40  12406.10  12403.50  12400.80  12397.00  12392.50  12386.20  12378.70  12369.80  12361.10  12353.60  12347.20
  12443.00  12437.20  12430.60  12423.80  12415.50  12406.60  12397.60  12389.70  12382.80  12378.10  12372.50  12369.30  12366.70
  12363.30  12360.10  12356.80  12355.20  12354.20  12353.20  12351.40  12351.50  12351.40  12353.80  12356.00  12358.60  12360.50
  12361.40  12362.60  12365.10  12368.20  12371.10  12375.40  12380.60  12386.00  12392.40  12398.20  12403.50  12408.30  12412.10
  12416.40  12418.80  12418.90  12418.00  12416.10  12413.60  12410.60  12406.30  12400.90  12394.40  12386.80  12380.60  12374.70
     88.38     87.47     86.49     85.45     84.37     83.26     82.12     80.93     79.71     78.46     77.18     75.90     74.60
     73.31     72.01     70.71     69.43     68.16     66.91     65.68     64.48     63.30     62.15     61.02     59.89     58.78
     57.69     56.62     55.60     54.63     53.70     52.82     51.98     51.17     50.36     49.58     48.80     48.04     47.29
     46.55     45.82     45.10     44.39     43.68     42.99     42.31     41.66     41.01     40.38     39.76     39.15     38.55
    103.94    102.67    101.26     99.71     98.03     96.26     94.40     92.48     90.51     88.47     86.35     84.17     81.93
     79.67     77.41     75.15     72.90     70.67     68.47     66.32     64.26     62.29     60.42     58.63     56.92     55.28
     53.70     52.20     50.79     49.44     48.16     46.92     45.73     44.59     43.66     42.81     41.97     41.23     40.48
     39.72     38.91     38.01     37.13     36.14     35.06     34.10     33.42     33.03     32.71     32.30     31.88     31.47
    117.54    116.05    114.37    112.52    110.51    108.37    106.09    103.73    101.30     98.79     96.16     93.43     90.62
     87.72     84.77     81.81     78.84     75.93     73.11     70.43     67.89     65.47     63.15     60.90     58.68     56.48
     54.26     52.03     49.88     48.01     46.58     45.36     44.12     42.91     41.76     40.45     38.84     37.21     35.83
     34.81     33.48     31.64     30.18     29.38     28.68     28.44     28.87     29.38     29.84     30.31     30.72     30.64
    127.96    126.33    124.41    122.28    119.99    117.57    115.04    112.39    109.61    106.68    103.66    100.53     97.33
     94.09     90.83     87.56     84.35     81.26     78.36     75.70     73.23     70.85     68.42     65.99     63.44     60.72
     57.89     55.07     52.30     49.63     47.31     45.48     44.00     42.88     41.53     39.94     38.01     35.53     31.53
     27.65     25.43     23.45     22.30     22.83     24.51     26.65     28.82     30.87     32.68     34.17     35.17     35.37
    134.62    132.38    129.88    127.15    124.29    121.39    118.51    115.67    112.83    109.91    106.86    103.69    100.40
     97.03     93.65     90.35     87.28     84.60     82.40     80.46     78.42     75.97     73.43     70.95     67.96     64.50
     60.92     57.64     54.76     51.90     49.20     47.05     45.17     43.54     41.76     39.31     37.08     34.08     30.16
     26.71     24.04     21.76     19.69     18.08     17.30     17.77     20.10     23.85     28.10     32.26     36.09     39.40
    136.84    134.04    130.93    127.61    124.16    120.72    117.43    114.35    111.51    108.82    106.22    103.61    100.82
     97.89     94.87     91.93     89.25     87.08     85.68     84.63     82.98     80.56     77.96     75.34     72.04     68.17
     64.01     59.88     56.42     53.46     51.07     48.37     45.48     43.25     41.54     40.26     39.64     38.29     35.19
     31.65     27.81     24.15     21.01     18.03     14.94     11.85     10.80     13.02     17.98     23.80     29.46     34.54
    133.65    129.98    126.50    123.47    120.72    117.98    115.23    112.77    110.61    108.85    107.25    105.29    102.97
    100.30     97.36     94.68     92.44     90.78     89.42     88.12     86.54     84.38     81.82     78.71     74.86     70.72
     66.31     61.76     57.93     55.34     53.28     50.74     48.03     46.00     44.53     42.35     39.47     36.96     35.07
     33.42     31.79     28.77     23.94     18.84     13.21      7.54      3.97      3.45      6.33     11.45     16.34     20.51
    127.11    123.00    119.76    117.63    115.67    113.88    112.52    111.24    110.07    109.00    107.42    105.36    103.73
    102.14    100.02     97.88     96.01     94.42     93.07     91.71     89.70     87.40     85.32     82.84     79.16     74.75
     70.10     65.25     60.98     58.00     56.61     55.81     53.80     50.99     48.13     44.21     39.43     35.37     32.66
     30.49     28.81     27.09     24.61     19.44     11.80      4.09     -1.85     -4.35     -3.25      0.56      3.50      3.43
    123.36    118.30    115.73    113.66    112.02    110.54    109.00    107.94    106.50    105.33    104.57    103.87    103.27
    102.50    101.24     99.94     98.61     97.19     95.84     94.05     92.36     91.16     89.85     87.74     84.28     79.78
     75.20     70.46     66.13     63.25     61.50     59.89     57.34     53.51     49.94     46.33     41.63     36.83     32.68
     30.00     29.03     27.13     23.95     19.19     11.29      2.06     -5.27     -9.46     -8.56     -4.10     -1.73     -5.59
    120.58    116.14    112.80    110.69    108.36    105.99    104.44    103.51    102.84    102.30    102.09    101.89    102.07
    101.99    101.21    100.60     99.96     99.21     98.20     96.69     94.76     92.96     91.36     89.39     86.57     82.96
     79.20     75.09     70.85     67.09     64.08     61.24     58.60     55.93     52.66     48.90     44.88     41.48     38.29
     34.38     30.16     26.61     22.23     15.62      7.65     -0.36     -7.19    -11.55    -11.69     -7.89     -6.25     -7.81
    114.61    112.05    108.89    105.98    104.17    102.03     99.90     98.55     97.39     97.61     98.84    100.11    100.84
    101.29    101.77    101.60    101.24    100.67     99.62     98.16     96.80     95.18     92.92     90.57     88.41     86.08
     83.33     80.11     76.55     72.52     68.18     64.30     61.07     58.02     54.85     51.20     47.26     44.23     41.57
     38.52     33.66     29.11     25.53     19.34      9.74      0.29     -7.08    -10.91    -11.80    -10.81     -9.09     -8.37
    110.44    108.33    105.33    102.30     99.89     97.51     95.87     94.15     93.14     94.13     95.65     97.37     99.88
    101.90    102.83    103.15    102.96    102.56    102.10    100.89     99.36     97.82     95.93     93.72     91.48     89.34
     86.73     83.85     80.78     77.58     73.78     69.87     66.02     62.08     58.41     54.49     50.27     47.05     44.93
     42.74     39.67     35.74     31.35     25.43     15.67      4.79     -3.98     -9.04    -10.88    -10.97     -9.42     -6.42
    110.43    107.19    103.27    100.24     98.35     96.40     95.05     94.39     94.89     96.37     97.48     98.07     98.77
    100.18    102.36    104.41    105.32    105.40    104.88    104.17    102.97    101.33     99.52     97.30     95.02     92.57
     89.78     86.81     83.75     80.61     77.76     74.87     71.89     68.62     64.53     59.72     55.44     52.56     50.87
     48.42     44.78     40.28     34.77     29.09     21.71     12.34      3.72     -2.08     -4.86     -5.34     -4.14     -1.83
    112.79    110.05    106.52    102.98    100.00     98.13     97.56     98.20     99.66    100.66    100.87    100.62    100.34
    100.91    102.42    104.62    107.54    109.15    109.31    108.70    107.42    105.86    103.96    101.41     98.75     95.97
     93.13     90.05     86.83     83.56     80.72     78.16     75.54     72.90     69.35     64.94     60.79     57.94     55.70
     53.14     49.37     44.04     37.75     31.83     26.34     20.60     13.63      7.97      5.81      5.98      7.02      8.17
    115.98    114.56    111.99    108.88    105.77    103.76    103.28    104.00    105.43    106.23    105.81    105.17    104.64
    104.82    105.81    107.18    110.16    113.12    114.32    114.09    112.65    110.88    108.70    105.93    103.04    100.02
     97.10     93.80     90.30     87.20     84.23     81.31     77.88     74.35     71.43     68.27     65.05     62.09     59.60
     56.85     52.98     47.57     40.19     33.15     28.03     25.52     22.98     19.86     19.62     21.55     23.92     25.26
    118.20    119.47    119.17    117.69    115.35    113.48    113.17    113.24    113.42    113.42    112.78    111.87    111.16
    111.67    112.93    113.77    115.07    117.89    120.61    120.83    118.82    116.56    114.27    111.73    107.82    104.18
    101.28     98.31     94.78     91.29     88.12     85.28     81.73     76.74     73.19     70.43     68.15     65.28     62.47
     59.40     55.86     51.49     45.45     37.96     32.55     30.03     29.90     31.08     33.84     37.52     41.11     44.15
    121.81    125.49    127.85    128.90    128.53    127.49    126.60    125.36    124.09    123.20    122.39    121.37    120.63
    121.46    123.09    123.29    123.43    125.75    129.72    129.89    126.11    122.47    118.96    116.34    112.29    108.13
    105.21    102.49     99.06     95.40     91.77     88.60     85.39     81.06     77.28     73.82     70.93     68.23     65.56
     62.54     58.77     54.08     49.85     45.37     40.84     38.17     39.40     43.37     47.89     51.54     55.24     60.54
    129.59    133.79    138.79    142.72    144.37    144.10    142.44    140.26    138.22    136.80    136.14    135.39    135.36
    136.18    136.74    136.49    136.37    137.49    139.92    138.16    132.77    128.30    123.62    119.52    115.81    112.30
    109.58    106.01    102.98     99.41     95.88     92.41     89.14     86.03     82.32     79.65     76.50     73.27     69.59
     66.25     62.66     57.74     53.62     51.39     50.29     50.18     52.68     57.05     61.68     65.54     69.31     75.27
    141.81    147.24    154.19    159.93    162.86    162.80    160.55    157.55    155.28    154.37    153.92    153.05    153.17
    154.01    153.95    153.58    152.67    150.44    147.75    143.14    136.90    131.52    126.40    121.83    118.01    114.61
    111.76    108.15    105.24    102.30     99.24     96.01     93.06     90.72     87.53     84.86     81.80     78.55     74.11
     69.78     66.18     63.08     61.41     60.72     60.96     63.07     66.54     70.96     75.07     79.26     84.23     90.13
    160.55    166.88    173.68    179.24    181.96    181.30    178.46    175.81    174.29    173.34    172.48    171.36    171.00
    171.55    172.01    171.51    169.07    163.65    155.04    146.34    139.07    132.97    127.22    122.12    117.53    113.76
    110.68    108.70    106.69    104.42    101.73     98.84     96.20     93.29     90.22     87.62     84.87     82.06     78.84
     75.29     72.22     71.05     71.75     73.20     75.79     79.15     82.74     86.66     90.67     95.84    101.55    106.10
    184.16    189.39    194.51    198.75    199.99    198.61    196.27    194.28    192.26    190.99    189.91    188.83    187.93
    188.04    188.57    187.44    183.72    176.60    165.10    151.38    140.25    133.28    127.12    121.72    117.61    113.95
    111.21    109.54    107.94    105.79    103.18    100.45     97.28     94.16     91.36     89.21     87.33     85.40     83.55
     81.50     81.23     82.84     85.42     88.68     92.40     96.15     99.72    103.47    108.04    112.48    116.37    119.30
    208.05    211.60    215.19    217.25    217.04    215.56    213.61    210.91    207.65    205.56    204.46    203.54    202.70
    202.44    201.67    199.70    195.41    187.31    175.21    159.84    144.48    134.18    127.12    120.15    116.02    113.67
    111.88    110.49    108.50    106.32    103.42    100.41     97.20     94.18     92.35     91.19     89.98     88.82     88.49
     88.89     90.94     94.42     98.33    102.22    105.79    109.40    112.91    116.30    119.46    122.07    124.04    125.14
    229.30    231.60    233.37    234.03    233.19    230.96    228.22    224.43    219.94    216.98    215.98    215.10    213.83
    212.31    210.12    207.12    202.52    194.29    182.67    168.75    154.19    139.73    127.63    118.49    113.34    111.10
    109.65    108.66    107.58    105.65    102.86     99.55     96.43     94.11     93.47     93.26     92.97     93.24     93.83
     95.08     97.45    101.11    104.98    108.48    111.82    115.22    118.13    120.28    121.75    122.40    122.46    121.53
    246.65    247.88    248.80    248.24    246.18    242.77    238.77    233.91    228.36    224.92    223.61    221.88    219.51
    217.03    213.99    210.21    204.95    196.63    186.04    174.35    161.41    146.47    131.92    119.23    109.87    106.79
    105.60    104.84    104.39    103.04    100.73     97.24     94.82     93.84     93.83     93.57     93.91     94.73     95.45
     96.54     98.12    100.71    103.79    106.78    109.70    112.15    113.87    114.86    114.65    113.37    111.45    108.89
    259.15    258.68    257.95    255.92    252.41    248.05    242.91    237.43    232.00    227.72    225.11    222.64    219.95
    216.86    213.27    208.68    202.39    194.50    185.47    175.38    163.72    150.08    135.85    123.35    110.20    101.22
     99.66     98.88     98.60     97.60     95.63     93.34     91.81     91.11     90.53     89.98     89.99     90.28     90.51
     90.75     91.83     93.66     95.58     97.76     99.95    101.54    101.80    100.99     99.26     96.36     92.75     88.90
    264.56    262.36    260.09    256.67    251.27    245.19    240.15    234.83    229.38    224.59    220.85    217.88    214.92
    211.34    207.18    201.80    195.09    187.57    179.75    170.89    160.46    148.54    136.21    124.10    112.05     98.95
     92.37     92.52     93.28     91.67     88.32     85.11     82.74     82.99     83.41     82.46     80.78     79.03     78.32
     77.80     78.58     79.61     81.21     83.29     84.45     84.39     83.18     80.79     77.46     73.41     68.98     64.32
    261.51    258.51    255.58    251.00    244.94    238.61    232.59    226.50    220.78    216.13    211.97    208.07    204.26
    200.13    195.51    189.75    182.99    175.87    169.02    161.15    151.86    141.75    131.10    120.55    109.33     95.84
     87.01     87.00     87.36     84.88     78.94     73.00     70.52     72.18     73.10     72.24     68.39     64.32     62.38
     60.33     61.39     61.58     63.09     63.91     63.78     62.54     59.90     56.25     51.87     47.19     42.36     37.23
    250.39    247.02    243.42    238.72    233.12    227.49    220.36    213.28    207.69    202.68    197.77    193.13    188.93
    184.41    179.17    173.28    166.63    159.81    153.06    145.91    138.13    129.95    121.07    112.27    102.81     92.26
     84.02     82.52     82.27     79.57     69.24     60.86     60.15     60.33     59.49     58.34     54.46     50.92     47.48
     46.30     45.37     43.67     42.88     41.56     40.16     37.76     34.12     29.74     24.87     19.50     14.22      8.63
    233.45    229.60    225.13    220.37    214.92    208.63    202.18    196.00    190.22    184.77    179.65    174.93    170.15
    165.27    159.86    153.71    146.80    139.87    133.28    126.86    120.49    114.06    107.10    100.29     93.91     87.86
     83.19     80.50     78.62     75.52     63.06     52.48     51.05     49.10     46.46     43.04     38.21     33.66     28.26
     25.14     22.81     22.03     19.72     16.93     14.82     11.96      7.77      2.83     -2.52     -8.49    -14.50    -20.82
    213.03    208.19    203.09    198.00    192.71    187.03    181.07    175.23    169.66    164.43    159.59    154.95    149.92
    144.43    138.64    132.24    125.18    118.17    111.75    105.82    100.12     94.85     90.11     85.57     81.67     78.63
     76.42     75.00     72.87     66.44     55.07     46.19     43.61     40.61     34.27     27.66     19.63      9.83     -0.27
     -5.32     -5.95     -5.02     -5.28     -8.97    -10.44    -13.83    -18.58    -24.05    -30.05    -36.81    -43.83    -50.81
    191.36    185.07    179.47    174.28    169.09    163.89    158.43    152.83    147.63    142.99    138.89    134.79    129.60
    123.45    117.16    110.33    102.96     95.58     89.16     83.56     78.23     73.85     70.57     67.84     65.79     64.01
     62.10     60.05     56.49     49.80     41.74     35.45     30.40     21.65     17.01     15.37      5.53     -8.95    -17.83
    -21.79    -23.43    -23.02    -28.22    -32.04    -33.68    -38.60    -44.48    -51.03    -58.14    -65.65    -73.58    -81.23
    474.78    473.88    472.93    471.94    470.88    469.79    468.64    467.43    466.18    464.90    463.60    462.30    461.00
    459.71    458.43    457.16    455.89    454.63    453.39    452.18    450.99    449.84    448.72    447.65    446.62    445.63
    444.69    443.79    442.93    442.13    441.38    440.68    440.01    439.36    438.73    438.13    437.53    436.95    436.39
    435.83    435.29    434.79    434.31    433.86    433.43    433.03    432.66    432.32    431.99    431.66    431.36    431.07
    489.30    488.23    486.99    485.61    484.13    482.55    480.86    479.08    477.21    475.28    473.25    471.14    468.97
    466.78    464.58    462.38    460.18    457.98    455.78    453.64    451.56    449.59    447.74    446.01    444.39    442.87
    441.45    440.14    438.94    437.83    436.77    435.78    434.87    434.02    433.28    432.60    431.94    431.31    430.65
    430.00    429.32    428.58    427.83    427.06    426.34    425.74    425.35    425.15    425.07    425.04    425.03    425.02
    502.30    501.14    499.76    498.19    496.45    494.56    492.52    490.38    488.12    485.76    483.27    480.66    477.98
    475.27    472.54    469.77    466.96    464.15    461.37    458.69    456.14    453.69    451.35    449.09    446.89    444.75
    442.61    440.53    438.63    437.07    435.89    434.83    433.73    432.67    431.73    430.74    429.58    428.44    427.43
    426.53    425.25    423.57    422.18    421.45    421.19    421.42    422.18    422.97    423.64    424.39    425.07    425.22
    512.38    511.01    509.42    507.60    505.64    503.52    501.25    498.85    496.33    493.67    490.86    487.95    484.99
    482.00    479.00    476.00    473.03    470.12    467.30    464.60    462.00    459.46    456.94    454.44    451.91    449.29
    446.62    444.01    441.55    439.26    437.31    435.70    434.19    432.82    431.39    429.82    428.04    425.96    422.91
    420.18    418.67    417.20    416.41    417.23    419.15    421.53    424.03    426.38    428.44    430.13    431.31    431.66
    518.99    517.12    514.95    512.54    510.01    507.44    504.89    502.39    499.88    497.30    494.57    491.70    488.72
    485.67    482.60    479.54    476.60    473.93    471.58    469.44    467.27    464.86    462.30    459.64    456.65    453.41
    450.09    446.99    444.16    441.42    438.89    436.74    434.77    433.01    431.35    429.33    427.13    424.25    421.08
    418.57    416.76    415.34    414.24    413.51    413.38    414.48    417.27    421.28    425.70    429.99    433.98    437.42
    520.18    518.18    515.82    513.20    510.39    507.52    504.75    502.20    499.85    497.58    495.31    492.92    490.38
    487.75    485.10    482.45    479.90    477.65    475.90    474.39    472.53    470.17    467.51    464.57    461.16    457.34
    453.27    449.24    445.68    442.56    439.95    437.38    434.87    432.83    431.21    429.95    429.16    427.78    425.17
    422.23    419.23    416.57    414.53    412.88    411.19    409.51    409.48    412.13    417.25    423.22    429.05    434.28
    515.54    513.26    510.96    508.87    506.93    504.95    503.01    501.19    499.47    498.09    496.95    495.54    493.73
    491.54    489.11    486.66    484.44    482.64    481.20    479.80    478.05    475.75    472.91    469.55    465.52    461.07
    456.36    451.72    447.78    444.86    442.49    440.02    437.52    435.46    433.64    431.41    428.95    426.91    425.42
    424.02    422.33    419.68    416.16    412.58    408.45    404.44    402.35    402.91    406.67    412.36    417.53    421.98
    507.56    504.88    502.91    501.78    500.93    500.26    499.72    498.91    498.04    497.29    496.44    495.47    494.74
    493.96    492.69    491.19    489.61    488.01    486.56    485.11    483.22    480.91    478.34    475.20    471.05    466.22
    461.06    455.96    451.65    448.50    446.67    445.30    443.16    440.37    437.31    433.53    429.30    425.66    423.06
    421.13    419.70    418.23    416.06    411.67    405.45    399.71    395.88    394.88    397.68    402.79    406.20    406.62
    500.98    498.04    496.57    495.60    495.22    494.91    494.14    493.23    492.15    491.65    491.91    492.77    493.82
    494.55    494.65    494.53    494.19    493.24    491.80    489.96    488.16    486.41    484.25    481.26    477.25    472.39
    467.22    462.04    457.50    454.23    451.99    449.98    447.52    444.16    440.58    436.74    432.10    427.44    423.43
    420.74    419.32    417.27    414.17    409.77    403.38    396.67    392.09    390.33    393.18    399.01    402.22    399.32
    495.92    493.74    491.84    490.51    489.29    487.90    486.87    486.68    486.89    487.51    488.90    490.48    492.28
    494.13    495.48    496.44    497.12    497.53    497.02    495.51    493.70    491.65    489.23    486.29    482.68    478.26
    473.41    468.42    463.53    459.39    456.27    453.50    450.87    448.05    444.66    440.70    436.39    432.48    428.77
    424.64    420.49    416.69    412.15    406.31    399.79    393.63    389.25    387.75    390.08    395.31    397.95    396.74
    489.89    488.78    486.68    484.35    482.88    481.71    481.06    480.80    480.65    482.33    485.38    488.73    491.65
    494.04    496.65    498.76    500.32    501.50    501.73    500.78    499.65    498.17    495.91    492.95    489.43    485.44
    480.99    476.10    471.14    466.45    462.23    458.62    455.52    452.56    449.28    445.29    440.90    437.09    433.78
    429.98    425.04    420.46    416.34    410.30    401.87    393.85    388.23    386.51    387.92    390.75    393.55    394.57
    485.80    484.49    482.20    479.91    478.32    477.03    476.04    475.54    476.24    479.05    482.46    486.06    490.67
    495.21    499.33    502.63    504.63    506.19    507.39    507.52    507.02    506.13    504.48    502.04    498.65    494.60
    489.99    485.02    479.92    475.01    470.32    466.18    462.52    458.97    455.33    451.19    446.76    443.09    440.37
    437.53    433.84    429.34    424.02    417.01    407.73    398.37    391.16    387.74    387.85    389.74    393.02    397.41
    484.63    482.49    479.92    477.77    476.33    475.24    475.10    476.25    478.96    482.62    485.92    488.63    491.30
    494.69    499.33    504.90    509.18    511.70    513.28    515.28    516.88    516.66    515.12    512.53    509.15    504.94
    499.99    494.51    488.81    483.51    479.01    474.98    471.25    467.53    463.35    458.77    454.68    451.75    449.71
    447.26    443.67    438.50    431.54    423.66    415.39    406.75    399.72    396.01    395.48    397.09    400.44    405.24
    485.55    484.43    482.18    479.69    477.80    477.36    478.75    481.68    485.56    489.05    491.61    493.51    495.19
    497.76    501.50    506.28    512.50    517.68    520.62    523.65    525.87    526.33    525.74    523.31    519.62    515.12
    510.34    504.92    498.98    493.33    488.49    484.23    480.18    476.27    471.89    467.19    463.21    460.71    458.77
    456.47    452.87    447.21    439.87    431.99    424.64    418.19    412.39    408.86    409.15    412.00    415.93    420.16
    487.85    488.64    487.94    486.34    484.90    484.74    486.37    489.81    493.83    497.12    499.01    500.63    502.33
    504.80    508.21    511.99    517.51    523.87    528.38    531.38    533.44    534.50    535.26    533.89    530.85    526.51
    521.74    516.44    510.51    504.71    499.33    494.25    489.09    484.22    480.02    476.22    472.88    470.12    467.93
    465.31    461.16    455.24    447.65    439.82    433.76    430.43    427.79    426.01    428.04    433.16    438.65    443.00
    489.88    494.16    496.50    497.00    496.72    497.36    499.53    502.36    505.42    507.95    509.61    510.96    512.76
    515.82    519.62    522.85    526.76    532.12    538.00    542.28    543.77    545.40    547.13    546.48    543.24    539.09
    534.37    529.09    522.76    516.47    510.76    505.24    499.23    492.94    488.34    485.08    482.11    479.54    477.62
    474.99    470.92    465.18    458.34    451.42    446.74    444.57    444.47    446.22    450.62    457.12    463.20    468.61
    494.82    501.80    507.37    511.25    513.44    515.07    516.93    518.51    520.27    522.23    523.93    525.48    527.45
    531.02    535.11    537.88    541.03    546.29    553.20    557.30    557.81    557.89    556.88    555.95    553.25    549.62
    545.81    540.86    534.25    527.68    521.76    515.99    509.97    503.72    498.53    494.59    491.80    489.94    488.33
    485.81    481.84    476.41    471.09    466.83    463.95    463.22    465.51    470.15    475.98    481.59    487.27    494.09
    505.73    513.49    522.28    529.36    533.78    536.41    537.65    538.44    539.56    541.26    543.17    545.06    548.12
    551.98    555.07    557.22    559.95    563.91    569.57    571.89    569.77    568.01    565.35    562.51    560.14    557.70
    555.44    550.62    544.85    538.29    531.97    526.07    520.40    515.31    510.98    507.72    505.21    503.29    500.73
    497.46    493.52    488.83    485.49    484.51    485.22    487.09    491.13    496.96    502.88    507.88    512.81    519.42
    523.31    532.62    543.09    552.12    557.93    560.78    561.72    562.08    563.00    564.72    566.57    568.27    571.63
    575.60    578.21    580.14    581.49    582.00    582.63    580.98    577.61    574.51    570.99    567.96    565.50    563.21
    561.29    557.24    552.31    546.98    541.52    536.37    531.84    527.88    524.09    521.64    520.06    517.65    513.27
    509.43    506.47    504.58    504.81    505.98    508.17    512.29    517.59    523.53    528.85    533.71    538.81    544.76
    549.78    559.25    569.11    577.64    583.43    585.90    586.29    586.61    587.66    589.23    590.84    592.33    594.97
    598.56    601.71    603.20    602.73    599.87    594.13    587.90    583.19    579.15    574.97    571.46    568.30    565.63
    563.29    561.53    558.66    554.79    551.09    547.41    543.60    539.63    536.42    534.87    532.86    529.97    526.86
    524.05    522.64    523.54    526.15    529.27    533.52    538.87    544.29    549.50    554.30    559.46    564.72    569.54
    581.94    589.58    597.24    604.04    608.07    609.69    609.93    610.05    610.49    611.68    613.27    614.98    617.01
    619.97    622.83    623.75    622.16    617.34    608.52    597.45    588.17    582.75    577.95    574.40    572.07    569.69
    567.90    567.02    565.51    562.73    559.96    556.79    552.72    549.22    547.06    546.09    544.79    542.86    541.35
    540.29    541.25    544.32    548.43    553.30    558.45    563.75    568.81    573.58    578.59    582.98    586.65    589.46
    614.39    619.86    625.44    629.58    631.83    632.55    632.07    631.21    630.34    630.50    632.09    634.04    635.72
    637.81    639.68    640.02    637.77    631.99    622.40    609.35    595.91    587.26    581.36    576.45    574.66    573.97
    573.53    573.37    572.15    569.96    567.11    563.89    560.29    557.46    556.62    556.54    556.26    555.64    555.54
    556.41    559.21    563.55    568.40    573.52    578.53    583.35    587.84    591.87    595.47    598.24    599.70    600.07
    642.94    646.60    649.93    652.54    653.56    652.52    651.01    648.84    646.29    645.77    647.42    649.14    650.29
    650.98    651.27    650.73    648.17    642.19    632.63    620.70    607.82    595.49    585.68    578.78    576.47    576.44
    576.71    577.40    576.90    575.33    573.32    570.51    567.62    565.82    565.79    566.32    566.70    567.21    568.16
    569.87    572.99    577.39    581.99    586.43    590.76    594.81    598.17    600.68    602.49    602.94    602.05    599.99
    665.24    667.50    669.75    670.78    670.15    667.81    664.68    661.24    657.93    656.89    658.08    658.86    658.98
    658.86    658.04    656.25    652.85    646.77    638.11    628.20    616.92    604.09    592.20    582.42    577.06    576.92
    577.56    578.74    579.45    579.11    578.19    575.84    573.84    572.91    572.87    573.18    574.01    574.95    576.02
    577.79    580.35    583.69    587.27    590.80    594.02    596.76    598.74    599.86    599.37    597.33    594.44    590.88
    680.60    681.07    681.78    681.02    678.66    675.43    671.38    667.47    664.33    662.53    662.07    661.88    661.51
    660.80    659.37    656.68    652.26    646.56    639.55    631.20    621.31    609.78    598.08    588.05    579.47    575.56
    575.78    576.63    578.50    579.60    579.55    578.37    576.96    576.26    575.98    575.87    576.20    576.53    576.93
    578.08    580.15    582.20    584.47    586.96    588.98    590.35    590.49    589.51    587.22    583.54    579.18    574.69
    687.49    686.51    685.49    683.37    679.44    674.70    670.92    667.32    663.95    661.35    659.77    659.05    658.38
    656.97    654.79    651.40    646.92    641.99    636.54    629.74    621.25    611.58    601.65    591.98    583.38    575.76
    572.84    574.26    576.66    577.36    576.70    575.48    574.06    574.01    574.05    573.40    572.26    571.01    570.39
    570.67    572.00    573.01    574.55    576.20    576.96    576.68    575.17    572.33    568.46    563.89    558.85    553.64
    685.07    683.34    681.82    679.15    674.78    669.81    665.11    660.76    656.89    654.22    652.46    651.13    649.76
    647.82    645.12    641.41    637.26    633.18    629.10    623.82    617.00    609.30    601.03    593.03    584.95    576.25
    571.69    572.65    573.95    573.56    570.52    567.68    566.64    567.29    567.06    565.82    563.08    560.54    559.26
    557.76    558.29    558.31    559.06    559.24    558.71    557.30    554.49    550.59    545.89    540.63    535.14    529.39
    673.76    671.85    669.86    667.08    663.31    659.29    653.93    648.78    644.80    641.92    639.81    637.95    636.05
    634.04    631.35    627.81    624.14    620.70    617.32    613.23    608.08    602.29    595.80    589.62    583.10    576.20
    571.39    571.35    572.16    570.82    564.25    558.64    557.86    556.97    555.51    553.50    550.26    547.76    545.50
    543.98    542.35    540.75    539.62    538.09    536.44    533.99    530.27    525.71    520.77    515.28    509.56    503.48
    656.06    653.73    651.06    648.23    645.03    641.16    636.66    632.11    628.22    624.91    622.32    620.50    618.58
    616.64    614.31    611.52    608.26    605.06    602.21    598.84    594.93    590.74    586.08    581.46    577.22    573.48
    570.91    570.09    569.79    567.84    559.40    552.31    550.18    546.98    542.74    537.78    532.69    528.27    524.14
    521.92    520.10    518.97    516.71    514.15    511.96    509.13    505.03    500.15    495.02    489.40    483.43    477.29
    634.48    631.47    628.52    625.73    622.86    619.63    615.97    611.85    608.01    604.78    602.37    600.78    599.15
    597.15    595.21    592.92    589.93    586.81    583.99    580.95    577.74    574.53    571.47    568.50    565.98    564.15
    563.10    562.82    561.95    558.07    551.16    545.69    541.81    536.36    528.31    519.96    511.26    501.90    494.58
    491.89    492.13    492.43    491.79    489.27    487.44    484.23    479.77    474.75    469.40    463.36    457.10    450.96
    610.81    607.06    604.14    601.62    598.97    596.04    592.71    589.10    585.63    582.84    581.15    580.00    578.44
    576.19    574.09    571.71    568.65    565.45    562.53    559.74    556.95    554.57    552.60    550.90    549.62    548.19
    546.64    545.49    543.79    540.05    534.80    529.14    522.94    514.55    509.31    505.15    494.58    482.78    477.12
    474.20    472.23    472.03    468.97    466.46    464.35    460.06    454.81    449.02    443.09    436.89    430.41    424.21
    893.82    892.96    892.06    891.10    890.08    888.99    887.83    886.61    885.34    884.03    882.70    881.37    880.06
    878.78    877.51    876.26    875.00    873.76    872.54    871.34    870.18    869.05    867.98    866.95    866.00    865.13
    864.34    863.62    862.95    862.33    861.75    861.22    860.73    860.27    859.84    859.42    859.03    858.65    858.28
    857.93    857.61    857.34    857.11    856.93    856.78    856.69    856.62    856.58    856.57    856.58    856.60    856.64
    907.02    906.19    905.18    904.02    902.75    901.39    899.90    898.28    896.54    894.71    892.78    890.73    888.63
    886.52    884.42    882.31    880.17    878.00    875.83    873.70    871.63    869.66    867.82    866.14    864.62    863.23
    861.97    860.87    859.89    859.01    858.20    857.46    856.85    856.33    855.81    855.28    854.78    854.28    853.74
    853.21    852.69    852.11    851.48    850.93    850.58    850.36    850.25    850.26    850.42    850.77    851.22    851.64
    919.38    918.61    917.61    916.35    914.90    913.31    911.56    909.64    907.56    905.34    903.00    900.55    898.05
    895.55    893.05    890.46    887.82    885.14    882.43    879.74    877.15    874.67    872.32    870.07    867.93    865.85
    863.82    861.92    860.29    859.07    858.13    857.21    856.24    855.36    854.65    853.98    853.31    852.70    852.09
    851.34    850.11    848.55    847.24    846.63    846.82    847.58    848.70    849.79    850.66    851.64    852.63    853.03
    929.24    928.17    926.91    925.45    923.82    922.03    920.05    917.91    915.64    913.25    910.68    908.01    905.33
    902.64    899.95    897.24    894.53    891.84    889.10    886.34    883.61    880.92    878.27    875.69    873.19    870.71
    868.24    865.88    863.75    861.90    860.38    859.01    857.53    855.90    854.32    852.74    851.14    849.44    847.37
    845.87    845.14    844.23    843.83    844.94    847.12    849.79    852.62    855.28    857.60    859.49    860.85    861.37
    935.91    934.44    932.62    930.55    928.36    926.11    923.88    921.75    919.64    917.43    915.01    912.43    909.80
    907.12    904.39    901.63    898.85    896.17    893.63    891.19    888.86    886.53    884.02    881.21    878.23    875.20
    872.23    869.36    866.59    864.00    861.65    859.51    857.48    855.62    854.05    852.48    850.29    847.54    845.13
    843.60    842.72    842.27    842.16    842.34    842.88    844.68    848.02    852.28    856.86    861.31    865.44    869.00
    936.19    935.03    933.43    931.53    929.38    927.06    924.83    922.84    921.01    919.19    917.21    915.03    912.76
    910.52    908.29    905.94    903.54    901.19    898.99    896.95    894.87    892.57    889.87    886.63    883.12    879.41
    875.52    871.66    868.01    864.73    861.84    859.37    857.30    855.49    853.95    852.70    851.70    850.28    848.22
    845.99    843.86    842.28    841.45    841.23    840.99    840.85    841.92    844.99    850.22    856.37    862.35    867.75
    929.94    929.12    928.05    926.94    925.83    924.63    923.48    922.37    921.17    920.19    919.50    918.72    917.47
    915.78    913.81    911.63    909.48    907.56    905.95    904.42    902.53    900.06    896.98    893.39    889.18    884.38
    879.38    874.67    870.66    867.38    864.65    862.23    860.02    857.98    855.75    853.45    851.42    849.88    848.80
    847.66    845.97    843.82    841.77    839.79    837.25    835.06    834.52    836.14    840.83    847.11    852.59    857.34
    920.21    919.05    918.38    918.40    918.78    919.33    919.71    919.38    918.83    918.37    918.23    918.46    918.75
    918.80    918.40    917.61    916.37    914.75    913.18    911.64    909.92    907.63    904.52    900.65    895.97    890.63
    884.97    879.63    875.23    871.98    869.77    867.87    865.59    862.76    859.47    855.87    852.20    848.98    846.51
    844.79    843.63    842.56    840.79    837.20    832.49    828.91    827.31    827.86    832.50    839.04    842.94    843.87
    910.49    909.77    909.47    909.71    910.72    911.69    911.75    910.93    910.21    910.47    911.86    914.38    917.23
    919.61    921.14    922.31    923.08    922.68    921.13    919.22    917.37    915.06    911.93    907.94    903.28    897.95
    892.12    886.57    881.93    878.29    875.54    873.21    870.82    867.87    864.26    860.14    855.58    851.05    847.21
    844.54    842.64    840.46    837.50    833.51    828.71    824.70    823.08    823.94    828.92    836.23    840.33    838.45
    902.71    903.01    902.73    902.23    902.21    901.84    901.36    901.99    903.13    905.06    908.20    911.71    915.27
    919.18    922.83    925.53    927.66    929.39    929.50    927.97    926.28    923.93    920.55    916.45    911.97    906.76
    900.72    894.79    889.33    884.88    881.62    878.89    876.21    873.29    869.84    865.61    860.93    856.49    852.36
    848.01    843.88    839.81    835.10    830.11    825.17    820.96    819.21    820.82    825.85    832.68    836.41    835.53
    896.32    896.80    895.91    894.30    893.23    893.17    894.06    894.94    895.97    899.31    904.35    909.96    915.22
    919.70    924.66    929.33    932.91    935.99    937.70    937.34    936.49    935.11    932.76    929.07    924.09    918.37
    912.15    905.51    899.05    893.61    889.51    886.20    883.27    880.44    877.00    872.67    867.80    863.25    859.27
    854.66    849.56    844.93    840.31    834.50    827.30    820.75    817.01    817.59    821.49    826.35    830.31    831.64
    892.30    891.95    890.47    888.95    888.22    888.20    888.01    888.75    891.38    896.19    901.64    907.31    914.27
    921.52    929.14    935.72    940.11    943.80    946.80    948.44    949.02    948.80    947.44    944.67    940.01    934.06
    927.29    920.03    912.77    906.02    900.40    896.00    892.50    889.36    885.77    881.44    876.83    872.67    869.29
    865.75    861.41    856.37    850.09    841.95    833.15    825.38    819.83    818.29    820.51    824.44    829.62    835.53
    890.07    889.10    888.02    886.88    885.84    885.71    887.07    890.18    895.14    901.19    906.95    911.91    916.73
    922.33    929.66    939.04    946.98    952.24    956.14    960.97    965.54    966.88    965.61    962.58    958.05    952.12
    944.86    936.58    928.04    920.41    914.15    908.91    904.45    900.22    895.95    891.59    887.71    884.74    882.32
    879.94    876.48    870.58    862.01    851.76    842.50    834.73    829.46    828.04    829.94    833.82    839.56    847.06
    889.66    890.18    889.37    888.03    887.31    888.37    891.83    897.32    903.83    909.99    915.10    919.44    923.22
    927.92    934.00    941.49    951.36    960.55    966.60    973.57    979.56    982.17    983.03    980.65    975.87    969.55
    962.65    954.67    945.83    937.64    930.71    924.66    919.17    913.92    908.60    903.59    899.76    897.58    895.94
    893.93    890.50    884.54    876.15    866.26    856.94    849.70    845.12    843.97    846.95    852.80    859.87    867.48
    891.05    894.21    895.54    895.53    895.78    897.58    901.52    907.90    914.82    920.69    925.10    929.32    933.44
    938.28    944.28    950.70    959.04    969.15    977.32    983.91    989.77    993.85    997.74    997.92    994.74    988.95
    982.10    974.65    966.15    957.50    949.52    942.11    935.12    928.78    923.14    918.70    915.20    912.56    910.69
    908.20    903.78    897.39    889.70    881.04    874.08    869.93    867.20    866.89    871.39    880.04    888.95    896.64
    892.71    900.34    905.49    908.05    910.01    913.34    918.26    924.14    930.28    935.51    939.56    943.41    948.03
    953.82    960.35    966.30    973.02    981.20    990.53    999.24   1004.61   1010.45   1016.51   1017.92   1015.47   1010.75
   1004.02    996.32    987.01    977.63    969.15    960.67    952.00    944.35    938.61    934.70    930.93    928.69    927.68
    925.50    920.93    913.76    906.12    899.89    896.11    894.52    894.43    896.75    903.05    912.64    921.43    929.56
    898.82    909.53    918.62    925.51    930.45    935.02    939.96    944.64    949.68    954.64    959.02    963.41    968.35
    974.90    981.65    987.21    993.70   1002.23   1012.31   1020.72   1025.90   1030.01   1031.74   1032.68   1031.41   1028.38
   1023.67   1016.38   1006.37    996.60    988.17    979.55    970.42    962.07    955.30    950.80    948.15    947.27    946.72
    944.76    940.65    934.45    927.93    923.96    922.95    924.41    927.89    933.38    940.72    948.39    956.27    964.84
    912.99    924.78    937.79    948.27    955.69    961.53    966.05    970.09    974.58    979.63    984.35    989.14    995.50
   1002.63   1008.46   1013.26   1019.15   1026.32   1035.40   1042.09   1043.51   1044.69   1044.27   1042.86   1041.93   1040.71
   1038.92   1032.80   1024.14   1014.37   1005.03    996.38    988.09    980.90    975.69    971.82    970.13    969.63    968.24
    965.07    960.84    956.39    953.89    954.33    957.13    961.13    966.89    974.32    981.69    987.97    994.14   1001.50
    936.60    950.25    964.62    977.20    986.03    992.01    996.55   1000.62   1004.94   1009.45   1013.77   1018.35   1025.31
   1032.57   1038.04   1042.55   1046.45   1050.01   1054.14   1055.62   1055.31   1054.72   1053.09   1051.72   1050.70   1049.68
   1048.83   1044.32   1037.26   1029.35   1021.29   1014.00   1007.75   1002.04    997.53    995.15    995.23    993.87    989.63
    986.21    983.98    983.50    985.76    989.06    993.51    999.77   1006.91   1014.37   1021.12   1026.77   1031.96   1038.03
    971.74    984.59    997.76   1009.60   1018.60   1024.45   1028.47   1031.96   1035.72   1039.98   1044.24   1048.55   1054.55
   1061.45   1067.51   1071.25   1072.92   1072.77   1070.15   1066.60   1064.64   1062.90   1060.54   1058.66   1057.08   1055.66
   1054.20   1052.74   1048.99   1043.45   1038.53   1033.86   1028.88   1023.75   1020.36   1019.85   1018.68   1015.76   1012.76
   1010.80   1011.16   1014.32   1019.05   1024.10   1030.19   1037.64   1044.82   1051.45   1057.20   1062.38   1067.22   1072.34
   1013.41   1023.62   1033.92   1043.51   1050.60   1055.37   1058.36   1060.73   1063.81   1067.69   1072.20   1076.87   1082.10
   1088.16   1093.54   1096.76   1097.50   1095.02   1089.12   1081.00   1073.83   1070.06   1066.76   1065.19   1064.82   1063.90
   1063.18   1063.21   1061.86   1058.37   1055.40   1051.79   1046.77   1042.82   1041.30   1041.65   1040.92   1038.96   1037.88
   1037.87   1040.15   1044.83   1050.68   1057.29   1064.09   1071.02   1077.58   1083.45   1088.92   1093.36   1096.88   1099.56
   1055.21   1062.59   1070.23   1076.65   1081.60   1084.70   1085.70   1086.74   1088.46   1091.06   1095.55   1100.65   1105.05
   1109.75   1114.52   1117.30   1117.17   1113.95   1107.20   1096.65   1085.39   1078.44   1073.72   1071.08   1071.86   1073.09
   1074.12   1075.33   1074.98   1072.75   1069.94   1066.57   1062.60   1060.08   1060.23   1061.25   1061.99   1061.95   1062.06
   1063.38   1067.12   1072.42   1078.29   1084.82   1091.48   1097.52   1103.08   1107.80   1111.79   1114.77   1115.85   1115.39
   1091.60   1096.52   1101.57   1106.31   1109.31   1109.51   1109.24   1108.84   1108.26   1110.32   1114.93   1119.56   1123.31
   1126.50   1129.57   1131.62   1131.25   1127.71   1120.38   1110.62   1099.61   1089.55   1082.11   1077.75   1078.56   1080.95
   1083.16   1085.55   1085.68   1084.61   1083.48   1081.16   1078.61   1077.47   1078.09   1079.34   1080.39   1081.25   1082.57
   1084.80   1088.83   1094.06   1099.39   1104.94   1110.44   1115.26   1119.15   1121.92   1123.95   1124.23   1122.38   1119.14
   1118.96   1122.17   1125.90   1128.76   1129.70   1128.47   1126.29   1124.37   1123.44   1124.87   1128.79   1132.46   1135.30
   1137.67   1139.33   1139.72   1138.36   1134.73   1128.16   1120.18   1110.64   1100.23   1091.15   1084.54   1083.53   1086.55
   1089.31   1092.58   1094.43   1095.15   1095.85   1094.76   1093.23   1092.36   1092.26   1093.26   1094.56   1095.70   1097.19
   1099.81   1103.51   1107.59   1111.65   1115.73   1119.49   1122.60   1124.81   1126.07   1125.17   1122.29   1118.35   1113.73
   1137.16   1138.65   1140.84   1141.56   1140.60   1138.55   1135.76   1133.62   1132.84   1133.66   1135.65   1138.01   1140.21
   1141.96   1142.76   1142.14   1139.82   1136.57   1131.72   1125.15   1117.22   1108.11   1099.15   1091.79   1088.13   1089.72
   1091.95   1094.62   1098.85   1102.19   1104.21   1104.27   1102.98   1102.23   1102.25   1102.69   1103.35   1103.79   1104.48
   1106.74   1109.74   1112.05   1114.69   1117.47   1119.44   1120.63   1120.61   1119.61   1116.69   1112.13   1106.97   1101.64
   1145.63   1146.06   1146.25   1145.59   1143.45   1140.22   1137.79   1136.06   1134.91   1134.74   1135.55   1137.26   1139.05
   1140.08   1139.93   1138.58   1136.45   1134.36   1131.51   1126.84   1120.53   1113.34   1106.13   1099.27   1094.35   1092.65
   1093.69   1096.53   1100.71   1103.91   1106.21   1107.16   1106.79   1106.41   1106.11   1105.68   1105.23   1104.70   1104.20
   1105.38   1107.23   1108.20   1109.68   1110.93   1111.21   1110.82   1109.02   1105.78   1101.31   1096.18   1090.52   1084.56
   1143.96   1143.61   1143.67   1142.99   1140.50   1137.20   1133.90   1131.29   1129.51   1129.09   1129.84   1131.28   1132.60
   1133.05   1132.30   1130.73   1129.38   1128.60   1127.48   1125.08   1121.11   1116.00   1110.26   1105.10   1100.51   1097.02
   1097.14   1099.09   1101.39   1103.34   1103.56   1104.07   1104.58   1104.27   1102.91   1101.05   1099.59   1098.83   1098.26
   1097.34   1097.27   1097.12   1097.05   1096.63   1095.67   1094.19   1091.24   1087.01   1081.94   1076.09   1069.98   1063.59
   1132.57   1132.09   1131.82   1131.12   1129.33   1127.20   1123.81   1120.63   1118.60   1118.15   1118.94   1120.06   1120.69
   1121.31   1121.24   1120.11   1119.68   1120.11   1120.32   1119.49   1117.40   1114.23   1110.26   1106.81   1103.54   1100.66
   1099.60   1101.19   1103.25   1103.47   1100.98   1098.32   1097.55   1095.73   1093.56   1090.62   1088.11   1086.69   1085.79
   1083.83   1081.30   1079.81   1078.42   1076.69   1074.88   1072.47   1068.71   1063.88   1058.83   1053.24   1047.13   1040.67
   1114.10   1113.26   1112.48   1111.84   1111.02   1109.68   1107.53   1104.91   1103.11   1102.17   1102.29   1103.53   1104.61
   1105.70   1106.69   1107.50   1108.24   1109.07   1110.17   1110.05   1108.91   1107.30   1105.08   1102.88   1101.01   1099.81
   1099.58   1100.84   1102.23   1101.61   1097.47   1094.16   1091.54   1087.09   1081.18   1074.60   1069.33   1064.97   1062.19
   1060.74   1059.29   1057.84   1055.87   1053.52   1051.27   1048.57   1044.54   1039.75   1034.93   1029.61   1023.82   1018.03
   1091.18   1090.18   1089.51   1089.15   1088.93   1088.38   1087.34   1085.30   1083.42   1082.46   1082.68   1084.27   1086.04
   1087.57   1089.84   1092.03   1093.47   1094.34   1095.43   1095.62   1095.04   1094.17   1093.06   1091.80   1090.79   1090.43
   1090.61   1091.61   1092.14   1091.09   1089.01   1087.27   1082.11   1074.15   1064.35   1054.19   1044.91   1035.95   1031.56
   1031.15   1032.16   1031.84   1030.96   1029.69   1027.41   1024.53   1020.48   1015.92   1011.27   1006.04   1000.84    995.81
   1065.35   1064.26   1064.12   1064.53   1064.80   1064.40   1063.44   1062.21   1060.84   1060.16   1060.98   1062.89   1064.94
   1066.58   1068.90   1071.36   1073.00   1074.23   1075.05   1075.46   1075.46   1075.18   1074.77   1074.36   1073.95   1073.00
   1071.91   1071.77   1072.04   1071.50   1069.31   1064.39   1057.16   1049.37   1043.64   1036.81   1025.34   1016.32   1014.14
   1012.23   1009.63   1008.68   1007.99   1007.04   1004.58   1001.03    996.52    991.61    986.96    982.32    977.54    973.03
   1849.04   1848.37   1847.62   1846.82   1845.94   1844.99   1843.96   1842.87   1841.73   1840.54   1839.33   1838.12   1836.95
   1835.79   1834.65   1833.55   1832.49   1831.49   1830.54   1829.63   1828.77   1827.95   1827.18   1826.48   1825.85   1825.27
   1824.74   1824.28   1823.88   1823.52   1823.20   1822.92   1822.69   1822.51   1822.37   1822.31   1822.28   1822.29   1822.33
   1822.40   1822.49   1822.62   1822.78   1822.99   1823.22   1823.49   1823.81   1824.16   1824.52   1824.90   1825.28   1825.67
   1862.82   1861.90   1860.88   1859.78   1858.59   1857.31   1855.93   1854.45   1852.84   1851.07   1849.16   1847.14   1845.05
   1842.95   1840.89   1838.86   1836.82   1834.74   1832.64   1830.57   1828.58   1826.74   1825.12   1823.72   1822.51   1821.45
   1820.50   1819.67   1818.96   1818.37   1817.86   1817.44   1817.12   1816.91   1816.77   1816.70   1816.65   1816.59   1816.52
   1816.46   1816.46   1816.57   1816.82   1817.20   1817.70   1818.30   1818.99   1819.74   1820.54   1821.37   1822.22   1823.01
   1876.18   1875.06   1873.75   1872.29   1870.70   1868.98   1867.18   1865.29   1863.24   1860.99   1858.54   1855.95   1853.29
   1850.60   1847.96   1845.42   1842.93   1840.40   1837.81   1835.16   1832.53   1830.03   1827.72   1825.64   1823.74   1821.99
   1820.39   1818.92   1817.65   1816.63   1815.86   1815.30   1814.84   1814.47   1814.24   1814.15   1814.15   1814.14   1814.09
   1814.02   1814.02   1814.25   1814.78   1815.69   1816.94   1818.41   1820.02   1821.75   1823.57   1825.38   1827.01   1828.40
   1888.29   1886.62   1884.73   1882.68   1880.55   1878.32   1876.02   1873.60   1871.01   1868.28   1865.44   1862.53   1859.55
   1856.50   1853.54   1850.76   1848.14   1845.61   1843.04   1840.40   1837.69   1834.90   1832.07   1829.29   1826.70   1824.40
   1822.36   1820.59   1819.01   1817.58   1816.34   1815.28   1814.28   1813.36   1812.62   1811.99   1811.44   1811.02   1810.69
   1810.72   1811.28   1812.21   1813.51   1815.33   1817.79   1820.89   1824.56   1828.81   1833.31   1837.52   1840.89   1842.95
   1897.90   1895.77   1893.29   1890.48   1887.42   1884.25   1881.02   1877.82   1874.71   1871.67   1868.62   1865.55   1862.58
   1859.74   1857.01   1854.34   1851.73   1849.21   1846.77   1844.33   1841.80   1839.10   1836.22   1833.18   1830.09   1827.16
   1824.47   1821.86   1819.34   1817.17   1815.35   1813.79   1812.47   1811.45   1810.69   1810.02   1809.20   1808.48   1808.28
   1808.70   1809.65   1811.04   1812.71   1814.47   1816.55   1819.53   1823.79   1829.83   1837.53   1845.13   1851.10   1855.84
   1901.40   1899.08   1896.35   1893.36   1890.17   1886.87   1883.50   1880.12   1876.88   1873.93   1871.12   1868.30   1865.64
   1863.32   1861.20   1859.06   1856.86   1854.65   1852.42   1850.13   1847.62   1844.85   1841.78   1838.31   1834.48   1830.55
   1826.70   1822.93   1819.31   1816.18   1813.67   1811.69   1810.14   1809.01   1808.16   1807.47   1806.95   1806.54   1806.31
   1806.36   1806.73   1807.43   1808.55   1810.13   1812.33   1815.32   1819.04   1824.22   1832.17   1841.93   1850.51   1857.21
   1897.82   1895.64   1893.35   1891.13   1888.94   1886.78   1884.61   1882.25   1879.89   1877.64   1875.67   1874.03   1872.53
   1870.96   1869.27   1867.34   1865.45   1863.67   1861.84   1859.73   1857.01   1853.80   1850.26   1846.15   1841.33   1836.09
   1830.87   1825.95   1821.59   1818.00   1815.15   1812.69   1810.37   1808.23   1806.35   1804.96   1804.13   1803.47   1802.69
   1802.04   1801.53   1801.58   1802.54   1804.02   1805.96   1808.59   1812.20   1817.04   1823.36   1831.68   1841.20   1848.57
   1890.48   1888.69   1887.31   1886.43   1885.71   1884.91   1884.04   1883.16   1882.31   1881.49   1880.86   1880.68   1880.70
   1880.33   1879.39   1877.98   1876.43   1874.72   1872.66   1870.20   1867.06   1863.26   1859.04   1854.40   1849.23   1843.43
   1837.34   1831.71   1826.89   1822.75   1819.29   1816.33   1813.52   1810.60   1807.65   1804.84   1802.22   1799.86   1797.92
   1796.83   1796.73   1797.38   1798.05   1798.52   1799.42   1801.36   1804.84   1809.59   1815.74   1823.39   1830.54   1835.21
   1882.87   1882.04   1881.62   1881.42   1881.45   1881.79   1881.92   1882.08   1882.57   1883.34   1883.90   1884.59   1885.45
   1886.76   1887.96   1888.77   1888.76   1887.56   1885.32   1882.41   1878.83   1874.28   1869.11   1863.70   1858.09   1852.15
   1845.94   1840.03   1834.61   1829.64   1825.35   1821.71   1818.45   1815.24   1811.77   1807.92   1804.12   1800.68   1797.64
   1795.51   1794.55   1794.18   1793.92   1793.62   1793.68   1794.96   1798.11   1803.16   1810.31   1819.08   1824.17   1823.79
   1878.04   1878.59   1878.50   1877.43   1876.64   1876.58   1876.94   1878.29   1880.70   1884.07   1887.80   1890.25   1891.43
   1893.37   1896.64   1899.40   1901.41   1902.49   1901.52   1898.62   1894.64   1889.88   1884.19   1877.78   1871.08   1864.36
   1857.58   1850.94   1844.72   1838.95   1833.87   1829.78   1826.62   1823.63   1819.95   1815.50   1810.79   1806.28   1802.22
   1798.94   1796.62   1794.89   1793.05   1791.31   1790.59   1791.37   1793.91   1798.57   1805.54   1812.98   1816.21   1815.57
   1874.59   1875.41   1874.74   1872.64   1871.18   1871.42   1873.26   1875.80   1879.28   1883.71   1888.61   1893.58   1898.17
   1903.02   1908.55   1912.93   1915.98   1917.68   1917.86   1916.57   1913.50   1909.18   1903.68   1896.76   1888.71   1880.62
   1872.68   1864.76   1857.35   1850.88   1845.40   1841.22   1838.20   1835.30   1831.30   1826.17   1820.46   1815.51   1811.70
   1808.23   1804.80   1801.51   1798.45   1795.57   1793.16   1792.15   1793.03   1796.06   1801.23   1806.81   1811.42   1813.60
   1871.01   1871.74   1871.59   1870.33   1869.71   1870.37   1872.72   1876.28   1880.62   1886.48   1892.32   1898.06   1904.60
   1911.58   1919.11   1926.29   1931.32   1934.76   1936.26   1935.78   1934.18   1931.06   1926.28   1919.82   1911.65   1902.57
   1893.02   1883.24   1874.55   1867.03   1860.36   1854.81   1850.69   1847.33   1843.52   1838.86   1833.94   1829.47   1825.45
   1821.87   1818.17   1813.94   1808.94   1803.82   1799.85   1797.64   1797.23   1799.37   1804.32   1810.54   1816.52   1822.74
   1870.06   1871.28   1872.06   1871.65   1871.36   1872.84   1876.41   1881.89   1888.53   1896.16   1903.42   1909.53   1915.08
   1921.17   1928.39   1936.55   1944.46   1950.76   1954.76   1957.14   1958.29   1956.88   1952.42   1945.83   1938.14   1928.91
   1918.02   1906.77   1896.44   1887.62   1879.88   1872.39   1866.27   1861.53   1857.07   1852.78   1849.10   1845.74   1841.89
   1837.87   1834.04   1829.75   1823.93   1817.81   1813.01   1810.06   1809.40   1811.87   1817.31   1824.78   1832.82   1842.16
   1873.14   1875.54   1876.64   1876.79   1877.49   1880.11   1885.05   1892.34   1900.73   1908.85   1916.47   1922.57   1927.59
   1933.41   1940.93   1949.61   1958.82   1968.31   1976.30   1980.84   1983.65   1985.76   1982.72   1975.12   1966.43   1957.02
   1946.32   1934.69   1923.37   1913.41   1904.48   1895.76   1887.67   1880.88   1875.25   1869.87   1865.12   1861.83   1859.07
   1855.89   1852.30   1847.71   1842.70   1837.60   1832.87   1830.25   1830.61   1833.74   1840.35   1849.48   1859.48   1870.46
   1878.31   1883.25   1886.37   1887.84   1889.93   1893.73   1899.47   1906.97   1915.99   1924.56   1931.72   1938.15   1944.24
   1951.25   1959.59   1969.21   1979.38   1989.60   1999.02   2006.04   2009.98   2012.57   2011.97   2006.43   1998.38   1989.22
   1978.68   1966.92   1954.82   1943.47   1932.58   1922.71   1913.83   1905.66   1898.49   1892.00   1886.41   1882.32   1879.32
   1876.48   1872.93   1869.05   1865.43   1861.97   1860.02   1859.38   1860.37   1864.72   1873.33   1884.69   1895.80   1905.99
   1885.70   1893.61   1899.75   1904.01   1908.30   1913.71   1920.20   1928.03   1937.36   1946.20   1953.29   1960.03   1967.53
   1976.13   1985.41   1995.24   2005.43   2015.62   2025.65   2034.01   2039.18   2041.73   2043.55   2040.87   2034.40   2025.83
   2014.77   2001.68   1987.93   1975.03   1963.13   1952.18   1942.55   1933.82   1925.13   1917.51   1911.58   1907.28   1904.36
   1902.46   1900.58   1897.62   1894.43   1893.08   1893.85   1896.23   1899.93   1907.01   1917.57   1929.80   1941.18   1950.69
   1899.19   1910.22   1919.67   1927.43   1933.95   1940.66   1947.66   1955.10   1964.01   1973.40   1981.37   1988.44   1996.65
   2007.04   2017.89   2028.11   2038.23   2048.38   2058.46   2066.11   2070.82   2073.32   2074.64   2073.59   2069.67   2061.77
   2049.36   2034.85   2020.34   2006.83   1994.61   1982.56   1971.63   1962.84   1954.45   1946.59   1941.34   1938.34   1936.29
   1935.24   1934.70   1933.68   1933.08   1934.63   1938.36   1944.24   1951.73   1961.45   1972.63   1984.09   1994.99   2004.69
   1921.72   1935.26   1948.19   1959.31   1967.90   1975.20   1981.71   1988.40   1996.61   2005.61   2013.94   2022.37   2031.62
   2042.38   2054.15   2065.15   2075.08   2083.80   2092.59   2100.23   2103.91   2104.17   2102.02   2100.17   2097.14   2090.93
   2079.21   2064.49   2050.19   2036.90   2024.20   2011.89   2001.48   1993.34   1986.66   1980.72   1977.01   1975.19   1974.04
   1973.61   1974.28   1976.40   1980.91   1987.13   1994.56   2003.39   2012.97   2023.79   2034.74   2045.13   2054.54   2062.44
   1956.89   1970.80   1984.74   1997.59   2007.90   2015.62   2021.58   2027.99   2034.99   2042.50   2050.25   2058.36   2068.11
   2079.51   2091.41   2102.24   2110.32   2116.87   2123.53   2129.44   2132.34   2131.10   2126.66   2121.61   2117.64   2115.17
   2106.13   2091.64   2077.09   2064.46   2052.50   2042.05   2033.85   2027.12   2021.64   2017.45   2014.75   2013.47   2013.54
   2015.40   2019.77   2026.50   2034.30   2043.27   2054.13   2064.99   2075.99   2086.57   2095.41   2103.73   2111.56   2117.69
   2003.86   2016.44   2028.86   2040.78   2050.77   2058.46   2063.96   2069.14   2074.55   2080.84   2088.05   2095.30   2104.51
   2115.84   2127.19   2137.36   2144.46   2148.96   2151.47   2152.13   2151.70   2149.41   2144.56   2138.59   2133.30   2129.51
   2124.99   2115.72   2103.07   2091.41   2081.39   2073.48   2067.36   2062.08   2058.21   2056.48   2055.14   2055.17   2057.93
   2062.69   2069.73   2078.55   2088.18   2098.81   2110.44   2121.89   2132.94   2142.74   2150.46   2156.47   2161.62   2166.14
   2056.25   2067.38   2077.30   2086.57   2094.65   2100.56   2104.89   2108.23   2112.29   2117.52   2123.59   2130.78   2139.49
   2149.48   2159.97   2169.80   2176.40   2178.76   2177.29   2173.03   2167.62   2163.04   2158.69   2154.22   2150.92   2147.07
   2143.56   2137.49   2129.27   2119.43   2111.14   2104.89   2099.87   2096.73   2095.61   2096.41   2097.79   2100.36   2105.70
   2112.39   2119.54   2128.11   2138.14   2149.16   2161.03   2172.46   2182.52   2190.60   2196.11   2199.86   2202.67   2204.58
   2109.61   2118.27   2125.92   2132.93   2138.00   2140.66   2142.90   2144.51   2146.68   2150.29   2155.96   2163.05   2170.66
   2179.03   2188.18   2197.11   2203.04   2203.82   2200.12   2193.10   2185.24   2178.56   2173.46   2170.26   2169.60   2168.74
   2166.22   2161.38   2154.97   2148.28   2142.64   2137.48   2134.41   2133.95   2134.57   2135.94   2138.06   2142.63   2149.23
   2155.78   2163.54   2173.06   2183.12   2193.60   2204.13   2213.77   2221.30   2226.30   2229.04   2230.49   2230.43   2229.42
   2159.35   2164.83   2169.89   2174.65   2177.30   2177.48   2176.87   2175.64   2175.60   2178.78   2184.18   2190.63   2197.52
   2204.49   2211.51   2218.52   2223.54   2223.68   2218.76   2211.27   2203.15   2195.22   2188.53   2184.83   2185.79   2188.35
   2188.17   2185.35   2181.09   2177.24   2174.49   2172.15   2170.67   2170.50   2171.37   2172.60   2175.31   2180.30   2186.07
   2192.15   2200.16   2209.71   2218.89   2227.35   2235.49   2242.76   2247.69   2249.67   2249.33   2247.39   2244.80   2241.89
   2200.63   2203.27   2205.54   2207.97   2208.90   2207.25   2204.12   2200.87   2199.57   2201.97   2206.77   2212.76   2218.78
   2224.10   2229.50   2234.78   2238.56   2238.50   2233.77   2227.17   2220.16   2211.62   2204.26   2199.79   2199.92   2204.50
   2207.64   2208.90   2207.75   2206.21   2205.41   2204.98   2203.98   2202.71   2202.67   2204.33   2207.45   2211.23   2215.69
   2221.43   2228.16   2235.26   2241.91   2248.11   2253.93   2258.45   2261.02   2260.52   2257.77   2253.56   2249.19   2244.92
   2231.77   2231.53   2231.88   2231.61   2229.81   2226.77   2222.71   2219.13   2217.80   2219.30   2223.35   2228.67   2233.71
   2238.10   2241.85   2244.59   2247.25   2248.07   2245.49   2240.54   2234.57   2227.33   2220.48   2215.89   2213.82   2216.89
   2222.82   2227.76   2230.40   2230.95   2231.20   2231.03   2230.24   2228.93   2228.34   2229.43   2230.99   2233.12   2236.61
   2241.14   2246.13   2250.71   2254.76   2257.99   2260.48   2262.26   2262.23   2259.55   2255.35   2250.31   2245.31   2240.45
   2251.10   2249.08   2247.51   2245.24   2241.84   2237.72   2233.37   2229.56   2227.62   2228.78   2232.95   2237.95   2242.29
   2245.81   2248.27   2249.75   2251.02   2252.08   2251.60   2248.95   2244.77   2239.93   2234.73   2230.60   2228.54   2229.82
   2235.36   2240.68   2245.20   2247.22   2247.92   2247.55   2246.85   2246.07   2245.08   2244.66   2244.61   2245.50   2247.93
   2251.07   2254.03   2255.90   2257.41   2258.10   2257.66   2256.20   2253.47   2249.72   2245.17   2240.10   2235.04   2230.14
   2257.24   2254.44   2252.28   2249.83   2246.15   2241.77   2237.49   2233.72   2231.60   2232.36   2235.44   2240.16   2244.29
   2246.88   2248.40   2249.57   2250.81   2252.34   2253.09   2253.04   2252.02   2249.62   2245.85   2242.61   2241.50   2242.41
   2246.13   2250.25   2253.62   2255.43   2255.40   2254.87   2254.32   2253.34   2251.82   2250.10   2248.79   2248.34   2249.19
   2250.48   2251.21   2251.20   2250.54   2249.02   2246.34   2242.59   2238.46   2234.52   2230.55   2226.24   2221.71   2217.06
   2252.54   2249.59   2247.11   2244.75   2241.92   2238.35   2234.41   2231.28   2230.03   2230.69   2233.41   2237.34   2240.29
   2242.45   2244.03   2245.89   2248.79   2251.34   2253.05   2254.64   2255.57   2255.18   2253.06   2250.68   2249.63   2250.03
   2252.51   2256.13   2257.89   2257.49   2255.37   2254.49   2253.52   2251.36   2249.53   2246.36   2242.91   2240.60   2240.00
   2240.24   2240.03   2238.78   2236.38   2233.12   2229.35   2225.24   2220.91   2217.25   2213.91   2211.09   2208.59   2205.65
   2240.35   2237.64   2235.04   2232.32   2229.73   2227.42   2225.37   2223.85   2223.83   2225.38   2228.33   2231.10   2233.41
   2235.59   2237.98   2241.22   2245.45   2249.10   2251.86   2253.86   2254.70   2254.49   2253.59   2251.93   2250.37   2250.09
   2252.05   2254.95   2255.56   2253.29   2251.16   2249.86   2246.10   2241.83   2238.36   2232.93   2227.23   2223.17   2222.18
   2223.01   2223.63   2222.74   2219.58   2215.41   2211.75   2208.41   2204.98   2201.99   2200.06   2198.96   2198.72   2198.54
   2224.12   2221.29   2218.67   2216.03   2214.21   2213.21   2213.19   2214.33   2216.18   2218.19   2220.85   2223.43   2225.40
   2227.25   2230.22   2234.11   2238.51   2243.05   2246.70   2248.88   2249.07   2248.13   2246.84   2245.29   2243.94   2243.64
   2244.58   2245.86   2246.02   2244.51   2242.20   2238.46   2232.85   2227.34   2221.66   2214.12   2207.11   2202.15   2200.71
   2202.81   2205.08   2205.35   2203.27   2199.99   2197.04   2194.60   2192.74   2191.44   2191.16   2191.60   2192.25   2193.37
   2205.82   2203.66   2201.64   2199.34   2197.59   2197.76   2199.69   2202.45   2205.34   2208.65   2211.68   2213.75   2215.28
   2217.08   2220.11   2223.83   2227.68   2231.80   2235.38   2237.18   2237.21   2236.14   2234.80   2233.05   2231.58   2231.33
   2232.17   2233.70   2234.00   2232.12   2228.32   2222.75   2215.94   2209.14   2203.57   2197.31   2190.38   2186.17   2184.69
   2185.81   2188.57   2189.55   2188.35   2186.46   2184.44   2182.83   2182.17   2182.47   2183.32   2184.30   2185.42   2186.40
   2579.19   2578.55   2577.84   2577.07   2576.22   2575.29   2574.31   2573.27   2572.18   2571.05   2569.91   2568.75   2567.60
   2566.48   2565.38   2564.29   2563.25   2562.24   2561.29   2560.40   2559.54   2558.75   2558.01   2557.36   2556.78   2556.27
   2555.85   2555.49   2555.18   2554.92   2554.70   2554.52   2554.39   2554.31   2554.28   2554.31   2554.40   2554.53   2554.70
   2554.91   2555.14   2555.41   2555.72   2556.05   2556.41   2556.80   2557.22   2557.68   2558.17   2558.68   2559.20   2559.73
   2593.66   2592.78   2591.76   2590.62   2589.37   2588.03   2586.61   2585.11   2583.49   2581.72   2579.81   2577.80   2575.73
   2573.66   2571.64   2569.66   2567.70   2565.71   2563.70   2561.69   2559.73   2557.90   2556.28   2554.87   2553.66   2552.63
   2551.78   2551.10   2550.55   2550.12   2549.73   2549.40   2549.15   2548.97   2548.86   2548.83   2548.86   2548.95   2549.07
   2549.23   2549.45   2549.76   2550.21   2550.79   2551.50   2552.33   2553.24   2554.20   2555.19   2556.15   2557.06   2557.90
   2608.97   2607.76   2606.32   2604.66   2602.81   2600.79   2598.65   2596.46   2594.20   2591.80   2589.23   2586.50   2583.70
   2580.95   2578.28   2575.72   2573.25   2570.77   2568.23   2565.64   2563.07   2560.59   2558.32   2556.31   2554.54   2553.01
   2551.70   2550.59   2549.63   2548.85   2548.23   2547.71   2547.24   2546.81   2546.48   2546.26   2546.16   2546.13   2546.21
   2546.38   2546.71   2547.31   2548.24   2549.48   2551.00   2552.74   2554.58   2556.44   2558.28   2560.04   2561.63   2563.01
   2624.69   2622.91   2620.82   2618.45   2615.79   2612.89   2609.87   2606.82   2603.76   2600.74   2597.68   2594.55   2591.35
   2588.12   2585.01   2582.13   2579.47   2576.91   2574.35   2571.71   2568.98   2566.17   2563.36   2560.66   2558.17   2556.05
   2554.29   2552.74   2551.30   2549.97   2548.79   2547.78   2546.87   2546.03   2545.34   2544.78   2544.34   2544.06   2543.95
   2544.25   2545.14   2546.49   2548.25   2550.43   2553.06   2556.10   2559.51   2563.18   2566.91   2570.40   2573.34   2575.48
   2638.60   2636.17   2633.30   2630.00   2626.31   2622.33   2618.31   2614.37   2610.59   2607.07   2603.70   2600.42   2597.28
   2594.32   2591.51   2588.82   2586.23   2583.70   2581.16   2578.56   2575.80   2572.85   2569.77   2566.60   2563.40   2560.39
   2557.62   2554.95   2552.38   2550.07   2548.15   2546.56   2545.25   2544.27   2543.65   2543.17   2542.65   2542.27   2542.32
   2543.04   2544.43   2546.34   2548.56   2551.00   2553.74   2557.09   2561.29   2566.59   2572.94   2579.29   2584.69   2589.21
   2646.27   2643.43   2640.20   2636.67   2632.93   2629.01   2624.95   2620.88   2616.96   2613.39   2610.11   2607.01   2604.24
   2601.91   2599.83   2597.66   2595.29   2592.83   2590.28   2587.62   2584.73   2581.57   2578.15   2574.44   2570.38   2566.10
   2561.76   2557.45   2553.33   2549.68   2546.65   2544.21   2542.38   2541.22   2540.52   2540.09   2539.90   2539.85   2540.01
   2540.46   2541.41   2542.88   2544.94   2547.74   2551.37   2555.82   2560.83   2566.63   2573.98   2582.36   2589.97   2596.26
   2646.57   2644.06   2641.52   2639.00   2636.52   2634.05   2631.37   2628.51   2625.66   2622.95   2620.56   2618.61   2617.05
   2615.51   2613.62   2611.36   2609.00   2606.67   2604.26   2601.48   2598.10   2594.23   2590.02   2585.43   2580.17   2574.28
   2568.21   2562.33   2557.09   2552.67   2549.02   2545.83   2542.90   2540.44   2538.72   2537.78   2537.27   2536.78   2536.34
   2536.27   2536.69   2537.87   2540.09   2543.17   2547.07   2551.93   2557.78   2564.44   2571.85   2580.17   2588.79   2595.82
   2642.43   2640.74   2639.43   2638.58   2637.89   2637.08   2636.19   2635.26   2634.28   2633.26   2632.52   2632.13   2631.77
   2630.83   2629.18   2627.23   2625.30   2623.09   2620.33   2616.95   2612.79   2607.98   2602.75   2597.11   2591.10   2584.52
   2577.53   2570.80   2564.85   2559.73   2555.33   2551.41   2547.77   2544.46   2541.67   2539.23   2536.86   2534.70   2533.05
   2532.46   2533.04   2534.60   2536.80   2539.55   2543.10   2547.54   2553.02   2559.59   2567.22   2575.60   2583.59   2589.82
   2637.32   2637.05   2637.13   2637.45   2637.85   2638.21   2638.47   2638.80   2639.38   2640.20   2640.77   2641.27   2641.83
   2642.46   2642.80   2642.76   2642.22   2640.67   2637.90   2634.17   2629.43   2623.53   2616.97   2610.16   2603.13   2595.93
   2588.81   2581.93   2575.40   2569.33   2563.98   2559.28   2555.11   2551.47   2548.08   2544.40   2540.51   2537.08   2534.34
   2532.68   2532.47   2533.32   2534.91   2537.09   2539.82   2543.48   2548.54   2555.20   2563.47   2572.55   2579.15   2582.15
   2634.85   2636.73   2637.43   2637.09   2636.96   2637.33   2637.99   2639.73   2642.46   2645.78   2649.11   2651.38   2652.63
   2654.32   2656.82   2658.96   2660.39   2660.67   2659.13   2655.49   2650.24   2643.90   2636.32   2627.95   2619.46   2611.26
   2603.61   2596.24   2588.96   2581.92   2575.47   2570.15   2566.06   2562.56   2558.73   2554.24   2549.36   2544.68   2540.78
   2538.01   2536.46   2535.85   2535.96   2536.83   2538.67   2541.85   2546.63   2553.10   2561.32   2569.85   2575.16   2577.54
   2633.76   2636.32   2637.44   2636.82   2636.11   2636.72   2638.97   2642.19   2646.41   2651.57   2656.91   2661.91   2666.38
   2670.71   2675.02   2678.36   2680.73   2681.88   2681.53   2679.32   2675.01   2669.03   2661.32   2651.76   2641.24   2631.39
   2622.29   2613.47   2605.16   2597.66   2590.83   2585.10   2580.90   2577.21   2572.74   2567.44   2561.83   2556.90   2553.18
   2550.23   2547.43   2544.92   2543.31   2542.72   2543.17   2544.72   2547.87   2553.03   2560.26   2567.91   2574.46   2579.18
   2632.96   2635.56   2637.75   2638.52   2638.71   2639.96   2643.22   2647.88   2653.54   2660.40   2667.26   2673.83   2680.46
   2686.76   2692.76   2698.15   2702.14   2704.84   2705.77   2704.72   2702.16   2697.60   2690.81   2681.64   2670.54   2658.81
   2647.10   2635.76   2625.80   2617.25   2609.70   2602.99   2597.49   2593.10   2588.69   2583.72   2578.87   2574.68   2571.00
   2567.80   2564.40   2560.47   2556.70   2553.98   2552.63   2552.95   2555.20   2559.89   2567.13   2575.41   2583.32   2591.52
   2636.46   2638.98   2641.25   2642.66   2643.55   2645.72   2650.52   2657.49   2665.59   2674.47   2682.76   2689.76   2696.08
   2702.55   2709.21   2716.22   2722.71   2727.72   2731.08   2732.80   2732.73   2729.91   2724.09   2715.37   2704.90   2692.77
   2679.05   2664.95   2652.21   2641.77   2632.83   2624.50   2617.40   2611.75   2606.80   2602.24   2598.59   2595.43   2591.86
   2588.13   2584.49   2580.30   2575.41   2571.61   2569.65   2569.69   2572.26   2577.62   2586.02   2596.07   2605.88   2616.63
   2643.98   2647.09   2649.02   2650.57   2652.36   2655.90   2662.34   2671.27   2681.26   2691.35   2700.66   2707.97   2714.04
   2720.57   2728.17   2736.47   2744.80   2752.99   2759.89   2764.20   2766.43   2766.32   2761.47   2752.69   2742.03   2729.87
   2715.94   2700.76   2686.14   2673.63   2662.69   2652.61   2643.81   2636.55   2630.43   2624.69   2620.06   2617.08   2614.50
   2611.60   2608.33   2604.38   2600.42   2597.16   2595.40   2596.07   2599.51   2605.66   2615.47   2627.39   2639.53   2651.74
   2653.04   2658.41   2661.69   2664.52   2668.35   2673.99   2681.85   2691.32   2701.68   2712.02   2721.58   2729.88   2737.00
   2744.24   2752.70   2762.54   2773.06   2783.35   2792.52   2799.29   2802.59   2803.26   2799.95   2792.33   2782.24   2770.67
   2757.23   2742.17   2726.52   2711.82   2698.28   2686.48   2676.34   2667.43   2659.85   2653.15   2647.78   2644.33   2641.89
   2639.62   2636.87   2634.13   2632.00   2630.43   2631.03   2633.84   2638.18   2645.39   2656.65   2670.15   2683.03   2694.91
   2664.73   2673.89   2680.61   2685.81   2691.87   2699.30   2707.92   2717.89   2728.84   2739.52   2748.99   2757.65   2766.38
   2775.56   2785.44   2795.97   2807.05   2818.70   2829.67   2837.51   2841.21   2841.83   2840.16   2834.02   2825.01   2814.31
   2801.04   2785.53   2768.39   2751.56   2736.33   2723.11   2712.06   2702.52   2693.91   2686.65   2681.19   2677.42   2674.90
   2673.74   2673.12   2672.49   2672.06   2673.14   2676.81   2682.61   2689.34   2698.77   2711.64   2725.65   2738.68   2750.44
   2683.78   2696.75   2707.88   2716.45   2723.92   2732.18   2740.93   2750.41   2760.94   2771.91   2781.95   2790.80   2800.22
   2811.69   2824.47   2836.73   2848.34   2859.71   2870.13   2877.38   2880.78   2881.09   2879.21   2874.34   2867.01   2856.71
   2842.52   2825.99   2808.67   2791.37   2775.54   2761.47   2749.49   2740.16   2732.21   2725.51   2720.89   2717.60   2715.65
   2715.94   2718.00   2720.77   2724.13   2729.01   2735.61   2743.83   2753.61   2765.82   2779.62   2792.98   2805.62   2817.08
   2714.37   2729.14   2743.02   2754.68   2764.33   2773.18   2781.59   2790.32   2799.54   2809.20   2818.55   2828.03   2838.52
   2851.60   2866.42   2880.09   2891.84   2901.78   2910.45   2917.39   2920.25   2918.89   2914.54   2909.31   2902.84   2893.34
   2879.24   2862.49   2845.78   2829.28   2814.03   2800.26   2788.77   2780.86   2775.22   2770.52   2767.68   2765.77   2765.14
   2767.16   2771.49   2777.74   2786.13   2795.64   2805.82   2817.00   2828.83   2841.69   2854.51   2866.42   2876.76   2885.11
   2759.12   2774.10   2788.14   2800.73   2811.33   2820.34   2828.49   2836.71   2844.49   2852.02   2859.81   2868.41   2879.60
   2893.72   2908.75   2922.26   2932.60   2940.49   2947.26   2953.05   2955.20   2952.31   2945.71   2938.16   2931.42   2924.68
   2912.99   2896.71   2879.70   2864.31   2850.82   2839.29   2830.86   2825.54   2821.83   2819.09   2817.69   2817.73   2819.92
   2824.57   2832.02   2842.41   2853.85   2865.94   2879.15   2892.11   2904.77   2916.63   2926.95   2936.20   2943.42   2948.41
   2815.67   2829.73   2842.71   2854.03   2863.17   2871.24   2878.22   2884.73   2891.10   2897.43   2904.11   2911.34   2921.41
   2934.54   2948.57   2961.59   2971.15   2977.35   2981.08   2982.06   2981.06   2977.10   2970.05   2962.51   2955.69   2949.31
   2941.22   2928.73   2913.42   2899.68   2888.25   2879.79   2874.50   2871.26   2869.73   2869.99   2870.80   2873.57   2879.66
   2887.84   2897.95   2909.69   2922.20   2935.30   2948.61   2961.45   2973.60   2983.94   2992.06   2998.09   3001.65   3003.67
   2878.89   2890.63   2901.59   2910.47   2916.91   2921.95   2926.61   2931.05   2936.13   2941.73   2946.89   2952.81   2961.42
   2972.75   2985.49   2997.71   3006.61   3011.02   3010.88   3007.07   3002.01   2996.81   2991.30   2985.79   2980.90   2975.17
   2968.40   2959.20   2948.73   2937.85   2928.58   2922.49   2919.08   2918.17   2919.41   2922.42   2926.56   2932.91   2942.13
   2952.21   2962.14   2972.99   2985.42   2998.43   3011.33   3023.09   3032.97   3040.73   3045.88   3048.46   3048.84   3047.67
   2944.75   2952.76   2959.61   2965.39   2969.07   2970.96   2972.59   2974.13   2977.03   2981.06   2985.53   2990.83   2998.08
   3007.53   3018.46   3029.45   3037.47   3040.28   3037.77   3031.15   3023.59   3016.95   3011.67   3008.16   3005.99   3002.80
   2997.79   2991.26   2983.79   2976.53   2970.86   2967.19   2966.51   2968.21   2971.22   2975.58   2981.32   2989.62   2999.29
   3008.42   3017.85   3029.01   3041.48   3053.27   3064.12   3073.71   3080.75   3084.77   3085.89   3084.86   3082.23   3078.33
   3007.56   3011.53   3014.47   3016.48   3017.11   3016.01   3014.43   3012.75   3012.36   3015.10   3019.87   3024.91   3031.22
   3038.68   3047.10   3056.12   3062.96   3065.10   3062.11   3055.17   3046.79   3038.85   3032.64   3029.44   3028.98   3029.14
   3027.29   3023.64   3019.19   3015.52   3013.72   3013.36   3014.77   3017.33   3021.07   3026.12   3032.73   3040.41   3048.10
   3055.88   3064.97   3075.41   3085.89   3095.49   3104.13   3110.89   3114.61   3114.81   3112.17   3107.55   3102.33   3096.64
   3062.17   3062.43   3062.14   3060.84   3058.40   3054.47   3049.62   3044.89   3042.48   3044.15   3048.56   3053.78   3059.42
   3064.79   3070.70   3077.38   3082.92   3085.25   3083.22   3077.75   3070.64   3062.64   3056.04   3052.13   3051.34   3053.72
   3055.83   3056.37   3055.36   3054.67   3055.39   3057.34   3059.39   3061.61   3065.27   3070.54   3076.65   3082.54   3088.36
   3095.01   3102.63   3110.37   3117.47   3124.08   3129.63   3132.96   3133.53   3130.54   3124.98   3118.12   3111.27   3104.25
   3105.39   3102.29   3099.14   3095.20   3089.83   3083.41   3076.47   3070.23   3066.99   3068.04   3071.38   3075.88   3080.83
   3084.88   3088.50   3092.40   3096.87   3100.13   3099.95   3096.59   3091.71   3085.37   3079.43   3075.80   3074.53   3076.90
   3081.55   3085.77   3088.12   3089.45   3091.36   3093.88   3096.24   3098.45   3101.55   3105.94   3110.34   3114.62   3119.25
   3124.30   3129.56   3134.14   3137.96   3140.65   3141.95   3141.89   3139.25   3133.56   3126.18   3118.25   3110.66   3103.39
   3135.14   3129.74   3124.11   3117.82   3110.36   3102.25   3094.47   3088.02   3084.37   3084.67   3087.54   3091.55   3095.36
   3097.92   3099.91   3102.48   3105.64   3108.50   3109.89   3109.28   3106.99   3103.75   3100.23   3097.95   3097.66   3099.89
   3104.54   3109.24   3113.46   3116.22   3118.48   3120.54   3122.87   3125.46   3128.07   3130.92   3133.57   3136.19   3139.40
   3142.80   3145.48   3146.97   3147.72   3146.97   3144.53   3140.58   3134.85   3127.77   3119.73   3111.62   3104.32   3097.67
   3150.44   3143.69   3136.62   3129.12   3120.76   3112.13   3104.22   3097.94   3094.56   3094.44   3096.37   3099.72   3102.78
   3104.80   3106.28   3108.43   3110.95   3113.64   3115.85   3117.68   3118.86   3118.83   3117.78   3116.95   3117.87   3120.45
   3124.40   3128.25   3131.80   3134.53   3136.25   3137.76   3140.20   3142.64   3144.21   3145.44   3146.44   3147.27   3148.50
   3149.74   3149.89   3148.92   3147.14   3143.85   3138.75   3132.02   3124.68   3117.36   3109.72   3102.59   3096.46   3090.84
   3153.25   3145.93   3138.24   3130.43   3122.16   3113.61   3105.99   3100.38   3097.68   3097.48   3099.01   3101.82   3104.68
   3107.27   3109.54   3112.22   3115.40   3118.47   3121.65   3125.23   3128.53   3130.54   3131.33   3131.86   3133.33   3135.46
   3138.39   3141.57   3144.01   3145.39   3145.49   3146.63   3148.49   3149.52   3150.01   3149.41   3148.13   3147.06   3146.62
   3146.31   3145.10   3142.56   3138.90   3134.07   3127.73   3120.23   3112.56   3105.59   3099.18   3093.99   3089.70   3085.67
   3146.47   3139.32   3131.58   3123.62   3115.71   3108.19   3102.09   3097.72   3095.73   3096.13   3098.23   3100.87   3103.94
   3107.18   3110.57   3114.10   3118.15   3122.20   3126.46   3130.73   3134.15   3136.73   3138.62   3139.78   3140.81   3142.39
   3144.69   3147.05   3148.20   3148.13   3148.11   3148.82   3148.39   3147.12   3145.73   3143.10   3140.01   3137.44   3136.02
   3135.34   3134.07   3131.45   3127.30   3122.14   3116.26   3109.43   3102.34   3096.01   3091.38   3088.48   3086.26   3084.40
   3133.44   3126.69   3119.48   3112.08   3105.43   3099.81   3095.61   3093.21   3092.55   3093.32   3095.54   3098.40   3101.65
   3104.88   3108.70   3112.69   3117.28   3122.37   3127.10   3131.29   3134.39   3136.95   3138.90   3140.04   3140.80   3141.87
   3143.26   3144.33   3144.59   3144.19   3143.88   3143.03   3141.13   3138.62   3135.53   3131.19   3126.93   3123.29   3121.19
   3120.82   3120.30   3118.34   3115.07   3110.97   3106.48   3101.13   3095.61   3091.18   3088.70   3087.68   3086.88   3086.31
   3116.52   3111.22   3105.51   3099.53   3094.09   3090.16   3087.59   3086.52   3086.96   3088.49   3090.70   3093.46   3096.63
   3100.20   3104.19   3108.31   3112.71   3117.65   3122.18   3125.76   3128.66   3131.41   3133.90   3135.02   3135.18   3135.75
   3136.73   3137.31   3137.06   3135.99   3134.38   3132.36   3129.79   3126.54   3123.01   3118.81   3114.46   3111.35   3109.33
   3108.26   3107.60   3105.86   3103.15   3100.45   3097.47   3094.08   3091.10   3089.35   3088.70   3088.45   3088.20   3088.09
   3442.72   3442.14   3441.48   3440.74   3439.92   3439.04   3438.11   3437.14   3436.13   3435.09   3434.01   3432.91   3431.81
   3430.71   3429.62   3428.56   3427.54   3426.54   3425.60   3424.70   3423.87   3423.11   3422.43   3421.83   3421.31   3420.90
   3420.57   3420.31   3420.11   3419.95   3419.86   3419.80   3419.79   3419.83   3419.94   3420.11   3420.33   3420.60   3420.91
   3421.27   3421.68   3422.11   3422.57   3423.05   3423.55   3424.08   3424.63   3425.23   3425.86   3426.52   3427.19   3427.89
   3458.13   3457.25   3456.20   3455.00   3453.68   3452.26   3450.79   3449.24   3447.57   3445.77   3443.85   3441.84   3439.81
   3437.80   3435.84   3433.93   3432.03   3430.15   3428.24   3426.31   3424.41   3422.62   3421.00   3419.59   3418.40   3417.45
   3416.73   3416.22   3415.85   3415.59   3415.36   3415.13   3414.94   3414.79   3414.70   3414.69   3414.80   3415.05   3415.42
   3415.85   3416.34   3416.91   3417.58   3418.39   3419.37   3420.48   3421.66   3422.89   3424.11   3425.25   3426.28   3427.20
   3475.63   3474.29   3472.66   3470.76   3468.60   3466.18   3463.65   3461.12   3458.60   3456.03   3453.29   3450.41   3447.50
   3444.65   3441.93   3439.35   3436.90   3434.46   3431.97   3429.45   3426.94   3424.53   3422.30   3420.36   3418.76   3417.50
   3416.55   3415.85   3415.28   3414.78   3414.34   3413.90   3413.41   3412.90   3412.44   3412.06   3411.80   3411.74   3411.96
   3412.47   3413.23   3414.25   3415.62   3417.28   3419.15   3421.19   3423.29   3425.34   3427.21   3428.89   3430.42   3431.79
   3495.35   3493.43   3491.09   3488.33   3485.07   3481.34   3477.45   3473.69   3470.14   3466.80   3463.47   3460.10   3456.67
   3453.24   3449.95   3446.91   3444.16   3441.57   3439.01   3436.39   3433.62   3430.80   3428.06   3425.47   3423.13   3421.22
   3419.76   3418.49   3417.23   3416.02   3414.90   3413.93   3413.13   3412.43   3411.82   3411.39   3411.08   3410.94   3411.08
   3411.70   3412.95   3414.80   3417.11   3419.77   3422.60   3425.59   3428.68   3431.67   3434.45   3437.02   3439.43   3441.65
   3514.10   3511.31   3507.99   3504.09   3499.67   3494.85   3489.92   3485.10   3480.59   3476.54   3472.81   3469.26   3465.91
   3462.82   3459.94   3457.21   3454.65   3452.06   3449.35   3446.53   3443.48   3440.29   3437.07   3433.79   3430.47   3427.35
   3424.51   3421.76   3419.07   3416.63   3414.61   3413.01   3411.71   3410.80   3410.33   3410.09   3409.94   3409.93   3410.29
   3411.33   3413.25   3415.80   3418.70   3421.92   3425.46   3429.29   3433.44   3437.85   3442.55   3447.44   3452.23   3456.52
   3526.46   3523.01   3519.25   3515.21   3510.89   3506.31   3501.50   3496.62   3491.92   3487.62   3483.79   3480.36   3477.42
   3475.12   3473.13   3470.90   3468.33   3465.60   3462.62   3459.44   3456.11   3452.57   3448.77   3444.75   3440.41   3435.72
   3430.84   3425.91   3421.18   3416.90   3413.27   3410.29   3408.15   3406.97   3406.45   3406.35   3406.54   3406.91   3407.49
   3408.41   3410.04   3412.44   3415.62   3419.86   3425.20   3431.36   3437.85   3444.41   3451.11   3457.89   3464.39   3470.27
   3531.45   3528.55   3525.74   3522.94   3520.20   3517.40   3514.20   3510.77   3507.34   3504.07   3501.19   3498.87   3497.21
   3495.66   3493.57   3490.93   3488.01   3485.02   3481.92   3478.37   3474.18   3469.54   3464.61   3459.47   3453.68   3446.98
   3439.89   3432.92   3426.66   3421.32   3416.69   3412.55   3408.94   3406.15   3404.64   3404.25   3404.08   3403.80   3403.73
   3404.27   3405.79   3408.36   3412.06   3417.06   3423.35   3430.82   3439.23   3448.03   3456.75   3465.08   3472.63   3479.30
   3531.31   3529.72   3528.50   3527.75   3527.13   3526.33   3525.36   3524.36   3523.25   3522.06   3521.15   3520.50   3519.59
   3517.98   3515.48   3512.81   3510.35   3507.59   3504.05   3499.65   3494.34   3488.30   3481.86   3475.07   3468.12   3460.64
   3452.56   3444.60   3437.35   3431.04   3425.54   3420.51   3415.88   3412.13   3409.56   3407.49   3405.32   3403.35   3402.00
   3401.96   3403.35   3406.01   3410.07   3415.55   3422.33   3429.75   3437.57   3446.27   3455.62   3464.85   3473.79   3481.80
   3529.22   3529.60   3530.30   3531.20   3531.98   3532.44   3532.88   3533.37   3534.02   3534.93   3535.53   3535.84   3535.98
   3535.77   3535.02   3533.99   3532.85   3530.80   3527.42   3522.72   3516.57   3509.11   3500.95   3492.53   3483.88   3475.26
   3467.02   3459.02   3451.20   3443.74   3437.11   3431.25   3426.05   3421.88   3418.53   3415.05   3411.05   3407.55   3405.11
   3404.00   3404.67   3406.95   3410.78   3415.98   3421.88   3428.37   3435.76   3444.33   3453.92   3463.32   3471.63   3478.61
   3529.64   3533.00   3534.60   3535.10   3535.77   3536.61   3537.62   3539.81   3542.98   3546.29   3549.18   3551.25   3552.52
   3553.93   3555.56   3556.91   3557.59   3556.91   3554.71   3550.21   3543.42   3535.16   3525.37   3514.70   3504.09   3494.28
   3485.57   3477.26   3468.83   3460.24   3452.12   3445.34   3440.11   3436.04   3432.09   3427.54   3422.38   3417.47   3413.78
   3411.68   3411.11   3411.73   3414.14   3418.18   3423.00   3429.04   3436.48   3445.08   3454.73   3464.56   3472.32   3478.20
   3531.30   3535.86   3539.11   3540.23   3540.46   3541.47   3544.25   3548.27   3553.28   3559.27   3565.13   3570.24   3574.59
   3578.24   3581.08   3583.26   3584.81   3585.29   3584.33   3581.05   3575.32   3567.40   3557.04   3544.27   3530.86   3518.96
   3508.50   3498.61   3489.19   3480.43   3471.96   3464.47   3458.86   3454.30   3449.27   3443.69   3438.15   3433.25   3429.64
   3427.31   3425.28   3423.69   3423.83   3425.98   3429.77   3434.36   3440.17   3447.80   3457.45   3467.53   3476.26   3483.90
   3533.66   3538.43   3543.38   3546.60   3547.81   3549.70   3554.03   3560.02   3567.18   3575.22   3583.26   3590.83   3597.66
   3603.21   3607.43   3610.72   3613.44   3615.27   3615.52   3613.75   3610.11   3603.98   3594.83   3582.30   3567.65   3552.82
   3538.66   3525.39   3513.85   3504.05   3495.41   3487.35   3480.28   3474.69   3469.58   3464.20   3459.37   3455.46   3452.23
   3449.54   3446.52   3442.98   3440.58   3440.71   3442.55   3445.89   3451.36   3458.98   3468.87   3479.52   3489.63   3500.15
   3542.27   3546.31   3550.35   3554.05   3556.24   3559.18   3565.49   3574.24   3584.09   3594.47   3603.90   3611.92   3619.25
   3626.30   3632.40   3638.01   3642.78   3646.32   3648.89   3649.86   3648.44   3643.95   3636.36   3625.11   3611.40   3595.88
   3578.71   3561.19   3545.60   3533.24   3522.84   3513.33   3505.10   3498.42   3492.88   3487.99   3484.39   3481.53   3478.34
   3474.95   3471.53   3467.52   3463.78   3462.71   3464.14   3467.77   3474.12   3482.88   3494.68   3507.69   3519.61   3532.10
   3555.04   3559.07   3561.97   3565.17   3568.22   3572.82   3581.05   3592.03   3603.91   3616.27   3627.56   3636.23   3643.50
   3650.93   3658.74   3666.70   3674.07   3680.81   3686.39   3690.47   3691.94   3689.07   3682.09   3672.01   3658.98   3643.57
   3625.86   3606.44   3587.79   3572.17   3558.82   3547.12   3537.45   3529.66   3522.96   3516.85   3512.36   3509.74   3507.44
   3504.87   3502.03   3498.74   3495.97   3494.87   3496.64   3501.33   3508.45   3518.19   3531.68   3546.74   3561.37   3575.02
   3568.65   3574.56   3578.08   3582.54   3588.43   3596.12   3606.59   3618.47   3630.39   3642.88   3655.27   3665.69   3673.99
   3681.61   3690.28   3700.46   3711.45   3721.83   3730.71   3737.22   3739.73   3738.02   3731.51   3721.52   3709.02   3694.57
   3677.74   3658.80   3638.95   3620.15   3603.36   3589.28   3577.67   3567.97   3559.84   3552.87   3547.82   3545.08   3543.27
   3541.75   3539.99   3538.43   3537.96   3538.74   3542.36   3549.20   3557.56   3568.12   3582.35   3598.22   3613.11   3626.96
   3585.17   3596.03   3603.50   3609.76   3617.92   3627.77   3638.98   3651.52   3664.46   3677.41   3689.65   3700.52   3710.68
   3720.55   3731.28   3742.73   3754.80   3768.15   3780.32   3787.55   3789.58   3787.88   3782.01   3771.83   3759.77   3746.50
   3730.70   3712.36   3691.22   3669.66   3650.52   3634.56   3621.87   3611.35   3602.73   3595.89   3591.05   3587.84   3585.74
   3585.46   3586.35   3588.44   3591.19   3595.11   3602.20   3612.04   3622.39   3634.57   3650.09   3666.05   3680.93   3695.30
   3610.59   3626.19   3639.35   3648.94   3657.58   3667.63   3678.56   3690.59   3703.11   3715.90   3728.33   3739.29   3750.19
   3762.89   3778.04   3792.87   3806.23   3819.05   3829.92   3836.60   3838.39   3836.14   3830.50   3821.12   3809.63   3796.43
   3780.29   3761.44   3740.71   3718.88   3698.78   3682.43   3669.30   3659.29   3651.80   3646.37   3642.45   3638.80   3637.03
   3638.88   3643.94   3651.16   3659.17   3667.92   3677.91   3688.92   3701.41   3716.48   3733.28   3748.86   3763.47   3776.97
   3650.58   3667.20   3682.41   3694.78   3705.70   3716.35   3727.11   3738.34   3748.80   3759.23   3769.80   3780.50   3792.45
   3808.25   3826.79   3843.76   3857.77   3869.04   3877.48   3883.58   3885.44   3882.11   3875.19   3865.98   3855.36   3841.93
   3825.01   3805.86   3786.35   3766.09   3747.77   3732.44   3719.67   3712.00   3707.52   3704.20   3702.39   3700.36   3700.33
   3705.18   3713.83   3724.95   3737.99   3751.36   3764.74   3778.61   3793.07   3808.30   3823.38   3837.08   3848.42   3857.25
   3706.69   3723.29   3737.59   3749.88   3760.90   3771.60   3782.38   3792.67   3801.49   3809.08   3816.88   3826.07   3839.02
   3856.39   3875.19   3891.97   3904.99   3914.40   3921.29   3927.01   3928.19   3923.35   3914.21   3903.69   3893.59   3881.76
   3866.92   3848.61   3828.69   3810.03   3794.73   3781.96   3773.13   3769.41   3767.85   3766.81   3766.83   3768.45   3773.21
   3781.07   3792.16   3806.89   3822.66   3838.39   3854.27   3869.73   3884.34   3897.61   3909.71   3920.12   3926.74   3930.31
   3774.74   3790.68   3804.42   3815.03   3823.25   3831.97   3840.74   3848.90   3856.52   3862.84   3868.83   3876.11   3887.25
   3902.58   3919.80   3936.23   3948.68   3956.83   3962.03   3963.48   3961.79   3955.89   3946.36   3936.86   3928.11   3918.71
   3906.46   3890.14   3871.65   3855.36   3842.23   3833.09   3828.77   3827.96   3829.22   3831.66   3834.89   3841.02   3851.09
   3863.33   3877.01   3892.22   3908.14   3924.06   3939.35   3953.88   3967.29   3978.18   3986.73   3992.90   3994.72   3993.79
   3850.99   3863.43   3875.66   3884.13   3888.75   3892.90   3898.04   3903.93   3910.26   3916.20   3920.39   3924.79   3933.21
   3946.16   3961.67   3976.69   3988.26   3995.16   3996.62   3993.33   3988.71   3982.87   3976.09   3969.25   3962.35   3954.44
   3943.90   3930.81   3917.65   3905.61   3895.19   3889.30   3887.75   3889.38   3893.33   3898.88   3906.23   3917.07   3930.89
   3945.03   3958.22   3971.62   3986.89   4002.41   4016.57   4028.70   4038.23   4045.57   4050.30   4051.53   4049.05   4044.35
   3931.96   3939.15   3945.07   3949.39   3951.53   3952.57   3953.54   3954.99   3958.79   3963.42   3966.55   3969.66   3976.48
   3987.30   4000.32   4013.61   4024.03   4029.36   4028.33   4022.25   4015.15   4008.62   4003.10   3999.11   3995.12   3989.20
   3981.29   3972.63   3963.85   3956.02   3950.36   3948.42   3950.52   3954.71   3960.44   3968.18   3978.18   3990.95   4004.24
   4016.28   4027.72   4040.84   4055.98   4069.45   4080.76   4090.29   4096.76   4099.56   4098.69   4094.73   4089.08   4081.85
   4010.43   4012.46   4012.88   4011.72   4010.02   4007.32   4004.56   4002.30   4001.69   4004.07   4008.16   4011.59   4017.13
   4025.23   4035.31   4046.60   4055.58   4060.14   4059.48   4053.22   4044.62   4036.74   4031.04   4028.33   4026.30   4023.65
   4019.74   4015.15   4010.41   4006.90   4006.19   4008.08   4012.88   4018.71   4025.80   4035.26   4046.34   4057.21   4067.11
   4076.74   4087.17   4098.82   4110.73   4121.70   4131.09   4137.13   4139.44   4137.46   4131.96   4124.21   4115.97   4106.99
   4080.84   4078.19   4074.82   4069.15   4062.78   4056.13   4049.17   4042.74   4039.11   4039.99   4044.02   4048.29   4053.43
   4058.98   4065.56   4073.83   4081.45   4086.50   4087.67   4083.64   4076.58   4069.38   4063.64   4060.29   4058.44   4058.15
   4058.94   4058.66   4057.76   4058.05   4060.57   4065.20   4070.84   4077.21   4085.17   4094.65   4104.26   4112.61   4119.89
   4127.49   4136.19   4144.74   4152.46   4159.61   4164.92   4166.73   4164.95   4159.05   4150.03   4139.86   4130.18   4120.05
   4138.34   4131.89   4124.56   4116.14   4106.58   4096.34   4085.96   4076.59   4071.11   4071.67   4074.22   4077.68   4082.58
   4086.26   4089.66   4094.93   4101.60   4107.78   4110.42   4109.01   4105.50   4100.46   4095.63   4093.00   4092.56   4093.99
   4097.13   4100.40   4102.33   4104.72   4108.61   4114.10   4120.16   4126.57   4133.94   4142.15   4149.96   4156.67   4162.53
   4168.24   4173.81   4178.44   4182.02   4184.10   4184.02   4181.72   4175.92   4166.75   4155.49   4143.95   4133.44   4123.52
   4180.42   4170.99   4160.48   4149.46   4137.24   4124.53   4112.72   4103.15   4097.64   4097.03   4098.21   4101.01   4104.19
   4105.65   4107.15   4110.95   4116.34   4121.40   4124.96   4126.84   4126.92   4125.64   4124.09   4123.88   4125.61   4128.76
   4132.38   4136.36   4140.22   4143.98   4147.93   4152.72   4158.57   4165.17   4171.97   4178.69   4184.47   4189.14   4193.19
   4196.90   4199.32   4200.36   4200.14   4197.85   4193.09   4186.13   4176.73   4165.62   4153.32   4141.75   4131.77   4123.11
   4206.53   4195.04   4182.17   4168.72   4154.90   4141.24   4129.14   4120.02   4115.06   4114.09   4114.64   4116.34   4118.14
   4119.36   4120.93   4124.26   4128.18   4132.24   4136.35   4140.54   4144.25   4146.98   4149.06   4151.16   4154.48   4158.89
   4163.08   4166.54   4170.43   4174.35   4177.76   4181.59   4187.53   4194.00   4199.21   4203.89   4207.53   4209.89   4211.58
   4212.79   4212.42   4210.27   4207.14   4201.77   4193.70   4183.47   4172.30   4160.94   4148.97   4138.50   4130.34   4123.67
   4218.05   4205.59   4191.91   4177.65   4162.97   4148.67   4136.73   4128.18   4123.75   4122.81   4122.97   4124.40   4127.01
   4130.10   4133.21   4136.83   4140.31   4144.00   4149.05   4155.03   4161.01   4165.97   4170.14   4174.18   4178.54   4182.76
   4186.25   4188.88   4192.16   4195.47   4197.96   4201.21   4206.46   4211.26   4214.64   4217.02   4218.20   4218.54   4218.38
   4217.55   4215.17   4211.08   4205.98   4199.13   4189.67   4178.23   4166.68   4155.66   4145.64   4137.62   4131.19   4126.03
   4217.77   4205.39   4191.74   4177.61   4163.35   4149.77   4138.89   4131.24   4127.15   4126.27   4127.36   4129.77   4133.72
   4138.20   4142.62   4146.35   4150.16   4154.77   4160.93   4167.85   4174.40   4180.36   4185.52   4190.01   4194.10   4197.79
   4200.50   4202.19   4203.98   4206.36   4208.63   4211.49   4214.90   4217.13   4218.31   4219.05   4219.04   4218.15   4216.30
   4213.89   4210.52   4205.85   4200.54   4194.21   4185.62   4174.73   4163.30   4152.93   4145.07   4139.91   4135.40   4131.73
   4208.60   4197.24   4184.60   4171.64   4159.31   4148.29   4139.28   4132.75   4129.32   4128.68   4130.40   4133.59   4138.26
   4143.08   4147.79   4151.68   4156.44   4162.30   4168.44   4174.97   4181.61   4188.37   4194.23   4198.48   4201.74   4204.38
   4206.22   4206.90   4207.17   4208.09   4209.95   4212.32   4214.73   4215.73   4215.65   4215.06   4214.10   4212.23   4209.37
   4205.93   4202.34   4197.80   4193.08   4188.13   4181.85   4173.17   4163.25   4154.94   4149.78   4146.94   4144.41   4142.01
   4193.18   4184.30   4174.33   4164.08   4154.25   4145.50   4137.85   4132.52   4130.06   4129.38   4130.74   4134.42   4139.47
   4145.07   4149.98   4154.21   4159.13   4165.13   4170.87   4176.73   4183.29   4190.66   4197.62   4201.99   4204.03   4205.67
   4206.76   4205.93   4204.84   4204.56   4205.38   4207.56   4209.88   4210.69   4209.60   4207.82   4206.45   4204.81   4202.35
   4198.80   4194.29   4189.23   4184.72   4181.17   4177.20   4171.74   4165.86   4161.49   4158.89   4157.25   4155.61   4154.24
   4447.46   4446.79   4446.03   4445.20   4444.30   4443.36   4442.39   4441.40   4440.38   4439.35   4438.33   4437.30   4436.27
   4435.25   4434.23   4433.22   4432.22   4431.21   4430.22   4429.25   4428.31   4427.42   4426.61   4425.90   4425.31   4424.84
   4424.46   4424.18   4423.97   4423.82   4423.75   4423.73   4423.78   4423.90   4424.07   4424.30   4424.58   4424.91   4425.30
   4425.74   4426.21   4426.72   4427.25   4427.81   4428.39   4429.02   4429.68   4430.36   4431.03   4431.70   4432.39   4433.10
   4466.11   4465.07   4463.79   4462.30   4460.65   4458.90   4457.16   4455.42   4453.62   4451.76   4449.85   4447.93   4445.98
   4443.97   4441.89   4439.73   4437.55   4435.38   4433.25   4431.20   4429.21   4427.29   4425.47   4423.82   4422.40   4421.24
   4420.40   4419.85   4419.46   4419.13   4418.85   4418.57   4418.35   4418.23   4418.23   4418.37   4418.66   4419.10   4419.62
   4420.16   4420.72   4421.37   4422.16   4423.14   4424.27   4425.47   4426.67   4427.86   4429.02   4430.16   4431.28   4432.37
   4488.78   4487.13   4485.06   4482.59   4479.81   4476.82   4473.77   4470.72   4467.64   4464.45   4461.13   4457.82   4454.60
   4451.48   4448.43   4445.43   4442.43   4439.44   4436.49   4433.61   4430.90   4428.47   4426.33   4424.44   4422.78   4421.38
   4420.34   4419.63   4419.16   4418.80   4418.46   4418.04   4417.49   4416.87   4416.27   4415.76   4415.38   4415.25   4415.48
   4416.04   4416.92   4418.12   4419.69   4421.56   4423.59   4425.70   4427.81   4429.84   4431.76   4433.62   4435.42   4437.20
   4514.10   4511.80   4508.81   4505.19   4501.14   4496.82   4492.39   4487.95   4483.62   4479.45   4475.31   4471.18   4467.02
   4462.78   4458.66   4454.86   4451.38   4448.13   4444.90   4441.64   4438.44   4435.42   4432.61   4430.03   4427.66   4425.51
   4423.72   4422.25   4421.01   4419.91   4418.92   4418.03   4417.13   4416.18   4415.19   4414.24   4413.50   4413.10   4413.24
   4414.11   4415.74   4418.11   4421.07   4424.31   4427.61   4430.85   4433.93   4436.82   4439.49   4442.02   4444.55   4447.02
   4538.72   4534.92   4530.78   4526.39   4521.65   4516.46   4511.00   4505.52   4500.27   4495.42   4490.85   4486.40   4482.11
   4478.07   4474.33   4470.78   4467.25   4463.75   4460.10   4456.22   4452.24   4448.34   4444.60   4440.83   4437.02   4433.37
   4430.05   4426.97   4423.93   4420.97   4418.39   4416.26   4414.42   4412.90   4411.77   4411.05   4410.71   4410.76   4411.31
   4412.59   4414.84   4418.06   4421.91   4426.06   4430.42   4434.97   4439.58   4444.18   4448.86   4453.65   4458.32   4462.68
   4556.67   4552.41   4547.95   4543.57   4539.08   4534.32   4529.24   4523.96   4518.78   4513.90   4509.39   4505.21   4501.44
   4498.04   4494.72   4491.26   4487.50   4483.42   4479.14   4474.74   4470.34   4465.71   4460.79   4455.73   4450.49   4444.98
   4439.31   4433.69   4428.21   4423.05   4418.23   4413.92   4410.47   4408.01   4406.45   4405.56   4405.22   4405.30   4405.86
   4407.40   4410.14   4413.88   4418.64   4424.41   4430.91   4438.03   4445.55   4453.16   4460.70   4468.02   4474.87   4480.84
   4567.54   4564.37   4561.09   4558.19   4555.60   4552.80   4549.22   4545.04   4541.13   4537.98   4535.25   4532.49   4529.63
   4526.76   4523.48   4519.51   4515.01   4509.95   4504.49   4499.11   4493.83   4488.00   4481.43   4474.49   4467.17   4459.36
   4451.42   4443.82   4436.79   4430.14   4423.70   4417.81   4412.68   4408.40   4405.25   4403.19   4401.84   4401.27   4401.57
   4402.93   4405.68   4409.59   4414.46   4420.60   4428.52   4438.21   4449.07   4460.26   4470.62   4479.76   4487.98   4495.25
   4572.15   4571.17   4570.35   4569.81   4569.32   4568.52   4567.44   4566.12   4564.79   4563.72   4562.77   4561.55   4559.53
   4556.67   4553.22   4549.19   4544.63   4539.66   4534.06   4527.75   4520.67   4512.77   4503.87   4494.63   4485.56   4476.25
   4466.82   4457.78   4449.39   4441.74   4434.77   4428.22   4421.83   4416.12   4411.58   4407.71   4404.49   4402.28   4401.20
   4401.69   4404.06   4408.20   4413.64   4420.45   4428.96   4438.57   4448.89   4459.94   4471.08   4481.60   4491.45   4500.50
   4572.88   4574.77   4576.98   4578.85   4580.10   4580.64   4580.67   4580.60   4581.21   4582.01   4582.40   4582.83   4582.88
   4582.03   4580.35   4577.56   4573.80   4569.47   4564.19   4557.66   4549.72   4540.30   4529.36   4517.64   4506.00   4494.86
   4484.69   4475.29   4466.29   4457.78   4449.76   4442.23   4435.28   4429.17   4423.76   4418.46   4413.22   4409.00   4406.44
   4405.84   4407.30   4410.92   4416.58   4423.70   4431.60   4439.91   4448.70   4458.70   4469.57   4479.85   4489.04   4497.54
   4575.56   4581.05   4585.35   4588.33   4590.19   4591.40   4592.39   4594.03   4596.88   4600.22   4602.89   4605.22   4607.10
   4607.92   4607.87   4606.89   4605.17   4602.74   4599.06   4592.79   4583.60   4572.62   4560.28   4546.52   4532.04   4518.58
   4507.25   4496.95   4487.00   4477.47   4468.03   4459.59   4452.98   4447.50   4441.84   4435.61   4429.16   4423.38   4419.03
   4416.62   4416.24   4417.79   4421.57   4427.33   4434.49   4442.32   4450.96   4460.66   4471.37   4482.04   4491.45   4499.59
   4581.70   4589.33   4595.31   4599.22   4601.85   4604.42   4607.66   4611.77   4616.87   4622.87   4628.91   4634.39   4638.63
   4641.00   4641.40   4640.18   4638.66   4637.32   4635.01   4630.32   4622.68   4612.08   4598.65   4582.62   4565.21   4548.80
   4534.92   4522.83   4511.55   4501.04   4491.17   4482.14   4475.05   4469.31   4463.41   4456.87   4450.05   4443.86   4439.33
   4436.06   4433.44   4431.94   4432.79   4437.00   4443.67   4450.71   4457.84   4466.43   4477.57   4489.69   4500.63   4511.22
   4591.32   4598.79   4605.80   4611.29   4615.15   4619.28   4624.72   4631.23   4638.75   4647.00   4655.95   4664.16   4670.26
   4675.12   4677.51   4676.51   4675.09   4674.76   4673.24   4669.57   4664.01   4655.99   4644.24   4628.92   4610.89   4591.42
   4572.82   4556.22   4541.77   4530.01   4520.23   4510.71   4501.87   4494.68   4488.29   4481.80   4475.82   4470.95   4467.05
   4463.58   4459.79   4455.70   4453.78   4455.84   4460.87   4467.34   4474.61   4483.61   4495.05   4507.69   4520.24   4533.41
   4608.44   4612.80   4618.01   4623.48   4627.62   4632.53   4639.80   4649.14   4660.35   4672.02   4682.33   4690.75   4697.90
   4704.80   4710.98   4713.98   4714.96   4715.67   4715.96   4715.28   4712.37   4706.60   4697.34   4683.69   4665.69   4644.82
   4623.08   4601.73   4582.51   4566.87   4554.35   4543.01   4532.38   4524.10   4517.61   4511.24   4505.68   4501.55   4498.33
   4495.39   4491.78   4487.29   4483.67   4483.54   4487.21   4494.09   4503.76   4515.49   4530.06   4544.88   4558.39   4572.26
   4630.70   4633.01   4635.03   4638.73   4643.42   4649.70   4659.47   4672.02   4685.78   4699.88   4712.19   4721.50   4729.76
   4737.91   4745.75   4752.13   4757.38   4762.30   4766.80   4769.97   4769.48   4763.72   4754.67   4742.27   4724.89   4704.16
   4682.25   4658.78   4635.78   4615.85   4599.17   4584.65   4571.90   4561.98   4554.83   4548.65   4543.24   4539.15   4536.19
   4533.34   4529.90   4526.47   4524.14   4524.45   4528.95   4537.65   4548.73   4561.65   4577.39   4593.39   4608.35   4622.51
   4652.40   4657.18   4659.67   4663.22   4669.51   4678.68   4691.84   4706.49   4720.80   4735.38   4749.16   4760.35   4770.42
   4779.30   4786.68   4795.34   4806.02   4816.67   4826.43   4832.38   4832.28   4826.25   4816.54   4803.63   4786.46   4766.88
   4745.88   4722.89   4698.14   4673.89   4652.67   4635.56   4621.47   4609.90   4601.54   4595.16   4590.10   4586.41   4583.45
   4581.06   4579.06   4578.35   4579.52   4582.68   4589.72   4600.99   4612.93   4625.08   4639.77   4655.35   4669.84   4683.86
   4678.96   4688.53   4696.38   4702.80   4709.18   4719.05   4732.72   4747.80   4762.36   4776.35   4790.43   4803.70   4815.68
   4826.66   4838.25   4849.88   4861.83   4874.83   4887.72   4895.72   4895.54   4889.26   4878.87   4865.44   4848.92   4830.53
   4810.02   4787.38   4762.00   4734.83   4709.98   4690.54   4675.97   4664.45   4655.45   4648.05   4642.51   4639.24   4637.29
   4637.33   4640.42   4645.77   4651.89   4658.43   4668.19   4680.54   4692.35   4705.27   4721.00   4736.97   4751.17   4765.35
   4717.61   4731.28   4743.78   4753.40   4761.16   4770.34   4782.04   4796.08   4810.13   4823.00   4835.73   4848.53   4861.10
   4875.94   4893.40   4909.43   4922.79   4934.61   4945.59   4952.95   4953.27   4947.62   4936.69   4922.92   4909.15   4892.41
   4871.54   4847.97   4822.48   4795.58   4770.14   4750.11   4735.48   4725.07   4716.97   4710.62   4706.50   4703.50   4703.15
   4707.85   4716.24   4726.81   4738.75   4750.78   4762.98   4775.06   4787.88   4803.20   4820.25   4836.20   4849.57   4860.87
   4769.59   4786.33   4799.41   4809.78   4819.98   4830.71   4842.86   4854.98   4865.05   4874.94   4885.14   4895.22   4907.97
   4926.55   4947.44   4965.56   4980.77   4993.06   5000.88   5004.86   5004.98   4999.28   4987.85   4974.43   4961.93   4947.38
   4927.93   4904.24   4879.08   4853.70   4830.58   4812.38   4799.31   4790.89   4786.08   4784.34   4784.11   4783.83   4785.87
   4792.94   4804.29   4819.40   4836.44   4852.60   4867.58   4882.49   4897.53   4912.38   4927.02   4939.73   4949.39   4955.56
   4836.15   4853.38   4865.97   4876.62   4885.86   4895.86   4908.16   4919.58   4927.69   4934.26   4940.60   4947.96   4960.78
   4978.97   4999.34   5018.23   5034.02   5045.45   5050.71   5052.54   5051.16   5044.32   5032.49   5018.95   5006.75   4995.12
   4979.20   4957.53   4932.92   4908.61   4888.93   4873.80   4864.40   4860.45   4861.19   4864.22   4866.69   4870.45   4878.29
   4889.51   4904.23   4921.90   4940.10   4956.98   4973.20   4989.66   5005.05   5018.73   5029.51   5037.49   5041.89   5042.88
   4916.60   4932.65   4946.09   4955.70   4960.90   4966.56   4974.70   4984.75   4993.17   4998.18   5001.77   5006.54   5016.11
   5030.39   5047.96   5067.01   5082.60   5091.94   5095.07   5094.01   5089.88   5082.21   5071.09   5058.68   5047.67   5038.40
   5025.79   5008.27   4987.06   4966.05   4948.95   4938.25   4933.93   4935.07   4939.30   4944.15   4950.43   4960.36   4975.03
   4992.02   5008.93   5025.08   5041.26   5057.54   5073.63   5088.99   5102.33   5112.69   5119.72   5123.03   5121.88   5118.27
   5009.56   5020.97   5031.50   5037.78   5039.01   5039.60   5042.88   5049.16   5055.04   5059.17   5061.59   5063.31   5068.77
   5080.13   5096.29   5113.42   5127.06   5135.08   5135.72   5130.13   5122.99   5115.42   5106.90   5097.89   5089.50   5080.83
   5069.58   5056.35   5042.13   5028.53   5016.27   5010.76   5012.00   5015.80   5021.14   5028.72   5039.17   5054.37   5072.56
   5089.94   5104.57   5118.72   5134.20   5149.70   5164.32   5176.49   5185.17   5190.68   5192.79   5190.82   5186.20   5179.20
   5110.01   5113.95   5116.44   5116.39   5113.96   5110.93   5109.37   5109.47   5111.02   5113.23   5114.79   5115.30   5118.94
   5129.10   5142.56   5157.53   5170.08   5176.94   5175.62   5166.85   5156.72   5148.99   5142.33   5136.92   5132.06   5124.95
   5116.07   5107.33   5098.99   5091.14   5086.38   5086.80   5092.04   5099.47   5107.12   5116.96   5130.59   5146.37   5162.13
   5176.11   5187.93   5200.92   5215.26   5228.44   5239.70   5247.84   5251.87   5252.24   5248.55   5242.08   5233.88   5224.03
   5207.13   5204.40   5199.71   5192.76   5185.57   5177.95   5171.00   5164.96   5160.85   5159.62   5161.15   5164.10   5168.39
   5175.92   5185.79   5197.93   5209.12   5214.58   5213.36   5206.12   5195.96   5187.34   5181.69   5177.88   5174.39   5170.30
   5166.47   5163.02   5160.25   5158.94   5160.08   5164.06   5171.04   5180.21   5190.41   5202.16   5215.14   5227.62   5239.24
   5249.89   5260.31   5270.88   5280.72   5289.67   5297.26   5301.24   5300.99   5296.61   5288.48   5278.35   5266.73   5254.55
   5293.69   5285.61   5276.60   5264.35   5251.34   5238.37   5225.81   5214.67   5206.23   5202.63   5204.69   5208.94   5213.45
   5218.39   5225.08   5233.53   5241.51   5246.69   5246.94   5242.74   5236.36   5229.56   5224.84   5222.18   5219.99   5217.88
   5218.24   5220.52   5223.09   5226.66   5232.00   5238.95   5247.15   5256.35   5267.05   5278.19   5288.19   5297.41   5306.02
   5314.43   5322.46   5328.40   5332.38   5336.24   5338.98   5338.13   5333.31   5324.76   5313.11   5299.86   5286.66   5273.26
   5367.47   5354.47   5340.51   5324.11   5306.55   5289.28   5272.92   5258.72   5248.15   5244.29   5245.76   5248.51   5251.37
   5254.22   5257.17   5261.75   5267.75   5273.52   5275.77   5274.71   5271.84   5268.66   5266.90   5267.06   5267.31   5268.03
   5271.03   5275.68   5281.06   5288.15   5296.70   5305.41   5314.17   5323.66   5333.62   5342.55   5349.99   5356.46   5362.40
   5368.27   5372.92   5375.07   5374.58   5372.29   5368.39   5361.92   5351.93   5338.81   5324.60   5309.49   5294.97   5280.73
   5424.73   5408.04   5389.83   5369.81   5348.59   5327.83   5309.93   5294.83   5284.50   5281.52   5281.90   5282.14   5282.54
   5282.92   5282.98   5285.29   5291.23   5297.16   5300.33   5301.27   5302.44   5304.50   5307.00   5310.26   5313.75   5317.53
   5322.16   5327.86   5334.68   5343.25   5352.38   5361.33   5369.79   5378.25   5386.70   5394.57   5401.16   5405.31   5407.71
   5409.92   5411.13   5409.78   5405.16   5397.99   5388.67   5377.24   5362.70   5346.38   5330.19   5313.74   5298.67   5284.86
   5463.10   5444.82   5424.26   5401.48   5377.90   5355.43   5336.84   5322.17   5312.49   5309.42   5308.21   5306.58   5306.25
   5306.46   5307.64   5310.76   5315.34   5320.68   5324.52   5327.15   5331.68   5338.02   5344.32   5350.32   5356.19   5362.11
   5367.99   5374.44   5381.73   5389.41   5397.24   5405.09   5412.81   5420.36   5427.45   5433.92   5438.79   5440.84   5441.10
   5440.28   5437.53   5432.08   5423.80   5413.82   5402.04   5387.49   5370.70   5353.36   5336.04   5319.70   5305.47   5293.44
   5484.39   5465.29   5443.59   5420.20   5396.26   5373.92   5355.44   5341.28   5332.11   5328.47   5327.01   5325.63   5326.79
   5329.31   5333.01   5336.78   5340.39   5344.88   5348.45   5352.58   5359.03   5367.72   5376.66   5384.68   5392.06   5398.51
   5404.56   5411.38   5418.36   5424.17   5430.30   5437.21   5444.01   5450.09   5455.19   5459.22   5461.63   5462.56   5462.17
   5459.31   5453.73   5445.60   5435.62   5424.38   5411.01   5395.43   5378.73   5361.82   5345.26   5330.20   5317.55   5307.71
   5491.78   5472.72   5451.33   5428.73   5406.21   5385.47   5368.45   5355.81   5348.12   5345.16   5344.84   5345.10   5347.13
   5350.91   5355.29   5359.30   5362.91   5366.53   5369.77   5374.48   5382.41   5392.04   5401.51   5410.30   5417.94   5424.31
   5430.59   5437.43   5443.57   5448.72   5454.06   5459.68   5464.55   5468.61   5471.94   5473.86   5474.50   5474.01   5472.48
   5468.81   5462.18   5453.26   5443.16   5432.05   5419.26   5405.28   5390.29   5374.63   5359.56   5347.20   5337.69   5330.03
   5489.87   5472.61   5453.29   5432.94   5413.10   5395.33   5380.47   5369.62   5363.76   5362.63   5363.20   5363.60   5364.57
   5367.50   5371.45   5376.05   5380.16   5383.76   5386.96   5391.54   5399.58   5409.33   5419.19   5428.01   5435.28   5441.32
   5446.86   5453.08   5458.84   5464.18   5469.17   5473.49   5477.01   5479.82   5481.52   5482.05   5481.43   5479.83   5477.24
   5472.60   5465.49   5456.84   5447.41   5437.58   5427.36   5416.85   5405.28   5392.67   5380.62   5371.38   5365.06   5359.58
   5483.38   5469.08   5452.72   5435.96   5420.15   5405.85   5393.73   5384.75   5379.46   5377.86   5377.75   5377.11   5377.55
   5379.91   5383.49   5388.17   5392.98   5397.39   5400.84   5404.29   5411.15   5420.88   5430.75   5439.38   5446.11   5450.79
   5454.78   5460.28   5466.19   5471.96   5477.59   5481.31   5483.67   5485.48   5485.92   5485.14   5483.94   5482.20   5479.37
   5474.35   5467.15   5459.26   5451.24   5442.94   5435.19   5428.26   5420.65   5412.22   5404.33   5398.09   5393.61   5389.96
   5686.19   5685.57   5684.87   5684.09   5683.25   5682.36   5681.45   5680.53   5679.61   5678.69   5677.79   5676.89   5676.00
   5675.12   5674.26   5673.41   5672.54   5671.66   5670.79   5669.92   5669.09   5668.31   5667.60   5666.96   5666.41   5665.95
   5665.59   5665.32   5665.15   5665.08   5665.11   5665.24   5665.46   5665.80   5666.24   5666.79   5667.44   5668.16   5668.91
   5669.69   5670.48   5671.25   5672.05   5672.87   5673.74   5674.65   5675.60   5676.60   5677.64   5678.73   5679.85   5681.00
   5704.58   5703.68   5702.52   5701.13   5699.56   5697.87   5696.12   5694.33   5692.53   5690.72   5688.89   5687.03   5685.18
   5683.36   5681.55   5679.74   5677.94   5676.15   5674.38   5672.63   5670.90   5669.19   5667.56   5666.06   5664.73   5663.63
   5662.76   5662.17   5661.82   5661.66   5661.65   5661.77   5662.04   5662.46   5663.03   5663.72   5664.46   5665.22   5666.03
   5666.87   5667.79   5668.85   5670.06   5671.36   5672.73   5674.13   5675.54   5676.93   5678.29   5679.63   5680.98   5682.33
   5729.91   5728.43   5726.55   5724.30   5721.74   5718.92   5715.91   5712.71   5709.39   5706.04   5702.68   5699.31   5696.02
   5692.90   5689.97   5687.17   5684.46   5681.82   5679.23   5676.64   5674.06   5671.56   5669.27   5667.24   5665.52   5664.16
   5663.18   5662.54   5662.14   5661.92   5661.80   5661.73   5661.72   5661.81   5662.00   5662.28   5662.62   5663.09   5663.76
   5664.72   5666.08   5667.86   5669.97   5672.25   5674.59   5676.94   5679.21   5681.37   5683.45   5685.48   5687.45   5689.36
   5759.96   5757.87   5755.25   5752.14   5748.48   5744.36   5740.10   5735.90   5731.68   5727.35   5722.84   5718.17   5713.46
   5708.82   5704.46   5700.41   5696.65   5693.06   5689.62   5686.24   5682.84   5679.55   5676.48   5673.65   5671.22   5669.23
   5667.58   5666.20   5665.05   5664.12   5663.34   5662.64   5662.04   5661.56   5661.19   5660.97   5660.86   5660.99   5661.75
   5663.39   5665.90   5669.03   5672.47   5675.96   5679.49   5683.07   5686.63   5689.97   5693.03   5695.90   5698.73   5701.53
   5789.05   5785.50   5781.84   5778.13   5774.21   5770.01   5765.61   5761.10   5756.43   5751.59   5746.65   5741.68   5736.68
   5731.66   5726.63   5721.60   5716.61   5711.81   5707.35   5703.06   5698.81   5694.62   5690.54   5686.59   5682.79   5679.22
   5676.07   5673.15   5670.28   5667.52   5664.99   5662.81   5661.06   5659.79   5658.82   5658.07   5657.90   5658.58   5660.03
   5662.25   5665.39   5669.31   5673.77   5678.63   5684.03   5689.92   5695.87   5701.58   5706.99   5712.21   5717.30   5722.03
   5810.35   5807.12   5803.83   5800.63   5797.42   5794.05   5790.44   5786.49   5782.15   5777.50   5772.71   5767.93   5763.25
   5758.63   5753.76   5748.36   5742.47   5736.67   5731.37   5726.32   5721.22   5715.95   5710.39   5704.74   5699.13   5693.66
   5688.37   5683.09   5677.83   5672.73   5667.94   5663.70   5660.15   5657.34   5655.34   5654.22   5654.15   5654.94   5656.44
   5658.91   5662.57   5667.34   5673.09   5679.85   5687.69   5696.37   5705.42   5714.62   5723.78   5732.55   5740.61   5747.81
   5825.54   5823.97   5822.59   5821.23   5819.54   5817.46   5815.02   5812.34   5809.54   5806.64   5803.64   5800.43   5796.70
   5792.25   5787.18   5781.51   5775.10   5768.33   5761.82   5755.44   5748.88   5741.98   5734.66   5727.08   5719.53   5711.99
   5704.47   5697.17   5690.11   5683.22   5676.49   5670.15   5664.51   5659.92   5656.63   5654.59   5653.52   5653.50   5654.79
   5657.45   5661.46   5666.66   5673.04   5680.73   5690.10   5701.18   5713.43   5726.07   5738.36   5749.79   5760.05   5769.14
   5835.46   5836.28   5837.07   5837.66   5837.89   5837.81   5837.47   5836.85   5836.21   5835.74   5834.94   5833.30   5830.70
   5826.94   5822.17   5816.62   5810.18   5803.09   5795.95   5788.50   5780.37   5771.60   5762.01   5752.00   5742.29   5732.76
   5723.26   5714.20   5705.72   5697.85   5690.50   5683.37   5676.38   5669.91   5664.67   5660.81   5658.28   5657.27   5657.74
   5659.85   5663.88   5669.68   5676.95   5685.56   5695.61   5707.02   5719.53   5732.73   5746.07   5759.03   5771.09   5782.28
   5839.54   5842.84   5846.66   5850.29   5853.09   5854.87   5855.83   5856.70   5857.99   5859.52   5860.79   5861.26   5860.70
   5859.08   5856.26   5851.84   5845.89   5839.14   5831.91   5823.87   5814.61   5804.18   5792.55   5780.26   5768.16   5756.32
   5745.06   5734.72   5725.25   5716.52   5708.18   5700.04   5692.39   5685.69   5679.95   5674.57   5669.81   5666.81   5665.99
   5667.31   5670.71   5676.12   5683.69   5692.85   5702.90   5713.49   5724.88   5737.33   5750.64   5764.11   5777.24   5789.59
   5844.32   5850.49   5856.94   5862.96   5867.88   5871.27   5873.33   5875.56   5879.21   5883.58   5887.45   5890.38   5891.87
   5891.97   5891.07   5888.65   5884.12   5878.37   5872.22   5864.86   5854.99   5842.65   5829.08   5814.59   5799.51   5785.12
   5772.35   5760.69   5749.35   5738.57   5728.76   5720.09   5713.07   5707.29   5701.41   5695.24   5689.14   5684.14   5681.58
   5681.37   5683.31   5687.34   5693.44   5701.30   5710.88   5721.77   5733.29   5746.00   5759.61   5773.77   5788.33   5801.76
   5853.68   5861.51   5869.03   5875.85   5882.34   5888.45   5893.75   5898.83   5904.93   5912.06   5919.11   5924.90   5928.86
   5930.73   5930.34   5928.03   5924.15   5919.38   5914.53   5908.56   5900.08   5888.54   5874.15   5857.46   5839.27   5821.60
   5805.98   5791.98   5778.85   5766.35   5754.98   5745.42   5737.97   5732.32   5726.88   5720.91   5714.94   5709.85   5706.72
   5705.44   5705.34   5706.55   5709.97   5716.76   5726.50   5737.72   5749.34   5761.96   5776.23   5791.87   5808.31   5824.90
   5866.51   5873.71   5881.85   5890.00   5898.17   5906.64   5914.52   5922.73   5931.86   5941.60   5951.77   5960.68   5966.98
   5971.00   5972.45   5971.04   5967.99   5964.42   5960.76   5955.99   5949.08   5939.63   5926.69   5909.75   5890.14   5869.73
   5849.99   5832.12   5815.80   5801.45   5789.62   5779.47   5770.58   5763.61   5757.81   5752.00   5746.60   5742.44   5739.75
   5738.43   5737.42   5736.58   5738.00   5743.66   5753.15   5764.44   5776.75   5790.70   5806.39   5823.30   5841.19   5859.84
   5885.18   5890.59   5897.69   5906.25   5914.62   5923.50   5933.93   5946.11   5959.51   5973.01   5984.86   5994.46   6001.99
   6008.41   6013.85   6016.36   6016.73   6016.71   6015.61   6012.81   6007.42   5999.11   5987.92   5972.91   5953.54   5931.07
   5907.42   5884.74   5863.80   5845.86   5832.12   5820.46   5809.64   5801.32   5795.33   5789.98   5784.98   5781.35   5779.19
   5777.83   5776.65   5776.19   5777.75   5782.24   5790.75   5803.04   5817.88   5834.71   5853.65   5873.73   5892.98   5911.04
   5910.79   5915.52   5920.21   5926.97   5935.56   5945.70   5958.85   5975.04   5991.68   6007.78   6022.83   6035.10   6045.18
   6053.53   6060.69   6066.81   6072.35   6077.58   6081.12   6082.16   6078.95   6071.42   6060.62   6045.81   6026.17   6002.30
   5976.85   5950.74   5925.89   5904.01   5885.93   5870.87   5857.86   5848.07   5842.07   5837.79   5833.49   5829.84   5827.71
   5826.49   5826.05   5826.83   5830.03   5836.69   5847.49   5862.20   5878.97   5897.36   5917.70   5938.25   5957.03   5973.90
   5940.43   5948.15   5953.48   5959.72   5968.78   5981.14   5997.05   6015.25   6033.47   6051.27   6069.89   6087.10   6100.63
   6110.38   6118.25   6126.94   6137.09   6147.25   6156.39   6161.55   6159.86   6151.66   6138.78   6122.69   6101.97   6077.79
   6052.31   6025.38   5997.67   5971.65   5949.11   5930.64   5916.43   5906.51   5899.71   5894.51   5890.34   5887.54   5886.76
   5887.63   5890.64   5895.90   5903.22   5913.62   5927.68   5944.47   5961.93   5979.85   5998.98   6017.20   6034.02   6050.23
   5976.18   5989.03   5999.62   6009.19   6018.73   6031.50   6047.90   6066.32   6084.71   6103.32   6123.17   6142.03   6158.14
   6170.73   6182.96   6196.19   6208.57   6220.64   6232.09   6238.29   6236.87   6228.75   6214.78   6197.71   6178.03   6155.29
   6129.59   6101.45   6071.52   6042.29   6017.00   5997.17   5982.48   5972.04   5965.04   5959.75   5956.32   5955.89   5958.41
   5963.88   5973.06   5984.82   5997.84   6012.21   6028.19   6044.98   6062.16   6080.56   6099.67   6117.86   6134.41   6149.21
   6025.40   6042.52   6057.91   6070.40   6081.35   6094.76   6110.43   6126.54   6142.91   6159.86   6177.33   6193.99   6210.24
   6227.65   6246.13   6265.03   6281.27   6293.22   6301.87   6305.70   6303.68   6296.57   6283.79   6266.12   6248.17   6228.63
   6204.17   6175.13   6143.95   6113.61   6087.17   6067.43   6054.32   6045.94   6040.63   6037.25   6036.77   6039.23   6045.61
   6057.16   6072.32   6089.81   6108.81   6127.68   6145.90   6163.80   6182.24   6200.76   6218.86   6236.36   6251.54   6262.90
   6091.29   6111.00   6126.66   6139.73   6152.55   6166.61   6181.62   6196.10   6209.59   6222.49   6234.72   6246.93   6262.72
   6282.86   6304.82   6326.69   6346.23   6359.80   6366.00   6366.27   6361.86   6354.08   6341.67   6324.08   6307.54   6291.84
   6271.01   6243.37   6212.02   6182.11   6157.53   6140.29   6130.50   6125.85   6123.95   6125.35   6130.42   6137.40   6148.13
   6164.24   6184.52   6207.27   6230.37   6251.64   6271.40   6291.94   6312.76   6330.90   6345.90   6359.00   6369.35   6375.76
   6172.45   6192.38   6207.93   6221.81   6234.46   6246.20   6259.17   6272.13   6283.54   6292.45   6299.80   6308.31   6321.81
   6340.54   6361.96   6384.50   6404.42   6417.74   6422.80   6420.77   6413.93   6403.69   6389.34   6372.08   6357.47   6346.35
   6329.90   6305.09   6276.19   6248.25   6227.49   6215.39   6209.82   6210.92   6215.96   6222.41   6231.12   6243.83   6261.09
   6283.12   6307.40   6331.35   6354.37   6375.33   6395.60   6416.76   6437.30   6454.57   6466.26   6473.38   6477.30   6478.49
   6270.84   6289.54   6305.21   6318.16   6327.08   6333.76   6341.34   6351.21   6360.17   6366.08   6370.05   6373.65   6382.00
   6397.56   6418.11   6440.58   6458.87   6470.04   6472.88   6468.03   6459.26   6447.86   6433.24   6417.41   6404.54   6394.50
   6380.84   6361.56   6338.96   6317.31   6302.39   6297.07   6298.88   6305.10   6313.90   6324.19   6337.11   6355.83   6379.47
   6404.75   6428.25   6450.25   6472.04   6493.97   6514.52   6533.00   6548.90   6561.21   6568.67   6571.33   6570.11   6567.46
   6387.15   6401.49   6412.63   6419.85   6423.19   6423.81   6424.87   6429.69   6435.07   6437.46   6437.90   6437.56   6441.75
   6454.71   6473.34   6494.21   6510.92   6519.83   6519.77   6511.66   6501.29   6490.32   6477.80   6465.10   6453.77   6442.53
   6429.89   6416.57   6402.11   6389.78   6383.56   6386.23   6395.62   6406.20   6417.37   6431.55   6448.45   6470.06   6494.62
   6517.79   6538.51   6558.72   6579.98   6601.14   6619.64   6633.62   6643.26   6649.73   6651.71   6650.07   6646.42   6640.74
   6513.87   6519.33   6521.06   6519.34   6516.02   6512.19   6507.85   6504.80   6503.82   6502.17   6500.33   6499.94   6503.54
   6514.19   6529.16   6546.62   6561.59   6568.65   6566.23   6556.35   6544.47   6533.42   6523.22   6513.68   6504.72   6494.44
   6484.50   6477.12   6470.91   6467.04   6468.98   6478.37   6492.34   6507.31   6522.58   6539.57   6558.36   6578.58   6599.44
   6618.61   6637.28   6656.08   6673.68   6690.62   6705.00   6714.56   6719.61   6720.26   6716.24   6710.81   6704.35   6695.82
   6637.81   6633.06   6626.26   6616.08   6605.56   6596.02   6585.71   6574.96   6566.04   6559.98   6558.86   6561.68   6565.33
   6571.32   6581.79   6595.68   6607.91   6613.68   6611.34   6602.51   6591.60   6581.06   6572.18   6566.03   6560.02   6553.50
   6549.51   6547.82   6548.32   6551.51   6559.30   6571.74   6587.79   6606.00   6624.96   6642.96   6659.56   6675.59   6691.88
   6708.08   6724.52   6739.36   6751.70   6763.34   6772.64   6777.00   6776.80   6771.98   6763.69   6754.29   6744.01   6733.54
   6748.42   6736.13   6722.60   6706.53   6689.91   6673.73   6656.63   6638.88   6624.15   6616.47   6617.23   6621.55   6623.49
   6625.89   6632.07   6640.66   6649.10   6654.51   6654.06   6647.62   6640.05   6633.02   6627.46   6624.41   6621.98   6619.36
   6619.57   6623.35   6629.34   6637.46   6648.65   6662.96   6681.13   6701.10   6720.04   6736.47   6749.99   6761.90   6774.16
   6787.14   6799.36   6809.38   6817.08   6822.63   6825.22   6822.82   6816.69   6807.37   6795.80   6782.90   6769.78   6756.96
   6843.75   6826.79   6807.40   6785.65   6763.40   6741.34   6718.95   6697.30   6680.66   6674.00   6675.31   6677.60   6677.86
   6677.72   6679.44   6682.76   6688.31   6693.67   6694.71   6691.13   6687.26   6685.06   6684.66   6685.34   6687.12   6688.80
   6692.12   6698.51   6706.53   6716.75   6730.24   6746.96   6765.88   6784.86   6801.81   6815.96   6827.34   6836.33   6844.76
   6853.61   6861.34   6866.60   6869.55   6868.98   6864.19   6855.79   6844.84   6831.67   6816.90   6800.63   6784.82   6771.21
   6921.59   6901.72   6878.25   6850.98   6823.46   6797.36   6772.46   6750.44   6734.82   6729.04   6728.60   6728.45   6727.61
   6726.24   6725.90   6726.43   6729.57   6734.48   6736.19   6735.08   6734.70   6737.23   6741.18   6745.51   6751.60   6757.92
   6763.73   6770.41   6777.99   6788.13   6801.47   6817.35   6834.39   6851.31   6866.28   6878.66   6889.10   6897.23   6903.33
   6908.11   6910.80   6911.22   6909.32   6903.39   6893.56   6882.22   6868.75   6852.67   6835.47   6817.38   6800.83   6788.38
   6980.53   6958.53   6932.57   6903.49   6873.25   6844.33   6818.24   6797.44   6783.75   6777.29   6775.21   6774.50   6773.54
   6773.02   6773.66   6774.15   6775.30   6778.53   6780.21   6780.40   6782.31   6787.62   6794.84   6802.82   6811.04   6818.87
   6825.45   6831.98   6838.95   6847.61   6858.51   6871.62   6885.81   6900.18   6913.70   6925.75   6936.38   6944.85   6950.39
   6952.33   6950.45   6946.45   6940.85   6932.34   6920.89   6907.43   6892.33   6876.01   6859.40   6842.73   6827.75   6816.52
   7021.00   6998.12   6971.95   6943.54   6914.06   6885.05   6859.18   6839.54   6827.18   6820.24   6817.73   6817.54   6817.81
   6819.16   6820.19   6819.80   6820.38   6822.64   6823.52   6823.83   6827.18   6833.82   6842.72   6851.69   6859.54   6866.51
   6872.56   6878.88   6885.56   6892.77   6901.38   6911.96   6924.18   6937.35   6950.74   6962.93   6973.20   6981.26   6986.39
   6986.90   6982.52   6975.79   6968.96   6960.81   6949.46   6935.31   6920.36   6904.82   6890.62   6877.76   6866.18   6857.58
   7045.64   7024.29   7000.28   6974.20   6947.59   6921.65   6898.34   6880.13   6868.52   6862.61   6860.81   6860.30   6860.43
   6861.62   6861.31   6859.63   6860.62   6862.65   6863.16   6863.85   6866.98   6872.82   6881.25   6889.29   6896.24   6901.97
   6906.68   6912.53   6919.01   6924.92   6931.61   6941.59   6953.93   6967.80   6981.99   6994.25   7003.73   7010.62   7015.04
   7015.28   7010.57   7003.85   6996.71   6988.61   6979.16   6968.05   6956.40   6944.24   6932.96   6924.18   6917.30   6912.38
   7060.55   7042.83   7022.90   7001.39   6979.24   6957.07   6936.36   6920.65   6911.18   6906.43   6903.83   6902.13   6899.89
   6897.75   6895.83   6894.21   6894.28   6895.93   6897.40   6899.14   6901.40   6905.54   6910.93   6916.86   6922.56   6926.32
   6930.10   6935.86   6941.57   6946.83   6953.45   6964.07   6977.54   6992.81   7007.64   7019.45   7028.34   7035.04   7039.72
   7040.60   7037.37   7031.92   7025.88   7019.40   7012.72   7006.08   6998.91   6991.45   6983.90   6978.11   6974.39   6973.02
   7070.75   7058.10   7043.54   7027.35   7010.06   6992.08   6975.34   6962.56   6954.69   6949.42   6945.10   6941.06   6936.33
   6930.79   6926.75   6923.93   6922.48   6923.90   6926.69   6929.20   6930.89   6932.72   6934.41   6936.93   6939.99   6942.22
   6945.56   6950.94   6956.18   6961.56   6969.53   6981.06   6995.45   7011.07   7026.01   7037.67   7046.47   7053.76   7059.00
   7061.51   7060.75   7058.21   7054.98   7051.08   7047.17   7044.22   7041.95   7039.41   7036.05   7032.56   7030.56   7031.16
   6450.81   6450.38   6449.88   6449.31   6448.68   6447.99   6447.23   6446.45   6445.64   6444.83   6444.01   6443.19   6442.39
   6441.60   6440.84   6440.10   6439.38   6438.68   6438.02   6437.39   6436.79   6436.23   6435.73   6435.30   6434.93   6434.63
   6434.41   6434.27   6434.22   6434.25   6434.36   6434.55   6434.82   6435.17   6435.59   6436.11   6436.71   6437.37   6438.08
   6438.82   6439.59   6440.40   6441.24   6442.12   6443.05   6444.01   6444.99   6445.99   6447.02   6448.06   6449.14   6450.25
   6468.72   6468.25   6467.54   6466.61   6465.49   6464.23   6462.85   6461.35   6459.75   6458.07   6456.35   6454.59   6452.83
   6451.10   6449.41   6447.78   6446.21   6444.71   6443.27   6441.88   6440.56   6439.32   6438.15   6437.09   6436.13   6435.30
   6434.61   6434.05   6433.65   6433.44   6433.42   6433.61   6433.95   6434.39   6434.92   6435.53   6436.19   6436.91   6437.69
   6438.54   6439.49   6440.52   6441.63   6442.83   6444.09   6445.40   6446.75   6448.11   6449.49   6450.86   6452.23   6453.59
   6493.44   6492.68   6491.57   6490.08   6488.23   6486.10   6483.74   6481.19   6478.46   6475.60   6472.67   6469.69   6466.77
   6463.94   6461.21   6458.58   6456.03   6453.58   6451.22   6448.94   6446.73   6444.65   6442.73   6441.00   6439.50   6438.25
   6437.24   6436.48   6435.93   6435.53   6435.26   6435.11   6435.07   6435.11   6435.27   6435.56   6435.97   6436.53   6437.28
   6438.30   6439.63   6441.26   6443.11   6445.10   6447.19   6449.34   6451.51   6453.63   6455.67   6457.61   6459.50   6461.37
   6522.88   6521.76   6520.21   6518.23   6515.80   6512.95   6509.79   6506.35   6502.66   6498.75   6494.62   6490.36   6486.10
   6482.04   6478.18   6474.50   6470.96   6467.56   6464.27   6461.06   6457.95   6454.94   6452.08   6449.49   6447.25   6445.35
   6443.71   6442.19   6440.76   6439.39   6438.18   6437.18   6436.38   6435.76   6435.40   6435.31   6435.45   6435.87   6436.76
   6438.31   6440.51   6443.21   6446.22   6449.36   6452.50   6455.69   6459.00   6462.36   6465.63   6468.75   6471.73   6474.57
   6552.04   6550.30   6548.38   6546.21   6543.73   6540.90   6537.74   6534.27   6530.46   6526.34   6521.95   6517.30   6512.42
   6507.43   6502.47   6497.59   6492.86   6488.34   6483.99   6479.73   6475.45   6471.17   6467.07   6463.23   6459.65   6456.28
   6453.09   6450.12   6447.28   6444.51   6441.89   6439.59   6437.69   6436.19   6435.07   6434.35   6434.23   6434.83   6436.17
   6438.24   6441.06   6444.60   6448.74   6453.28   6458.09   6463.24   6468.65   6474.14   6479.57   6484.83   6489.82   6494.44
   6574.96   6573.68   6572.40   6571.15   6569.80   6568.17   6566.10   6563.47   6560.29   6556.63   6552.54   6548.07   6543.29
   6538.24   6532.87   6527.16   6521.23   6515.36   6509.73   6504.26   6498.70   6493.05   6487.44   6481.93   6476.49   6471.19
   6466.07   6461.06   6456.08   6451.21   6446.62   6442.59   6439.29   6436.59   6434.52   6433.25   6432.90   6433.56   6435.18
   6437.80   6441.38   6445.86   6451.23   6457.39   6464.22   6471.72   6479.82   6488.21   6496.57   6504.59   6512.15   6519.30
   6592.04   6592.68   6593.21   6593.63   6593.75   6593.53   6593.08   6592.13   6590.57   6588.40   6585.66   6582.31   6578.12
   6573.21   6567.83   6561.82   6555.10   6548.13   6541.31   6534.55   6527.51   6520.17   6512.57   6504.94   6497.39   6489.87
   6482.61   6475.54   6468.61   6462.16   6456.22   6450.68   6445.67   6441.42   6438.18   6436.15   6435.37   6435.77   6437.25
   6439.86   6443.78   6448.98   6455.31   6462.80   6471.35   6480.94   6491.66   6503.06   6514.31   6524.92   6534.74   6543.75
   6605.09   6608.01   6610.80   6613.26   6615.16   6616.43   6617.39   6618.23   6618.73   6618.56   6617.58   6615.76   6613.05
   6609.30   6604.38   6598.35   6591.41   6584.03   6576.54   6568.70   6560.35   6551.42   6541.77   6531.75   6521.80   6512.24
   6503.22   6494.70   6486.68   6479.14   6472.04   6465.27   6458.83   6453.05   6448.40   6445.10   6443.16   6442.67   6443.74
   6446.36   6450.51   6456.06   6462.98   6471.36   6481.10   6492.13   6503.97   6516.15   6528.58   6540.83   6552.68   6563.89
   6614.39   6619.53   6624.77   6629.63   6633.59   6636.48   6638.70   6640.69   6642.70   6644.44   6645.79   6646.42   6646.00
   6644.19   6640.78   6635.72   6629.34   6622.17   6614.28   6605.61   6596.10   6585.75   6574.46   6562.58   6550.56   6538.82
   6527.63   6517.33   6507.99   6499.27   6491.07   6483.38   6476.29   6470.03   6464.63   6460.11   6456.69   6454.94   6455.20
   6457.23   6460.79   6466.12   6473.48   6482.59   6492.90   6503.98   6515.88   6528.52   6541.67   6555.18   6568.78   6582.09
   6622.58   6629.92   6637.30   6644.17   6649.96   6654.49   6658.33   6661.74   6665.19   6668.96   6672.56   6675.62   6677.72
   6678.45   6677.75   6675.33   6670.43   6663.54   6655.61   6646.69   6636.46   6624.63   6611.39   6597.36   6583.21   6569.59
   6556.81   6544.65   6533.06   6522.43   6512.98   6504.74   6497.81   6491.98   6486.52   6481.35   6476.87   6473.73   6472.67
   6473.71   6476.53   6481.10   6487.60   6495.86   6506.08   6517.98   6530.83   6544.47   6558.77   6573.72   6588.99   6603.90
   6632.99   6641.47   6649.93   6658.31   6666.05   6672.86   6678.80   6684.57   6690.71   6697.45   6704.19   6709.99   6714.13
   6716.41   6716.52   6714.73   6711.02   6705.72   6699.46   6691.87   6682.29   6670.30   6655.95   6639.75   6623.05   6606.96
   6592.01   6578.02   6564.54   6551.97   6541.01   6531.94   6524.68   6518.91   6513.72   6508.63   6504.13   6500.84   6499.45
   6499.97   6501.96   6505.37   6510.36   6517.89   6528.33   6540.51   6553.80   6568.28   6583.87   6600.16   6617.14   6634.32
   6646.19   6654.44   6663.33   6672.90   6682.27   6691.15   6700.14   6709.55   6719.42   6729.64   6739.54   6747.76   6753.59
   6757.24   6758.62   6757.73   6755.15   6751.46   6746.66   6740.53   6732.60   6722.01   6708.47   6692.06   6674.01   6655.76
   6637.72   6620.48   6604.44   6590.06   6577.97   6567.92   6559.75   6553.38   6548.36   6543.82   6539.80   6536.90   6535.53
   6535.87   6537.59   6540.36   6544.98   6552.33   6562.42   6574.79   6588.92   6604.60   6621.62   6639.91   6658.96   6677.93
   6663.54   6671.44   6680.32   6689.78   6699.43   6710.21   6722.56   6735.97   6749.51   6762.88   6775.20   6785.06   6792.73
   6798.88   6803.31   6805.39   6806.27   6806.10   6803.98   6799.76   6793.47   6784.32   6772.11   6756.28   6737.09   6716.80
   6696.08   6675.22   6655.60   6638.53   6624.64   6612.89   6602.89   6595.73   6591.28   6587.53   6583.79   6580.97   6579.59
   6579.94   6581.86   6585.44   6591.41   6599.81   6610.24   6623.35   6639.34   6657.49   6677.18   6697.79   6718.23   6737.52
   6687.84   6696.08   6704.28   6713.24   6723.50   6735.57   6749.93   6765.97   6782.21   6798.52   6813.99   6827.08   6837.87
   6846.56   6853.98   6860.87   6866.75   6870.86   6872.77   6872.22   6868.03   6859.33   6847.09   6831.72   6812.36   6790.12
   6766.39   6742.05   6719.21   6699.23   6681.99   6667.46   6655.53   6647.36   6642.65   6639.43   6636.41   6633.97   6633.13
   6634.49   6638.02   6643.79   6652.04   6662.56   6675.15   6690.76   6709.26   6729.57   6750.80   6772.02   6792.06   6810.44
   6719.09   6729.50   6738.82   6748.23   6758.83   6771.90   6787.69   6805.25   6823.33   6841.75   6860.68   6878.50   6893.31
   6904.85   6914.60   6924.80   6935.14   6944.02   6949.85   6952.20   6949.68   6941.55   6928.77   6912.42   6892.02   6868.50
   6843.14   6816.92   6791.65   6768.60   6748.24   6731.30   6717.93   6708.59   6703.00   6700.31   6698.86   6698.68   6700.49
   6704.51   6711.23   6720.60   6731.84   6745.17   6761.34   6780.29   6800.39   6820.57   6841.32   6862.22   6881.77   6899.61
   6757.56   6771.80   6784.53   6796.24   6808.15   6822.27   6839.52   6858.04   6876.08   6894.72   6914.85   6935.00   6953.30
   6967.97   6980.79   6994.30   7008.37   7020.96   7029.27   7032.32   7030.30   7022.44   7009.06   6992.14   6972.03   6948.11
   6922.02   6894.85   6867.44   6841.28   6818.74   6800.95   6787.68   6778.21   6772.90   6771.01   6771.98   6775.79   6782.57
   6791.34   6802.41   6816.46   6832.70   6850.39   6869.57   6889.73   6910.20   6930.97   6952.04   6972.60   6991.35   7008.23
   6809.36   6827.01   6842.75   6856.65   6869.98   6885.68   6903.43   6921.00   6938.22   6955.77   6973.80   6992.06   7010.43
   7028.25   7046.30   7064.88   7082.19   7096.18   7104.72   7106.61   7102.96   7094.41   7081.24   7064.24   7045.83   7024.89
   7000.19   6972.07   6942.75   6914.68   6891.67   6875.10   6863.91   6857.12   6854.02   6854.36   6858.53   6866.18   6877.59
   6892.61   6910.38   6930.25   6951.79   6973.45   6994.97   7016.63   7037.99   7059.02   7079.32   7098.14   7114.79   7128.65
   6879.77   6899.84   6916.92   6931.57   6945.88   6961.15   6976.69   6992.38   7008.51   7023.58   7037.69   7051.92   7067.81
   7087.09   7108.88   7130.59   7149.75   7163.90   7171.09   7171.36   7166.46   7156.75   7142.58   7125.55   7108.54   7091.43
   7070.33   7043.81   7014.91   6987.84   6966.68   6953.29   6946.26   6943.75   6944.70   6949.40   6957.84   6970.07   6986.86
   7007.83   7031.77   7056.93   7081.53   7104.98   7128.15   7151.65   7174.74   7195.61   7213.50   7228.35   7241.00   7250.60
   6969.91   6989.96   7007.45   7022.72   7036.59   7048.90   7061.00   7073.40   7085.88   7097.49   7107.18   7116.67   7129.39
   7147.61   7169.82   7192.72   7211.72   7223.93   7230.17   7229.78   7222.89   7211.43   7195.56   7177.53   7161.79   7148.77
   7132.00   7109.38   7083.84   7060.42   7044.07   7035.37   7032.92   7036.49   7044.17   7053.86   7066.83   7084.95   7107.80
   7133.88   7161.33   7188.72   7214.59   7238.54   7261.88   7285.32   7308.02   7326.97   7341.42   7351.61   7358.74   7363.10
   7079.63   7097.50   7113.80   7127.90   7138.27   7145.80   7152.64   7160.50   7167.86   7174.17   7179.34   7184.07   7192.58
   7208.27   7229.72   7252.85   7270.71   7280.79   7284.90   7281.99   7272.89   7261.13   7246.41   7229.06   7213.90   7201.96
   7187.99   7170.35   7151.52   7135.11   7125.31   7124.14   7129.66   7139.55   7152.04   7166.44   7183.58   7206.37   7234.33
   7263.40   7291.11   7318.16   7343.69   7367.43   7390.24   7411.56   7429.45   7443.02   7452.22   7457.96   7460.50   7461.44
   7207.96   7221.20   7232.03   7239.97   7244.05   7245.63   7246.65   7248.93   7250.61   7250.70   7250.57   7251.30   7256.60
   7270.04   7289.64   7311.26   7327.81   7336.14   7336.90   7330.63   7320.50   7309.41   7296.78   7282.66   7269.14   7256.29
   7243.75   7231.99   7221.45   7213.88   7212.79   7220.72   7234.74   7250.26   7266.19   7283.76   7304.57   7330.50   7359.15
   7386.42   7412.43   7438.03   7461.98   7483.71   7504.03   7520.82   7532.28   7540.32   7544.34   7545.23   7544.67   7543.11
   7348.09   7351.95   7353.59   7352.62   7348.66   7343.41   7338.63   7334.60   7329.89   7324.12   7319.89   7319.90   7325.02
   7335.43   7350.71   7368.39   7383.59   7391.10   7389.53   7380.93   7369.14   7357.13   7346.47   7336.39   7326.48   7316.33
   7307.35   7301.81   7299.49   7300.62   7307.36   7321.68   7341.04   7360.45   7379.41   7400.17   7422.60   7447.40   7473.27
   7497.34   7520.64   7543.37   7563.28   7581.25   7598.21   7610.40   7616.78   7619.14   7617.35   7613.26   7609.31   7604.78
   7486.56   7480.88   7473.03   7462.28   7450.13   7438.29   7426.86   7415.00   7403.25   7394.35   7390.31   7391.43   7395.84
   7402.83   7413.61   7426.28   7438.12   7443.58   7440.73   7432.18   7421.44   7410.52   7401.76   7395.59   7389.56   7383.96
   7381.28   7382.43   7386.43   7394.19   7406.75   7424.58   7446.17   7468.54   7490.39   7511.34   7531.23   7551.75   7573.09
   7594.47   7614.91   7633.06   7648.38   7662.34   7673.75   7680.08   7681.49   7677.86   7670.44   7662.69   7655.59   7648.81
   7612.95   7600.85   7585.09   7565.78   7546.25   7528.24   7510.24   7491.23   7473.79   7462.95   7460.33   7463.03   7466.61
   7471.32   7478.53   7486.41   7492.95   7495.56   7492.57   7485.41   7477.14   7470.30   7465.73   7462.88   7460.43   7458.81
   7461.26   7468.08   7477.60   7489.54   7505.69   7525.95   7548.69   7572.48   7594.68   7613.56   7630.44   7645.75   7661.76
   7679.46   7695.85   7709.42   7720.03   7728.09   7732.25   7731.75   7726.93   7718.40   7708.46   7698.61   7688.59   7679.37
   7721.55   7705.43   7684.71   7659.26   7632.63   7608.22   7585.20   7561.59   7541.44   7531.33   7530.97   7534.12   7536.32
   7538.39   7541.52   7544.78   7547.00   7548.06   7546.01   7541.09   7536.43   7534.12   7533.44   7534.06   7536.02   7539.39
   7545.83   7555.10   7566.57   7580.45   7597.81   7618.40   7640.29   7662.50   7682.80   7700.60   7715.80   7727.92   7739.93
   7752.63   7763.60   7771.91   7777.59   7778.98   7776.33   7770.23   7761.36   7750.65   7738.52   7725.16   7711.94   7700.48
   7809.47   7790.59   7767.08   7738.14   7707.15   7677.66   7650.35   7625.55   7607.00   7599.35   7599.91   7601.77   7602.81
   7602.97   7603.03   7603.07   7603.34   7603.59   7601.76   7598.57   7597.23   7598.59   7601.21   7605.47   7611.88   7619.35
   7627.15   7636.28   7646.87   7660.12   7676.07   7694.13   7713.93   7733.92   7752.50   7769.12   7783.54   7796.10   7807.13
   7816.11   7821.23   7823.10   7822.99   7819.64   7813.42   7804.51   7793.80   7782.00   7767.81   7751.80   7737.66   7726.46
   7876.82   7856.30   7831.42   7801.41   7768.99   7738.02   7709.34   7685.33   7670.11   7663.96   7663.55   7664.79   7665.43
   7665.08   7665.04   7664.00   7662.65   7662.15   7660.60   7658.23   7658.00   7660.58   7665.92   7673.09   7680.70   7687.76
   7694.85   7702.94   7712.88   7724.21   7737.13   7751.99   7769.22   7787.82   7805.94   7822.33   7837.55   7851.34   7862.46
   7869.28   7870.52   7867.66   7863.50   7858.55   7851.18   7840.86   7828.55   7815.44   7801.85   7788.58   7776.60   7768.13
   7924.74   7903.67   7878.94   7850.67   7820.48   7791.17   7764.40   7743.25   7730.72   7725.35   7723.98   7724.63   7724.91
   7725.54   7725.41   7722.81   7720.23   7719.51   7717.81   7714.92   7714.60   7717.19   7723.44   7730.69   7736.98   7742.60
   7747.68   7753.80   7762.22   7771.60   7782.01   7794.48   7809.93   7828.04   7846.32   7863.54   7879.82   7894.74   7906.43
   7913.15   7913.84   7909.91   7904.76   7899.39   7891.86   7881.46   7869.48   7856.87   7845.63   7837.30   7830.08   7825.77
   7956.68   7936.78   7914.29   7889.53   7864.15   7839.35   7816.74   7799.65   7789.70   7785.42   7784.24   7783.93   7782.94
   7782.71   7781.09   7776.92   7773.70   7771.81   7768.94   7765.47   7764.29   7765.59   7769.54   7775.22   7779.99   7783.38
   7785.73   7789.77   7796.32   7804.34   7813.70   7825.89   7841.28   7859.16   7878.19   7896.25   7913.18   7928.98   7941.81
   7949.93   7952.35   7950.14   7946.30   7942.12   7936.41   7928.51   7919.84   7911.32   7903.75   7898.83   7896.41   7896.19
   7977.51   7961.00   7943.05   7923.96   7904.91   7885.87   7868.56   7855.83   7848.14   7845.30   7844.12   7842.38   7839.18
   7835.56   7831.12   7824.95   7819.86   7816.40   7813.10   7809.93   7807.16   7805.87   7806.28   7808.15   7811.18   7812.30
   7811.82   7813.82   7819.10   7826.51   7836.02   7848.78   7864.84   7883.20   7902.77   7921.18   7938.75   7955.42   7969.90
   7980.59   7986.13   7987.38   7987.26   7986.64   7984.63   7980.80   7976.67   7973.06   7969.86   7968.00   7968.16   7970.22
   7992.92   7981.03   7969.42   7957.13   7945.24   7933.50   7922.16   7913.28   7908.08   7904.94   7901.66   7897.83   7893.46
   7887.17   7878.84   7869.69   7861.35   7855.48   7852.47   7850.01   7845.36   7840.17   7835.93   7833.60   7833.05   7831.82
   7830.18   7831.40   7835.77   7842.19   7851.06   7863.89   7880.55   7899.39   7919.19   7938.31   7956.87   7974.90   7991.15
   8004.52   8013.94   8019.81   8024.45   8028.96   8031.68   8031.95   8031.40   8031.67   8033.31   8035.90   8038.49   8042.31
   7383.76   7383.59   7383.34   7383.03   7382.66   7382.23   7381.76   7381.24   7380.68   7380.08   7379.44   7378.77   7378.07
   7377.35   7376.61   7375.87   7375.11   7374.35   7373.61   7372.89   7372.19   7371.52   7370.89   7370.31   7369.77   7369.28
   7368.84   7368.45   7368.12   7367.85   7367.65   7367.52   7367.45   7367.45   7367.51   7367.63   7367.83   7368.08   7368.41
   7368.79   7369.25   7369.75   7370.31   7370.89   7371.50   7372.12   7372.76   7373.41   7374.08   7374.78   7375.48   7376.20
   7402.85   7402.90   7402.77   7402.44   7401.93   7401.25   7400.45   7399.56   7398.57   7397.50   7396.33   7395.07   7393.74
   7392.36   7390.94   7389.50   7388.03   7386.55   7385.05   7383.55   7382.06   7380.61   7379.21   7377.89   7376.66   7375.51
   7374.46   7373.50   7372.64   7371.87   7371.21   7370.70   7370.32   7370.06   7369.90   7369.83   7369.84   7369.93   7370.12
   7370.40   7370.79   7371.28   7371.87   7372.54   7373.30   7374.13   7375.02   7375.95   7376.90   7377.88   7378.88   7379.89
   7428.73   7428.95   7428.79   7428.27   7427.45   7426.32   7424.93   7423.32   7421.53   7419.61   7417.59   7415.50   7413.35
   7411.09   7408.74   7406.33   7403.89   7401.44   7398.95   7396.45   7393.94   7391.48   7389.10   7386.80   7384.61   7382.54
   7380.63   7378.90   7377.37   7376.01   7374.82   7373.80   7372.94   7372.20   7371.60   7371.18   7370.92   7370.81   7370.89
   7371.22   7371.78   7372.53   7373.46   7374.56   7375.84   7377.25   7378.74   7380.27   7381.82   7383.42   7385.07   7386.78
   7458.92   7459.31   7459.20   7458.64   7457.63   7456.22   7454.43   7452.31   7449.90   7447.21   7444.29   7441.23   7438.05
   7434.75   7431.41   7427.98   7424.46   7420.85   7417.18   7413.49   7409.77   7406.04   7402.39   7398.87   7395.51   7392.33
   7389.29   7386.42   7383.74   7381.25   7378.96   7376.92   7375.15   7373.65   7372.38   7371.40   7370.81   7370.68   7370.91
   7371.44   7372.29   7373.50   7375.12   7377.10   7379.39   7381.87   7384.46   7387.10   7389.80   7392.52   7395.29   7398.12
   7490.64   7491.48   7491.79   7491.57   7490.79   7489.45   7487.60   7485.27   7482.51   7479.34   7475.88   7472.16   7468.15
   7463.90   7459.45   7454.84   7450.10   7445.22   7440.23   7435.13   7429.98   7424.80   7419.66   7414.62   7409.72   7404.95
   7400.33   7395.85   7391.53   7387.45   7383.62   7380.13   7377.06   7374.48   7372.51   7371.13   7370.28   7370.05   7370.41
   7371.34   7372.83   7374.93   7377.60   7380.75   7384.28   7388.12   7392.19   7396.40   7400.72   7405.10   7409.53   7414.04
   7520.28   7521.93   7522.93   7523.37   7523.24   7522.53   7521.24   7519.35   7516.86   7513.77   7510.17   7506.14   7501.70
   7496.91   7491.70   7486.09   7480.18   7474.05   7467.76   7461.35   7454.77   7448.04   7441.27   7434.53   7427.85   7421.18
   7414.62   7408.19   7401.96   7396.05   7390.56   7385.62   7381.19   7377.49   7374.63   7372.56   7371.30   7370.89   7371.31
   7372.52   7374.60   7377.55   7381.36   7385.88   7390.95   7396.45   7402.35   7408.52   7414.80   7421.13   7427.42   7433.43
   7543.80   7546.67   7549.16   7551.13   7552.44   7553.07   7552.98   7552.13   7550.56   7548.27   7545.35   7541.93   7538.02
   7533.40   7528.03   7521.87   7515.10   7507.92   7500.39   7492.63   7484.58   7476.15   7467.54   7458.85   7450.13   7441.52
   7433.12   7424.94   7417.04   7409.45   7402.40   7396.03   7390.37   7385.49   7381.45   7378.39   7376.46   7375.61   7375.79
   7377.09   7379.54   7383.12   7387.73   7393.35   7399.95   7407.35   7415.33   7423.58   7431.84   7439.86   7447.55   7454.91
   7562.19   7566.83   7571.08   7574.74   7577.79   7580.05   7581.42   7582.09   7582.12   7581.55   7580.33   7578.46   7575.69
   7571.81   7566.79   7560.69   7553.68   7545.91   7537.48   7528.46   7518.89   7508.72   7498.19   7487.51   7476.79   7466.24
   7455.93   7445.98   7436.50   7427.53   7419.05   7411.33   7404.63   7398.79   7393.71   7389.65   7386.90   7385.39   7385.09
   7386.10   7388.44   7392.23   7397.51   7404.20   7412.12   7421.05   7430.72   7440.87   7451.06   7460.87   7469.92   7478.19
   7578.22   7584.61   7590.63   7596.00   7600.54   7604.20   7606.94   7609.07   7610.81   7612.22   7613.15   7613.19   7612.14
   7609.80   7606.00   7600.73   7594.08   7586.29   7577.50   7567.79   7557.21   7545.59   7533.17   7520.40   7507.51   7494.83
   7482.64   7471.07   7460.22   7450.00   7440.46   7431.82   7424.13   7417.32   7411.33   7406.46   7402.90   7400.56   7399.55
   7400.21   7402.62   7406.50   7411.83   7418.73   7427.24   7437.15   7448.18   7459.87   7471.49   7482.85   7494.05   7504.66
   7592.71   7600.46   7608.05   7615.08   7621.16   7626.28   7630.68   7634.43   7637.77   7640.94   7643.81   7645.92   7646.85
   7646.51   7644.60   7640.91   7635.41   7628.45   7620.02   7610.04   7598.63   7585.95   7572.31   7558.01   7543.31   7528.71
   7514.58   7501.16   7488.68   7477.18   7466.62   7457.13   7448.80   7441.50   7435.11   7429.61   7425.36   7422.42   7420.86
   7421.00   7423.01   7426.68   7431.89   7438.74   7447.33   7457.76   7469.71   7482.68   7496.04   7509.26   7522.32   7535.58
   7606.52   7615.48   7624.05   7632.15   7639.81   7646.99   7653.57   7659.68   7665.69   7671.32   7676.08   7679.96   7682.55
   7683.49   7682.76   7680.49   7676.48   7670.77   7663.55   7654.61   7643.63   7630.85   7616.60   7601.27   7585.34   7569.25
   7553.24   7537.77   7523.43   7510.40   7498.83   7488.69   7480.04   7472.68   7466.27   7460.63   7456.03   7452.77   7450.88
   7450.59   7452.12   7455.27   7460.06   7466.92   7475.76   7486.52   7499.07   7513.02   7527.81   7542.89   7558.05   7573.30
   7621.15   7630.61   7640.33   7650.06   7659.63   7668.65   7677.30   7686.02   7694.90   7703.20   7710.34   7716.12   7720.30
   7722.45   7722.58   7721.19   7718.65   7714.85   7709.43   7702.24   7692.92   7681.24   7667.28   7651.45   7634.67   7617.42
   7599.75   7582.38   7566.12   7551.34   7538.46   7527.67   7518.73   7511.32   7504.95   7499.60   7495.39   7492.43   7490.68
   7490.24   7491.45   7494.53   7499.35   7506.15   7515.35   7526.94   7540.31   7555.05   7570.85   7587.65   7604.93   7622.14
   7639.40   7649.25   7659.30   7669.97   7681.18   7692.40   7703.30   7714.29   7725.30   7735.67   7745.27   7753.65   7760.24
   7764.54   7766.65   7767.19   7767.00   7765.89   7762.63   7756.78   7748.65   7738.18   7724.99   7709.31   7692.13   7674.06
   7655.16   7636.16   7617.95   7601.32   7586.72   7574.65   7564.98   7557.25   7551.15   7546.54   7543.00   7540.33   7538.89
   7539.05   7540.92   7544.78   7550.52   7558.24   7568.35   7580.80   7595.15   7611.31   7629.08   7647.88   7666.81   7685.28
   7663.48   7673.66   7684.14   7695.44   7707.50   7720.17   7733.11   7746.16   7759.09   7771.55   7783.24   7793.81   7802.86
   7810.03   7815.37   7819.51   7822.82   7824.38   7823.77   7820.17   7813.44   7803.86   7791.52   7776.20   7758.49   7739.10
   7718.76   7698.29   7678.53   7659.96   7643.11   7629.11   7618.37   7610.41   7604.75   7600.76   7597.94   7596.19   7595.82
   7597.22   7600.74   7606.54   7614.46   7624.26   7636.04   7649.86   7665.88   7684.07   7703.63   7723.37   7742.60   7761.20
   7694.37   7706.41   7718.16   7730.24   7742.96   7756.21   7769.96   7784.17   7798.64   7812.85   7826.35   7839.01   7850.15
   7859.79   7868.56   7876.73   7883.69   7888.62   7891.11   7890.37   7885.65   7876.62   7864.41   7848.83   7830.16   7809.06
   7787.08   7765.19   7744.20   7724.21   7705.74   7690.17   7678.51   7670.51   7665.63   7663.06   7662.06   7662.58   7664.60
   7668.48   7674.68   7683.39   7693.93   7705.96   7719.81   7736.03   7754.40   7773.78   7793.78   7813.90   7832.79   7850.04
   7733.45   7747.96   7762.48   7776.18   7789.45   7802.99   7817.09   7831.45   7846.18   7861.26   7876.23   7890.42   7903.10
   7914.89   7927.09   7939.39   7950.13   7957.84   7961.96   7962.61   7958.76   7950.73   7938.34   7922.49   7903.00   7880.52
   7857.34   7834.40   7812.25   7791.28   7772.43   7756.67   7745.36   7738.32   7734.70   7734.30   7736.55   7740.76   7746.69
   7754.37   7764.31   7776.68   7790.68   7805.78   7822.60   7841.45   7861.43   7881.65   7902.13   7921.50   7938.85   7954.29
   7785.72   7802.68   7819.08   7834.08   7848.09   7861.84   7875.72   7889.63   7903.89   7918.60   7933.21   7947.05   7960.62
   7974.53   7989.47   8004.45   8017.51   8027.51   8033.04   8033.48   8028.80   8020.08   8006.94   7990.45   7971.48   7950.12
   7927.83   7905.35   7882.82   7861.22   7842.81   7828.66   7819.29   7814.56   7813.83   7816.53   7822.51   7831.29   7842.27
   7854.94   7869.62   7886.26   7904.48   7923.59   7943.52   7964.28   7985.07   8005.52   8025.48   8043.33   8058.05   8070.07
   7857.58   7875.24   7891.94   7906.71   7919.97   7933.10   7946.47   7959.33   7972.10   7984.94   7996.81   8008.53   8021.21
   8035.70   8052.16   8068.67   8083.20   8094.08   8099.32   8098.60   8093.08   8083.43   8069.90   8053.08   8034.79   8015.69
   7995.23   7974.59   7953.67   7933.53   7917.00   7905.46   7899.30   7898.61   7902.87   7910.79   7921.73   7935.51   7951.52
   7969.62   7989.64   8010.92   8033.04   8055.13   8076.54   8097.35   8117.65   8137.00   8154.90   8170.20   8181.91   8189.46
   7951.80   7968.02   7982.96   7996.26   8008.05   8018.76   8029.16   8039.49   8049.45   8058.36   8066.24   8074.79   8085.51
   8099.03   8115.50   8132.35   8146.45   8156.38   8160.97   8159.82   8153.95   8143.57   8129.27   8112.40   8094.91   8078.46
   8060.29   8041.70   8023.92   8007.82   7994.81   7987.08   7986.01   7991.37   8001.97   8016.03   8032.49   8051.07   8072.10
   8095.49   8120.46   8145.53   8169.39   8191.84   8213.01   8233.25   8251.70   8267.55   8280.83   8291.56   8299.26   8303.16
   8068.38   8081.20   8092.91   8103.24   8110.73   8116.27   8121.47   8126.93   8132.95   8137.52   8140.20   8144.07   8151.69
   8163.61   8179.58   8196.29   8209.67   8218.18   8221.87   8219.54   8211.97   8200.62   8186.00   8169.98   8153.95   8138.86
   8123.95   8109.06   8095.32   8084.77   8078.62   8077.81   8083.98   8095.96   8112.21   8131.45   8152.46   8175.64   8201.13
   8228.09   8254.99   8280.75   8303.99   8325.36   8345.47   8363.29   8377.42   8387.42   8394.69   8399.67   8402.31   8403.24
   8204.96   8211.98   8217.61   8221.02   8221.55   8220.44   8219.25   8218.95   8219.25   8218.44   8216.63   8216.54   8220.54
   8230.26   8244.63   8260.71   8274.40   8282.78   8284.25   8278.48   8268.35   8255.56   8241.25   8227.00   8213.17   8200.32
   8189.25   8179.82   8172.85   8169.90   8172.01   8179.97   8194.09   8212.58   8233.02   8254.56   8277.51   8302.99   8330.38
   8357.59   8383.38   8407.22   8428.47   8447.14   8464.09   8477.97   8486.96   8491.25   8492.54   8491.70   8489.65   8486.80
   8354.88   8354.04   8350.18   8343.87   8336.08   8327.23   8319.20   8312.91   8306.54   8300.19   8295.11   8292.69   8294.11
   8300.84   8313.00   8328.09   8341.50   8348.45   8347.14   8338.41   8325.85   8311.41   8298.01   8286.62   8276.11   8267.06
   8261.02   8258.74   8259.62   8264.87   8275.21   8290.80   8310.66   8332.94   8355.77   8378.59   8402.22   8426.35   8451.16
   8475.89   8499.18   8519.68   8537.25   8552.25   8565.20   8574.39   8578.02   8576.83   8572.24   8565.95   8559.07   8551.47
   8506.04   8496.57   8483.07   8466.84   8449.83   8433.41   8418.67   8405.48   8393.16   8382.43   8374.25   8370.58   8371.29
   8376.90   8387.23   8399.50   8409.55   8413.84   8410.71   8400.40   8386.32   8371.81   8360.17   8352.27   8346.35   8342.42
   8342.30   8347.05   8355.59   8368.19   8385.02   8405.29   8427.76   8451.87   8476.22   8498.80   8519.93   8540.74   8561.41
   8581.81   8601.14   8617.78   8630.76   8641.43   8649.64   8652.51   8649.76   8642.45   8631.82   8620.71   8610.52   8600.03
   8645.40   8628.57   8607.42   8583.44   8559.16   8535.92   8514.55   8494.83   8476.98   8462.95   8454.27   8451.40   8452.25
   8456.36   8463.20   8471.44   8477.80   8480.00   8475.51   8465.17   8452.17   8440.22   8430.80   8425.27   8423.66   8425.52
   8432.09   8442.58   8456.80   8474.42   8494.76   8516.75   8540.23   8564.77   8588.64   8609.96   8628.08   8644.32   8659.97
   8675.73   8690.43   8702.00   8709.72   8714.64   8716.57   8713.38   8704.63   8691.78   8676.60   8662.68   8650.25   8637.75
   8764.34   8742.57   8716.95   8688.49   8658.77   8629.62   8602.79   8578.84   8558.10   8543.09   8535.86   8533.73   8533.73
   8535.03   8537.61   8541.32   8544.67   8545.29   8540.89   8531.49   8520.91   8512.89   8507.65   8505.73   8508.31   8514.98
   8525.36   8538.75   8554.96   8573.69   8594.45   8616.44   8638.68   8661.72   8684.24   8703.80   8720.40   8734.08   8746.04
   8757.34   8766.60   8772.13   8774.38   8773.78   8769.68   8761.38   8748.67   8733.03   8716.00   8699.50   8684.42   8670.89
   8859.67   8835.93   8808.54   8777.64   8744.44   8711.36   8681.52   8656.71   8636.03   8622.46   8616.85   8614.48   8613.11
   8611.93   8611.26   8611.03   8611.28   8610.05   8605.76   8598.19   8590.73   8585.93   8584.18   8585.94   8591.76   8600.40
   8611.61   8625.63   8641.56   8658.75   8677.48   8697.22   8717.10   8738.14   8759.48   8778.40   8794.60   8808.21   8818.99
   8826.95   8831.49   8832.20   8829.58   8824.36   8815.89   8803.71   8788.83   8772.54   8755.70   8738.49   8722.50   8710.01
   8932.78   8908.78   8881.18   8850.09   8816.89   8783.83   8753.99   8729.55   8710.50   8699.20   8694.21   8691.28   8688.78
   8686.02   8683.52   8681.05   8678.22   8674.48   8669.79   8664.03   8658.29   8654.62   8654.13   8657.83   8664.98   8674.04
   8684.46   8697.10   8711.47   8726.61   8742.21   8758.35   8776.16   8796.24   8816.65   8835.84   8852.76   8867.58   8879.02
   8886.03   8888.15   8885.99   8880.28   8872.30   8861.91   8848.36   8832.92   8816.29   8799.37   8783.94   8770.87   8761.76
   8986.45   8963.87   8938.02   8908.89   8878.41   8848.69   8821.61   8798.54   8782.01   8772.87   8768.09   8764.56   8760.58
   8756.55   8752.61   8747.85   8742.41   8737.22   8732.35   8727.05   8721.08   8716.53   8715.73   8719.46   8725.89   8733.35
   8741.62   8751.88   8763.92   8777.08   8790.50   8804.61   8821.11   8840.38   8860.58   8880.06   8898.22   8914.89   8928.06
   8935.42   8936.91   8934.00   8928.34   8920.71   8910.97   8899.09   8885.41   8869.89   8854.24   8841.63   8832.84   8828.24
   9024.42   9004.51   8981.94   8957.45   8932.22   8907.32   8883.97   8864.57   8851.47   8843.80   8839.07   8834.96   8830.13
   8824.84   8818.72   8811.63   8804.03   8796.98   8790.30   8783.79   8776.92   8770.39   8767.44   8769.23   8773.72   8778.42
   8784.00   8791.82   8801.67   8813.52   8826.36   8840.28   8856.30   8874.41   8894.14   8914.00   8933.72   8952.41   8967.07
   8975.77   8978.73   8977.35   8973.95   8969.31   8963.04   8954.67   8944.60   8933.50   8922.27   8913.64   8908.32   8906.38
   9050.72   9034.59   9017.31   8999.13   8980.39   8961.22   8943.41   8929.52   8919.79   8912.73   8907.69   8903.04   8897.26
   8890.41   8881.85   8871.57   8861.66   8852.13   8842.76   8833.60   8824.40   8816.16   8810.69   8808.65   8809.48   8811.27
   8814.59   8820.61   8829.39   8840.02   8852.32   8866.23   8881.93   8899.47   8919.51   8940.55   8961.82   8982.04   8998.49
   9009.43   9014.90   9016.91   9017.21   9016.31   9014.40   9011.58   9007.37   9002.12   8996.74   8992.17   8989.37   8989.24
   9070.91   9058.81   9047.66   9036.38   9025.23   9013.95   9003.49   8994.66   8986.39   8979.47   8973.79   8968.65   8962.15
   8952.78   8941.09   8928.17   8915.65   8903.14   8891.04   8879.62   8867.11   8855.28   8846.32   8840.23   8837.27   8836.23
   8837.65   8842.62   8850.73   8860.61   8871.46   8884.48   8900.10   8918.45   8939.67   8961.98   8984.43   9005.65   9023.32
   9036.48   9045.27   9050.93   9055.08   9058.41   9061.46   9064.52   9066.62   9067.22   9067.68   9068.41   9068.74   9070.02
